customer_id,first_name,last_name,email,age,gender,country,region,city,signup_date,acquisition_channel,customer_status,created_at
CUST-00001,John,Moore,john.moore@company2.com,33,Male,United States,New York,New York,2026-03-19,Referral,active,2026-03-19 09:00:00
CUST-00002,Scott,Ramirez,scott.ramirez@company3.com,32,Male,United States,Washington,Seattle,2025-11-01,Paid Ads,churned,2025-11-01 09:00:00
CUST-00003,Larry,Gonzalez,larry.gonzalez@company4.com,42,Male,Canada,British Columbia,Vancouver,2026-02-17,Organic Search,active,2026-02-17 09:00:00
CUST-00004,Mary,Hernandez,mary.hernandez@company5.com,38,Female,United States,Texas,Austin,2025-02-06,Organic Search,active,2025-02-06 09:00:00
CUST-00005,Susan,Garcia,susan.garcia@company6.com,25,Female,United States,Massachusetts,Boston,2025-05-13,Referral,churned,2025-05-13 09:00:00
CUST-00006,Jacob,Wright,jacob.wright@company7.com,34,Male,Australia,New South Wales,Sydney,2025-05-16,Referral,churned,2025-05-16 09:00:00
CUST-00007,Brenda,Gonzalez,brenda.gonzalez@company8.com,41,Female,United States,Washington,Seattle,2026-02-17,Partner,active,2026-02-17 09:00:00
CUST-00008,Mark,Miller,mark.miller@company9.com,30,Male,United States,Massachusetts,Boston,2026-05-25,Organic Search,churned,2026-05-25 09:00:00
CUST-00009,Margaret,Moore,margaret.moore@company10.com,35,Female,Canada,Ontario,Toronto,2025-08-22,Referral,active,2025-08-22 09:00:00
CUST-00010,Stephen,Thomas,stephen.thomas@company11.com,36,Male,United States,Washington,Seattle,2025-10-19,Referral,churned,2025-10-19 09:00:00
CUST-00011,Mark,Williams,mark.williams@company12.com,42,Male,United States,New York,New York,2026-05-25,Organic Search,active,2026-05-25 09:00:00
CUST-00012,Margaret,Young,margaret.young@company13.com,31,Female,Australia,Victoria,Melbourne,2025-01-14,Organic Search,churned,2025-01-14 09:00:00
CUST-00013,Paul,Scott,paul.scott@company14.com,37,Male,Canada,British Columbia,Vancouver,2026-01-25,Social Media,churned,2026-01-25 09:00:00
CUST-00014,Melissa,Anderson,melissa.anderson@company15.com,41,Female,United States,Georgia,Atlanta,2025-04-27,Organic Search,churned,2025-04-27 09:00:00
CUST-00015,Joseph,Martinez,joseph.martinez@company16.com,37,Male,Germany,Bavaria,Munich,2024-09-07,Referral,churned,2024-09-07 09:00:00
CUST-00016,Deborah,Hill,deborah.hill@company17.com,48,Female,United Kingdom,Greater London,London,2026-02-13,Referral,active,2026-02-13 09:00:00
CUST-00017,Stephen,Moore,stephen.moore@company18.com,45,Male,United States,Illinois,Chicago,2026-04-03,Paid Ads,active,2026-04-03 09:00:00
CUST-00018,Mary,Taylor,mary.taylor@company19.com,45,Female,Canada,Quebec,Montreal,2025-11-15,Social Media,active,2025-11-15 09:00:00
CUST-00019,Shirley,Hill,shirley.hill@company20.com,29,Female,United States,Texas,Austin,2026-03-07,Paid Ads,active,2026-03-07 09:00:00
CUST-00020,Brandon,Lee,brandon.lee@company21.com,35,Male,United States,Massachusetts,Boston,2025-08-14,Social Media,active,2025-08-14 09:00:00
CUST-00021,Ashley,Brown,ashley.brown@company22.com,36,Female,United Kingdom,Greater London,London,2025-02-23,Organic Search,churned,2025-02-23 09:00:00
CUST-00022,Elizabeth,Wright,elizabeth.wright@company23.com,47,Female,United States,Georgia,Atlanta,2025-07-23,Direct,churned,2025-07-23 09:00:00
CUST-00023,Steven,King,steven.king@company24.com,48,Male,United States,Washington,Seattle,2026-07-30,Direct,active,2026-07-30 09:00:00
CUST-00024,Joshua,Sanchez,joshua.sanchez@company25.com,48,Male,United Kingdom,West Midlands,Birmingham,2025-12-31,Social Media,churned,2025-12-31 09:00:00
CUST-00025,Jessica,Thomas,jessica.thomas@company26.com,42,Female,United States,Washington,Seattle,2025-10-03,Referral,active,2025-10-03 09:00:00
CUST-00026,William,Brown,william.brown@company27.com,21,Male,Australia,Victoria,Melbourne,2024-09-04,Organic Search,churned,2024-09-04 09:00:00
CUST-00027,Andrew,Young,andrew.young@company28.com,29,Male,United States,Georgia,Atlanta,2025-08-14,Organic Search,churned,2025-08-14 09:00:00
CUST-00028,Rebecca,Gonzalez,rebecca.gonzalez@company29.com,30,Female,United Kingdom,Scotland,Edinburgh,2025-09-19,Paid Ads,churned,2025-09-19 09:00:00
CUST-00029,Linda,Miller,linda.miller@company30.com,39,Female,Canada,Ontario,Toronto,2025-07-24,Organic Search,churned,2025-07-24 09:00:00
CUST-00030,Stephen,Lewis,stephen.lewis@company31.com,31,Male,United States,Georgia,Atlanta,2025-07-26,Organic Search,active,2025-07-26 09:00:00
CUST-00031,Ryan,Scott,ryan.scott@company32.com,21,Male,United Kingdom,Greater London,London,2025-06-04,Direct,active,2025-06-04 09:00:00
CUST-00032,Daniel,Clark,daniel.clark@company33.com,25,Male,United States,Colorado,Denver,2025-07-07,Social Media,active,2025-07-07 09:00:00
CUST-00033,Ronald,Smith,ronald.smith@company34.com,52,Male,United States,Georgia,Atlanta,2024-07-03,Organic Search,churned,2024-07-03 09:00:00
CUST-00034,Karen,Gonzalez,karen.gonzalez@company35.com,46,Female,France,Île-de-France,Paris,2025-05-20,Partner,active,2025-05-20 09:00:00
CUST-00035,Michael,Nguyen,michael.nguyen@company36.com,34,Male,Australia,Queensland,Brisbane,2025-06-24,Organic Search,churned,2025-06-24 09:00:00
CUST-00036,Matthew,Jones,matthew.jones@company37.com,38,Male,United Kingdom,North West,Manchester,2026-02-18,Paid Ads,active,2026-02-18 09:00:00
CUST-00037,Scott,Hill,scott.hill@company38.com,42,Male,United States,Massachusetts,Boston,2025-06-29,Direct,active,2025-06-29 09:00:00
CUST-00038,Kevin,Thomas,kevin.thomas@company39.com,25,Male,United States,Illinois,Chicago,2026-04-29,Paid Ads,active,2026-04-29 09:00:00
CUST-00039,James,Robinson,james.robinson@company40.com,52,Male,United Kingdom,Greater London,London,2026-06-30,Organic Search,active,2026-06-30 09:00:00
CUST-00040,Eric,Taylor,eric.taylor@company41.com,26,Male,United States,New York,New York,2025-06-18,Social Media,active,2025-06-18 09:00:00
CUST-00041,Donna,Hernandez,donna.hernandez@company42.com,31,Female,United Kingdom,Scotland,Edinburgh,2026-06-25,Referral,active,2026-06-25 09:00:00
CUST-00042,Larry,Martin,larry.martin@company43.com,45,Male,United States,Texas,Austin,2024-11-23,Organic Search,active,2024-11-23 09:00:00
CUST-00043,Larry,Martinez,larry.martinez@company44.com,29,Male,United Kingdom,Scotland,Edinburgh,2025-12-24,Organic Search,active,2025-12-24 09:00:00
CUST-00044,Shirley,Young,shirley.young@company45.com,35,Female,Australia,New South Wales,Sydney,2026-03-29,Organic Search,churned,2026-03-29 09:00:00
CUST-00045,Emily,Williams,emily.williams@company46.com,32,Female,Canada,Quebec,Montreal,2024-09-28,Direct,churned,2024-09-28 09:00:00
CUST-00046,Ryan,Scott,ryan.scott@company47.com,60,Male,United Kingdom,Greater London,London,2026-04-07,Organic Search,active,2026-04-07 09:00:00
CUST-00047,Stephen,Williams,stephen.williams@company48.com,54,Male,United Kingdom,North West,Manchester,2025-08-15,Paid Ads,active,2025-08-15 09:00:00
CUST-00048,Joshua,White,joshua.white@company49.com,41,Male,Germany,Berlin,Berlin,2025-05-28,Social Media,churned,2025-05-28 09:00:00
CUST-00049,Paul,Miller,paul.miller@company50.com,34,Male,United Kingdom,West Midlands,Birmingham,2026-02-21,Direct,churned,2026-02-21 09:00:00
CUST-00050,Paul,Hernandez,paul.hernandez@company51.com,45,Male,Germany,Bavaria,Munich,2025-01-26,Organic Search,churned,2025-01-26 09:00:00
CUST-00051,Rebecca,Thomas,rebecca.thomas@company52.com,21,Female,Germany,Berlin,Berlin,2025-06-18,Paid Ads,churned,2025-06-18 09:00:00
CUST-00052,Gary,Anderson,gary.anderson@company53.com,34,Male,Australia,Victoria,Melbourne,2025-01-04,Paid Ads,churned,2025-01-04 09:00:00
CUST-00053,Mark,Johnson,mark.johnson@company54.com,40,Male,United States,Illinois,Chicago,2025-10-01,Social Media,churned,2025-10-01 09:00:00
CUST-00054,Amanda,Allen,amanda.allen@company55.com,37,Female,France,Auvergne-Rhône-Alpes,Lyon,2025-11-21,Direct,active,2025-11-21 09:00:00
CUST-00055,Steven,Lopez,steven.lopez@company56.com,30,Male,France,Île-de-France,Paris,2024-08-06,Organic Search,churned,2024-08-06 09:00:00
CUST-00056,Amanda,Lee,amanda.lee@company57.com,32,Female,France,Île-de-France,Paris,2025-09-29,Paid Ads,active,2025-09-29 09:00:00
CUST-00057,Steven,Williams,steven.williams@company58.com,53,Male,United States,Washington,Seattle,2025-01-20,Paid Ads,active,2025-01-20 09:00:00
CUST-00058,Brian,Flores,brian.flores@company59.com,26,Male,Germany,Hesse,Frankfurt,2024-10-21,Social Media,churned,2024-10-21 09:00:00
CUST-00059,Rebecca,Lee,rebecca.lee@company60.com,35,Female,United States,Texas,Austin,2026-02-27,Organic Search,active,2026-02-27 09:00:00
CUST-00060,Lisa,Flores,lisa.flores@company61.com,21,Female,United States,California,San Francisco,2025-04-19,Paid Ads,active,2025-04-19 09:00:00
CUST-00061,Jeffrey,Nguyen,jeffrey.nguyen@company62.com,47,Male,United States,Georgia,Atlanta,2024-09-15,Paid Ads,churned,2024-09-15 09:00:00
CUST-00062,Eric,Walker,eric.walker@company63.com,44,Male,France,Île-de-France,Paris,2025-08-23,Referral,active,2025-08-23 09:00:00
CUST-00063,Shirley,Flores,shirley.flores@company64.com,34,Female,Germany,Berlin,Berlin,2025-02-26,Referral,active,2025-02-26 09:00:00
CUST-00064,Anthony,Martinez,anthony.martinez@company65.com,30,Male,United States,Georgia,Atlanta,2026-02-02,Referral,active,2026-02-02 09:00:00
CUST-00065,Jacob,Clark,jacob.clark@company66.com,41,Male,United Kingdom,West Midlands,Birmingham,2025-07-13,Paid Ads,active,2025-07-13 09:00:00
CUST-00066,Charles,Smith,charles.smith@company67.com,57,Male,Germany,Berlin,Berlin,2025-08-31,Partner,active,2025-08-31 09:00:00
CUST-00067,Matthew,King,matthew.king@company68.com,35,Male,United Kingdom,Greater London,London,2026-07-02,Paid Ads,active,2026-07-02 09:00:00
CUST-00068,Angela,Scott,angela.scott@company69.com,23,Female,France,Auvergne-Rhône-Alpes,Lyon,2025-12-20,Referral,active,2025-12-20 09:00:00
CUST-00069,Anna,Lewis,anna.lewis@company70.com,52,Female,Canada,British Columbia,Vancouver,2025-12-11,Paid Ads,active,2025-12-11 09:00:00
CUST-00070,Andrew,King,andrew.king@company71.com,36,Male,United States,Georgia,Atlanta,2026-01-19,Organic Search,churned,2026-01-19 09:00:00
CUST-00071,Ashley,Moore,ashley.moore@company72.com,32,Female,Australia,New South Wales,Sydney,2024-10-07,Organic Search,active,2024-10-07 09:00:00
CUST-00072,Ronald,Martinez,ronald.martinez@company73.com,54,Male,United States,Colorado,Denver,2026-01-04,Paid Ads,active,2026-01-04 09:00:00
CUST-00073,Rebecca,Brown,rebecca.brown@company74.com,34,Female,United States,California,San Francisco,2026-03-14,Social Media,active,2026-03-14 09:00:00
CUST-00074,Kathleen,Smith,kathleen.smith@company75.com,45,Female,United States,Colorado,Denver,2026-01-20,Social Media,churned,2026-01-20 09:00:00
CUST-00075,Helen,Wright,helen.wright@company76.com,49,Female,Australia,Victoria,Melbourne,2025-09-10,Organic Search,active,2025-09-10 09:00:00
CUST-00076,Amy,Johnson,amy.johnson@company77.com,32,Female,United Kingdom,West Midlands,Birmingham,2025-05-04,Partner,churned,2025-05-04 09:00:00
CUST-00077,Sarah,Flores,sarah.flores@company78.com,22,Female,Australia,Queensland,Brisbane,2025-05-23,Referral,active,2025-05-23 09:00:00
CUST-00078,David,Ramirez,david.ramirez@company79.com,39,Male,United States,California,San Francisco,2025-02-05,Organic Search,active,2025-02-05 09:00:00
CUST-00079,Margaret,Robinson,margaret.robinson@company80.com,30,Female,Canada,British Columbia,Vancouver,2025-08-22,Organic Search,active,2025-08-22 09:00:00
CUST-00080,Kimberly,Garcia,kimberly.garcia@company81.com,30,Female,Canada,Ontario,Toronto,2026-03-11,Direct,active,2026-03-11 09:00:00
CUST-00081,Sandra,Jones,sandra.jones@company82.com,45,Female,United Kingdom,Greater London,London,2025-12-29,Direct,active,2025-12-29 09:00:00
CUST-00082,John,Flores,john.flores@company83.com,33,Male,United States,New York,New York,2025-10-04,Referral,active,2025-10-04 09:00:00
CUST-00083,Jacob,Taylor,jacob.taylor@company84.com,46,Male,United States,New York,New York,2026-01-22,Partner,active,2026-01-22 09:00:00
CUST-00084,Joshua,Miller,joshua.miller@company85.com,42,Male,Australia,Queensland,Brisbane,2025-11-20,Referral,active,2025-11-20 09:00:00
CUST-00085,Stephanie,Gonzalez,stephanie.gonzalez@company86.com,44,Female,Canada,Quebec,Montreal,2025-05-25,Organic Search,churned,2025-05-25 09:00:00
CUST-00086,Nicole,Davis,nicole.davis@company87.com,35,Female,United Kingdom,Greater London,London,2025-03-28,Paid Ads,churned,2025-03-28 09:00:00
CUST-00087,Melissa,Jones,melissa.jones@company88.com,33,Female,United States,Colorado,Denver,2025-12-25,Social Media,churned,2025-12-25 09:00:00
CUST-00088,Jeffrey,White,jeffrey.white@company89.com,53,Male,Germany,Hesse,Frankfurt,2024-05-14,Organic Search,active,2024-05-14 09:00:00
CUST-00089,Jonathan,Moore,jonathan.moore@company90.com,55,Male,Australia,Victoria,Melbourne,2025-04-21,Paid Ads,churned,2025-04-21 09:00:00
CUST-00090,Dorothy,Thomas,dorothy.thomas@company91.com,37,Female,United States,Georgia,Atlanta,2025-01-06,Organic Search,active,2025-01-06 09:00:00
CUST-00091,Brenda,Flores,brenda.flores@company92.com,46,Female,United States,Georgia,Atlanta,2025-11-12,Social Media,churned,2025-11-12 09:00:00
CUST-00092,Nicholas,Wilson,nicholas.wilson@company93.com,21,Male,United States,Illinois,Chicago,2025-06-16,Social Media,churned,2025-06-16 09:00:00
CUST-00093,Anna,Smith,anna.smith@company94.com,21,Female,United States,Washington,Seattle,2025-12-20,Partner,active,2025-12-20 09:00:00
CUST-00094,Anna,Thomas,anna.thomas@company95.com,62,Female,United Kingdom,West Midlands,Birmingham,2026-01-06,Paid Ads,active,2026-01-06 09:00:00
CUST-00095,David,Jackson,david.jackson@company96.com,29,Male,Canada,British Columbia,Vancouver,2025-05-06,Referral,active,2025-05-06 09:00:00
CUST-00096,Kathleen,Scott,kathleen.scott@company97.com,36,Female,United States,Massachusetts,Boston,2026-07-08,Paid Ads,active,2026-07-08 09:00:00
CUST-00097,Emily,Martin,emily.martin@company98.com,29,Female,United States,Washington,Seattle,2026-02-18,Paid Ads,churned,2026-02-18 09:00:00
CUST-00098,Anthony,Wilson,anthony.wilson@company99.com,56,Male,United States,Illinois,Chicago,2024-10-21,Direct,active,2024-10-21 09:00:00
CUST-00099,Kenneth,Anderson,kenneth.anderson@company100.com,21,Male,United States,Texas,Austin,2025-09-17,Organic Search,active,2025-09-17 09:00:00
CUST-00100,Larry,Jackson,larry.jackson@company101.com,45,Male,United States,Georgia,Atlanta,2026-03-30,Organic Search,active,2026-03-30 09:00:00
CUST-00101,Justin,Jackson,justin.jackson@company102.com,30,Male,United States,Texas,Austin,2026-03-03,Direct,active,2026-03-03 09:00:00
CUST-00102,Kathleen,Davis,kathleen.davis@company103.com,42,Female,United States,New York,New York,2025-12-05,Referral,active,2025-12-05 09:00:00
CUST-00103,Charles,Martinez,charles.martinez@company104.com,45,Male,Australia,New South Wales,Sydney,2025-02-20,Direct,active,2025-02-20 09:00:00
CUST-00104,Larry,Clark,larry.clark@company105.com,27,Male,Germany,Berlin,Berlin,2025-03-26,Partner,active,2025-03-26 09:00:00
CUST-00105,Laura,Lewis,laura.lewis@company106.com,30,Female,United Kingdom,West Midlands,Birmingham,2026-01-01,Paid Ads,active,2026-01-01 09:00:00
CUST-00106,Benjamin,Miller,benjamin.miller@company107.com,50,Male,United States,Washington,Seattle,2026-07-18,Organic Search,churned,2026-07-18 09:00:00
CUST-00107,Daniel,Thomas,daniel.thomas@company108.com,40,Male,United States,California,San Francisco,2025-02-16,Paid Ads,churned,2025-02-16 09:00:00
CUST-00108,Donna,Williams,donna.williams@company109.com,25,Female,Canada,Quebec,Montreal,2026-01-14,Social Media,active,2026-01-14 09:00:00
CUST-00109,Mark,Taylor,mark.taylor@company110.com,33,Male,United Kingdom,North West,Manchester,2025-11-08,Paid Ads,active,2025-11-08 09:00:00
CUST-00110,Charles,Moore,charles.moore@company111.com,45,Male,United States,Texas,Austin,2026-01-21,Partner,active,2026-01-21 09:00:00
CUST-00111,Laura,Davis,laura.davis@company112.com,41,Female,United States,Colorado,Denver,2026-04-21,Direct,active,2026-04-21 09:00:00
CUST-00112,Laura,Garcia,laura.garcia@company113.com,30,Female,Australia,Queensland,Brisbane,2025-11-29,Paid Ads,active,2025-11-29 09:00:00
CUST-00113,Patricia,Garcia,patricia.garcia@company114.com,25,Female,United Kingdom,Greater London,London,2024-07-25,Direct,churned,2024-07-25 09:00:00
CUST-00114,Brenda,Williams,brenda.williams@company115.com,43,Female,United States,Georgia,Atlanta,2025-12-13,Social Media,active,2025-12-13 09:00:00
CUST-00115,Scott,Ramirez,scott.ramirez@company116.com,42,Male,United States,New York,New York,2025-08-21,Paid Ads,churned,2025-08-21 09:00:00
CUST-00116,Carol,Lee,carol.lee@company117.com,25,Female,Germany,Bavaria,Munich,2026-01-08,Paid Ads,active,2026-01-08 09:00:00
CUST-00117,Donna,Sanchez,donna.sanchez@company118.com,38,Female,United Kingdom,West Midlands,Birmingham,2025-08-17,Organic Search,churned,2025-08-17 09:00:00
CUST-00118,Dorothy,Davis,dorothy.davis@company119.com,50,Female,United States,California,San Francisco,2026-06-15,Referral,active,2026-06-15 09:00:00
CUST-00119,Rebecca,Brown,rebecca.brown@company120.com,34,Female,United States,Georgia,Atlanta,2026-01-14,Referral,active,2026-01-14 09:00:00
CUST-00120,Donald,Moore,donald.moore@company121.com,28,Male,Australia,Victoria,Melbourne,2025-03-15,Social Media,churned,2025-03-15 09:00:00
CUST-00121,Jessica,Johnson,jessica.johnson@company122.com,32,Female,United Kingdom,North West,Manchester,2026-07-18,Partner,active,2026-07-18 09:00:00
CUST-00122,Anna,Smith,anna.smith@company123.com,27,Female,United States,New York,New York,2025-09-10,Paid Ads,active,2025-09-10 09:00:00
CUST-00123,Charles,Young,charles.young@company124.com,57,Male,United States,Illinois,Chicago,2025-06-10,Paid Ads,active,2025-06-10 09:00:00
CUST-00124,Kathleen,Thomas,kathleen.thomas@company125.com,32,Female,United States,Washington,Seattle,2025-09-01,Direct,active,2025-09-01 09:00:00
CUST-00125,William,Moore,william.moore@company126.com,44,Male,Germany,Bavaria,Munich,2025-07-26,Direct,active,2025-07-26 09:00:00
CUST-00126,Mary,Jackson,mary.jackson@company127.com,43,Female,Germany,Hesse,Frankfurt,2025-05-19,Direct,active,2025-05-19 09:00:00
CUST-00127,Karen,Lewis,karen.lewis@company128.com,43,Female,United States,Colorado,Denver,2025-01-27,Paid Ads,active,2025-01-27 09:00:00
CUST-00128,Betty,Thomas,betty.thomas@company129.com,26,Female,United States,Colorado,Denver,2024-06-20,Organic Search,churned,2024-06-20 09:00:00
CUST-00129,Deborah,Harris,deborah.harris@company130.com,59,Female,Germany,Hesse,Frankfurt,2025-02-22,Direct,active,2025-02-22 09:00:00
CUST-00130,Jennifer,Rodriguez,jennifer.rodriguez@company131.com,25,Female,United Kingdom,Greater London,London,2026-05-30,Social Media,active,2026-05-30 09:00:00
CUST-00131,Susan,King,susan.king@company132.com,55,Female,United States,Texas,Austin,2025-04-09,Paid Ads,active,2025-04-09 09:00:00
CUST-00132,William,Walker,william.walker@company133.com,42,Male,United States,Colorado,Denver,2025-06-02,Referral,churned,2025-06-02 09:00:00
CUST-00133,Helen,Harris,helen.harris@company134.com,39,Female,United Kingdom,West Midlands,Birmingham,2025-12-18,Social Media,active,2025-12-18 09:00:00
CUST-00134,Benjamin,Jones,benjamin.jones@company135.com,38,Male,Canada,British Columbia,Vancouver,2025-01-30,Direct,churned,2025-01-30 09:00:00
CUST-00135,Jeffrey,Miller,jeffrey.miller@company136.com,38,Male,Canada,Ontario,Toronto,2025-09-06,Paid Ads,churned,2025-09-06 09:00:00
CUST-00136,Patricia,Williams,patricia.williams@company137.com,24,Female,United States,Massachusetts,Boston,2026-05-30,Paid Ads,active,2026-05-30 09:00:00
CUST-00137,Paul,King,paul.king@company138.com,39,Male,Canada,Ontario,Toronto,2024-09-01,Organic Search,churned,2024-09-01 09:00:00
CUST-00138,Benjamin,Harris,benjamin.harris@company139.com,60,Male,United States,Texas,Austin,2026-03-24,Organic Search,active,2026-03-24 09:00:00
CUST-00139,Cynthia,Taylor,cynthia.taylor@company140.com,49,Female,Australia,Victoria,Melbourne,2025-01-17,Social Media,churned,2025-01-17 09:00:00
CUST-00140,William,Lewis,william.lewis@company141.com,52,Male,France,Auvergne-Rhône-Alpes,Lyon,2025-02-25,Referral,active,2025-02-25 09:00:00
CUST-00141,Kimberly,Robinson,kimberly.robinson@company142.com,44,Female,United States,Colorado,Denver,2025-01-16,Social Media,churned,2025-01-16 09:00:00
CUST-00142,Paul,Harris,paul.harris@company143.com,21,Male,United Kingdom,Scotland,Edinburgh,2025-12-11,Organic Search,active,2025-12-11 09:00:00
CUST-00143,Emily,Smith,emily.smith@company144.com,29,Female,Canada,Quebec,Montreal,2024-11-25,Direct,churned,2024-11-25 09:00:00
CUST-00144,Donna,Anderson,donna.anderson@company145.com,35,Female,United States,Washington,Seattle,2025-03-18,Referral,churned,2025-03-18 09:00:00
CUST-00145,Richard,Williams,richard.williams@company146.com,29,Male,United States,Massachusetts,Boston,2025-02-18,Partner,active,2025-02-18 09:00:00
CUST-00146,Kenneth,Lee,kenneth.lee@company147.com,47,Male,United States,Texas,Austin,2025-09-12,Partner,active,2025-09-12 09:00:00
CUST-00147,Angela,Allen,angela.allen@company148.com,41,Female,Germany,Bavaria,Munich,2024-06-17,Social Media,churned,2024-06-17 09:00:00
CUST-00148,Donna,Perez,donna.perez@company149.com,37,Female,United States,New York,New York,2024-11-08,Organic Search,active,2024-11-08 09:00:00
CUST-00149,Timothy,Scott,timothy.scott@company150.com,38,Male,Germany,Berlin,Berlin,2024-06-15,Organic Search,active,2024-06-15 09:00:00
CUST-00150,Jacob,White,jacob.white@company151.com,43,Male,United Kingdom,West Midlands,Birmingham,2025-06-24,Social Media,churned,2025-06-24 09:00:00
CUST-00151,Susan,Anderson,susan.anderson@company152.com,36,Female,United Kingdom,Scotland,Edinburgh,2026-04-22,Social Media,active,2026-04-22 09:00:00
CUST-00152,William,Robinson,william.robinson@company153.com,40,Male,United States,Colorado,Denver,2025-03-05,Organic Search,active,2025-03-05 09:00:00
CUST-00153,Robert,Martin,robert.martin@company154.com,44,Male,United States,Washington,Seattle,2025-05-20,Social Media,churned,2025-05-20 09:00:00
CUST-00154,Ronald,Robinson,ronald.robinson@company155.com,32,Male,Australia,Queensland,Brisbane,2024-10-30,Direct,churned,2024-10-30 09:00:00
CUST-00155,Pamela,Martinez,pamela.martinez@company156.com,48,Female,United Kingdom,West Midlands,Birmingham,2025-12-03,Referral,churned,2025-12-03 09:00:00
CUST-00156,Jennifer,White,jennifer.white@company157.com,26,Female,United States,Washington,Seattle,2024-08-06,Social Media,churned,2024-08-06 09:00:00
CUST-00157,Edward,Wright,edward.wright@company158.com,29,Male,United Kingdom,Greater London,London,2025-10-14,Paid Ads,active,2025-10-14 09:00:00
CUST-00158,Joseph,Robinson,joseph.robinson@company159.com,30,Male,United States,California,San Francisco,2025-07-22,Organic Search,active,2025-07-22 09:00:00
CUST-00159,Ashley,Rodriguez,ashley.rodriguez@company160.com,35,Female,United States,Washington,Seattle,2026-05-29,Referral,active,2026-05-29 09:00:00
CUST-00160,Brian,Martinez,brian.martinez@company161.com,46,Male,United Kingdom,Scotland,Edinburgh,2026-03-24,Social Media,active,2026-03-24 09:00:00
CUST-00161,Thomas,Wright,thomas.wright@company162.com,37,Male,United States,California,San Francisco,2025-02-07,Organic Search,churned,2025-02-07 09:00:00
CUST-00162,Ashley,Nguyen,ashley.nguyen@company163.com,40,Female,United States,California,San Francisco,2025-08-12,Organic Search,active,2025-08-12 09:00:00
CUST-00163,Angela,Davis,angela.davis@company164.com,50,Female,United States,Massachusetts,Boston,2026-03-24,Paid Ads,active,2026-03-24 09:00:00
CUST-00164,Ryan,Allen,ryan.allen@company165.com,34,Male,United Kingdom,Scotland,Edinburgh,2026-02-15,Paid Ads,active,2026-02-15 09:00:00
CUST-00165,Michael,Walker,michael.walker@company166.com,38,Male,United States,New York,New York,2026-04-04,Paid Ads,active,2026-04-04 09:00:00
CUST-00166,Elizabeth,Garcia,elizabeth.garcia@company167.com,32,Female,United States,Texas,Austin,2025-05-08,Organic Search,active,2025-05-08 09:00:00
CUST-00167,Deborah,Hill,deborah.hill@company168.com,37,Female,United States,Colorado,Denver,2025-04-02,Organic Search,active,2025-04-02 09:00:00
CUST-00168,Larry,Wilson,larry.wilson@company169.com,28,Male,Australia,Victoria,Melbourne,2024-08-11,Paid Ads,churned,2024-08-11 09:00:00
CUST-00169,Stephanie,Clark,stephanie.clark@company170.com,51,Female,United States,Massachusetts,Boston,2026-07-07,Referral,active,2026-07-07 09:00:00
CUST-00170,Karen,Walker,karen.walker@company171.com,37,Female,Germany,Berlin,Berlin,2025-04-26,Paid Ads,active,2025-04-26 09:00:00
CUST-00171,Sarah,Scott,sarah.scott@company172.com,33,Female,France,Auvergne-Rhône-Alpes,Lyon,2025-04-18,Referral,active,2025-04-18 09:00:00
CUST-00172,Amanda,Ramirez,amanda.ramirez@company173.com,54,Female,Canada,British Columbia,Vancouver,2025-06-02,Referral,active,2025-06-02 09:00:00
CUST-00173,Susan,Torres,susan.torres@company174.com,32,Female,United States,Georgia,Atlanta,2025-11-22,Organic Search,active,2025-11-22 09:00:00
CUST-00174,George,Scott,george.scott@company175.com,33,Male,Canada,Quebec,Montreal,2025-08-12,Organic Search,active,2025-08-12 09:00:00
CUST-00175,Anna,Flores,anna.flores@company176.com,51,Female,United Kingdom,Greater London,London,2025-01-04,Referral,active,2025-01-04 09:00:00
CUST-00176,Patricia,Lopez,patricia.lopez@company177.com,22,Female,Canada,British Columbia,Vancouver,2025-10-01,Paid Ads,active,2025-10-01 09:00:00
CUST-00177,Charles,Torres,charles.torres@company178.com,42,Male,United States,California,San Francisco,2025-06-29,Organic Search,churned,2025-06-29 09:00:00
CUST-00178,Ronald,Clark,ronald.clark@company179.com,27,Male,United States,Illinois,Chicago,2025-11-24,Partner,active,2025-11-24 09:00:00
CUST-00179,Michael,Martinez,michael.martinez@company180.com,36,Male,United Kingdom,Greater London,London,2025-11-25,Organic Search,active,2025-11-25 09:00:00
CUST-00180,Amy,Hill,amy.hill@company181.com,38,Female,United States,New York,New York,2025-08-04,Paid Ads,active,2025-08-04 09:00:00
CUST-00181,Kenneth,Nguyen,kenneth.nguyen@company182.com,28,Male,United Kingdom,Greater London,London,2026-05-16,Organic Search,active,2026-05-16 09:00:00
CUST-00182,James,Wilson,james.wilson@company183.com,35,Male,United States,Texas,Austin,2025-08-17,Partner,active,2025-08-17 09:00:00
CUST-00183,Dorothy,Davis,dorothy.davis@company184.com,30,Female,Canada,Ontario,Toronto,2026-04-09,Organic Search,active,2026-04-09 09:00:00
CUST-00184,Eric,Scott,eric.scott@company185.com,51,Male,Germany,Berlin,Berlin,2026-01-31,Paid Ads,churned,2026-01-31 09:00:00
CUST-00185,Jeffrey,Johnson,jeffrey.johnson@company186.com,24,Male,United States,Massachusetts,Boston,2025-04-04,Referral,churned,2025-04-04 09:00:00
CUST-00186,Rebecca,Jackson,rebecca.jackson@company187.com,40,Female,United States,Massachusetts,Boston,2025-09-20,Organic Search,active,2025-09-20 09:00:00
CUST-00187,Melissa,Garcia,melissa.garcia@company188.com,27,Female,United States,Colorado,Denver,2026-03-09,Referral,active,2026-03-09 09:00:00
CUST-00188,Timothy,Martin,timothy.martin@company189.com,36,Male,United States,Texas,Austin,2025-01-10,Organic Search,active,2025-01-10 09:00:00
CUST-00189,Jonathan,Allen,jonathan.allen@company190.com,32,Male,Canada,British Columbia,Vancouver,2025-06-16,Partner,churned,2025-06-16 09:00:00
CUST-00190,Paul,Miller,paul.miller@company191.com,31,Male,United States,Texas,Austin,2025-08-22,Partner,churned,2025-08-22 09:00:00
CUST-00191,Matthew,Young,matthew.young@company192.com,32,Male,United Kingdom,West Midlands,Birmingham,2026-03-15,Referral,active,2026-03-15 09:00:00
CUST-00192,Dorothy,Martinez,dorothy.martinez@company193.com,31,Female,United States,Illinois,Chicago,2025-06-17,Partner,churned,2025-06-17 09:00:00
CUST-00193,George,Allen,george.allen@company194.com,27,Male,United States,California,San Francisco,2026-03-09,Organic Search,active,2026-03-09 09:00:00
CUST-00194,Elizabeth,Garcia,elizabeth.garcia@company195.com,42,Female,United Kingdom,West Midlands,Birmingham,2026-07-01,Referral,active,2026-07-01 09:00:00
CUST-00195,Ryan,Torres,ryan.torres@company196.com,49,Male,United States,Georgia,Atlanta,2025-05-13,Paid Ads,churned,2025-05-13 09:00:00
CUST-00196,Ryan,Miller,ryan.miller@company197.com,52,Male,Germany,Hesse,Frankfurt,2025-05-18,Organic Search,active,2025-05-18 09:00:00
CUST-00197,Robert,Thomas,robert.thomas@company198.com,58,Male,France,Île-de-France,Paris,2025-07-12,Paid Ads,active,2025-07-12 09:00:00
CUST-00198,Deborah,Clark,deborah.clark@company199.com,48,Female,United Kingdom,Greater London,London,2025-08-22,Partner,active,2025-08-22 09:00:00
CUST-00199,Elizabeth,Perez,elizabeth.perez@company200.com,31,Female,United Kingdom,Scotland,Edinburgh,2025-09-23,Organic Search,churned,2025-09-23 09:00:00
CUST-00200,Brian,Garcia,brian.garcia@company201.com,34,Male,United States,Massachusetts,Boston,2026-02-21,Paid Ads,active,2026-02-21 09:00:00
CUST-00201,Sarah,Hill,sarah.hill@company202.com,42,Female,United States,Colorado,Denver,2025-06-27,Referral,active,2025-06-27 09:00:00
CUST-00202,Sarah,King,sarah.king@company203.com,28,Female,United Kingdom,Scotland,Edinburgh,2025-12-10,Organic Search,churned,2025-12-10 09:00:00
CUST-00203,Lisa,Wilson,lisa.wilson@company204.com,32,Female,Canada,Ontario,Toronto,2026-06-27,Organic Search,active,2026-06-27 09:00:00
CUST-00204,Charles,Jones,charles.jones@company205.com,27,Male,Germany,Hesse,Frankfurt,2025-11-19,Partner,active,2025-11-19 09:00:00
CUST-00205,Brian,Flores,brian.flores@company206.com,21,Male,United States,Texas,Austin,2026-04-10,Organic Search,active,2026-04-10 09:00:00
CUST-00206,Ryan,Williams,ryan.williams@company207.com,21,Male,United Kingdom,North West,Manchester,2025-06-10,Direct,churned,2025-06-10 09:00:00
CUST-00207,Laura,Anderson,laura.anderson@company208.com,37,Female,United States,Georgia,Atlanta,2025-10-23,Social Media,active,2025-10-23 09:00:00
CUST-00208,Edward,Torres,edward.torres@company209.com,45,Male,United States,Illinois,Chicago,2024-08-25,Partner,active,2024-08-25 09:00:00
CUST-00209,Nancy,Gonzalez,nancy.gonzalez@company210.com,44,Female,United States,Illinois,Chicago,2024-06-23,Organic Search,active,2024-06-23 09:00:00
CUST-00210,Melissa,Scott,melissa.scott@company211.com,48,Female,Canada,Quebec,Montreal,2025-08-14,Social Media,active,2025-08-14 09:00:00
CUST-00211,Barbara,Hernandez,barbara.hernandez@company212.com,34,Female,Australia,New South Wales,Sydney,2025-05-23,Social Media,churned,2025-05-23 09:00:00
CUST-00212,Mark,Lewis,mark.lewis@company213.com,40,Male,Australia,Victoria,Melbourne,2026-05-17,Organic Search,active,2026-05-17 09:00:00
CUST-00213,Ashley,Harris,ashley.harris@company214.com,45,Female,United States,California,San Francisco,2026-03-22,Paid Ads,churned,2026-03-22 09:00:00
CUST-00214,Brian,Martinez,brian.martinez@company215.com,28,Male,United States,Georgia,Atlanta,2024-03-06,Referral,active,2024-03-06 09:00:00
CUST-00215,Gary,Lewis,gary.lewis@company216.com,37,Male,Australia,New South Wales,Sydney,2025-03-29,Organic Search,churned,2025-03-29 09:00:00
CUST-00216,Larry,Hill,larry.hill@company217.com,30,Male,United States,Illinois,Chicago,2024-10-31,Organic Search,active,2024-10-31 09:00:00
CUST-00217,Michael,Thomas,michael.thomas@company218.com,41,Male,Germany,Bavaria,Munich,2026-07-11,Organic Search,active,2026-07-11 09:00:00
CUST-00218,Nicole,Wright,nicole.wright@company219.com,24,Female,United Kingdom,North West,Manchester,2025-01-19,Partner,active,2025-01-19 09:00:00
CUST-00219,Sharon,Smith,sharon.smith@company220.com,50,Female,United States,Colorado,Denver,2025-09-21,Organic Search,active,2025-09-21 09:00:00
CUST-00220,Jonathan,White,jonathan.white@company221.com,31,Male,United Kingdom,Greater London,London,2025-02-28,Paid Ads,active,2025-02-28 09:00:00
CUST-00221,Jennifer,Harris,jennifer.harris@company222.com,51,Female,United States,California,San Francisco,2026-03-21,Paid Ads,active,2026-03-21 09:00:00
CUST-00222,George,Thomas,george.thomas@company223.com,56,Male,United Kingdom,Scotland,Edinburgh,2025-07-19,Organic Search,churned,2025-07-19 09:00:00
CUST-00223,Helen,Perez,helen.perez@company224.com,63,Female,United States,Georgia,Atlanta,2025-09-06,Direct,active,2025-09-06 09:00:00
CUST-00224,Lisa,Rodriguez,lisa.rodriguez@company225.com,34,Female,Canada,British Columbia,Vancouver,2025-06-24,Organic Search,active,2025-06-24 09:00:00
CUST-00225,Robert,Gonzalez,robert.gonzalez@company226.com,36,Male,United States,Illinois,Chicago,2025-12-31,Paid Ads,active,2025-12-31 09:00:00
CUST-00226,Kimberly,Williams,kimberly.williams@company227.com,32,Female,United States,Massachusetts,Boston,2025-08-05,Social Media,active,2025-08-05 09:00:00
CUST-00227,Brian,Moore,brian.moore@company228.com,21,Male,United States,Colorado,Denver,2025-10-28,Partner,active,2025-10-28 09:00:00
CUST-00228,Carol,Lopez,carol.lopez@company229.com,30,Female,United States,Illinois,Chicago,2025-03-05,Social Media,churned,2025-03-05 09:00:00
CUST-00229,Barbara,Ramirez,barbara.ramirez@company230.com,50,Female,Germany,Hesse,Frankfurt,2025-06-17,Organic Search,active,2025-06-17 09:00:00
CUST-00230,David,Lee,david.lee@company231.com,49,Male,United States,Colorado,Denver,2025-12-11,Organic Search,churned,2025-12-11 09:00:00
CUST-00231,Amanda,Lewis,amanda.lewis@company232.com,30,Female,Australia,Victoria,Melbourne,2025-07-09,Referral,active,2025-07-09 09:00:00
CUST-00232,Emily,Brown,emily.brown@company233.com,21,Female,United Kingdom,Scotland,Edinburgh,2025-11-10,Paid Ads,churned,2025-11-10 09:00:00
CUST-00233,John,Martinez,john.martinez@company234.com,54,Male,United Kingdom,West Midlands,Birmingham,2025-05-19,Organic Search,active,2025-05-19 09:00:00
CUST-00234,Paul,White,paul.white@company235.com,33,Male,Australia,New South Wales,Sydney,2024-06-15,Referral,active,2024-06-15 09:00:00
CUST-00235,Melissa,White,melissa.white@company236.com,34,Female,United States,Texas,Austin,2025-03-06,Paid Ads,churned,2025-03-06 09:00:00
CUST-00236,Dorothy,Moore,dorothy.moore@company237.com,28,Female,United States,Texas,Austin,2025-05-30,Paid Ads,churned,2025-05-30 09:00:00
CUST-00237,Anna,Davis,anna.davis@company238.com,33,Female,United States,Georgia,Atlanta,2026-03-01,Organic Search,active,2026-03-01 09:00:00
CUST-00238,Amy,Gonzalez,amy.gonzalez@company239.com,29,Female,Germany,Bavaria,Munich,2026-01-22,Organic Search,active,2026-01-22 09:00:00
CUST-00239,Barbara,Lee,barbara.lee@company240.com,44,Female,Canada,Quebec,Montreal,2025-02-16,Paid Ads,churned,2025-02-16 09:00:00
CUST-00240,Nancy,Lopez,nancy.lopez@company241.com,30,Female,United Kingdom,Greater London,London,2025-06-30,Direct,churned,2025-06-30 09:00:00
CUST-00241,Paul,Young,paul.young@company242.com,21,Male,United Kingdom,Scotland,Edinburgh,2026-01-06,Paid Ads,active,2026-01-06 09:00:00
CUST-00242,Benjamin,Garcia,benjamin.garcia@company243.com,24,Male,United States,Georgia,Atlanta,2026-02-07,Paid Ads,churned,2026-02-07 09:00:00
CUST-00243,Brenda,Jones,brenda.jones@company244.com,34,Female,United States,New York,New York,2025-02-25,Paid Ads,churned,2025-02-25 09:00:00
CUST-00244,Sarah,Scott,sarah.scott@company245.com,48,Female,United States,Texas,Austin,2025-11-09,Paid Ads,active,2025-11-09 09:00:00
CUST-00245,Joseph,King,joseph.king@company246.com,32,Male,United States,Massachusetts,Boston,2025-07-12,Direct,active,2025-07-12 09:00:00
CUST-00246,George,King,george.king@company247.com,36,Male,Germany,Bavaria,Munich,2025-02-24,Organic Search,churned,2025-02-24 09:00:00
CUST-00247,Sarah,Martin,sarah.martin@company248.com,54,Female,United States,Texas,Austin,2024-10-25,Referral,active,2024-10-25 09:00:00
CUST-00248,Daniel,Flores,daniel.flores@company249.com,49,Male,United Kingdom,Greater London,London,2025-06-02,Social Media,churned,2025-06-02 09:00:00
CUST-00249,David,Williams,david.williams@company250.com,51,Male,Canada,British Columbia,Vancouver,2025-12-20,Referral,active,2025-12-20 09:00:00
CUST-00250,Emma,Johnson,emma.johnson@company251.com,31,Female,United Kingdom,Scotland,Edinburgh,2026-03-11,Referral,active,2026-03-11 09:00:00
CUST-00251,Kathleen,Thomas,kathleen.thomas@company252.com,33,Female,Canada,British Columbia,Vancouver,2024-10-14,Paid Ads,active,2024-10-14 09:00:00
CUST-00252,Daniel,Lewis,daniel.lewis@company253.com,37,Male,United States,Massachusetts,Boston,2025-08-25,Referral,active,2025-08-25 09:00:00
CUST-00253,Dorothy,Thompson,dorothy.thompson@company254.com,45,Female,United States,Massachusetts,Boston,2026-02-25,Paid Ads,churned,2026-02-25 09:00:00
CUST-00254,Kevin,Thomas,kevin.thomas@company255.com,39,Male,United States,Washington,Seattle,2025-12-30,Organic Search,active,2025-12-30 09:00:00
CUST-00255,Kenneth,Harris,kenneth.harris@company256.com,49,Male,United States,Texas,Austin,2025-07-02,Social Media,churned,2025-07-02 09:00:00
CUST-00256,Betty,Hernandez,betty.hernandez@company257.com,25,Female,United Kingdom,West Midlands,Birmingham,2026-05-17,Social Media,active,2026-05-17 09:00:00
CUST-00257,Patricia,Garcia,patricia.garcia@company258.com,49,Female,United Kingdom,North West,Manchester,2024-09-28,Organic Search,churned,2024-09-28 09:00:00
CUST-00258,Linda,Brown,linda.brown@company259.com,34,Female,United Kingdom,West Midlands,Birmingham,2024-06-24,Organic Search,churned,2024-06-24 09:00:00
CUST-00259,Richard,Ramirez,richard.ramirez@company260.com,32,Male,United States,Massachusetts,Boston,2025-09-23,Partner,active,2025-09-23 09:00:00
CUST-00260,Jennifer,Sanchez,jennifer.sanchez@company261.com,39,Female,United Kingdom,Scotland,Edinburgh,2025-10-12,Referral,churned,2025-10-12 09:00:00
CUST-00261,Ronald,Allen,ronald.allen@company262.com,29,Male,United Kingdom,Greater London,London,2026-05-27,Organic Search,active,2026-05-27 09:00:00
CUST-00262,Timothy,White,timothy.white@company263.com,59,Male,United States,Massachusetts,Boston,2025-03-01,Partner,churned,2025-03-01 09:00:00
CUST-00263,Brandon,Allen,brandon.allen@company264.com,35,Male,United States,California,San Francisco,2025-11-04,Organic Search,active,2025-11-04 09:00:00
CUST-00264,Kathleen,King,kathleen.king@company265.com,32,Female,United Kingdom,North West,Manchester,2026-06-28,Paid Ads,active,2026-06-28 09:00:00
CUST-00265,Nancy,Sanchez,nancy.sanchez@company266.com,43,Female,Canada,British Columbia,Vancouver,2025-10-27,Referral,active,2025-10-27 09:00:00
CUST-00266,Brenda,Martin,brenda.martin@company267.com,30,Female,United States,Massachusetts,Boston,2024-09-29,Referral,active,2024-09-29 09:00:00
CUST-00267,Pamela,Martin,pamela.martin@company268.com,48,Female,Canada,Quebec,Montreal,2026-02-06,Referral,active,2026-02-06 09:00:00
CUST-00268,Kimberly,Nguyen,kimberly.nguyen@company269.com,40,Female,Canada,Quebec,Montreal,2025-07-05,Paid Ads,active,2025-07-05 09:00:00
CUST-00269,Karen,Thomas,karen.thomas@company270.com,32,Female,Australia,New South Wales,Sydney,2025-09-02,Organic Search,churned,2025-09-02 09:00:00
CUST-00270,Dorothy,Clark,dorothy.clark@company271.com,29,Female,Canada,British Columbia,Vancouver,2025-08-11,Paid Ads,active,2025-08-11 09:00:00
CUST-00271,Linda,Rodriguez,linda.rodriguez@company272.com,26,Female,United Kingdom,West Midlands,Birmingham,2025-07-26,Paid Ads,active,2025-07-26 09:00:00
CUST-00272,Lisa,Robinson,lisa.robinson@company273.com,33,Female,United States,Massachusetts,Boston,2024-12-02,Referral,churned,2024-12-02 09:00:00
CUST-00273,Emma,Walker,emma.walker@company274.com,35,Female,United States,Illinois,Chicago,2026-05-19,Organic Search,active,2026-05-19 09:00:00
CUST-00274,Donna,Wilson,donna.wilson@company275.com,45,Female,United States,Georgia,Atlanta,2024-11-14,Paid Ads,churned,2024-11-14 09:00:00
CUST-00275,Donna,Davis,donna.davis@company276.com,40,Female,United Kingdom,West Midlands,Birmingham,2024-12-29,Social Media,churned,2024-12-29 09:00:00
CUST-00276,Kenneth,Williams,kenneth.williams@company277.com,34,Male,Canada,British Columbia,Vancouver,2025-05-25,Direct,active,2025-05-25 09:00:00
CUST-00277,Kathleen,Wilson,kathleen.wilson@company278.com,35,Female,United Kingdom,Scotland,Edinburgh,2026-02-16,Organic Search,active,2026-02-16 09:00:00
CUST-00278,Paul,Brown,paul.brown@company279.com,47,Male,United Kingdom,North West,Manchester,2026-03-11,Organic Search,active,2026-03-11 09:00:00
CUST-00279,Carol,Walker,carol.walker@company280.com,25,Female,Canada,Ontario,Toronto,2024-07-01,Direct,active,2024-07-01 09:00:00
CUST-00280,Jason,Walker,jason.walker@company281.com,33,Male,United States,Illinois,Chicago,2025-10-10,Paid Ads,active,2025-10-10 09:00:00
CUST-00281,David,Torres,david.torres@company282.com,28,Male,Canada,Ontario,Toronto,2025-12-06,Social Media,churned,2025-12-06 09:00:00
CUST-00282,Jason,Lopez,jason.lopez@company283.com,48,Male,United States,Colorado,Denver,2025-08-06,Partner,active,2025-08-06 09:00:00
CUST-00283,Kenneth,Williams,kenneth.williams@company284.com,24,Male,United Kingdom,Greater London,London,2025-08-17,Direct,churned,2025-08-17 09:00:00
CUST-00284,Donna,Robinson,donna.robinson@company285.com,49,Female,United Kingdom,West Midlands,Birmingham,2026-05-03,Social Media,churned,2026-05-03 09:00:00
CUST-00285,Eric,Robinson,eric.robinson@company286.com,21,Male,Germany,Bavaria,Munich,2026-01-09,Organic Search,active,2026-01-09 09:00:00
CUST-00286,Kimberly,Lopez,kimberly.lopez@company287.com,29,Female,United States,Illinois,Chicago,2025-11-01,Referral,active,2025-11-01 09:00:00
CUST-00287,Matthew,Flores,matthew.flores@company288.com,24,Male,Australia,Victoria,Melbourne,2026-05-01,Paid Ads,churned,2026-05-01 09:00:00
CUST-00288,Timothy,Miller,timothy.miller@company289.com,34,Male,United States,Massachusetts,Boston,2024-12-25,Direct,active,2024-12-25 09:00:00
CUST-00289,Steven,Harris,steven.harris@company290.com,26,Male,Canada,British Columbia,Vancouver,2025-07-28,Paid Ads,churned,2025-07-28 09:00:00
CUST-00290,Steven,White,steven.white@company291.com,43,Male,United States,New York,New York,2025-09-04,Paid Ads,churned,2025-09-04 09:00:00
CUST-00291,Timothy,Allen,timothy.allen@company292.com,48,Male,Australia,Victoria,Melbourne,2025-04-20,Referral,active,2025-04-20 09:00:00
CUST-00292,Melissa,Flores,melissa.flores@company293.com,31,Female,France,Auvergne-Rhône-Alpes,Lyon,2024-07-04,Organic Search,active,2024-07-04 09:00:00
CUST-00293,Rebecca,Scott,rebecca.scott@company294.com,37,Female,Canada,Quebec,Montreal,2026-04-22,Social Media,active,2026-04-22 09:00:00
CUST-00294,Brandon,Garcia,brandon.garcia@company295.com,29,Male,United Kingdom,Scotland,Edinburgh,2026-03-03,Organic Search,active,2026-03-03 09:00:00
CUST-00295,Michael,Scott,michael.scott@company296.com,45,Male,United States,Texas,Austin,2025-11-30,Organic Search,churned,2025-11-30 09:00:00
CUST-00296,Jessica,Wilson,jessica.wilson@company297.com,49,Female,United States,Georgia,Atlanta,2025-03-20,Social Media,churned,2025-03-20 09:00:00
CUST-00297,Sarah,Allen,sarah.allen@company298.com,23,Female,United Kingdom,West Midlands,Birmingham,2025-10-04,Referral,active,2025-10-04 09:00:00
CUST-00298,Patricia,Sanchez,patricia.sanchez@company299.com,41,Female,United States,Washington,Seattle,2024-09-20,Referral,churned,2024-09-20 09:00:00
CUST-00299,Jeffrey,Thompson,jeffrey.thompson@company300.com,37,Male,United Kingdom,Greater London,London,2026-02-15,Direct,active,2026-02-15 09:00:00
CUST-00300,Gary,Williams,gary.williams@company301.com,43,Male,United States,Texas,Austin,2025-03-31,Partner,churned,2025-03-31 09:00:00
CUST-00301,Melissa,Harris,melissa.harris@company302.com,35,Female,Australia,Victoria,Melbourne,2026-02-01,Paid Ads,churned,2026-02-01 09:00:00
CUST-00302,George,Davis,george.davis@company303.com,43,Male,United Kingdom,North West,Manchester,2025-08-10,Partner,active,2025-08-10 09:00:00
CUST-00303,James,Johnson,james.johnson@company304.com,42,Male,United States,Colorado,Denver,2025-08-31,Paid Ads,active,2025-08-31 09:00:00
CUST-00304,Paul,Robinson,paul.robinson@company305.com,24,Male,United States,New York,New York,2025-09-25,Organic Search,churned,2025-09-25 09:00:00
CUST-00305,Emma,Johnson,emma.johnson@company306.com,26,Female,United States,California,San Francisco,2026-04-14,Paid Ads,active,2026-04-14 09:00:00
CUST-00306,Paul,Williams,paul.williams@company307.com,29,Male,United States,Washington,Seattle,2025-03-24,Partner,churned,2025-03-24 09:00:00
CUST-00307,Thomas,Allen,thomas.allen@company308.com,55,Male,United States,Massachusetts,Boston,2024-11-28,Referral,active,2024-11-28 09:00:00
CUST-00308,Ashley,Martin,ashley.martin@company309.com,58,Female,France,Île-de-France,Paris,2026-03-28,Paid Ads,active,2026-03-28 09:00:00
CUST-00309,Linda,Scott,linda.scott@company310.com,48,Female,Australia,New South Wales,Sydney,2026-05-29,Referral,active,2026-05-29 09:00:00
CUST-00310,Anna,Young,anna.young@company311.com,29,Female,United States,Colorado,Denver,2026-04-14,Partner,active,2026-04-14 09:00:00
CUST-00311,Rebecca,Clark,rebecca.clark@company312.com,36,Female,United States,Georgia,Atlanta,2025-06-15,Organic Search,active,2025-06-15 09:00:00
CUST-00312,Joshua,Martinez,joshua.martinez@company313.com,49,Male,Australia,Queensland,Brisbane,2026-05-03,Paid Ads,churned,2026-05-03 09:00:00
CUST-00313,Anna,King,anna.king@company314.com,34,Female,United States,Washington,Seattle,2026-02-18,Paid Ads,active,2026-02-18 09:00:00
CUST-00314,Ryan,White,ryan.white@company315.com,38,Male,Canada,Ontario,Toronto,2024-09-15,Organic Search,churned,2024-09-15 09:00:00
CUST-00315,Nicole,Hill,nicole.hill@company316.com,37,Female,United States,Washington,Seattle,2025-04-11,Paid Ads,churned,2025-04-11 09:00:00
CUST-00316,Michelle,Smith,michelle.smith@company317.com,35,Female,United States,New York,New York,2025-08-02,Partner,active,2025-08-02 09:00:00
CUST-00317,Ashley,Hill,ashley.hill@company318.com,56,Female,United States,Washington,Seattle,2024-09-24,Referral,active,2024-09-24 09:00:00
CUST-00318,Deborah,Robinson,deborah.robinson@company319.com,33,Female,United States,Illinois,Chicago,2026-02-11,Paid Ads,active,2026-02-11 09:00:00
CUST-00319,Cynthia,Miller,cynthia.miller@company320.com,34,Female,Canada,British Columbia,Vancouver,2024-10-09,Social Media,churned,2024-10-09 09:00:00
CUST-00320,Dorothy,Clark,dorothy.clark@company321.com,28,Female,Germany,Hesse,Frankfurt,2026-05-02,Organic Search,active,2026-05-02 09:00:00
CUST-00321,Anna,Nguyen,anna.nguyen@company322.com,39,Female,United States,Texas,Austin,2024-06-02,Organic Search,active,2024-06-02 09:00:00
CUST-00322,Ronald,Torres,ronald.torres@company323.com,41,Male,United States,Massachusetts,Boston,2026-03-29,Organic Search,active,2026-03-29 09:00:00
CUST-00323,Amy,Robinson,amy.robinson@company324.com,26,Female,Germany,Berlin,Berlin,2025-10-16,Organic Search,active,2025-10-16 09:00:00
CUST-00324,Lisa,Wright,lisa.wright@company325.com,52,Female,France,Île-de-France,Paris,2024-11-15,Social Media,churned,2024-11-15 09:00:00
CUST-00325,Michael,Smith,michael.smith@company326.com,27,Male,Germany,Berlin,Berlin,2025-01-02,Organic Search,active,2025-01-02 09:00:00
CUST-00326,James,Wilson,james.wilson@company327.com,26,Male,United States,Georgia,Atlanta,2024-06-29,Referral,active,2024-06-29 09:00:00
CUST-00327,James,Wright,james.wright@company328.com,22,Male,United States,Illinois,Chicago,2024-06-17,Paid Ads,churned,2024-06-17 09:00:00
CUST-00328,Patricia,Allen,patricia.allen@company329.com,44,Female,United Kingdom,North West,Manchester,2024-08-30,Organic Search,churned,2024-08-30 09:00:00
CUST-00329,Jonathan,Martinez,jonathan.martinez@company330.com,21,Male,United Kingdom,Scotland,Edinburgh,2026-02-16,Social Media,active,2026-02-16 09:00:00
CUST-00330,Stephanie,Garcia,stephanie.garcia@company331.com,31,Female,United States,Washington,Seattle,2024-05-20,Direct,churned,2024-05-20 09:00:00
CUST-00331,Joshua,Garcia,joshua.garcia@company332.com,44,Male,Germany,Berlin,Berlin,2026-02-09,Organic Search,active,2026-02-09 09:00:00
CUST-00332,Deborah,Scott,deborah.scott@company333.com,30,Female,United Kingdom,North West,Manchester,2025-11-01,Organic Search,active,2025-11-01 09:00:00
CUST-00333,Carol,Torres,carol.torres@company334.com,52,Female,France,Île-de-France,Paris,2025-01-09,Organic Search,active,2025-01-09 09:00:00
CUST-00334,Emily,Williams,emily.williams@company335.com,45,Female,Canada,British Columbia,Vancouver,2025-05-25,Social Media,churned,2025-05-25 09:00:00
CUST-00335,Matthew,Lee,matthew.lee@company336.com,29,Male,United States,Texas,Austin,2026-04-15,Partner,active,2026-04-15 09:00:00
CUST-00336,Elizabeth,Martin,elizabeth.martin@company337.com,30,Female,United States,Colorado,Denver,2025-04-09,Referral,churned,2025-04-09 09:00:00
CUST-00337,Deborah,Rodriguez,deborah.rodriguez@company338.com,36,Female,Canada,Ontario,Toronto,2026-01-20,Paid Ads,churned,2026-01-20 09:00:00
CUST-00338,Linda,Miller,linda.miller@company339.com,31,Female,Germany,Bavaria,Munich,2025-11-30,Referral,active,2025-11-30 09:00:00
CUST-00339,Dorothy,Johnson,dorothy.johnson@company340.com,41,Female,Germany,Bavaria,Munich,2026-05-27,Paid Ads,active,2026-05-27 09:00:00
CUST-00340,Anna,Harris,anna.harris@company341.com,33,Female,United Kingdom,West Midlands,Birmingham,2026-02-04,Organic Search,active,2026-02-04 09:00:00
CUST-00341,Ashley,Jones,ashley.jones@company342.com,29,Female,United States,Texas,Austin,2025-11-09,Partner,active,2025-11-09 09:00:00
CUST-00342,Melissa,Miller,melissa.miller@company343.com,24,Female,Australia,Victoria,Melbourne,2025-11-11,Paid Ads,active,2025-11-11 09:00:00
CUST-00343,Susan,Rodriguez,susan.rodriguez@company344.com,31,Female,United States,Colorado,Denver,2025-03-28,Organic Search,churned,2025-03-28 09:00:00
CUST-00344,George,Scott,george.scott@company345.com,33,Male,United Kingdom,Scotland,Edinburgh,2025-03-17,Social Media,active,2025-03-17 09:00:00
CUST-00345,Kenneth,Clark,kenneth.clark@company346.com,24,Male,United States,Washington,Seattle,2026-01-26,Referral,active,2026-01-26 09:00:00
CUST-00346,Ronald,Hernandez,ronald.hernandez@company347.com,27,Male,United States,Georgia,Atlanta,2024-09-30,Organic Search,active,2024-09-30 09:00:00
CUST-00347,Jeffrey,Moore,jeffrey.moore@company348.com,26,Male,United States,New York,New York,2025-12-04,Paid Ads,churned,2025-12-04 09:00:00
CUST-00348,Nicholas,Hill,nicholas.hill@company349.com,43,Male,United States,Texas,Austin,2026-01-19,Paid Ads,churned,2026-01-19 09:00:00
CUST-00349,Carol,Flores,carol.flores@company350.com,25,Female,Germany,Bavaria,Munich,2025-11-28,Paid Ads,churned,2025-11-28 09:00:00
CUST-00350,Joshua,Lee,joshua.lee@company351.com,55,Male,Canada,British Columbia,Vancouver,2024-08-12,Paid Ads,churned,2024-08-12 09:00:00
CUST-00351,Dorothy,Jackson,dorothy.jackson@company352.com,55,Female,United Kingdom,North West,Manchester,2025-11-02,Paid Ads,churned,2025-11-02 09:00:00
CUST-00352,Stephanie,White,stephanie.white@company353.com,36,Female,United Kingdom,North West,Manchester,2025-09-16,Referral,active,2025-09-16 09:00:00
CUST-00353,Jacob,Wilson,jacob.wilson@company354.com,29,Male,United States,New York,New York,2026-01-05,Social Media,active,2026-01-05 09:00:00
CUST-00354,Amy,Rodriguez,amy.rodriguez@company355.com,42,Female,United States,Texas,Austin,2025-05-29,Partner,active,2025-05-29 09:00:00
CUST-00355,Elizabeth,Lewis,elizabeth.lewis@company356.com,40,Female,United States,Colorado,Denver,2025-09-29,Paid Ads,churned,2025-09-29 09:00:00
CUST-00356,Helen,Williams,helen.williams@company357.com,57,Female,United States,New York,New York,2025-10-20,Organic Search,active,2025-10-20 09:00:00
CUST-00357,George,Hernandez,george.hernandez@company358.com,36,Male,United States,Colorado,Denver,2024-12-23,Direct,active,2024-12-23 09:00:00
CUST-00358,Sharon,Miller,sharon.miller@company359.com,46,Female,United States,Washington,Seattle,2024-12-24,Paid Ads,churned,2024-12-24 09:00:00
CUST-00359,Cynthia,Nguyen,cynthia.nguyen@company360.com,60,Female,United States,California,San Francisco,2025-03-06,Paid Ads,churned,2025-03-06 09:00:00
CUST-00360,Rebecca,Garcia,rebecca.garcia@company361.com,30,Female,Australia,New South Wales,Sydney,2026-07-17,Paid Ads,active,2026-07-17 09:00:00
CUST-00361,Cynthia,Wilson,cynthia.wilson@company362.com,34,Female,United States,New York,New York,2025-06-06,Paid Ads,churned,2025-06-06 09:00:00
CUST-00362,Dorothy,Jones,dorothy.jones@company363.com,28,Female,Germany,Berlin,Berlin,2026-06-21,Organic Search,active,2026-06-21 09:00:00
CUST-00363,Susan,Hernandez,susan.hernandez@company364.com,33,Female,Canada,Quebec,Montreal,2025-11-23,Organic Search,active,2025-11-23 09:00:00
CUST-00364,Brian,Scott,brian.scott@company365.com,30,Male,United States,Colorado,Denver,2026-03-09,Referral,active,2026-03-09 09:00:00
CUST-00365,Jeffrey,Sanchez,jeffrey.sanchez@company366.com,28,Male,United Kingdom,North West,Manchester,2025-06-12,Paid Ads,churned,2025-06-12 09:00:00
CUST-00366,Deborah,Smith,deborah.smith@company367.com,35,Female,United States,New York,New York,2024-08-02,Referral,active,2024-08-02 09:00:00
CUST-00367,Edward,Lee,edward.lee@company368.com,37,Male,United States,Georgia,Atlanta,2024-10-29,Paid Ads,churned,2024-10-29 09:00:00
CUST-00368,Nicole,Harris,nicole.harris@company369.com,49,Female,United Kingdom,Scotland,Edinburgh,2024-09-05,Paid Ads,churned,2024-09-05 09:00:00
CUST-00369,Emma,Lopez,emma.lopez@company370.com,38,Female,Canada,British Columbia,Vancouver,2025-03-09,Social Media,churned,2025-03-09 09:00:00
CUST-00370,Thomas,Lee,thomas.lee@company371.com,30,Male,United States,Texas,Austin,2025-10-22,Paid Ads,active,2025-10-22 09:00:00
CUST-00371,Eric,Harris,eric.harris@company372.com,29,Male,United States,Colorado,Denver,2025-07-30,Paid Ads,churned,2025-07-30 09:00:00
CUST-00372,Helen,Lopez,helen.lopez@company373.com,29,Female,United States,Texas,Austin,2026-03-09,Organic Search,active,2026-03-09 09:00:00
CUST-00373,Emma,Brown,emma.brown@company374.com,48,Female,France,Auvergne-Rhône-Alpes,Lyon,2025-07-09,Organic Search,active,2025-07-09 09:00:00
CUST-00374,Anna,Allen,anna.allen@company375.com,43,Female,United States,Georgia,Atlanta,2024-10-27,Paid Ads,churned,2024-10-27 09:00:00
CUST-00375,Amy,Hernandez,amy.hernandez@company376.com,37,Female,United States,Washington,Seattle,2024-10-18,Organic Search,active,2024-10-18 09:00:00
CUST-00376,Sandra,Wright,sandra.wright@company377.com,41,Female,Germany,Hesse,Frankfurt,2026-03-15,Partner,active,2026-03-15 09:00:00
CUST-00377,Anna,Allen,anna.allen@company378.com,26,Female,United States,Massachusetts,Boston,2026-03-03,Paid Ads,active,2026-03-03 09:00:00
CUST-00378,Ryan,Wright,ryan.wright@company379.com,32,Male,United States,Washington,Seattle,2025-06-15,Organic Search,churned,2025-06-15 09:00:00
CUST-00379,Ryan,Taylor,ryan.taylor@company380.com,34,Male,Germany,Bavaria,Munich,2026-06-04,Social Media,active,2026-06-04 09:00:00
CUST-00380,Paul,Wilson,paul.wilson@company381.com,31,Male,United Kingdom,Scotland,Edinburgh,2025-11-13,Social Media,active,2025-11-13 09:00:00
CUST-00381,Nancy,Flores,nancy.flores@company382.com,38,Female,United States,Washington,Seattle,2026-02-17,Social Media,active,2026-02-17 09:00:00
CUST-00382,Helen,Moore,helen.moore@company383.com,21,Female,United States,Illinois,Chicago,2024-11-11,Organic Search,active,2024-11-11 09:00:00
CUST-00383,Shirley,Miller,shirley.miller@company384.com,34,Female,Canada,British Columbia,Vancouver,2025-04-14,Social Media,churned,2025-04-14 09:00:00
CUST-00384,Sarah,Rodriguez,sarah.rodriguez@company385.com,27,Female,Canada,Ontario,Toronto,2025-10-14,Partner,active,2025-10-14 09:00:00
CUST-00385,Amy,Martinez,amy.martinez@company386.com,21,Female,United States,Colorado,Denver,2024-07-27,Paid Ads,churned,2024-07-27 09:00:00
CUST-00386,David,Sanchez,david.sanchez@company387.com,29,Male,United States,Massachusetts,Boston,2025-01-23,Paid Ads,churned,2025-01-23 09:00:00
CUST-00387,Dorothy,Nguyen,dorothy.nguyen@company388.com,47,Female,Canada,Quebec,Montreal,2025-04-03,Organic Search,churned,2025-04-03 09:00:00
CUST-00388,Amanda,Jones,amanda.jones@company389.com,43,Female,United States,Colorado,Denver,2025-04-26,Social Media,churned,2025-04-26 09:00:00
CUST-00389,Emily,Lee,emily.lee@company390.com,54,Female,United States,Texas,Austin,2026-04-09,Referral,active,2026-04-09 09:00:00
CUST-00390,Carol,Brown,carol.brown@company391.com,32,Female,United Kingdom,West Midlands,Birmingham,2025-06-01,Organic Search,active,2025-06-01 09:00:00
CUST-00391,Ryan,Robinson,ryan.robinson@company392.com,27,Male,France,Île-de-France,Paris,2025-05-19,Direct,active,2025-05-19 09:00:00
CUST-00392,Joshua,Hernandez,joshua.hernandez@company393.com,58,Male,Australia,New South Wales,Sydney,2026-04-17,Referral,active,2026-04-17 09:00:00
CUST-00393,Barbara,White,barbara.white@company394.com,28,Female,United Kingdom,Greater London,London,2026-02-19,Paid Ads,churned,2026-02-19 09:00:00
CUST-00394,Sandra,Ramirez,sandra.ramirez@company395.com,44,Female,Canada,Ontario,Toronto,2024-10-15,Organic Search,churned,2024-10-15 09:00:00
CUST-00395,Thomas,Nguyen,thomas.nguyen@company396.com,37,Male,United Kingdom,Greater London,London,2025-08-18,Organic Search,churned,2025-08-18 09:00:00
CUST-00396,Jessica,Ramirez,jessica.ramirez@company397.com,53,Female,United States,Washington,Seattle,2025-10-04,Paid Ads,active,2025-10-04 09:00:00
CUST-00397,Richard,Lee,richard.lee@company398.com,26,Male,United States,Colorado,Denver,2025-10-12,Partner,churned,2025-10-12 09:00:00
CUST-00398,Charles,Jones,charles.jones@company399.com,27,Male,United States,Texas,Austin,2026-07-04,Paid Ads,active,2026-07-04 09:00:00
CUST-00399,Charles,Clark,charles.clark@company400.com,51,Male,United States,Washington,Seattle,2025-10-21,Organic Search,active,2025-10-21 09:00:00
CUST-00400,Thomas,Davis,thomas.davis@company401.com,23,Male,United States,Colorado,Denver,2026-02-02,Paid Ads,churned,2026-02-02 09:00:00
CUST-00401,Paul,Moore,paul.moore@company402.com,57,Male,United States,Illinois,Chicago,2025-08-27,Partner,active,2025-08-27 09:00:00
CUST-00402,Joshua,Wilson,joshua.wilson@company403.com,35,Male,United Kingdom,West Midlands,Birmingham,2024-04-14,Organic Search,churned,2024-04-14 09:00:00
CUST-00403,Paul,Young,paul.young@company404.com,35,Male,United States,New York,New York,2025-05-28,Paid Ads,active,2025-05-28 09:00:00
CUST-00404,Edward,Lee,edward.lee@company405.com,29,Male,Germany,Hesse,Frankfurt,2025-12-02,Paid Ads,active,2025-12-02 09:00:00
CUST-00405,Gary,Jones,gary.jones@company406.com,30,Male,United States,Illinois,Chicago,2025-07-21,Organic Search,active,2025-07-21 09:00:00
CUST-00406,Timothy,Allen,timothy.allen@company407.com,36,Male,Canada,British Columbia,Vancouver,2025-05-28,Paid Ads,churned,2025-05-28 09:00:00
CUST-00407,Barbara,Wright,barbara.wright@company408.com,28,Female,United States,New York,New York,2025-06-24,Paid Ads,churned,2025-06-24 09:00:00
CUST-00408,Charles,Wright,charles.wright@company409.com,28,Male,United Kingdom,Greater London,London,2026-03-19,Paid Ads,active,2026-03-19 09:00:00
CUST-00409,Ashley,Brown,ashley.brown@company410.com,28,Female,Australia,New South Wales,Sydney,2024-10-26,Paid Ads,churned,2024-10-26 09:00:00
CUST-00410,Joshua,Lopez,joshua.lopez@company411.com,35,Male,Canada,Quebec,Montreal,2026-05-09,Organic Search,active,2026-05-09 09:00:00
CUST-00411,Amanda,King,amanda.king@company412.com,22,Female,Germany,Bavaria,Munich,2025-01-01,Organic Search,active,2025-01-01 09:00:00
CUST-00412,Andrew,Davis,andrew.davis@company413.com,51,Male,United States,Colorado,Denver,2026-04-24,Organic Search,active,2026-04-24 09:00:00
CUST-00413,Steven,Torres,steven.torres@company414.com,39,Male,United States,Massachusetts,Boston,2025-11-16,Organic Search,active,2025-11-16 09:00:00
CUST-00414,Edward,Hernandez,edward.hernandez@company415.com,21,Male,United States,New York,New York,2026-01-04,Organic Search,active,2026-01-04 09:00:00
CUST-00415,Robert,Smith,robert.smith@company416.com,24,Male,United States,Colorado,Denver,2024-12-31,Direct,churned,2024-12-31 09:00:00
CUST-00416,Robert,Scott,robert.scott@company417.com,61,Male,Canada,Quebec,Montreal,2026-03-21,Paid Ads,churned,2026-03-21 09:00:00
CUST-00417,Ashley,Clark,ashley.clark@company418.com,33,Female,United States,New York,New York,2025-08-22,Referral,active,2025-08-22 09:00:00
CUST-00418,Eric,Brown,eric.brown@company419.com,33,Male,Germany,Berlin,Berlin,2025-05-13,Direct,active,2025-05-13 09:00:00
CUST-00419,Jacob,Jackson,jacob.jackson@company420.com,45,Male,United States,New York,New York,2024-08-06,Referral,active,2024-08-06 09:00:00
CUST-00420,Edward,Gonzalez,edward.gonzalez@company421.com,30,Male,Germany,Hesse,Frankfurt,2025-07-03,Referral,churned,2025-07-03 09:00:00
CUST-00421,Melissa,Nguyen,melissa.nguyen@company422.com,47,Female,France,Île-de-France,Paris,2024-03-05,Partner,churned,2024-03-05 09:00:00
CUST-00422,Charles,Smith,charles.smith@company423.com,47,Male,United States,Massachusetts,Boston,2026-03-04,Referral,active,2026-03-04 09:00:00
CUST-00423,Brian,Smith,brian.smith@company424.com,55,Male,United States,Illinois,Chicago,2025-04-10,Organic Search,active,2025-04-10 09:00:00
CUST-00424,Jason,Young,jason.young@company425.com,24,Male,France,Île-de-France,Paris,2026-04-06,Partner,active,2026-04-06 09:00:00
CUST-00425,Robert,Anderson,robert.anderson@company426.com,42,Male,United Kingdom,Scotland,Edinburgh,2025-09-24,Paid Ads,churned,2025-09-24 09:00:00
CUST-00426,Scott,Miller,scott.miller@company427.com,36,Male,United Kingdom,West Midlands,Birmingham,2024-12-28,Organic Search,churned,2024-12-28 09:00:00
CUST-00427,Jeffrey,Rodriguez,jeffrey.rodriguez@company428.com,34,Male,United States,Massachusetts,Boston,2025-07-20,Direct,active,2025-07-20 09:00:00
CUST-00428,Dorothy,Lee,dorothy.lee@company429.com,35,Female,United States,Washington,Seattle,2025-09-01,Organic Search,active,2025-09-01 09:00:00
CUST-00429,Charles,Miller,charles.miller@company430.com,26,Male,United States,Colorado,Denver,2026-01-12,Organic Search,active,2026-01-12 09:00:00
CUST-00430,Margaret,Lewis,margaret.lewis@company431.com,30,Female,United States,New York,New York,2025-10-16,Organic Search,active,2025-10-16 09:00:00
CUST-00431,Nicole,Williams,nicole.williams@company432.com,31,Female,Germany,Berlin,Berlin,2025-11-22,Organic Search,churned,2025-11-22 09:00:00
CUST-00432,George,Sanchez,george.sanchez@company433.com,26,Male,United Kingdom,Scotland,Edinburgh,2025-07-23,Social Media,churned,2025-07-23 09:00:00
CUST-00433,John,Sanchez,john.sanchez@company434.com,38,Male,United Kingdom,North West,Manchester,2024-11-23,Organic Search,active,2024-11-23 09:00:00
CUST-00434,Thomas,Davis,thomas.davis@company435.com,29,Male,Germany,Berlin,Berlin,2024-12-12,Organic Search,churned,2024-12-12 09:00:00
CUST-00435,Melissa,Garcia,melissa.garcia@company436.com,21,Female,United States,New York,New York,2025-12-22,Organic Search,active,2025-12-22 09:00:00
CUST-00436,Anthony,Lewis,anthony.lewis@company437.com,47,Male,United States,Massachusetts,Boston,2025-01-07,Organic Search,active,2025-01-07 09:00:00
CUST-00437,Linda,Hernandez,linda.hernandez@company438.com,50,Female,United States,Colorado,Denver,2026-01-09,Paid Ads,churned,2026-01-09 09:00:00
CUST-00438,Sharon,Lopez,sharon.lopez@company439.com,21,Female,Australia,Victoria,Melbourne,2026-03-29,Organic Search,active,2026-03-29 09:00:00
CUST-00439,Robert,Flores,robert.flores@company440.com,40,Male,United States,Illinois,Chicago,2025-11-11,Paid Ads,active,2025-11-11 09:00:00
CUST-00440,Linda,Garcia,linda.garcia@company441.com,31,Female,United States,Washington,Seattle,2024-09-25,Referral,active,2024-09-25 09:00:00
CUST-00441,Stephen,Johnson,stephen.johnson@company442.com,51,Male,Germany,Bavaria,Munich,2025-04-24,Paid Ads,churned,2025-04-24 09:00:00
CUST-00442,Amanda,Torres,amanda.torres@company443.com,32,Female,United States,Texas,Austin,2025-03-08,Organic Search,active,2025-03-08 09:00:00
CUST-00443,John,Moore,john.moore@company444.com,30,Male,France,Auvergne-Rhône-Alpes,Lyon,2025-09-09,Partner,active,2025-09-09 09:00:00
CUST-00444,Daniel,Miller,daniel.miller@company445.com,36,Male,United States,California,San Francisco,2026-03-23,Partner,active,2026-03-23 09:00:00
CUST-00445,Justin,Harris,justin.harris@company446.com,24,Male,Germany,Berlin,Berlin,2025-10-01,Organic Search,active,2025-10-01 09:00:00
CUST-00446,Amanda,Nguyen,amanda.nguyen@company447.com,38,Female,Canada,Quebec,Montreal,2025-11-21,Referral,active,2025-11-21 09:00:00
CUST-00447,Nicholas,Wright,nicholas.wright@company448.com,22,Male,United States,New York,New York,2025-11-18,Organic Search,active,2025-11-18 09:00:00
CUST-00448,John,King,john.king@company449.com,30,Male,United States,Washington,Seattle,2026-03-05,Social Media,churned,2026-03-05 09:00:00
CUST-00449,Lisa,Lee,lisa.lee@company450.com,28,Female,United States,Texas,Austin,2025-12-30,Partner,active,2025-12-30 09:00:00
CUST-00450,Elizabeth,White,elizabeth.white@company1.com,37,Female,United Kingdom,Greater London,London,2025-08-06,Paid Ads,active,2025-08-06 09:00:00
CUST-00451,Sarah,Hernandez,sarah.hernandez@company2.com,54,Female,United States,Georgia,Atlanta,2025-08-06,Referral,active,2025-08-06 09:00:00
CUST-00452,Larry,Flores,larry.flores@company3.com,51,Male,United States,Texas,Austin,2026-03-05,Paid Ads,active,2026-03-05 09:00:00
CUST-00453,Sarah,Lopez,sarah.lopez@company4.com,32,Female,Australia,Queensland,Brisbane,2025-11-05,Paid Ads,active,2025-11-05 09:00:00
CUST-00454,Matthew,Hill,matthew.hill@company5.com,25,Male,Germany,Hesse,Frankfurt,2026-07-27,Organic Search,active,2026-07-27 09:00:00
CUST-00455,Nicholas,Martinez,nicholas.martinez@company6.com,34,Male,United States,Massachusetts,Boston,2026-04-06,Direct,active,2026-04-06 09:00:00
CUST-00456,David,Perez,david.perez@company7.com,37,Male,United States,Washington,Seattle,2024-12-28,Referral,churned,2024-12-28 09:00:00
CUST-00457,Kimberly,Miller,kimberly.miller@company8.com,44,Female,United States,Georgia,Atlanta,2025-09-13,Partner,active,2025-09-13 09:00:00
CUST-00458,Jason,Young,jason.young@company9.com,58,Male,United States,Colorado,Denver,2026-06-11,Organic Search,active,2026-06-11 09:00:00
CUST-00459,Brenda,Anderson,brenda.anderson@company10.com,35,Female,United States,California,San Francisco,2026-06-21,Organic Search,active,2026-06-21 09:00:00
CUST-00460,Kimberly,Miller,kimberly.miller@company11.com,26,Female,United States,Colorado,Denver,2025-11-04,Organic Search,active,2025-11-04 09:00:00
CUST-00461,Larry,Garcia,larry.garcia@company12.com,26,Male,France,Auvergne-Rhône-Alpes,Lyon,2025-08-26,Partner,active,2025-08-26 09:00:00
CUST-00462,Nancy,Hill,nancy.hill@company13.com,47,Female,United States,New York,New York,2025-12-17,Paid Ads,churned,2025-12-17 09:00:00
CUST-00463,Jason,Scott,jason.scott@company14.com,48,Male,Canada,British Columbia,Vancouver,2025-12-11,Referral,active,2025-12-11 09:00:00
CUST-00464,Ashley,Miller,ashley.miller@company15.com,32,Female,United Kingdom,West Midlands,Birmingham,2024-06-05,Organic Search,churned,2024-06-05 09:00:00
CUST-00465,Mary,Ramirez,mary.ramirez@company16.com,34,Female,Germany,Hesse,Frankfurt,2025-01-26,Referral,active,2025-01-26 09:00:00
CUST-00466,Richard,Johnson,richard.johnson@company17.com,30,Male,United Kingdom,Greater London,London,2025-03-28,Paid Ads,churned,2025-03-28 09:00:00
CUST-00467,Joshua,Sanchez,joshua.sanchez@company18.com,31,Male,Australia,Victoria,Melbourne,2024-12-05,Organic Search,active,2024-12-05 09:00:00
CUST-00468,Lisa,White,lisa.white@company19.com,43,Female,United States,Georgia,Atlanta,2026-07-22,Organic Search,active,2026-07-22 09:00:00
CUST-00469,Cynthia,Taylor,cynthia.taylor@company20.com,29,Female,United States,California,San Francisco,2025-05-02,Organic Search,active,2025-05-02 09:00:00
CUST-00470,David,Thompson,david.thompson@company21.com,50,Male,United States,Washington,Seattle,2025-07-09,Referral,active,2025-07-09 09:00:00
CUST-00471,Angela,Clark,angela.clark@company22.com,40,Female,Canada,British Columbia,Vancouver,2025-07-08,Referral,active,2025-07-08 09:00:00
CUST-00472,Gary,Martin,gary.martin@company23.com,31,Male,Australia,Queensland,Brisbane,2026-04-12,Organic Search,active,2026-04-12 09:00:00
CUST-00473,Joseph,Lewis,joseph.lewis@company24.com,39,Male,France,Île-de-France,Paris,2025-06-02,Social Media,churned,2025-06-02 09:00:00
CUST-00474,Robert,Ramirez,robert.ramirez@company25.com,33,Male,Canada,Ontario,Toronto,2025-12-28,Direct,active,2025-12-28 09:00:00
CUST-00475,Brandon,Taylor,brandon.taylor@company26.com,26,Male,Canada,Ontario,Toronto,2025-06-13,Organic Search,active,2025-06-13 09:00:00
CUST-00476,Anna,Lee,anna.lee@company27.com,48,Female,United Kingdom,Greater London,London,2025-12-08,Partner,active,2025-12-08 09:00:00
CUST-00477,Jessica,Clark,jessica.clark@company28.com,26,Female,United Kingdom,Greater London,London,2025-04-11,Direct,active,2025-04-11 09:00:00
CUST-00478,Kenneth,Wright,kenneth.wright@company29.com,56,Male,Australia,Victoria,Melbourne,2025-09-11,Paid Ads,churned,2025-09-11 09:00:00
CUST-00479,Brenda,Hill,brenda.hill@company30.com,38,Female,United States,Colorado,Denver,2026-06-18,Organic Search,active,2026-06-18 09:00:00
CUST-00480,Jennifer,Sanchez,jennifer.sanchez@company31.com,53,Female,United States,Washington,Seattle,2025-09-23,Organic Search,churned,2025-09-23 09:00:00
CUST-00481,Emily,White,emily.white@company32.com,21,Female,Germany,Bavaria,Munich,2025-11-29,Paid Ads,churned,2025-11-29 09:00:00
CUST-00482,Susan,Anderson,susan.anderson@company33.com,35,Female,France,Auvergne-Rhône-Alpes,Lyon,2024-04-12,Partner,churned,2024-04-12 09:00:00
CUST-00483,Emily,Clark,emily.clark@company34.com,39,Female,United States,Georgia,Atlanta,2026-01-25,Organic Search,churned,2026-01-25 09:00:00
CUST-00484,Amy,King,amy.king@company35.com,53,Female,Germany,Hesse,Frankfurt,2026-03-24,Partner,active,2026-03-24 09:00:00
CUST-00485,Joshua,Allen,joshua.allen@company36.com,33,Male,Germany,Hesse,Frankfurt,2025-04-10,Social Media,active,2025-04-10 09:00:00
CUST-00486,Matthew,Gonzalez,matthew.gonzalez@company37.com,46,Male,United States,California,San Francisco,2025-09-19,Organic Search,active,2025-09-19 09:00:00
CUST-00487,Linda,White,linda.white@company38.com,49,Female,United States,Georgia,Atlanta,2025-09-08,Paid Ads,active,2025-09-08 09:00:00
CUST-00488,John,Thomas,john.thomas@company39.com,31,Male,United Kingdom,North West,Manchester,2026-03-17,Direct,active,2026-03-17 09:00:00
CUST-00489,Pamela,Scott,pamela.scott@company40.com,30,Female,United States,Illinois,Chicago,2026-03-23,Partner,active,2026-03-23 09:00:00
CUST-00490,Kenneth,Johnson,kenneth.johnson@company41.com,24,Male,United States,Washington,Seattle,2026-05-12,Social Media,active,2026-05-12 09:00:00
CUST-00491,Donald,Moore,donald.moore@company42.com,32,Male,United Kingdom,Greater London,London,2024-12-02,Paid Ads,churned,2024-12-02 09:00:00
CUST-00492,Matthew,Hill,matthew.hill@company43.com,50,Male,United States,Illinois,Chicago,2026-01-19,Partner,active,2026-01-19 09:00:00
CUST-00493,Sharon,Harris,sharon.harris@company44.com,41,Female,United States,Washington,Seattle,2026-04-18,Paid Ads,active,2026-04-18 09:00:00
CUST-00494,Pamela,Miller,pamela.miller@company45.com,32,Female,France,Auvergne-Rhône-Alpes,Lyon,2025-01-01,Referral,churned,2025-01-01 09:00:00
CUST-00495,Michelle,Miller,michelle.miller@company46.com,34,Female,United States,Illinois,Chicago,2024-07-03,Referral,active,2024-07-03 09:00:00
CUST-00496,Kimberly,Martin,kimberly.martin@company47.com,35,Female,United Kingdom,North West,Manchester,2026-01-08,Social Media,active,2026-01-08 09:00:00
CUST-00497,Dorothy,Rodriguez,dorothy.rodriguez@company48.com,53,Female,United Kingdom,Scotland,Edinburgh,2025-12-26,Organic Search,active,2025-12-26 09:00:00
CUST-00498,Stephanie,Harris,stephanie.harris@company49.com,42,Female,United Kingdom,North West,Manchester,2026-02-26,Paid Ads,active,2026-02-26 09:00:00
CUST-00499,Stephen,Walker,stephen.walker@company50.com,37,Male,United Kingdom,Scotland,Edinburgh,2025-08-10,Social Media,active,2025-08-10 09:00:00
CUST-00500,Kenneth,Miller,kenneth.miller@company51.com,21,Male,Canada,Quebec,Montreal,2025-04-13,Social Media,active,2025-04-13 09:00:00
CUST-00501,Brian,Garcia,brian.garcia@company52.com,36,Male,United States,Illinois,Chicago,2025-05-30,Paid Ads,churned,2025-05-30 09:00:00
CUST-00502,Melissa,Taylor,melissa.taylor@company53.com,32,Female,United States,New York,New York,2026-01-26,Paid Ads,churned,2026-01-26 09:00:00
CUST-00503,Gary,Gonzalez,gary.gonzalez@company54.com,27,Male,Germany,Bavaria,Munich,2025-06-06,Paid Ads,churned,2025-06-06 09:00:00
CUST-00504,Linda,Martinez,linda.martinez@company55.com,25,Female,United States,Colorado,Denver,2025-11-02,Direct,churned,2025-11-02 09:00:00
CUST-00505,Karen,Lee,karen.lee@company56.com,39,Female,United States,New York,New York,2025-06-01,Paid Ads,active,2025-06-01 09:00:00
CUST-00506,Kevin,Brown,kevin.brown@company57.com,37,Male,United States,Texas,Austin,2026-04-18,Referral,active,2026-04-18 09:00:00
CUST-00507,Nicholas,Garcia,nicholas.garcia@company58.com,31,Male,United States,Colorado,Denver,2025-12-08,Paid Ads,churned,2025-12-08 09:00:00
CUST-00508,Deborah,Smith,deborah.smith@company59.com,38,Female,United States,Massachusetts,Boston,2025-08-11,Direct,active,2025-08-11 09:00:00
CUST-00509,Angela,Gonzalez,angela.gonzalez@company60.com,21,Female,United States,Washington,Seattle,2025-08-02,Organic Search,churned,2025-08-02 09:00:00
CUST-00510,Michelle,Rodriguez,michelle.rodriguez@company61.com,39,Female,United Kingdom,Scotland,Edinburgh,2026-03-04,Organic Search,active,2026-03-04 09:00:00
CUST-00511,Joshua,Jackson,joshua.jackson@company62.com,23,Male,United Kingdom,Scotland,Edinburgh,2025-11-10,Paid Ads,active,2025-11-10 09:00:00
CUST-00512,Brian,Young,brian.young@company63.com,23,Male,United States,Colorado,Denver,2025-10-31,Organic Search,active,2025-10-31 09:00:00
CUST-00513,Thomas,Wilson,thomas.wilson@company64.com,38,Male,United Kingdom,North West,Manchester,2024-08-20,Organic Search,active,2024-08-20 09:00:00
CUST-00514,Ronald,Taylor,ronald.taylor@company65.com,39,Male,United Kingdom,Greater London,London,2025-12-15,Referral,active,2025-12-15 09:00:00
CUST-00515,Michael,Davis,michael.davis@company66.com,24,Male,United States,Illinois,Chicago,2025-07-03,Paid Ads,churned,2025-07-03 09:00:00
CUST-00516,Donald,Smith,donald.smith@company67.com,30,Male,United Kingdom,Scotland,Edinburgh,2024-12-20,Referral,active,2024-12-20 09:00:00
CUST-00517,Jason,Miller,jason.miller@company68.com,39,Male,United Kingdom,Scotland,Edinburgh,2025-08-14,Organic Search,churned,2025-08-14 09:00:00
CUST-00518,Nicholas,Gonzalez,nicholas.gonzalez@company69.com,51,Male,Canada,Quebec,Montreal,2024-08-17,Direct,active,2024-08-17 09:00:00
CUST-00519,Rebecca,Jackson,rebecca.jackson@company70.com,33,Female,United Kingdom,North West,Manchester,2025-11-16,Referral,active,2025-11-16 09:00:00
CUST-00520,Carol,Thomas,carol.thomas@company71.com,31,Female,United Kingdom,Greater London,London,2025-04-05,Social Media,churned,2025-04-05 09:00:00
CUST-00521,Karen,Garcia,karen.garcia@company72.com,45,Female,United States,New York,New York,2025-04-12,Social Media,active,2025-04-12 09:00:00
CUST-00522,Jacob,Jackson,jacob.jackson@company73.com,25,Male,United States,Texas,Austin,2025-09-11,Social Media,active,2025-09-11 09:00:00
CUST-00523,Melissa,Lee,melissa.lee@company74.com,35,Female,United States,California,San Francisco,2026-04-19,Organic Search,active,2026-04-19 09:00:00
CUST-00524,Daniel,Perez,daniel.perez@company75.com,40,Male,United States,Illinois,Chicago,2026-03-31,Social Media,active,2026-03-31 09:00:00
CUST-00525,Edward,Perez,edward.perez@company76.com,32,Male,United States,Georgia,Atlanta,2025-07-12,Organic Search,active,2025-07-12 09:00:00
CUST-00526,Kathleen,Clark,kathleen.clark@company77.com,40,Female,Germany,Berlin,Berlin,2025-04-22,Organic Search,churned,2025-04-22 09:00:00
CUST-00527,Daniel,Miller,daniel.miller@company78.com,26,Male,United Kingdom,West Midlands,Birmingham,2025-10-02,Organic Search,churned,2025-10-02 09:00:00
CUST-00528,Amanda,Flores,amanda.flores@company79.com,33,Female,Canada,Quebec,Montreal,2025-10-21,Direct,active,2025-10-21 09:00:00
CUST-00529,Gary,Young,gary.young@company80.com,35,Male,United States,California,San Francisco,2025-10-29,Organic Search,active,2025-10-29 09:00:00
CUST-00530,Mary,King,mary.king@company81.com,44,Female,United Kingdom,North West,Manchester,2024-11-10,Direct,active,2024-11-10 09:00:00
CUST-00531,Angela,King,angela.king@company82.com,64,Female,United Kingdom,West Midlands,Birmingham,2026-01-25,Referral,active,2026-01-25 09:00:00
CUST-00532,Gary,Thompson,gary.thompson@company83.com,63,Male,United Kingdom,North West,Manchester,2025-09-18,Social Media,churned,2025-09-18 09:00:00
CUST-00533,James,Hernandez,james.hernandez@company84.com,41,Male,United States,Georgia,Atlanta,2025-10-12,Social Media,active,2025-10-12 09:00:00
CUST-00534,Nicholas,Lee,nicholas.lee@company85.com,28,Male,France,Île-de-France,Paris,2024-09-21,Paid Ads,active,2024-09-21 09:00:00
CUST-00535,Stephanie,Thomas,stephanie.thomas@company86.com,21,Female,United States,Georgia,Atlanta,2025-12-14,Organic Search,active,2025-12-14 09:00:00
CUST-00536,Laura,Lee,laura.lee@company87.com,41,Female,United States,California,San Francisco,2025-05-11,Organic Search,active,2025-05-11 09:00:00
CUST-00537,Jennifer,Scott,jennifer.scott@company88.com,29,Female,Germany,Hesse,Frankfurt,2026-04-23,Direct,active,2026-04-23 09:00:00
CUST-00538,Shirley,Scott,shirley.scott@company89.com,26,Female,United Kingdom,Scotland,Edinburgh,2026-04-17,Paid Ads,active,2026-04-17 09:00:00
CUST-00539,Mark,Robinson,mark.robinson@company90.com,26,Male,Canada,Quebec,Montreal,2024-05-10,Paid Ads,churned,2024-05-10 09:00:00
CUST-00540,Laura,Davis,laura.davis@company91.com,26,Female,United Kingdom,Greater London,London,2026-01-20,Paid Ads,active,2026-01-20 09:00:00
CUST-00541,Anna,King,anna.king@company92.com,32,Female,United States,Texas,Austin,2025-12-01,Paid Ads,churned,2025-12-01 09:00:00
CUST-00542,Susan,Taylor,susan.taylor@company93.com,54,Female,United States,Colorado,Denver,2024-05-26,Organic Search,churned,2024-05-26 09:00:00
CUST-00543,Brian,Miller,brian.miller@company94.com,43,Male,United States,New York,New York,2025-08-29,Partner,churned,2025-08-29 09:00:00
CUST-00544,Cynthia,Nguyen,cynthia.nguyen@company95.com,37,Female,United States,Georgia,Atlanta,2025-07-14,Organic Search,active,2025-07-14 09:00:00
CUST-00545,Larry,Ramirez,larry.ramirez@company96.com,38,Male,United States,Texas,Austin,2024-11-30,Referral,churned,2024-11-30 09:00:00
CUST-00546,Thomas,Miller,thomas.miller@company97.com,29,Male,United Kingdom,Scotland,Edinburgh,2025-12-09,Paid Ads,active,2025-12-09 09:00:00
CUST-00547,Rebecca,Hill,rebecca.hill@company98.com,43,Female,Canada,British Columbia,Vancouver,2024-09-01,Paid Ads,active,2024-09-01 09:00:00
CUST-00548,Donna,Lewis,donna.lewis@company99.com,40,Female,United States,Illinois,Chicago,2024-11-05,Social Media,churned,2024-11-05 09:00:00
CUST-00549,Anna,Wilson,anna.wilson@company100.com,43,Female,United Kingdom,Scotland,Edinburgh,2026-01-29,Referral,active,2026-01-29 09:00:00
CUST-00550,Matthew,Allen,matthew.allen@company101.com,23,Male,United Kingdom,Greater London,London,2025-05-06,Partner,active,2025-05-06 09:00:00
CUST-00551,Pamela,Torres,pamela.torres@company102.com,38,Female,Canada,Quebec,Montreal,2025-07-21,Partner,churned,2025-07-21 09:00:00
CUST-00552,Sharon,Smith,sharon.smith@company103.com,26,Female,United States,Texas,Austin,2026-01-23,Organic Search,active,2026-01-23 09:00:00
CUST-00553,Anthony,Moore,anthony.moore@company104.com,43,Male,United States,Illinois,Chicago,2025-09-07,Referral,active,2025-09-07 09:00:00
CUST-00554,Michael,Jackson,michael.jackson@company105.com,26,Male,United Kingdom,Scotland,Edinburgh,2025-09-17,Social Media,churned,2025-09-17 09:00:00
CUST-00555,Benjamin,Scott,benjamin.scott@company106.com,48,Male,Canada,Quebec,Montreal,2026-01-13,Paid Ads,active,2026-01-13 09:00:00
CUST-00556,Linda,Harris,linda.harris@company107.com,33,Female,France,Auvergne-Rhône-Alpes,Lyon,2026-04-04,Direct,active,2026-04-04 09:00:00
CUST-00557,James,Taylor,james.taylor@company108.com,26,Male,Germany,Bavaria,Munich,2025-10-21,Social Media,active,2025-10-21 09:00:00
CUST-00558,Pamela,Wright,pamela.wright@company109.com,53,Female,United States,Washington,Seattle,2025-04-13,Organic Search,active,2025-04-13 09:00:00
CUST-00559,William,Lopez,william.lopez@company110.com,30,Male,Canada,Ontario,Toronto,2026-05-21,Paid Ads,active,2026-05-21 09:00:00
CUST-00560,Emily,Scott,emily.scott@company111.com,22,Female,United States,Illinois,Chicago,2025-01-20,Organic Search,active,2025-01-20 09:00:00
CUST-00561,Karen,Williams,karen.williams@company112.com,24,Female,United States,California,San Francisco,2025-01-24,Partner,active,2025-01-24 09:00:00
CUST-00562,Amy,Torres,amy.torres@company113.com,39,Female,United States,Massachusetts,Boston,2025-10-15,Paid Ads,churned,2025-10-15 09:00:00
CUST-00563,Jonathan,Jones,jonathan.jones@company114.com,57,Male,United States,Colorado,Denver,2025-05-13,Organic Search,active,2025-05-13 09:00:00
CUST-00564,Donald,Perez,donald.perez@company115.com,31,Male,United States,Georgia,Atlanta,2025-07-10,Direct,active,2025-07-10 09:00:00
CUST-00565,Joseph,Thompson,joseph.thompson@company116.com,32,Male,Australia,Queensland,Brisbane,2025-10-20,Social Media,active,2025-10-20 09:00:00
CUST-00566,Robert,Lee,robert.lee@company117.com,30,Male,Germany,Berlin,Berlin,2025-08-24,Paid Ads,churned,2025-08-24 09:00:00
CUST-00567,Patricia,King,patricia.king@company118.com,40,Female,United States,Georgia,Atlanta,2025-10-07,Paid Ads,churned,2025-10-07 09:00:00
CUST-00568,Betty,Lee,betty.lee@company119.com,22,Female,Australia,New South Wales,Sydney,2026-02-27,Direct,churned,2026-02-27 09:00:00
CUST-00569,William,Wilson,william.wilson@company120.com,58,Male,Canada,Quebec,Montreal,2025-10-10,Paid Ads,active,2025-10-10 09:00:00
CUST-00570,Donald,Wright,donald.wright@company121.com,46,Male,Australia,Queensland,Brisbane,2026-04-04,Partner,active,2026-04-04 09:00:00
CUST-00571,Charles,Johnson,charles.johnson@company122.com,25,Male,United States,New York,New York,2024-10-29,Organic Search,churned,2024-10-29 09:00:00
CUST-00572,Steven,Scott,steven.scott@company123.com,37,Male,Germany,Bavaria,Munich,2026-03-07,Paid Ads,active,2026-03-07 09:00:00
CUST-00573,Stephanie,Ramirez,stephanie.ramirez@company124.com,34,Female,United States,New York,New York,2024-08-05,Paid Ads,churned,2024-08-05 09:00:00
CUST-00574,Scott,Williams,scott.williams@company125.com,43,Male,United States,New York,New York,2025-10-23,Organic Search,churned,2025-10-23 09:00:00
CUST-00575,Nicole,Garcia,nicole.garcia@company126.com,29,Female,Australia,Victoria,Melbourne,2026-01-16,Paid Ads,active,2026-01-16 09:00:00
CUST-00576,Gary,Hernandez,gary.hernandez@company127.com,28,Male,United States,Colorado,Denver,2025-07-18,Partner,churned,2025-07-18 09:00:00
CUST-00577,Karen,Martin,karen.martin@company128.com,50,Female,Australia,Queensland,Brisbane,2025-12-01,Referral,active,2025-12-01 09:00:00
CUST-00578,Larry,Scott,larry.scott@company129.com,38,Male,United States,Colorado,Denver,2024-11-13,Paid Ads,active,2024-11-13 09:00:00
CUST-00579,Joshua,Wilson,joshua.wilson@company130.com,35,Male,Australia,Victoria,Melbourne,2025-10-28,Organic Search,active,2025-10-28 09:00:00
CUST-00580,Daniel,Lopez,daniel.lopez@company131.com,37,Male,Germany,Berlin,Berlin,2026-02-14,Organic Search,active,2026-02-14 09:00:00
CUST-00581,Larry,Robinson,larry.robinson@company132.com,54,Male,United States,New York,New York,2026-04-23,Organic Search,active,2026-04-23 09:00:00
CUST-00582,Scott,Young,scott.young@company133.com,51,Male,United States,Washington,Seattle,2025-07-19,Organic Search,churned,2025-07-19 09:00:00
CUST-00583,Anthony,Lee,anthony.lee@company134.com,21,Male,United States,Illinois,Chicago,2025-10-18,Referral,active,2025-10-18 09:00:00
CUST-00584,Justin,Torres,justin.torres@company135.com,30,Male,United States,Colorado,Denver,2026-01-15,Organic Search,active,2026-01-15 09:00:00
CUST-00585,Ashley,Anderson,ashley.anderson@company136.com,57,Female,United Kingdom,Scotland,Edinburgh,2026-04-23,Social Media,churned,2026-04-23 09:00:00
CUST-00586,Brian,Walker,brian.walker@company137.com,23,Male,United States,Illinois,Chicago,2025-05-31,Paid Ads,churned,2025-05-31 09:00:00
CUST-00587,Matthew,Hill,matthew.hill@company138.com,41,Male,United States,Texas,Austin,2024-09-10,Social Media,churned,2024-09-10 09:00:00
CUST-00588,Steven,Jones,steven.jones@company139.com,50,Male,Australia,Queensland,Brisbane,2025-11-29,Referral,active,2025-11-29 09:00:00
CUST-00589,Pamela,Wilson,pamela.wilson@company140.com,49,Female,United Kingdom,West Midlands,Birmingham,2024-04-10,Referral,churned,2024-04-10 09:00:00
CUST-00590,Edward,Sanchez,edward.sanchez@company141.com,21,Male,Canada,Quebec,Montreal,2025-01-28,Social Media,churned,2025-01-28 09:00:00
CUST-00591,Jacob,Allen,jacob.allen@company142.com,40,Male,United States,California,San Francisco,2025-05-23,Referral,active,2025-05-23 09:00:00
CUST-00592,Eric,Rodriguez,eric.rodriguez@company143.com,32,Male,United States,Texas,Austin,2025-08-29,Partner,active,2025-08-29 09:00:00
CUST-00593,Amanda,Williams,amanda.williams@company144.com,26,Female,United States,New York,New York,2025-10-01,Organic Search,active,2025-10-01 09:00:00
CUST-00594,Robert,Wilson,robert.wilson@company145.com,29,Male,Germany,Bavaria,Munich,2025-08-03,Paid Ads,churned,2025-08-03 09:00:00
CUST-00595,Jennifer,Williams,jennifer.williams@company146.com,40,Female,United States,Illinois,Chicago,2025-10-27,Social Media,churned,2025-10-27 09:00:00
CUST-00596,Pamela,Wright,pamela.wright@company147.com,21,Female,United States,Colorado,Denver,2026-03-06,Paid Ads,active,2026-03-06 09:00:00
CUST-00597,Jonathan,Taylor,jonathan.taylor@company148.com,24,Male,Australia,Queensland,Brisbane,2025-11-09,Paid Ads,active,2025-11-09 09:00:00
CUST-00598,Amy,Walker,amy.walker@company149.com,42,Female,United States,Texas,Austin,2025-10-26,Paid Ads,active,2025-10-26 09:00:00
CUST-00599,William,Allen,william.allen@company150.com,39,Male,United States,Texas,Austin,2025-12-21,Organic Search,active,2025-12-21 09:00:00
CUST-00600,Mark,Clark,mark.clark@company151.com,36,Male,Canada,British Columbia,Vancouver,2025-09-27,Referral,active,2025-09-27 09:00:00
CUST-00601,Margaret,Nguyen,margaret.nguyen@company152.com,21,Female,Germany,Berlin,Berlin,2024-11-17,Organic Search,active,2024-11-17 09:00:00
CUST-00602,Justin,Nguyen,justin.nguyen@company153.com,23,Male,United Kingdom,Greater London,London,2024-02-16,Social Media,active,2024-02-16 09:00:00
CUST-00603,Michael,Hernandez,michael.hernandez@company154.com,35,Male,United States,Colorado,Denver,2025-01-26,Referral,churned,2025-01-26 09:00:00
CUST-00604,Kenneth,Garcia,kenneth.garcia@company155.com,23,Male,United Kingdom,West Midlands,Birmingham,2025-06-28,Social Media,active,2025-06-28 09:00:00
CUST-00605,Mark,Clark,mark.clark@company156.com,59,Male,Germany,Berlin,Berlin,2024-12-18,Referral,churned,2024-12-18 09:00:00
CUST-00606,Nancy,Perez,nancy.perez@company157.com,41,Female,United Kingdom,Greater London,London,2024-09-27,Organic Search,active,2024-09-27 09:00:00
CUST-00607,Sarah,Miller,sarah.miller@company158.com,29,Female,United Kingdom,West Midlands,Birmingham,2026-05-04,Social Media,active,2026-05-04 09:00:00
CUST-00608,Matthew,Walker,matthew.walker@company159.com,36,Male,United Kingdom,Greater London,London,2025-03-26,Organic Search,active,2025-03-26 09:00:00
CUST-00609,Brandon,Wright,brandon.wright@company160.com,36,Male,Australia,Queensland,Brisbane,2024-11-14,Referral,churned,2024-11-14 09:00:00
CUST-00610,Melissa,Williams,melissa.williams@company161.com,49,Female,United States,Georgia,Atlanta,2026-02-19,Partner,active,2026-02-19 09:00:00
CUST-00611,Amanda,Nguyen,amanda.nguyen@company162.com,47,Female,Australia,Queensland,Brisbane,2024-11-07,Referral,active,2024-11-07 09:00:00
CUST-00612,Sarah,Taylor,sarah.taylor@company163.com,33,Female,United States,New York,New York,2026-04-27,Organic Search,active,2026-04-27 09:00:00
CUST-00613,Kimberly,Gonzalez,kimberly.gonzalez@company164.com,35,Female,Canada,Ontario,Toronto,2025-03-24,Referral,churned,2025-03-24 09:00:00
CUST-00614,Jonathan,Smith,jonathan.smith@company165.com,32,Male,United States,Massachusetts,Boston,2026-02-13,Paid Ads,active,2026-02-13 09:00:00
CUST-00615,Charles,Ramirez,charles.ramirez@company166.com,49,Male,United States,Colorado,Denver,2025-07-05,Referral,active,2025-07-05 09:00:00
CUST-00616,Stephanie,Wilson,stephanie.wilson@company167.com,27,Female,Germany,Bavaria,Munich,2026-06-28,Organic Search,active,2026-06-28 09:00:00
CUST-00617,Kimberly,Martin,kimberly.martin@company168.com,21,Female,Canada,British Columbia,Vancouver,2024-11-16,Partner,active,2024-11-16 09:00:00
CUST-00618,Mark,Lewis,mark.lewis@company169.com,43,Male,Australia,New South Wales,Sydney,2025-06-20,Organic Search,active,2025-06-20 09:00:00
CUST-00619,Carol,Scott,carol.scott@company170.com,75,Female,Canada,Ontario,Toronto,2025-12-21,Organic Search,active,2025-12-21 09:00:00
CUST-00620,David,Martinez,david.martinez@company171.com,21,Male,United Kingdom,Greater London,London,2025-11-18,Organic Search,active,2025-11-18 09:00:00
CUST-00621,Edward,Garcia,edward.garcia@company172.com,48,Male,Canada,British Columbia,Vancouver,2025-08-24,Referral,active,2025-08-24 09:00:00
CUST-00622,Nicole,Brown,nicole.brown@company173.com,57,Female,Germany,Hesse,Frankfurt,2025-11-09,Paid Ads,churned,2025-11-09 09:00:00
CUST-00623,Anthony,King,anthony.king@company174.com,35,Male,United States,Washington,Seattle,2025-11-17,Referral,churned,2025-11-17 09:00:00
CUST-00624,Edward,Thomas,edward.thomas@company175.com,58,Male,France,Île-de-France,Paris,2025-11-01,Direct,active,2025-11-01 09:00:00
CUST-00625,Amanda,Sanchez,amanda.sanchez@company176.com,30,Female,United States,California,San Francisco,2025-10-06,Partner,active,2025-10-06 09:00:00
CUST-00626,David,Scott,david.scott@company177.com,23,Male,Germany,Hesse,Frankfurt,2026-05-05,Paid Ads,churned,2026-05-05 09:00:00
CUST-00627,Sandra,Hill,sandra.hill@company178.com,53,Female,United States,Colorado,Denver,2025-07-17,Referral,active,2025-07-17 09:00:00
CUST-00628,Lisa,Clark,lisa.clark@company179.com,24,Female,United Kingdom,Scotland,Edinburgh,2026-03-10,Paid Ads,churned,2026-03-10 09:00:00
CUST-00629,Eric,Taylor,eric.taylor@company180.com,42,Male,Germany,Hesse,Frankfurt,2026-02-25,Organic Search,active,2026-02-25 09:00:00
CUST-00630,Deborah,Torres,deborah.torres@company181.com,24,Female,United States,Massachusetts,Boston,2025-09-30,Direct,active,2025-09-30 09:00:00
CUST-00631,Cynthia,Nguyen,cynthia.nguyen@company182.com,24,Female,United States,Illinois,Chicago,2026-04-24,Organic Search,active,2026-04-24 09:00:00
CUST-00632,Mark,Lee,mark.lee@company183.com,36,Male,United States,California,San Francisco,2026-03-17,Partner,active,2026-03-17 09:00:00
CUST-00633,Ashley,Jackson,ashley.jackson@company184.com,41,Female,United Kingdom,Scotland,Edinburgh,2025-03-30,Organic Search,churned,2025-03-30 09:00:00
CUST-00634,Gary,Lee,gary.lee@company185.com,27,Male,Australia,Victoria,Melbourne,2024-11-09,Organic Search,active,2024-11-09 09:00:00
CUST-00635,Nicholas,Gonzalez,nicholas.gonzalez@company186.com,29,Male,United States,Illinois,Chicago,2024-12-21,Organic Search,active,2024-12-21 09:00:00
CUST-00636,Paul,Flores,paul.flores@company187.com,35,Male,Canada,Ontario,Toronto,2024-06-21,Direct,churned,2024-06-21 09:00:00
CUST-00637,Emma,Smith,emma.smith@company188.com,46,Female,United Kingdom,Greater London,London,2025-05-26,Social Media,active,2025-05-26 09:00:00
CUST-00638,Emma,Lee,emma.lee@company189.com,42,Female,France,Auvergne-Rhône-Alpes,Lyon,2026-06-28,Paid Ads,active,2026-06-28 09:00:00
CUST-00639,Stephanie,Anderson,stephanie.anderson@company190.com,38,Female,United States,Colorado,Denver,2025-08-07,Paid Ads,active,2025-08-07 09:00:00
CUST-00640,Eric,Thompson,eric.thompson@company191.com,24,Male,Canada,Ontario,Toronto,2024-11-30,Paid Ads,churned,2024-11-30 09:00:00
CUST-00641,Jonathan,Robinson,jonathan.robinson@company192.com,34,Male,United States,Washington,Seattle,2024-12-01,Paid Ads,churned,2024-12-01 09:00:00
CUST-00642,Kevin,White,kevin.white@company193.com,32,Male,United States,Illinois,Chicago,2026-07-09,Organic Search,active,2026-07-09 09:00:00
CUST-00643,Emma,Perez,emma.perez@company194.com,25,Female,United States,Washington,Seattle,2025-11-20,Paid Ads,churned,2025-11-20 09:00:00
CUST-00644,Melissa,Sanchez,melissa.sanchez@company195.com,22,Female,United States,Texas,Austin,2025-05-26,Direct,active,2025-05-26 09:00:00
CUST-00645,Richard,Moore,richard.moore@company196.com,42,Male,United Kingdom,West Midlands,Birmingham,2024-08-27,Organic Search,active,2024-08-27 09:00:00
CUST-00646,Gary,Smith,gary.smith@company197.com,24,Male,United States,Massachusetts,Boston,2026-04-16,Partner,active,2026-04-16 09:00:00
CUST-00647,Kimberly,Scott,kimberly.scott@company198.com,24,Female,United States,New York,New York,2026-03-15,Referral,active,2026-03-15 09:00:00
CUST-00648,Donald,Taylor,donald.taylor@company199.com,26,Male,United Kingdom,West Midlands,Birmingham,2024-05-29,Partner,churned,2024-05-29 09:00:00
CUST-00649,Melissa,White,melissa.white@company200.com,33,Female,Australia,Victoria,Melbourne,2025-12-12,Paid Ads,churned,2025-12-12 09:00:00
CUST-00650,Jessica,Thompson,jessica.thompson@company201.com,47,Female,France,Île-de-France,Paris,2025-11-19,Referral,active,2025-11-19 09:00:00
CUST-00651,Kenneth,Thompson,kenneth.thompson@company202.com,32,Male,United Kingdom,West Midlands,Birmingham,2026-03-18,Social Media,churned,2026-03-18 09:00:00
CUST-00652,Emma,Jackson,emma.jackson@company203.com,29,Female,France,Île-de-France,Paris,2024-10-27,Referral,churned,2024-10-27 09:00:00
CUST-00653,Rebecca,Flores,rebecca.flores@company204.com,28,Female,Germany,Berlin,Berlin,2024-05-19,Organic Search,active,2024-05-19 09:00:00
CUST-00654,Sandra,Lee,sandra.lee@company205.com,24,Female,United States,Illinois,Chicago,2025-01-20,Referral,churned,2025-01-20 09:00:00
CUST-00655,Emily,Lewis,emily.lewis@company206.com,47,Female,Australia,Queensland,Brisbane,2025-09-21,Referral,active,2025-09-21 09:00:00
CUST-00656,Rebecca,Hernandez,rebecca.hernandez@company207.com,23,Female,United States,Washington,Seattle,2026-05-08,Referral,active,2026-05-08 09:00:00
CUST-00657,Donald,Hernandez,donald.hernandez@company208.com,32,Male,United States,Georgia,Atlanta,2025-12-08,Paid Ads,active,2025-12-08 09:00:00
CUST-00658,Timothy,King,timothy.king@company209.com,56,Male,United States,Illinois,Chicago,2026-01-08,Referral,active,2026-01-08 09:00:00
CUST-00659,Ronald,Martin,ronald.martin@company210.com,40,Male,Canada,British Columbia,Vancouver,2026-04-17,Referral,active,2026-04-17 09:00:00
CUST-00660,Jonathan,Hernandez,jonathan.hernandez@company211.com,31,Male,United Kingdom,Scotland,Edinburgh,2026-05-30,Social Media,churned,2026-05-30 09:00:00
CUST-00661,Helen,Moore,helen.moore@company212.com,30,Female,United States,Texas,Austin,2025-10-10,Referral,active,2025-10-10 09:00:00
CUST-00662,Brenda,Ramirez,brenda.ramirez@company213.com,21,Female,United Kingdom,Scotland,Edinburgh,2025-05-31,Social Media,active,2025-05-31 09:00:00
CUST-00663,Helen,Anderson,helen.anderson@company214.com,54,Female,United States,Massachusetts,Boston,2025-04-04,Paid Ads,active,2025-04-04 09:00:00
CUST-00664,Joshua,Smith,joshua.smith@company215.com,28,Male,Germany,Berlin,Berlin,2025-09-25,Paid Ads,churned,2025-09-25 09:00:00
CUST-00665,Helen,Smith,helen.smith@company216.com,35,Female,United States,Georgia,Atlanta,2026-07-22,Organic Search,active,2026-07-22 09:00:00
CUST-00666,Donna,Hill,donna.hill@company217.com,38,Female,United States,Massachusetts,Boston,2026-03-22,Organic Search,active,2026-03-22 09:00:00
CUST-00667,Stephanie,Thomas,stephanie.thomas@company218.com,29,Female,Canada,British Columbia,Vancouver,2026-01-19,Social Media,active,2026-01-19 09:00:00
CUST-00668,Steven,Garcia,steven.garcia@company219.com,33,Male,United States,Illinois,Chicago,2026-01-09,Organic Search,active,2026-01-09 09:00:00
CUST-00669,Rebecca,Gonzalez,rebecca.gonzalez@company220.com,30,Female,United States,Illinois,Chicago,2026-02-21,Organic Search,active,2026-02-21 09:00:00
CUST-00670,Emma,Lewis,emma.lewis@company221.com,31,Female,United Kingdom,North West,Manchester,2025-08-30,Paid Ads,active,2025-08-30 09:00:00
CUST-00671,Michael,Wright,michael.wright@company222.com,31,Male,France,Auvergne-Rhône-Alpes,Lyon,2026-04-15,Organic Search,active,2026-04-15 09:00:00
CUST-00672,Mary,Anderson,mary.anderson@company223.com,36,Female,United States,Washington,Seattle,2026-07-20,Paid Ads,active,2026-07-20 09:00:00
CUST-00673,Amy,White,amy.white@company224.com,33,Female,Germany,Bavaria,Munich,2025-07-15,Organic Search,active,2025-07-15 09:00:00
CUST-00674,Michael,Moore,michael.moore@company225.com,41,Male,United States,Georgia,Atlanta,2026-02-12,Organic Search,active,2026-02-12 09:00:00
CUST-00675,Deborah,Smith,deborah.smith@company226.com,21,Female,Canada,Ontario,Toronto,2025-02-25,Paid Ads,churned,2025-02-25 09:00:00
CUST-00676,Ashley,Williams,ashley.williams@company227.com,21,Female,Canada,Ontario,Toronto,2025-12-14,Paid Ads,churned,2025-12-14 09:00:00
CUST-00677,Gary,Harris,gary.harris@company228.com,42,Male,United States,Massachusetts,Boston,2024-08-13,Organic Search,active,2024-08-13 09:00:00
CUST-00678,Larry,King,larry.king@company229.com,25,Male,United States,Illinois,Chicago,2025-11-14,Organic Search,active,2025-11-14 09:00:00
CUST-00679,Donald,Davis,donald.davis@company230.com,23,Male,United States,California,San Francisco,2026-01-28,Organic Search,active,2026-01-28 09:00:00
CUST-00680,Pamela,Davis,pamela.davis@company231.com,34,Female,United States,California,San Francisco,2025-03-27,Referral,active,2025-03-27 09:00:00
CUST-00681,Nicole,Martinez,nicole.martinez@company232.com,36,Female,United States,Texas,Austin,2025-08-19,Paid Ads,churned,2025-08-19 09:00:00
CUST-00682,Linda,Brown,linda.brown@company233.com,26,Female,United States,New York,New York,2024-08-30,Organic Search,churned,2024-08-30 09:00:00
CUST-00683,Kevin,Scott,kevin.scott@company234.com,53,Male,Canada,British Columbia,Vancouver,2026-04-04,Partner,active,2026-04-04 09:00:00
CUST-00684,Ronald,Thompson,ronald.thompson@company235.com,31,Male,United States,California,San Francisco,2026-04-05,Paid Ads,active,2026-04-05 09:00:00
CUST-00685,Anna,Jackson,anna.jackson@company236.com,28,Female,United States,Texas,Austin,2025-05-21,Paid Ads,active,2025-05-21 09:00:00
CUST-00686,Cynthia,Moore,cynthia.moore@company237.com,50,Female,United Kingdom,North West,Manchester,2025-08-31,Organic Search,active,2025-08-31 09:00:00
CUST-00687,Ryan,Jackson,ryan.jackson@company238.com,53,Male,United Kingdom,West Midlands,Birmingham,2025-05-28,Organic Search,active,2025-05-28 09:00:00
CUST-00688,Lisa,Johnson,lisa.johnson@company239.com,59,Female,United States,Washington,Seattle,2025-02-21,Paid Ads,active,2025-02-21 09:00:00
CUST-00689,Stephen,Harris,stephen.harris@company240.com,26,Male,Canada,Quebec,Montreal,2025-08-21,Organic Search,churned,2025-08-21 09:00:00
CUST-00690,Dorothy,Clark,dorothy.clark@company241.com,35,Female,United States,New York,New York,2026-03-31,Organic Search,churned,2026-03-31 09:00:00
CUST-00691,Matthew,Williams,matthew.williams@company242.com,25,Male,United States,New York,New York,2026-02-19,Organic Search,active,2026-02-19 09:00:00
CUST-00692,Amy,King,amy.king@company243.com,50,Female,United Kingdom,Greater London,London,2024-06-06,Paid Ads,churned,2024-06-06 09:00:00
CUST-00693,James,Wilson,james.wilson@company244.com,54,Male,Australia,New South Wales,Sydney,2024-06-07,Paid Ads,active,2024-06-07 09:00:00
CUST-00694,Edward,Scott,edward.scott@company245.com,61,Male,Australia,Victoria,Melbourne,2024-05-31,Partner,churned,2024-05-31 09:00:00
CUST-00695,Benjamin,Moore,benjamin.moore@company246.com,33,Male,Canada,British Columbia,Vancouver,2024-07-19,Organic Search,churned,2024-07-19 09:00:00
CUST-00696,Jonathan,Miller,jonathan.miller@company247.com,32,Male,United States,Colorado,Denver,2025-05-28,Organic Search,active,2025-05-28 09:00:00
CUST-00697,Justin,Lopez,justin.lopez@company248.com,25,Male,United Kingdom,Greater London,London,2024-10-07,Partner,churned,2024-10-07 09:00:00
CUST-00698,Cynthia,Ramirez,cynthia.ramirez@company249.com,59,Female,United States,Texas,Austin,2024-09-11,Paid Ads,churned,2024-09-11 09:00:00
CUST-00699,Nancy,Wright,nancy.wright@company250.com,38,Female,United States,Massachusetts,Boston,2025-12-18,Social Media,churned,2025-12-18 09:00:00
CUST-00700,Melissa,Clark,melissa.clark@company251.com,48,Female,United States,Massachusetts,Boston,2025-08-24,Referral,active,2025-08-24 09:00:00
CUST-00701,Ronald,Scott,ronald.scott@company252.com,38,Male,United States,Georgia,Atlanta,2026-01-27,Paid Ads,churned,2026-01-27 09:00:00
CUST-00702,Mary,Williams,mary.williams@company253.com,43,Female,United Kingdom,North West,Manchester,2025-06-02,Direct,active,2025-06-02 09:00:00
CUST-00703,Mary,Martin,mary.martin@company254.com,28,Female,United States,Massachusetts,Boston,2026-06-10,Organic Search,active,2026-06-10 09:00:00
CUST-00704,Anna,Allen,anna.allen@company255.com,27,Female,Australia,New South Wales,Sydney,2025-07-27,Organic Search,active,2025-07-27 09:00:00
CUST-00705,Amanda,Martinez,amanda.martinez@company256.com,39,Female,United States,Washington,Seattle,2024-11-29,Organic Search,active,2024-11-29 09:00:00
CUST-00706,Barbara,Torres,barbara.torres@company257.com,38,Female,Australia,Queensland,Brisbane,2025-11-23,Organic Search,active,2025-11-23 09:00:00
CUST-00707,Kathleen,Lopez,kathleen.lopez@company258.com,25,Female,Australia,Queensland,Brisbane,2025-11-25,Referral,active,2025-11-25 09:00:00
CUST-00708,Brandon,Martin,brandon.martin@company259.com,30,Male,Germany,Bavaria,Munich,2026-05-31,Organic Search,active,2026-05-31 09:00:00
CUST-00709,Brian,Thompson,brian.thompson@company260.com,49,Male,United States,New York,New York,2026-05-28,Social Media,active,2026-05-28 09:00:00
CUST-00710,Brandon,Smith,brandon.smith@company261.com,43,Male,United Kingdom,Greater London,London,2025-08-10,Paid Ads,churned,2025-08-10 09:00:00
CUST-00711,Kevin,Wright,kevin.wright@company262.com,25,Male,United States,Washington,Seattle,2025-03-23,Organic Search,active,2025-03-23 09:00:00
CUST-00712,Laura,Hill,laura.hill@company263.com,38,Female,United States,Colorado,Denver,2025-11-18,Organic Search,churned,2025-11-18 09:00:00
CUST-00713,Karen,Rodriguez,karen.rodriguez@company264.com,33,Female,United States,California,San Francisco,2026-03-14,Paid Ads,active,2026-03-14 09:00:00
CUST-00714,Barbara,Sanchez,barbara.sanchez@company265.com,36,Female,Canada,Ontario,Toronto,2025-01-09,Partner,churned,2025-01-09 09:00:00
CUST-00715,Anna,Gonzalez,anna.gonzalez@company266.com,34,Female,United Kingdom,North West,Manchester,2024-07-22,Referral,active,2024-07-22 09:00:00
CUST-00716,Paul,Jones,paul.jones@company267.com,21,Male,United States,New York,New York,2026-05-05,Organic Search,churned,2026-05-05 09:00:00
CUST-00717,Sharon,White,sharon.white@company268.com,38,Female,United States,California,San Francisco,2026-04-16,Partner,active,2026-04-16 09:00:00
CUST-00718,George,Flores,george.flores@company269.com,47,Male,Germany,Hesse,Frankfurt,2025-08-04,Organic Search,churned,2025-08-04 09:00:00
CUST-00719,Mark,Gonzalez,mark.gonzalez@company270.com,44,Male,United States,New York,New York,2025-01-13,Organic Search,active,2025-01-13 09:00:00
CUST-00720,Paul,Flores,paul.flores@company271.com,29,Male,Germany,Bavaria,Munich,2026-05-24,Organic Search,active,2026-05-24 09:00:00
CUST-00721,Joshua,Lewis,joshua.lewis@company272.com,22,Male,United States,Washington,Seattle,2026-05-26,Organic Search,active,2026-05-26 09:00:00
CUST-00722,Anna,Walker,anna.walker@company273.com,47,Female,France,Île-de-France,Paris,2025-11-24,Paid Ads,active,2025-11-24 09:00:00
CUST-00723,Steven,Hernandez,steven.hernandez@company274.com,23,Male,United States,Illinois,Chicago,2024-04-14,Organic Search,churned,2024-04-14 09:00:00
CUST-00724,William,Harris,william.harris@company275.com,37,Male,United Kingdom,Scotland,Edinburgh,2024-08-11,Social Media,churned,2024-08-11 09:00:00
CUST-00725,Kenneth,Harris,kenneth.harris@company276.com,38,Male,United States,New York,New York,2024-05-19,Social Media,churned,2024-05-19 09:00:00
CUST-00726,Nicole,Wright,nicole.wright@company277.com,31,Female,United States,Georgia,Atlanta,2026-04-14,Referral,active,2026-04-14 09:00:00
CUST-00727,Robert,Thomas,robert.thomas@company278.com,39,Male,United States,Georgia,Atlanta,2026-03-18,Paid Ads,active,2026-03-18 09:00:00
CUST-00728,John,Thompson,john.thompson@company279.com,55,Male,United States,Illinois,Chicago,2024-10-26,Organic Search,churned,2024-10-26 09:00:00
CUST-00729,Linda,Taylor,linda.taylor@company280.com,42,Female,Australia,New South Wales,Sydney,2024-11-22,Direct,active,2024-11-22 09:00:00
CUST-00730,Sandra,Martinez,sandra.martinez@company281.com,34,Female,United States,Texas,Austin,2025-01-20,Organic Search,churned,2025-01-20 09:00:00
CUST-00731,Angela,Flores,angela.flores@company282.com,25,Female,Canada,British Columbia,Vancouver,2025-07-04,Organic Search,active,2025-07-04 09:00:00
CUST-00732,Jeffrey,Martin,jeffrey.martin@company283.com,41,Male,United States,Texas,Austin,2025-02-07,Organic Search,active,2025-02-07 09:00:00
CUST-00733,Scott,Wright,scott.wright@company284.com,39,Male,United States,Texas,Austin,2026-01-13,Paid Ads,active,2026-01-13 09:00:00
CUST-00734,Jeffrey,Martinez,jeffrey.martinez@company285.com,43,Male,United Kingdom,North West,Manchester,2024-09-21,Paid Ads,active,2024-09-21 09:00:00
CUST-00735,Matthew,Lee,matthew.lee@company286.com,49,Male,United States,California,San Francisco,2026-03-29,Partner,active,2026-03-29 09:00:00
CUST-00736,Rebecca,Martin,rebecca.martin@company287.com,38,Female,Australia,Queensland,Brisbane,2025-08-18,Direct,active,2025-08-18 09:00:00
CUST-00737,Karen,Gonzalez,karen.gonzalez@company288.com,30,Female,United States,Illinois,Chicago,2024-09-28,Referral,churned,2024-09-28 09:00:00
CUST-00738,Brandon,Anderson,brandon.anderson@company289.com,39,Male,United States,New York,New York,2025-07-17,Referral,churned,2025-07-17 09:00:00
CUST-00739,Sarah,Allen,sarah.allen@company290.com,36,Female,United States,Massachusetts,Boston,2025-03-13,Organic Search,churned,2025-03-13 09:00:00
CUST-00740,Amy,Walker,amy.walker@company291.com,27,Female,United States,California,San Francisco,2024-09-20,Paid Ads,churned,2024-09-20 09:00:00
CUST-00741,Andrew,Clark,andrew.clark@company292.com,31,Male,United Kingdom,North West,Manchester,2025-01-09,Partner,active,2025-01-09 09:00:00
CUST-00742,Matthew,Lewis,matthew.lewis@company293.com,40,Male,United States,Massachusetts,Boston,2025-03-24,Social Media,churned,2025-03-24 09:00:00
CUST-00743,Jeffrey,Sanchez,jeffrey.sanchez@company294.com,47,Male,United Kingdom,West Midlands,Birmingham,2025-04-23,Partner,active,2025-04-23 09:00:00
CUST-00744,Emma,Torres,emma.torres@company295.com,35,Female,United Kingdom,Greater London,London,2025-09-08,Paid Ads,churned,2025-09-08 09:00:00
CUST-00745,Cynthia,Williams,cynthia.williams@company296.com,40,Female,United States,Colorado,Denver,2025-09-24,Direct,active,2025-09-24 09:00:00
CUST-00746,Larry,Harris,larry.harris@company297.com,26,Male,United Kingdom,Greater London,London,2025-02-22,Organic Search,active,2025-02-22 09:00:00
CUST-00747,Stephanie,Martin,stephanie.martin@company298.com,57,Female,United States,Texas,Austin,2024-05-13,Paid Ads,churned,2024-05-13 09:00:00
CUST-00748,Jonathan,Martinez,jonathan.martinez@company299.com,31,Male,United Kingdom,Greater London,London,2026-04-06,Partner,active,2026-04-06 09:00:00
CUST-00749,Matthew,Nguyen,matthew.nguyen@company300.com,33,Male,Canada,Ontario,Toronto,2025-05-29,Paid Ads,churned,2025-05-29 09:00:00
CUST-00750,Laura,Johnson,laura.johnson@company301.com,25,Female,United Kingdom,North West,Manchester,2024-12-26,Social Media,churned,2024-12-26 09:00:00
CUST-00751,Steven,Lee,steven.lee@company302.com,46,Male,Australia,New South Wales,Sydney,2025-02-21,Partner,active,2025-02-21 09:00:00
CUST-00752,David,Davis,david.davis@company303.com,54,Male,United Kingdom,Greater London,London,2026-07-14,Paid Ads,active,2026-07-14 09:00:00
CUST-00753,Shirley,Flores,shirley.flores@company304.com,39,Female,United States,Colorado,Denver,2026-07-20,Organic Search,active,2026-07-20 09:00:00
CUST-00754,Brian,Torres,brian.torres@company305.com,54,Male,Germany,Berlin,Berlin,2024-07-14,Social Media,active,2024-07-14 09:00:00
CUST-00755,Michael,Clark,michael.clark@company306.com,27,Male,Canada,British Columbia,Vancouver,2025-06-07,Organic Search,active,2025-06-07 09:00:00
CUST-00756,Joseph,Rodriguez,joseph.rodriguez@company307.com,36,Male,United States,Illinois,Chicago,2024-11-08,Organic Search,churned,2024-11-08 09:00:00
CUST-00757,Amy,Wright,amy.wright@company308.com,58,Female,United Kingdom,West Midlands,Birmingham,2026-04-09,Organic Search,active,2026-04-09 09:00:00
CUST-00758,Cynthia,Clark,cynthia.clark@company309.com,34,Female,United Kingdom,Greater London,London,2025-12-01,Organic Search,active,2025-12-01 09:00:00
CUST-00759,Emma,Scott,emma.scott@company310.com,57,Female,United States,Texas,Austin,2025-11-14,Organic Search,active,2025-11-14 09:00:00
CUST-00760,Jennifer,Martinez,jennifer.martinez@company311.com,31,Female,United Kingdom,Scotland,Edinburgh,2026-06-26,Paid Ads,active,2026-06-26 09:00:00
CUST-00761,Michael,Miller,michael.miller@company312.com,30,Male,United States,Illinois,Chicago,2025-11-24,Referral,churned,2025-11-24 09:00:00
CUST-00762,Jacob,Nguyen,jacob.nguyen@company313.com,25,Male,United States,Illinois,Chicago,2026-07-15,Paid Ads,active,2026-07-15 09:00:00
CUST-00763,Elizabeth,Ramirez,elizabeth.ramirez@company314.com,55,Female,United States,Georgia,Atlanta,2025-08-21,Organic Search,churned,2025-08-21 09:00:00
CUST-00764,Carol,King,carol.king@company315.com,36,Female,United States,Washington,Seattle,2025-11-26,Referral,active,2025-11-26 09:00:00
CUST-00765,Justin,King,justin.king@company316.com,56,Male,United States,Illinois,Chicago,2025-04-24,Paid Ads,churned,2025-04-24 09:00:00
CUST-00766,Kimberly,King,kimberly.king@company317.com,27,Female,United Kingdom,North West,Manchester,2024-06-28,Referral,churned,2024-06-28 09:00:00
CUST-00767,Angela,Young,angela.young@company318.com,38,Female,United States,Washington,Seattle,2025-03-24,Partner,active,2025-03-24 09:00:00
CUST-00768,James,Davis,james.davis@company319.com,22,Male,United Kingdom,Greater London,London,2025-02-08,Partner,active,2025-02-08 09:00:00
CUST-00769,Benjamin,Clark,benjamin.clark@company320.com,28,Male,United States,Washington,Seattle,2025-08-05,Organic Search,churned,2025-08-05 09:00:00
CUST-00770,Kenneth,Taylor,kenneth.taylor@company321.com,45,Male,United States,Massachusetts,Boston,2025-06-13,Partner,active,2025-06-13 09:00:00
CUST-00771,Brian,Perez,brian.perez@company322.com,37,Male,United Kingdom,Greater London,London,2026-01-25,Social Media,active,2026-01-25 09:00:00
CUST-00772,Brian,Perez,brian.perez@company323.com,43,Male,United States,Georgia,Atlanta,2024-12-09,Partner,churned,2024-12-09 09:00:00
CUST-00773,Gary,Martinez,gary.martinez@company324.com,46,Male,Australia,Queensland,Brisbane,2025-08-02,Social Media,active,2025-08-02 09:00:00
CUST-00774,Rebecca,Brown,rebecca.brown@company325.com,50,Female,United States,Massachusetts,Boston,2025-05-25,Referral,active,2025-05-25 09:00:00
CUST-00775,Donald,Torres,donald.torres@company326.com,51,Male,Germany,Bavaria,Munich,2025-05-31,Organic Search,churned,2025-05-31 09:00:00
CUST-00776,Andrew,Johnson,andrew.johnson@company327.com,34,Male,United States,Texas,Austin,2026-07-21,Referral,active,2026-07-21 09:00:00
CUST-00777,Lisa,Hill,lisa.hill@company328.com,31,Female,Germany,Bavaria,Munich,2025-10-03,Partner,active,2025-10-03 09:00:00
CUST-00778,Jennifer,Moore,jennifer.moore@company329.com,26,Female,United States,Washington,Seattle,2025-07-14,Paid Ads,active,2025-07-14 09:00:00
CUST-00779,Margaret,King,margaret.king@company330.com,35,Female,United States,California,San Francisco,2025-09-20,Partner,active,2025-09-20 09:00:00
CUST-00780,Ryan,Allen,ryan.allen@company331.com,29,Male,United States,Texas,Austin,2025-05-01,Organic Search,churned,2025-05-01 09:00:00
CUST-00781,Angela,Martin,angela.martin@company332.com,47,Female,United States,New York,New York,2025-03-10,Social Media,active,2025-03-10 09:00:00
CUST-00782,Donald,Williams,donald.williams@company333.com,24,Male,Canada,Quebec,Montreal,2025-12-28,Organic Search,churned,2025-12-28 09:00:00
CUST-00783,Jennifer,Hill,jennifer.hill@company334.com,63,Female,United States,California,San Francisco,2026-03-27,Organic Search,churned,2026-03-27 09:00:00
CUST-00784,Patricia,Torres,patricia.torres@company335.com,44,Female,United Kingdom,North West,Manchester,2025-06-10,Paid Ads,active,2025-06-10 09:00:00
CUST-00785,Kenneth,Moore,kenneth.moore@company336.com,34,Male,Canada,Quebec,Montreal,2026-02-17,Organic Search,active,2026-02-17 09:00:00
CUST-00786,Daniel,Moore,daniel.moore@company337.com,36,Male,France,Île-de-France,Paris,2026-01-23,Organic Search,active,2026-01-23 09:00:00
CUST-00787,Anna,Lee,anna.lee@company338.com,31,Female,Australia,Victoria,Melbourne,2024-10-09,Referral,active,2024-10-09 09:00:00
CUST-00788,William,Martin,william.martin@company339.com,48,Male,United States,Georgia,Atlanta,2025-03-17,Organic Search,active,2025-03-17 09:00:00
CUST-00789,Gary,Brown,gary.brown@company340.com,25,Male,United States,Colorado,Denver,2024-06-02,Paid Ads,churned,2024-06-02 09:00:00
CUST-00790,Emma,Thompson,emma.thompson@company341.com,27,Female,Germany,Hesse,Frankfurt,2025-03-16,Partner,active,2025-03-16 09:00:00
CUST-00791,Jacob,Torres,jacob.torres@company342.com,37,Male,Germany,Hesse,Frankfurt,2025-07-05,Paid Ads,active,2025-07-05 09:00:00
CUST-00792,Michelle,Robinson,michelle.robinson@company343.com,31,Female,Australia,New South Wales,Sydney,2026-03-14,Social Media,active,2026-03-14 09:00:00
CUST-00793,Melissa,Sanchez,melissa.sanchez@company344.com,25,Female,Australia,Victoria,Melbourne,2026-04-10,Partner,active,2026-04-10 09:00:00
CUST-00794,Cynthia,Young,cynthia.young@company345.com,31,Female,United States,Massachusetts,Boston,2026-04-29,Paid Ads,active,2026-04-29 09:00:00
CUST-00795,Kenneth,Thompson,kenneth.thompson@company346.com,35,Male,United States,New York,New York,2025-12-22,Paid Ads,active,2025-12-22 09:00:00
CUST-00796,Kevin,Scott,kevin.scott@company347.com,47,Male,Germany,Hesse,Frankfurt,2026-05-09,Paid Ads,active,2026-05-09 09:00:00
CUST-00797,Ashley,Flores,ashley.flores@company348.com,21,Female,United States,Georgia,Atlanta,2026-02-01,Paid Ads,active,2026-02-01 09:00:00
CUST-00798,Margaret,Nguyen,margaret.nguyen@company349.com,21,Female,France,Auvergne-Rhône-Alpes,Lyon,2026-06-30,Paid Ads,active,2026-06-30 09:00:00
CUST-00799,Matthew,Jones,matthew.jones@company350.com,47,Male,Canada,British Columbia,Vancouver,2025-09-01,Organic Search,active,2025-09-01 09:00:00
CUST-00800,Dorothy,Scott,dorothy.scott@company351.com,22,Female,United States,Illinois,Chicago,2025-12-04,Direct,churned,2025-12-04 09:00:00
CUST-00801,Brandon,Miller,brandon.miller@company352.com,50,Male,United Kingdom,West Midlands,Birmingham,2025-11-20,Paid Ads,churned,2025-11-20 09:00:00
CUST-00802,David,Wilson,david.wilson@company353.com,46,Male,Australia,Queensland,Brisbane,2024-07-23,Social Media,active,2024-07-23 09:00:00
CUST-00803,Charles,Lewis,charles.lewis@company354.com,22,Male,United States,Georgia,Atlanta,2025-11-20,Organic Search,active,2025-11-20 09:00:00
CUST-00804,Michelle,Torres,michelle.torres@company355.com,61,Female,United Kingdom,West Midlands,Birmingham,2025-03-31,Partner,active,2025-03-31 09:00:00
CUST-00805,Barbara,Nguyen,barbara.nguyen@company356.com,30,Female,France,Auvergne-Rhône-Alpes,Lyon,2026-06-12,Social Media,churned,2026-06-12 09:00:00
CUST-00806,Linda,White,linda.white@company357.com,48,Female,France,Île-de-France,Paris,2025-01-25,Partner,churned,2025-01-25 09:00:00
CUST-00807,Jessica,Jackson,jessica.jackson@company358.com,41,Female,United States,Colorado,Denver,2025-09-08,Referral,active,2025-09-08 09:00:00
CUST-00808,Stephanie,Harris,stephanie.harris@company359.com,32,Female,United States,Texas,Austin,2025-11-16,Paid Ads,active,2025-11-16 09:00:00
CUST-00809,Larry,Harris,larry.harris@company360.com,29,Male,United States,Colorado,Denver,2026-03-14,Organic Search,active,2026-03-14 09:00:00
CUST-00810,Thomas,Smith,thomas.smith@company361.com,24,Male,United States,Georgia,Atlanta,2026-02-07,Referral,active,2026-02-07 09:00:00
CUST-00811,David,Rodriguez,david.rodriguez@company362.com,47,Male,United States,Georgia,Atlanta,2026-02-22,Social Media,churned,2026-02-22 09:00:00
CUST-00812,Emma,Lopez,emma.lopez@company363.com,32,Female,United States,Georgia,Atlanta,2025-11-10,Paid Ads,active,2025-11-10 09:00:00
CUST-00813,Matthew,Ramirez,matthew.ramirez@company364.com,44,Male,United Kingdom,North West,Manchester,2026-03-06,Partner,active,2026-03-06 09:00:00
CUST-00814,Rebecca,Wright,rebecca.wright@company365.com,22,Female,United States,California,San Francisco,2024-12-24,Referral,active,2024-12-24 09:00:00
CUST-00815,Jessica,Nguyen,jessica.nguyen@company366.com,31,Female,Canada,Ontario,Toronto,2024-05-13,Partner,active,2024-05-13 09:00:00
CUST-00816,Cynthia,King,cynthia.king@company367.com,38,Female,Australia,New South Wales,Sydney,2025-03-20,Organic Search,churned,2025-03-20 09:00:00
CUST-00817,Stephen,Nguyen,stephen.nguyen@company368.com,28,Male,United States,Massachusetts,Boston,2025-04-30,Paid Ads,churned,2025-04-30 09:00:00
CUST-00818,Gary,Robinson,gary.robinson@company369.com,30,Male,United States,Massachusetts,Boston,2025-05-09,Paid Ads,active,2025-05-09 09:00:00
CUST-00819,Donna,Hernandez,donna.hernandez@company370.com,26,Female,Australia,Queensland,Brisbane,2026-03-09,Paid Ads,active,2026-03-09 09:00:00
CUST-00820,Linda,Walker,linda.walker@company371.com,29,Female,United Kingdom,Scotland,Edinburgh,2025-11-05,Social Media,active,2025-11-05 09:00:00
CUST-00821,Kenneth,Young,kenneth.young@company372.com,37,Male,United Kingdom,Scotland,Edinburgh,2024-10-17,Organic Search,churned,2024-10-17 09:00:00
CUST-00822,Emily,Taylor,emily.taylor@company373.com,24,Female,United States,Texas,Austin,2025-05-29,Social Media,churned,2025-05-29 09:00:00
CUST-00823,Ryan,White,ryan.white@company374.com,53,Male,United States,Washington,Seattle,2025-08-30,Paid Ads,churned,2025-08-30 09:00:00
CUST-00824,Brian,Garcia,brian.garcia@company375.com,57,Male,United Kingdom,North West,Manchester,2026-05-05,Social Media,churned,2026-05-05 09:00:00
CUST-00825,Deborah,Thomas,deborah.thomas@company376.com,56,Female,Canada,Ontario,Toronto,2025-11-23,Organic Search,active,2025-11-23 09:00:00
CUST-00826,Linda,Taylor,linda.taylor@company377.com,55,Female,United States,Texas,Austin,2024-09-06,Paid Ads,churned,2024-09-06 09:00:00
CUST-00827,Michelle,Walker,michelle.walker@company378.com,42,Female,Canada,Quebec,Montreal,2025-12-29,Organic Search,active,2025-12-29 09:00:00
CUST-00828,Kathleen,Taylor,kathleen.taylor@company379.com,30,Female,Australia,New South Wales,Sydney,2025-01-11,Organic Search,active,2025-01-11 09:00:00
CUST-00829,Deborah,Lee,deborah.lee@company380.com,34,Female,Canada,Ontario,Toronto,2025-11-13,Organic Search,churned,2025-11-13 09:00:00
CUST-00830,Sharon,Flores,sharon.flores@company381.com,50,Female,Germany,Bavaria,Munich,2024-10-05,Organic Search,active,2024-10-05 09:00:00
CUST-00831,Steven,Nguyen,steven.nguyen@company382.com,36,Male,Canada,Quebec,Montreal,2025-11-23,Organic Search,active,2025-11-23 09:00:00
CUST-00832,Jonathan,Perez,jonathan.perez@company383.com,32,Male,France,Auvergne-Rhône-Alpes,Lyon,2025-09-14,Paid Ads,active,2025-09-14 09:00:00
CUST-00833,William,Smith,william.smith@company384.com,30,Male,United Kingdom,West Midlands,Birmingham,2025-07-14,Paid Ads,active,2025-07-14 09:00:00
CUST-00834,Kimberly,Gonzalez,kimberly.gonzalez@company385.com,29,Female,United Kingdom,Greater London,London,2025-08-23,Direct,active,2025-08-23 09:00:00
CUST-00835,Brandon,Davis,brandon.davis@company386.com,42,Male,United States,Texas,Austin,2025-12-07,Paid Ads,churned,2025-12-07 09:00:00
CUST-00836,Joseph,Lopez,joseph.lopez@company387.com,34,Male,United States,New York,New York,2025-08-24,Referral,churned,2025-08-24 09:00:00
CUST-00837,Sharon,Lee,sharon.lee@company388.com,41,Female,Germany,Bavaria,Munich,2025-09-18,Partner,active,2025-09-18 09:00:00
CUST-00838,Deborah,Perez,deborah.perez@company389.com,56,Female,United States,Illinois,Chicago,2026-03-17,Organic Search,active,2026-03-17 09:00:00
CUST-00839,Nicholas,Gonzalez,nicholas.gonzalez@company390.com,54,Male,United States,Georgia,Atlanta,2025-11-09,Organic Search,active,2025-11-09 09:00:00
CUST-00840,Margaret,Flores,margaret.flores@company391.com,25,Female,Australia,Queensland,Brisbane,2026-02-06,Organic Search,active,2026-02-06 09:00:00
CUST-00841,William,Jones,william.jones@company392.com,29,Male,United States,Georgia,Atlanta,2025-02-18,Organic Search,churned,2025-02-18 09:00:00
CUST-00842,Karen,Smith,karen.smith@company393.com,36,Female,United Kingdom,Scotland,Edinburgh,2024-12-29,Organic Search,active,2024-12-29 09:00:00
CUST-00843,Stephanie,Torres,stephanie.torres@company394.com,36,Female,Canada,British Columbia,Vancouver,2026-07-09,Paid Ads,active,2026-07-09 09:00:00
CUST-00844,Elizabeth,Wright,elizabeth.wright@company395.com,36,Female,United States,Georgia,Atlanta,2025-12-24,Organic Search,active,2025-12-24 09:00:00
CUST-00845,Carol,Martin,carol.martin@company396.com,27,Female,United Kingdom,Greater London,London,2026-02-12,Paid Ads,active,2026-02-12 09:00:00
CUST-00846,Barbara,Robinson,barbara.robinson@company397.com,43,Female,United States,Washington,Seattle,2025-07-21,Organic Search,active,2025-07-21 09:00:00
CUST-00847,Ronald,Gonzalez,ronald.gonzalez@company398.com,25,Male,United States,New York,New York,2024-10-30,Referral,active,2024-10-30 09:00:00
CUST-00848,Amy,Garcia,amy.garcia@company399.com,51,Female,United States,Washington,Seattle,2025-02-11,Organic Search,active,2025-02-11 09:00:00
CUST-00849,John,Nguyen,john.nguyen@company400.com,42,Male,United States,Illinois,Chicago,2025-09-19,Paid Ads,churned,2025-09-19 09:00:00
CUST-00850,Patricia,Williams,patricia.williams@company401.com,28,Female,United States,California,San Francisco,2024-07-12,Paid Ads,churned,2024-07-12 09:00:00
CUST-00851,Jonathan,Robinson,jonathan.robinson@company402.com,56,Male,Australia,Queensland,Brisbane,2026-06-30,Organic Search,active,2026-06-30 09:00:00
CUST-00852,William,Williams,william.williams@company403.com,46,Male,United States,California,San Francisco,2025-06-07,Paid Ads,churned,2025-06-07 09:00:00
CUST-00853,Paul,Rodriguez,paul.rodriguez@company404.com,24,Male,United Kingdom,Scotland,Edinburgh,2024-07-25,Social Media,churned,2024-07-25 09:00:00
CUST-00854,Jacob,Flores,jacob.flores@company405.com,22,Male,United Kingdom,Greater London,London,2024-11-05,Organic Search,churned,2024-11-05 09:00:00
CUST-00855,William,Gonzalez,william.gonzalez@company406.com,26,Male,Germany,Hesse,Frankfurt,2025-11-02,Referral,active,2025-11-02 09:00:00
CUST-00856,Jessica,Torres,jessica.torres@company407.com,35,Female,United States,Washington,Seattle,2024-10-12,Partner,churned,2024-10-12 09:00:00
CUST-00857,Brian,Jones,brian.jones@company408.com,33,Male,United States,Colorado,Denver,2026-02-22,Organic Search,active,2026-02-22 09:00:00
CUST-00858,Anna,Hernandez,anna.hernandez@company409.com,26,Female,Australia,New South Wales,Sydney,2025-11-25,Organic Search,active,2025-11-25 09:00:00
CUST-00859,Nancy,Johnson,nancy.johnson@company410.com,51,Female,United States,California,San Francisco,2026-02-11,Organic Search,churned,2026-02-11 09:00:00
CUST-00860,Scott,Jackson,scott.jackson@company411.com,38,Male,Germany,Bavaria,Munich,2025-11-19,Referral,active,2025-11-19 09:00:00
CUST-00861,Charles,Moore,charles.moore@company412.com,30,Male,United States,Texas,Austin,2025-06-11,Referral,active,2025-06-11 09:00:00
CUST-00862,Brandon,Lopez,brandon.lopez@company413.com,43,Male,United Kingdom,Greater London,London,2024-08-07,Referral,churned,2024-08-07 09:00:00
CUST-00863,Amanda,Clark,amanda.clark@company414.com,35,Female,United States,New York,New York,2024-06-28,Direct,churned,2024-06-28 09:00:00
CUST-00864,Benjamin,White,benjamin.white@company415.com,38,Male,France,Île-de-France,Paris,2025-02-12,Paid Ads,active,2025-02-12 09:00:00
CUST-00865,Andrew,Brown,andrew.brown@company416.com,26,Male,Germany,Hesse,Frankfurt,2025-01-21,Social Media,churned,2025-01-21 09:00:00
CUST-00866,Amy,Lopez,amy.lopez@company417.com,32,Female,Australia,New South Wales,Sydney,2026-01-28,Referral,active,2026-01-28 09:00:00
CUST-00867,Margaret,Ramirez,margaret.ramirez@company418.com,33,Female,United Kingdom,West Midlands,Birmingham,2026-01-15,Organic Search,churned,2026-01-15 09:00:00
CUST-00868,Stephen,Lopez,stephen.lopez@company419.com,32,Male,United States,New York,New York,2024-09-22,Organic Search,churned,2024-09-22 09:00:00
CUST-00869,Ryan,Nguyen,ryan.nguyen@company420.com,29,Male,United States,Massachusetts,Boston,2025-05-14,Organic Search,active,2025-05-14 09:00:00
CUST-00870,Kevin,Anderson,kevin.anderson@company421.com,35,Male,Canada,Ontario,Toronto,2025-10-16,Paid Ads,active,2025-10-16 09:00:00
CUST-00871,William,Walker,william.walker@company422.com,26,Male,United States,Colorado,Denver,2026-05-25,Organic Search,active,2026-05-25 09:00:00
CUST-00872,Lisa,Harris,lisa.harris@company423.com,23,Female,United States,Washington,Seattle,2025-11-07,Referral,active,2025-11-07 09:00:00
CUST-00873,Betty,Perez,betty.perez@company424.com,29,Female,Canada,Ontario,Toronto,2024-10-20,Organic Search,active,2024-10-20 09:00:00
CUST-00874,Jacob,Robinson,jacob.robinson@company425.com,30,Male,Canada,Ontario,Toronto,2025-01-02,Social Media,churned,2025-01-02 09:00:00
CUST-00875,Benjamin,Hernandez,benjamin.hernandez@company426.com,31,Male,United Kingdom,North West,Manchester,2025-07-07,Organic Search,active,2025-07-07 09:00:00
CUST-00876,Margaret,Nguyen,margaret.nguyen@company427.com,32,Female,United States,California,San Francisco,2025-11-20,Partner,active,2025-11-20 09:00:00
CUST-00877,Paul,Lee,paul.lee@company428.com,32,Male,United States,Texas,Austin,2025-09-01,Social Media,churned,2025-09-01 09:00:00
CUST-00878,Jason,Williams,jason.williams@company429.com,34,Male,United States,California,San Francisco,2026-06-17,Paid Ads,active,2026-06-17 09:00:00
CUST-00879,Kathleen,Miller,kathleen.miller@company430.com,26,Female,United States,California,San Francisco,2026-03-25,Referral,active,2026-03-25 09:00:00
CUST-00880,Margaret,Rodriguez,margaret.rodriguez@company431.com,26,Female,United States,New York,New York,2024-07-03,Organic Search,churned,2024-07-03 09:00:00
CUST-00881,Nancy,Robinson,nancy.robinson@company432.com,33,Female,Canada,Ontario,Toronto,2024-11-22,Direct,churned,2024-11-22 09:00:00
CUST-00882,Sarah,Sanchez,sarah.sanchez@company433.com,23,Female,Australia,Queensland,Brisbane,2025-12-22,Paid Ads,churned,2025-12-22 09:00:00
CUST-00883,William,Harris,william.harris@company434.com,44,Male,United States,California,San Francisco,2025-10-09,Organic Search,active,2025-10-09 09:00:00
CUST-00884,Emma,Wright,emma.wright@company435.com,31,Female,United States,New York,New York,2024-02-17,Referral,churned,2024-02-17 09:00:00
CUST-00885,Linda,Allen,linda.allen@company436.com,56,Female,United Kingdom,Greater London,London,2025-10-05,Organic Search,active,2025-10-05 09:00:00
CUST-00886,Cynthia,Flores,cynthia.flores@company437.com,32,Female,United States,New York,New York,2025-08-31,Referral,active,2025-08-31 09:00:00
CUST-00887,Thomas,Perez,thomas.perez@company438.com,32,Male,United States,Georgia,Atlanta,2025-12-01,Partner,churned,2025-12-01 09:00:00
CUST-00888,Mark,Lee,mark.lee@company439.com,30,Male,United States,Colorado,Denver,2026-02-01,Organic Search,active,2026-02-01 09:00:00
CUST-00889,Edward,Thompson,edward.thompson@company440.com,27,Male,United Kingdom,Greater London,London,2026-06-27,Paid Ads,active,2026-06-27 09:00:00
CUST-00890,Laura,Flores,laura.flores@company441.com,31,Female,United Kingdom,Greater London,London,2025-01-25,Organic Search,active,2025-01-25 09:00:00
CUST-00891,Barbara,Garcia,barbara.garcia@company442.com,36,Female,United States,New York,New York,2025-09-23,Organic Search,active,2025-09-23 09:00:00
CUST-00892,Jessica,Martinez,jessica.martinez@company443.com,28,Female,Australia,Queensland,Brisbane,2025-05-04,Direct,churned,2025-05-04 09:00:00
CUST-00893,Kenneth,Clark,kenneth.clark@company444.com,60,Male,United Kingdom,North West,Manchester,2026-02-03,Paid Ads,churned,2026-02-03 09:00:00
CUST-00894,Laura,Johnson,laura.johnson@company445.com,36,Female,United States,Washington,Seattle,2025-04-07,Social Media,churned,2025-04-07 09:00:00
CUST-00895,Rebecca,Nguyen,rebecca.nguyen@company446.com,28,Female,United Kingdom,Scotland,Edinburgh,2025-09-28,Paid Ads,churned,2025-09-28 09:00:00
CUST-00896,Cynthia,Martin,cynthia.martin@company447.com,36,Female,Australia,Victoria,Melbourne,2024-11-27,Organic Search,active,2024-11-27 09:00:00
CUST-00897,Sandra,Walker,sandra.walker@company448.com,21,Female,United States,California,San Francisco,2025-05-21,Organic Search,churned,2025-05-21 09:00:00
CUST-00898,Cynthia,Hernandez,cynthia.hernandez@company449.com,32,Female,United States,Illinois,Chicago,2025-11-02,Organic Search,active,2025-11-02 09:00:00
CUST-00899,Charles,Hernandez,charles.hernandez@company450.com,27,Male,United States,Massachusetts,Boston,2026-03-23,Referral,churned,2026-03-23 09:00:00
CUST-00900,Kimberly,White,kimberly.white@company1.com,27,Female,United Kingdom,Greater London,London,2025-02-23,Referral,active,2025-02-23 09:00:00
CUST-00901,Karen,White,karen.white@company2.com,21,Female,France,Auvergne-Rhône-Alpes,Lyon,2025-07-12,Organic Search,active,2025-07-12 09:00:00
CUST-00902,Timothy,Young,timothy.young@company3.com,54,Male,Australia,Victoria,Melbourne,2025-10-31,Organic Search,active,2025-10-31 09:00:00
CUST-00903,Donna,Walker,donna.walker@company4.com,31,Female,France,Île-de-France,Paris,2025-04-21,Partner,churned,2025-04-21 09:00:00
CUST-00904,Carol,Davis,carol.davis@company5.com,66,Female,Australia,New South Wales,Sydney,2024-10-24,Referral,active,2024-10-24 09:00:00
CUST-00905,Joshua,Johnson,joshua.johnson@company6.com,33,Male,Germany,Bavaria,Munich,2026-04-12,Paid Ads,active,2026-04-12 09:00:00
CUST-00906,Linda,Hill,linda.hill@company7.com,39,Female,United Kingdom,North West,Manchester,2024-04-04,Partner,active,2024-04-04 09:00:00
CUST-00907,Betty,Johnson,betty.johnson@company8.com,30,Female,Germany,Hesse,Frankfurt,2026-03-24,Referral,active,2026-03-24 09:00:00
CUST-00908,Eric,Sanchez,eric.sanchez@company9.com,21,Male,United States,California,San Francisco,2025-08-08,Social Media,active,2025-08-08 09:00:00
CUST-00909,Stephanie,Martinez,stephanie.martinez@company10.com,63,Female,United States,Colorado,Denver,2025-06-17,Paid Ads,active,2025-06-17 09:00:00
CUST-00910,Amanda,Thompson,amanda.thompson@company11.com,37,Female,United States,New York,New York,2026-03-02,Organic Search,active,2026-03-02 09:00:00
CUST-00911,Rebecca,Lewis,rebecca.lewis@company12.com,39,Female,Germany,Bavaria,Munich,2025-09-27,Partner,active,2025-09-27 09:00:00
CUST-00912,Sarah,Nguyen,sarah.nguyen@company13.com,23,Female,United States,Illinois,Chicago,2025-05-22,Paid Ads,active,2025-05-22 09:00:00
CUST-00913,Elizabeth,Nguyen,elizabeth.nguyen@company14.com,37,Female,United States,Colorado,Denver,2026-06-25,Referral,active,2026-06-25 09:00:00
CUST-00914,Rebecca,Lopez,rebecca.lopez@company15.com,23,Female,Canada,Ontario,Toronto,2024-08-19,Organic Search,churned,2024-08-19 09:00:00
CUST-00915,Donna,Scott,donna.scott@company16.com,30,Female,Germany,Bavaria,Munich,2025-09-01,Social Media,active,2025-09-01 09:00:00
CUST-00916,Amy,Scott,amy.scott@company17.com,46,Female,United States,California,San Francisco,2025-08-17,Organic Search,churned,2025-08-17 09:00:00
CUST-00917,Kathleen,Davis,kathleen.davis@company18.com,42,Female,Australia,Victoria,Melbourne,2026-02-27,Organic Search,active,2026-02-27 09:00:00
CUST-00918,John,Davis,john.davis@company19.com,51,Male,United States,New York,New York,2025-01-11,Referral,churned,2025-01-11 09:00:00
CUST-00919,Pamela,Walker,pamela.walker@company20.com,38,Female,Germany,Hesse,Frankfurt,2025-02-10,Referral,churned,2025-02-10 09:00:00
CUST-00920,Edward,Allen,edward.allen@company21.com,40,Male,United States,Illinois,Chicago,2026-04-07,Organic Search,active,2026-04-07 09:00:00
CUST-00921,Charles,Lee,charles.lee@company22.com,23,Male,Canada,British Columbia,Vancouver,2025-09-21,Organic Search,churned,2025-09-21 09:00:00
CUST-00922,Melissa,Clark,melissa.clark@company23.com,46,Female,France,Île-de-France,Paris,2026-04-08,Organic Search,active,2026-04-08 09:00:00
CUST-00923,Eric,Gonzalez,eric.gonzalez@company24.com,55,Male,United States,New York,New York,2025-05-18,Referral,churned,2025-05-18 09:00:00
CUST-00924,Stephen,Lee,stephen.lee@company25.com,53,Male,Germany,Hesse,Frankfurt,2024-08-28,Partner,active,2024-08-28 09:00:00
CUST-00925,Melissa,Miller,melissa.miller@company26.com,28,Female,United States,Texas,Austin,2025-05-03,Organic Search,active,2025-05-03 09:00:00
CUST-00926,Melissa,Young,melissa.young@company27.com,33,Female,Australia,New South Wales,Sydney,2026-07-23,Organic Search,active,2026-07-23 09:00:00
CUST-00927,Eric,Anderson,eric.anderson@company28.com,43,Male,Germany,Hesse,Frankfurt,2025-04-06,Referral,active,2025-04-06 09:00:00
CUST-00928,Jason,Robinson,jason.robinson@company29.com,30,Male,United States,Texas,Austin,2026-07-06,Direct,active,2026-07-06 09:00:00
CUST-00929,Amanda,Martin,amanda.martin@company30.com,46,Female,United States,Georgia,Atlanta,2025-03-15,Social Media,churned,2025-03-15 09:00:00
CUST-00930,Lisa,Martin,lisa.martin@company31.com,27,Female,Germany,Berlin,Berlin,2025-07-01,Organic Search,active,2025-07-01 09:00:00
CUST-00931,Mark,Martin,mark.martin@company32.com,35,Male,United States,New York,New York,2025-10-26,Paid Ads,active,2025-10-26 09:00:00
CUST-00932,William,Johnson,william.johnson@company33.com,59,Male,Canada,Ontario,Toronto,2024-08-10,Organic Search,churned,2024-08-10 09:00:00
CUST-00933,Eric,Nguyen,eric.nguyen@company34.com,32,Male,United States,Illinois,Chicago,2026-06-30,Organic Search,churned,2026-06-30 09:00:00
CUST-00934,Mary,Miller,mary.miller@company35.com,41,Female,Australia,New South Wales,Sydney,2026-07-25,Referral,active,2026-07-25 09:00:00
CUST-00935,Matthew,Thompson,matthew.thompson@company36.com,43,Male,United States,Illinois,Chicago,2025-10-23,Direct,active,2025-10-23 09:00:00
CUST-00936,Amanda,Hernandez,amanda.hernandez@company37.com,42,Female,Germany,Hesse,Frankfurt,2025-04-25,Organic Search,active,2025-04-25 09:00:00
CUST-00937,Richard,Nguyen,richard.nguyen@company38.com,50,Male,United Kingdom,North West,Manchester,2025-03-16,Direct,active,2025-03-16 09:00:00
CUST-00938,Stephen,Smith,stephen.smith@company39.com,34,Male,United States,Washington,Seattle,2025-11-20,Direct,churned,2025-11-20 09:00:00
CUST-00939,Melissa,Nguyen,melissa.nguyen@company40.com,37,Female,United Kingdom,Greater London,London,2025-05-26,Organic Search,churned,2025-05-26 09:00:00
CUST-00940,Deborah,Ramirez,deborah.ramirez@company41.com,38,Female,United States,New York,New York,2025-03-09,Partner,churned,2025-03-09 09:00:00
CUST-00941,Jessica,Robinson,jessica.robinson@company42.com,34,Female,United States,Massachusetts,Boston,2026-01-05,Partner,active,2026-01-05 09:00:00
CUST-00942,David,Lee,david.lee@company43.com,27,Male,United States,Georgia,Atlanta,2025-06-11,Referral,active,2025-06-11 09:00:00
CUST-00943,Laura,Anderson,laura.anderson@company44.com,28,Female,United States,Colorado,Denver,2024-03-21,Organic Search,active,2024-03-21 09:00:00
CUST-00944,Gary,White,gary.white@company45.com,38,Male,France,Auvergne-Rhône-Alpes,Lyon,2025-12-30,Referral,active,2025-12-30 09:00:00
CUST-00945,Laura,King,laura.king@company46.com,46,Female,United States,Texas,Austin,2025-07-17,Paid Ads,churned,2025-07-17 09:00:00
CUST-00946,Daniel,Jones,daniel.jones@company47.com,36,Male,United States,Washington,Seattle,2026-01-18,Referral,active,2026-01-18 09:00:00
CUST-00947,Jessica,Anderson,jessica.anderson@company48.com,55,Female,Canada,British Columbia,Vancouver,2025-05-23,Partner,churned,2025-05-23 09:00:00
CUST-00948,Stephanie,Thompson,stephanie.thompson@company49.com,21,Female,United Kingdom,West Midlands,Birmingham,2025-07-19,Direct,active,2025-07-19 09:00:00
CUST-00949,Karen,Robinson,karen.robinson@company50.com,21,Female,United States,Georgia,Atlanta,2025-03-17,Organic Search,churned,2025-03-17 09:00:00
CUST-00950,John,Miller,john.miller@company51.com,43,Male,Germany,Bavaria,Munich,2025-10-05,Referral,churned,2025-10-05 09:00:00
CUST-00951,Ronald,Hill,ronald.hill@company52.com,55,Male,United States,New York,New York,2025-09-28,Partner,active,2025-09-28 09:00:00
CUST-00952,Cynthia,Gonzalez,cynthia.gonzalez@company53.com,27,Female,United States,Illinois,Chicago,2026-01-11,Paid Ads,active,2026-01-11 09:00:00
CUST-00953,Robert,Ramirez,robert.ramirez@company54.com,55,Male,United States,Georgia,Atlanta,2026-06-11,Paid Ads,churned,2026-06-11 09:00:00
CUST-00954,Laura,Robinson,laura.robinson@company55.com,34,Female,United States,Illinois,Chicago,2025-10-09,Social Media,active,2025-10-09 09:00:00
CUST-00955,Nicholas,Ramirez,nicholas.ramirez@company56.com,32,Male,Canada,British Columbia,Vancouver,2025-10-11,Partner,active,2025-10-11 09:00:00
CUST-00956,Anna,Wright,anna.wright@company57.com,36,Female,United States,Texas,Austin,2025-01-27,Paid Ads,active,2025-01-27 09:00:00
CUST-00957,Kimberly,Young,kimberly.young@company58.com,23,Female,United States,Massachusetts,Boston,2026-01-19,Partner,churned,2026-01-19 09:00:00
CUST-00958,Dorothy,Brown,dorothy.brown@company59.com,27,Female,United States,Massachusetts,Boston,2026-02-08,Paid Ads,active,2026-02-08 09:00:00
CUST-00959,Brian,Harris,brian.harris@company60.com,33,Male,United States,Massachusetts,Boston,2024-12-17,Paid Ads,active,2024-12-17 09:00:00
CUST-00960,Paul,Thomas,paul.thomas@company61.com,25,Male,United States,New York,New York,2024-10-10,Social Media,churned,2024-10-10 09:00:00
CUST-00961,Joshua,Davis,joshua.davis@company62.com,25,Male,United States,Massachusetts,Boston,2024-10-28,Organic Search,churned,2024-10-28 09:00:00
CUST-00962,Brenda,Allen,brenda.allen@company63.com,44,Female,United States,Georgia,Atlanta,2025-10-17,Referral,active,2025-10-17 09:00:00
CUST-00963,Deborah,Torres,deborah.torres@company64.com,34,Female,United Kingdom,West Midlands,Birmingham,2026-02-22,Organic Search,active,2026-02-22 09:00:00
CUST-00964,Brian,Young,brian.young@company65.com,27,Male,Canada,British Columbia,Vancouver,2026-02-09,Organic Search,churned,2026-02-09 09:00:00
CUST-00965,Melissa,Ramirez,melissa.ramirez@company66.com,33,Female,United Kingdom,Greater London,London,2024-08-22,Social Media,active,2024-08-22 09:00:00
CUST-00966,Kenneth,Taylor,kenneth.taylor@company67.com,23,Male,France,Auvergne-Rhône-Alpes,Lyon,2025-07-24,Social Media,active,2025-07-24 09:00:00
CUST-00967,Scott,Miller,scott.miller@company68.com,30,Male,United States,Georgia,Atlanta,2025-04-15,Paid Ads,churned,2025-04-15 09:00:00
CUST-00968,Elizabeth,Martin,elizabeth.martin@company69.com,37,Female,United States,Massachusetts,Boston,2025-09-27,Organic Search,active,2025-09-27 09:00:00
CUST-00969,Kimberly,Flores,kimberly.flores@company70.com,27,Female,United Kingdom,North West,Manchester,2025-09-06,Social Media,active,2025-09-06 09:00:00
CUST-00970,Justin,Young,justin.young@company71.com,21,Male,France,Auvergne-Rhône-Alpes,Lyon,2024-06-30,Organic Search,churned,2024-06-30 09:00:00
CUST-00971,Brenda,Brown,brenda.brown@company72.com,34,Female,United States,Texas,Austin,2025-10-05,Organic Search,active,2025-10-05 09:00:00
CUST-00972,Sharon,Clark,sharon.clark@company73.com,25,Female,Germany,Berlin,Berlin,2026-01-01,Referral,active,2026-01-01 09:00:00
CUST-00973,Emily,Jackson,emily.jackson@company74.com,43,Female,United States,Washington,Seattle,2025-12-09,Paid Ads,churned,2025-12-09 09:00:00
CUST-00974,Charles,Gonzalez,charles.gonzalez@company75.com,40,Male,Germany,Bavaria,Munich,2025-03-10,Paid Ads,churned,2025-03-10 09:00:00
CUST-00975,Sharon,Williams,sharon.williams@company76.com,36,Female,United States,California,San Francisco,2025-01-21,Organic Search,churned,2025-01-21 09:00:00
CUST-00976,Anna,Lopez,anna.lopez@company77.com,52,Female,United States,Georgia,Atlanta,2025-08-04,Partner,active,2025-08-04 09:00:00
CUST-00977,David,Lee,david.lee@company78.com,40,Male,Germany,Bavaria,Munich,2025-07-27,Social Media,active,2025-07-27 09:00:00
CUST-00978,Timothy,Rodriguez,timothy.rodriguez@company79.com,31,Male,United Kingdom,Greater London,London,2024-12-27,Paid Ads,churned,2024-12-27 09:00:00
CUST-00979,Amy,Garcia,amy.garcia@company80.com,32,Female,United States,Massachusetts,Boston,2024-08-23,Paid Ads,churned,2024-08-23 09:00:00
CUST-00980,Ashley,Ramirez,ashley.ramirez@company81.com,30,Female,United States,Washington,Seattle,2025-08-09,Direct,active,2025-08-09 09:00:00
CUST-00981,Rebecca,Taylor,rebecca.taylor@company82.com,41,Female,United States,Massachusetts,Boston,2025-09-05,Referral,active,2025-09-05 09:00:00
CUST-00982,Kevin,Wright,kevin.wright@company83.com,31,Male,Canada,British Columbia,Vancouver,2024-12-04,Social Media,churned,2024-12-04 09:00:00
CUST-00983,Edward,Walker,edward.walker@company84.com,44,Male,Germany,Berlin,Berlin,2026-05-24,Referral,active,2026-05-24 09:00:00
CUST-00984,Michael,Thomas,michael.thomas@company85.com,41,Male,United States,Massachusetts,Boston,2025-04-05,Social Media,churned,2025-04-05 09:00:00
CUST-00985,Stephen,Thomas,stephen.thomas@company86.com,46,Male,United States,Colorado,Denver,2024-09-18,Direct,active,2024-09-18 09:00:00
CUST-00986,Michelle,Garcia,michelle.garcia@company87.com,54,Female,Canada,British Columbia,Vancouver,2025-11-13,Organic Search,active,2025-11-13 09:00:00
CUST-00987,Ryan,Lee,ryan.lee@company88.com,45,Male,Canada,British Columbia,Vancouver,2024-11-09,Partner,active,2024-11-09 09:00:00
CUST-00988,Barbara,Young,barbara.young@company89.com,28,Female,United States,Massachusetts,Boston,2025-03-16,Partner,active,2025-03-16 09:00:00
CUST-00989,Daniel,Taylor,daniel.taylor@company90.com,37,Male,United States,Massachusetts,Boston,2025-07-15,Paid Ads,churned,2025-07-15 09:00:00
CUST-00990,Michael,Lopez,michael.lopez@company91.com,42,Male,Germany,Berlin,Berlin,2026-06-19,Organic Search,active,2026-06-19 09:00:00
CUST-00991,Joshua,Lee,joshua.lee@company92.com,21,Male,United States,Washington,Seattle,2026-04-11,Paid Ads,active,2026-04-11 09:00:00
CUST-00992,Brandon,Clark,brandon.clark@company93.com,44,Male,United States,Georgia,Atlanta,2025-02-14,Social Media,churned,2025-02-14 09:00:00
CUST-00993,Steven,Lopez,steven.lopez@company94.com,51,Male,Germany,Bavaria,Munich,2026-01-21,Organic Search,churned,2026-01-21 09:00:00
CUST-00994,Melissa,Lopez,melissa.lopez@company95.com,26,Female,United States,Washington,Seattle,2024-11-12,Organic Search,active,2024-11-12 09:00:00
CUST-00995,Larry,Flores,larry.flores@company96.com,43,Male,Australia,Victoria,Melbourne,2026-03-11,Organic Search,churned,2026-03-11 09:00:00
CUST-00996,Michael,Sanchez,michael.sanchez@company97.com,50,Male,United Kingdom,North West,Manchester,2024-03-04,Organic Search,churned,2024-03-04 09:00:00
CUST-00997,Nancy,Torres,nancy.torres@company98.com,21,Female,Canada,British Columbia,Vancouver,2024-09-11,Partner,active,2024-09-11 09:00:00
CUST-00998,Amy,Davis,amy.davis@company99.com,37,Female,United States,Illinois,Chicago,2026-03-15,Organic Search,active,2026-03-15 09:00:00
CUST-00999,Deborah,Rodriguez,deborah.rodriguez@company100.com,27,Female,United States,Washington,Seattle,2025-06-20,Direct,churned,2025-06-20 09:00:00
CUST-01000,Betty,Clark,betty.clark@company101.com,27,Female,Germany,Berlin,Berlin,2024-11-17,Organic Search,active,2024-11-17 09:00:00
CUST-01001,Ashley,Flores,ashley.flores@company102.com,32,Female,United States,Georgia,Atlanta,2025-05-27,Organic Search,active,2025-05-27 09:00:00
CUST-01002,Sarah,Lee,sarah.lee@company103.com,42,Female,United States,Washington,Seattle,2026-03-21,Partner,active,2026-03-21 09:00:00
CUST-01003,Nicole,Taylor,nicole.taylor@company104.com,22,Female,United Kingdom,Greater London,London,2024-11-22,Paid Ads,churned,2024-11-22 09:00:00
CUST-01004,Gary,Thompson,gary.thompson@company105.com,45,Male,Australia,Queensland,Brisbane,2026-04-25,Partner,active,2026-04-25 09:00:00
CUST-01005,James,Taylor,james.taylor@company106.com,34,Male,United States,Colorado,Denver,2025-01-24,Referral,churned,2025-01-24 09:00:00
CUST-01006,Larry,Williams,larry.williams@company107.com,31,Male,United States,Georgia,Atlanta,2024-09-26,Direct,active,2024-09-26 09:00:00
CUST-01007,Sarah,Garcia,sarah.garcia@company108.com,31,Female,United Kingdom,North West,Manchester,2024-02-27,Organic Search,active,2024-02-27 09:00:00
CUST-01008,Jennifer,Rodriguez,jennifer.rodriguez@company109.com,31,Female,France,Auvergne-Rhône-Alpes,Lyon,2026-06-22,Partner,active,2026-06-22 09:00:00
CUST-01009,Donna,Taylor,donna.taylor@company110.com,45,Female,Canada,British Columbia,Vancouver,2025-10-17,Paid Ads,churned,2025-10-17 09:00:00
CUST-01010,Nancy,Lee,nancy.lee@company111.com,46,Female,United States,Texas,Austin,2026-05-29,Referral,active,2026-05-29 09:00:00
CUST-01011,Linda,Gonzalez,linda.gonzalez@company112.com,35,Female,United States,California,San Francisco,2024-11-01,Paid Ads,churned,2024-11-01 09:00:00
CUST-01012,Jacob,Ramirez,jacob.ramirez@company113.com,43,Male,Australia,Victoria,Melbourne,2026-02-15,Organic Search,active,2026-02-15 09:00:00
CUST-01013,Anna,Young,anna.young@company114.com,29,Female,United States,Texas,Austin,2025-04-13,Organic Search,active,2025-04-13 09:00:00
CUST-01014,Donald,Jackson,donald.jackson@company115.com,27,Male,United States,Illinois,Chicago,2024-06-04,Referral,churned,2024-06-04 09:00:00
CUST-01015,Scott,Smith,scott.smith@company116.com,23,Male,United Kingdom,West Midlands,Birmingham,2025-10-15,Direct,active,2025-10-15 09:00:00
CUST-01016,Nicholas,Miller,nicholas.miller@company117.com,54,Male,United States,New York,New York,2025-03-30,Paid Ads,churned,2025-03-30 09:00:00
CUST-01017,Kevin,Martinez,kevin.martinez@company118.com,31,Male,United States,Georgia,Atlanta,2025-03-12,Paid Ads,active,2025-03-12 09:00:00
CUST-01018,Nicole,Smith,nicole.smith@company119.com,35,Female,United States,Georgia,Atlanta,2026-05-11,Paid Ads,active,2026-05-11 09:00:00
CUST-01019,Donald,Brown,donald.brown@company120.com,24,Male,United States,California,San Francisco,2024-12-12,Partner,active,2024-12-12 09:00:00
CUST-01020,Barbara,Sanchez,barbara.sanchez@company121.com,21,Female,United States,Colorado,Denver,2026-07-15,Organic Search,active,2026-07-15 09:00:00
CUST-01021,Daniel,Harris,daniel.harris@company122.com,44,Male,United States,Texas,Austin,2025-08-04,Organic Search,churned,2025-08-04 09:00:00
CUST-01022,Sharon,Martin,sharon.martin@company123.com,45,Female,United Kingdom,Scotland,Edinburgh,2026-07-06,Referral,active,2026-07-06 09:00:00
CUST-01023,Shirley,Gonzalez,shirley.gonzalez@company124.com,35,Female,Australia,Victoria,Melbourne,2025-06-07,Organic Search,churned,2025-06-07 09:00:00
CUST-01024,Barbara,Ramirez,barbara.ramirez@company125.com,58,Female,United Kingdom,West Midlands,Birmingham,2024-11-18,Referral,active,2024-11-18 09:00:00
CUST-01025,Robert,Allen,robert.allen@company126.com,28,Male,United States,Washington,Seattle,2024-10-23,Referral,churned,2024-10-23 09:00:00
CUST-01026,Nicholas,King,nicholas.king@company127.com,43,Male,United Kingdom,Scotland,Edinburgh,2025-03-15,Paid Ads,churned,2025-03-15 09:00:00
CUST-01027,Gary,Martin,gary.martin@company128.com,25,Male,United States,Illinois,Chicago,2026-04-28,Social Media,active,2026-04-28 09:00:00
CUST-01028,Donna,Torres,donna.torres@company129.com,35,Female,United States,California,San Francisco,2025-02-12,Paid Ads,churned,2025-02-12 09:00:00
CUST-01029,Rebecca,Miller,rebecca.miller@company130.com,24,Female,Canada,British Columbia,Vancouver,2025-06-07,Paid Ads,churned,2025-06-07 09:00:00
CUST-01030,Eric,Johnson,eric.johnson@company131.com,31,Male,United Kingdom,North West,Manchester,2026-04-07,Partner,churned,2026-04-07 09:00:00
CUST-01031,Jennifer,Garcia,jennifer.garcia@company132.com,26,Female,Canada,British Columbia,Vancouver,2025-01-08,Referral,active,2025-01-08 09:00:00
CUST-01032,Laura,Flores,laura.flores@company133.com,44,Female,United States,Texas,Austin,2024-09-16,Organic Search,active,2024-09-16 09:00:00
CUST-01033,Brandon,Taylor,brandon.taylor@company134.com,50,Male,United States,California,San Francisco,2025-06-23,Organic Search,churned,2025-06-23 09:00:00
CUST-01034,James,Hernandez,james.hernandez@company135.com,46,Male,United States,Colorado,Denver,2024-10-07,Social Media,churned,2024-10-07 09:00:00
CUST-01035,Michelle,Flores,michelle.flores@company136.com,47,Female,United Kingdom,West Midlands,Birmingham,2025-05-10,Social Media,churned,2025-05-10 09:00:00
CUST-01036,Thomas,Rodriguez,thomas.rodriguez@company137.com,26,Male,United States,California,San Francisco,2026-01-22,Referral,active,2026-01-22 09:00:00
CUST-01037,John,Wilson,john.wilson@company138.com,26,Male,United States,Washington,Seattle,2025-06-15,Paid Ads,active,2025-06-15 09:00:00
CUST-01038,David,Martin,david.martin@company139.com,41,Male,United States,Colorado,Denver,2024-07-23,Organic Search,churned,2024-07-23 09:00:00
CUST-01039,Charles,Lewis,charles.lewis@company140.com,56,Male,United States,Georgia,Atlanta,2025-10-11,Referral,active,2025-10-11 09:00:00
CUST-01040,Kenneth,Torres,kenneth.torres@company141.com,43,Male,United States,Massachusetts,Boston,2025-12-19,Organic Search,active,2025-12-19 09:00:00
CUST-01041,Rebecca,Young,rebecca.young@company142.com,53,Female,United Kingdom,Scotland,Edinburgh,2026-03-16,Organic Search,active,2026-03-16 09:00:00
CUST-01042,Amy,Allen,amy.allen@company143.com,32,Female,United Kingdom,West Midlands,Birmingham,2025-07-05,Organic Search,active,2025-07-05 09:00:00
CUST-01043,Jonathan,Johnson,jonathan.johnson@company144.com,28,Male,United States,New York,New York,2025-12-21,Organic Search,active,2025-12-21 09:00:00
CUST-01044,Kathleen,Davis,kathleen.davis@company145.com,26,Female,Australia,Victoria,Melbourne,2026-03-04,Paid Ads,active,2026-03-04 09:00:00
CUST-01045,Patricia,Hernandez,patricia.hernandez@company146.com,23,Female,United States,Massachusetts,Boston,2026-01-11,Paid Ads,active,2026-01-11 09:00:00
CUST-01046,Scott,Perez,scott.perez@company147.com,55,Male,Germany,Hesse,Frankfurt,2025-08-14,Referral,active,2025-08-14 09:00:00
CUST-01047,Kenneth,Harris,kenneth.harris@company148.com,37,Male,Germany,Hesse,Frankfurt,2026-01-13,Referral,churned,2026-01-13 09:00:00
CUST-01048,Kathleen,Hernandez,kathleen.hernandez@company149.com,39,Female,United States,New York,New York,2025-11-11,Referral,active,2025-11-11 09:00:00
CUST-01049,Matthew,Gonzalez,matthew.gonzalez@company150.com,38,Male,United States,Colorado,Denver,2025-04-14,Direct,active,2025-04-14 09:00:00
CUST-01050,Michelle,Thomas,michelle.thomas@company151.com,33,Female,United States,California,San Francisco,2025-04-14,Paid Ads,churned,2025-04-14 09:00:00
CUST-01051,Amanda,Hernandez,amanda.hernandez@company152.com,32,Female,Germany,Hesse,Frankfurt,2024-12-01,Organic Search,active,2024-12-01 09:00:00
CUST-01052,Brian,Ramirez,brian.ramirez@company153.com,30,Male,United States,Washington,Seattle,2024-09-29,Paid Ads,churned,2024-09-29 09:00:00
CUST-01053,Amanda,Williams,amanda.williams@company154.com,28,Female,United Kingdom,North West,Manchester,2025-10-14,Social Media,churned,2025-10-14 09:00:00
CUST-01054,Michael,Lewis,michael.lewis@company155.com,44,Male,France,Île-de-France,Paris,2025-10-01,Direct,active,2025-10-01 09:00:00
CUST-01055,Larry,Williams,larry.williams@company156.com,38,Male,United States,New York,New York,2025-11-25,Social Media,active,2025-11-25 09:00:00
CUST-01056,Nancy,Jackson,nancy.jackson@company157.com,63,Female,Canada,British Columbia,Vancouver,2026-04-22,Partner,active,2026-04-22 09:00:00
CUST-01057,Charles,White,charles.white@company158.com,22,Male,United States,Washington,Seattle,2026-01-25,Paid Ads,churned,2026-01-25 09:00:00
CUST-01058,Mary,Thomas,mary.thomas@company159.com,38,Female,United States,Illinois,Chicago,2025-12-31,Paid Ads,churned,2025-12-31 09:00:00
CUST-01059,Andrew,White,andrew.white@company160.com,54,Male,United States,Washington,Seattle,2025-03-17,Organic Search,active,2025-03-17 09:00:00
CUST-01060,Sandra,Rodriguez,sandra.rodriguez@company161.com,52,Female,United States,Colorado,Denver,2025-11-24,Social Media,active,2025-11-24 09:00:00
CUST-01061,Patricia,Lewis,patricia.lewis@company162.com,29,Female,United States,New York,New York,2026-04-08,Organic Search,churned,2026-04-08 09:00:00
CUST-01062,Stephanie,Hernandez,stephanie.hernandez@company163.com,27,Female,United States,California,San Francisco,2026-06-26,Referral,active,2026-06-26 09:00:00
CUST-01063,Justin,Brown,justin.brown@company164.com,35,Male,France,Auvergne-Rhône-Alpes,Lyon,2024-11-18,Paid Ads,active,2024-11-18 09:00:00
CUST-01064,Dorothy,Thompson,dorothy.thompson@company165.com,25,Female,United States,Texas,Austin,2024-11-30,Partner,active,2024-11-30 09:00:00
CUST-01065,Margaret,Wright,margaret.wright@company166.com,59,Female,United Kingdom,West Midlands,Birmingham,2025-11-21,Referral,active,2025-11-21 09:00:00
CUST-01066,Betty,Martin,betty.martin@company167.com,26,Female,United Kingdom,West Midlands,Birmingham,2025-08-26,Partner,active,2025-08-26 09:00:00
CUST-01067,Jonathan,Wright,jonathan.wright@company168.com,34,Male,United States,Illinois,Chicago,2024-12-24,Paid Ads,churned,2024-12-24 09:00:00
CUST-01068,John,Johnson,john.johnson@company169.com,40,Male,United Kingdom,Scotland,Edinburgh,2026-07-01,Organic Search,active,2026-07-01 09:00:00
CUST-01069,Sharon,Allen,sharon.allen@company170.com,29,Female,United States,Massachusetts,Boston,2025-07-21,Organic Search,churned,2025-07-21 09:00:00
CUST-01070,Jessica,Brown,jessica.brown@company171.com,44,Female,Australia,Victoria,Melbourne,2024-10-16,Organic Search,active,2024-10-16 09:00:00
CUST-01071,Jacob,Perez,jacob.perez@company172.com,51,Male,Germany,Hesse,Frankfurt,2025-06-02,Referral,churned,2025-06-02 09:00:00
CUST-01072,George,Martin,george.martin@company173.com,31,Male,Germany,Hesse,Frankfurt,2025-10-12,Referral,active,2025-10-12 09:00:00
CUST-01073,Ronald,King,ronald.king@company174.com,49,Male,United States,Washington,Seattle,2024-12-17,Social Media,active,2024-12-17 09:00:00
CUST-01074,Cynthia,Miller,cynthia.miller@company175.com,21,Female,United States,Colorado,Denver,2025-06-15,Organic Search,churned,2025-06-15 09:00:00
CUST-01075,Jeffrey,Rodriguez,jeffrey.rodriguez@company176.com,31,Male,United States,Massachusetts,Boston,2025-12-13,Referral,churned,2025-12-13 09:00:00
CUST-01076,Pamela,Scott,pamela.scott@company177.com,32,Female,United States,Illinois,Chicago,2025-01-20,Referral,churned,2025-01-20 09:00:00
CUST-01077,Laura,Young,laura.young@company178.com,40,Female,United States,Texas,Austin,2024-10-15,Organic Search,churned,2024-10-15 09:00:00
CUST-01078,Nicholas,Robinson,nicholas.robinson@company179.com,40,Male,Canada,Quebec,Montreal,2026-06-29,Organic Search,active,2026-06-29 09:00:00
CUST-01079,Jacob,Walker,jacob.walker@company180.com,30,Male,United States,Massachusetts,Boston,2025-06-05,Direct,active,2025-06-05 09:00:00
CUST-01080,Brandon,Clark,brandon.clark@company181.com,29,Male,United States,Illinois,Chicago,2025-08-08,Organic Search,churned,2025-08-08 09:00:00
CUST-01081,Joseph,White,joseph.white@company182.com,31,Male,United States,Illinois,Chicago,2026-02-22,Paid Ads,active,2026-02-22 09:00:00
CUST-01082,Charles,Nguyen,charles.nguyen@company183.com,21,Male,Australia,Victoria,Melbourne,2025-01-12,Social Media,churned,2025-01-12 09:00:00
CUST-01083,Matthew,Young,matthew.young@company184.com,40,Male,United Kingdom,Greater London,London,2025-05-24,Social Media,churned,2025-05-24 09:00:00
CUST-01084,Kathleen,Torres,kathleen.torres@company185.com,26,Female,United States,Massachusetts,Boston,2025-11-19,Partner,active,2025-11-19 09:00:00
CUST-01085,Nicole,Rodriguez,nicole.rodriguez@company186.com,46,Female,United Kingdom,West Midlands,Birmingham,2026-02-02,Partner,active,2026-02-02 09:00:00
CUST-01086,Karen,Lee,karen.lee@company187.com,21,Female,United Kingdom,West Midlands,Birmingham,2025-04-14,Paid Ads,active,2025-04-14 09:00:00
CUST-01087,Carol,Wright,carol.wright@company188.com,44,Female,United Kingdom,West Midlands,Birmingham,2025-05-09,Partner,active,2025-05-09 09:00:00
CUST-01088,Daniel,Johnson,daniel.johnson@company189.com,34,Male,Germany,Hesse,Frankfurt,2026-04-21,Paid Ads,active,2026-04-21 09:00:00
CUST-01089,Larry,Garcia,larry.garcia@company190.com,41,Male,United Kingdom,Greater London,London,2025-08-06,Direct,active,2025-08-06 09:00:00
CUST-01090,Gary,Allen,gary.allen@company191.com,52,Male,United States,Texas,Austin,2025-11-19,Direct,active,2025-11-19 09:00:00
CUST-01091,Margaret,Thomas,margaret.thomas@company192.com,46,Female,Germany,Hesse,Frankfurt,2025-05-16,Paid Ads,active,2025-05-16 09:00:00
CUST-01092,Stephanie,Nguyen,stephanie.nguyen@company193.com,31,Female,Germany,Berlin,Berlin,2026-05-10,Paid Ads,active,2026-05-10 09:00:00
CUST-01093,Jason,Johnson,jason.johnson@company194.com,46,Male,United States,Illinois,Chicago,2026-05-01,Organic Search,active,2026-05-01 09:00:00
CUST-01094,Stephen,Hernandez,stephen.hernandez@company195.com,34,Male,United States,New York,New York,2024-11-22,Organic Search,churned,2024-11-22 09:00:00
CUST-01095,Nancy,Brown,nancy.brown@company196.com,41,Female,United States,California,San Francisco,2025-07-16,Partner,active,2025-07-16 09:00:00
CUST-01096,Deborah,Miller,deborah.miller@company197.com,25,Female,United States,Massachusetts,Boston,2026-03-17,Organic Search,active,2026-03-17 09:00:00
CUST-01097,Michael,Gonzalez,michael.gonzalez@company198.com,29,Male,United Kingdom,North West,Manchester,2025-05-12,Paid Ads,active,2025-05-12 09:00:00
CUST-01098,Jessica,Moore,jessica.moore@company199.com,35,Female,United States,Colorado,Denver,2025-06-04,Organic Search,churned,2025-06-04 09:00:00
CUST-01099,Jason,Anderson,jason.anderson@company200.com,49,Male,United States,New York,New York,2025-07-22,Organic Search,active,2025-07-22 09:00:00
CUST-01100,Joshua,Torres,joshua.torres@company201.com,28,Male,United States,Washington,Seattle,2025-10-11,Partner,active,2025-10-11 09:00:00
CUST-01101,Edward,Wright,edward.wright@company202.com,54,Male,Germany,Hesse,Frankfurt,2025-01-29,Direct,active,2025-01-29 09:00:00
CUST-01102,Jennifer,Smith,jennifer.smith@company203.com,36,Female,France,Auvergne-Rhône-Alpes,Lyon,2026-06-07,Referral,active,2026-06-07 09:00:00
CUST-01103,James,Brown,james.brown@company204.com,39,Male,United States,Illinois,Chicago,2026-04-06,Social Media,active,2026-04-06 09:00:00
CUST-01104,Amanda,Wilson,amanda.wilson@company205.com,31,Female,United Kingdom,Greater London,London,2026-07-13,Organic Search,active,2026-07-13 09:00:00
CUST-01105,Joshua,Garcia,joshua.garcia@company206.com,35,Male,United States,Texas,Austin,2026-05-09,Partner,active,2026-05-09 09:00:00
CUST-01106,Sharon,Wilson,sharon.wilson@company207.com,41,Female,France,Auvergne-Rhône-Alpes,Lyon,2026-01-30,Social Media,active,2026-01-30 09:00:00
CUST-01107,Kimberly,Lewis,kimberly.lewis@company208.com,23,Female,United Kingdom,Scotland,Edinburgh,2024-07-04,Paid Ads,churned,2024-07-04 09:00:00
CUST-01108,Nicole,Perez,nicole.perez@company209.com,32,Female,Canada,Quebec,Montreal,2026-02-26,Direct,active,2026-02-26 09:00:00
CUST-01109,Mary,Smith,mary.smith@company210.com,47,Female,United States,Georgia,Atlanta,2026-07-19,Partner,active,2026-07-19 09:00:00
CUST-01110,William,Wright,william.wright@company211.com,29,Male,Germany,Hesse,Frankfurt,2025-09-09,Paid Ads,active,2025-09-09 09:00:00
CUST-01111,George,Harris,george.harris@company212.com,43,Male,United States,Texas,Austin,2025-08-18,Social Media,active,2025-08-18 09:00:00
CUST-01112,Joseph,Robinson,joseph.robinson@company213.com,37,Male,United States,California,San Francisco,2025-11-24,Organic Search,active,2025-11-24 09:00:00
CUST-01113,Andrew,Thompson,andrew.thompson@company214.com,27,Male,Germany,Hesse,Frankfurt,2025-11-24,Paid Ads,churned,2025-11-24 09:00:00
CUST-01114,Mark,Young,mark.young@company215.com,39,Male,United States,Georgia,Atlanta,2025-10-26,Social Media,active,2025-10-26 09:00:00
CUST-01115,James,Gonzalez,james.gonzalez@company216.com,41,Male,United Kingdom,Greater London,London,2026-07-22,Social Media,churned,2026-07-22 09:00:00
CUST-01116,Nancy,Scott,nancy.scott@company217.com,28,Female,Canada,Quebec,Montreal,2024-06-16,Referral,active,2024-06-16 09:00:00
CUST-01117,William,Nguyen,william.nguyen@company218.com,33,Male,United States,Illinois,Chicago,2025-01-17,Direct,active,2025-01-17 09:00:00
CUST-01118,Jonathan,Moore,jonathan.moore@company219.com,33,Male,United Kingdom,Scotland,Edinburgh,2026-03-03,Referral,active,2026-03-03 09:00:00
CUST-01119,Mary,Ramirez,mary.ramirez@company220.com,55,Female,Australia,New South Wales,Sydney,2025-03-17,Social Media,active,2025-03-17 09:00:00
CUST-01120,Sharon,Clark,sharon.clark@company221.com,30,Female,Canada,British Columbia,Vancouver,2026-04-19,Paid Ads,active,2026-04-19 09:00:00
CUST-01121,Mark,Brown,mark.brown@company222.com,21,Male,United States,Georgia,Atlanta,2025-06-18,Paid Ads,churned,2025-06-18 09:00:00
CUST-01122,Betty,Perez,betty.perez@company223.com,28,Female,United Kingdom,Greater London,London,2026-02-23,Direct,churned,2026-02-23 09:00:00
CUST-01123,Jeffrey,Jones,jeffrey.jones@company224.com,34,Male,United States,Massachusetts,Boston,2025-07-19,Paid Ads,active,2025-07-19 09:00:00
CUST-01124,John,Walker,john.walker@company225.com,21,Male,United States,Massachusetts,Boston,2025-03-05,Social Media,churned,2025-03-05 09:00:00
CUST-01125,Richard,Walker,richard.walker@company226.com,33,Male,United States,California,San Francisco,2025-02-13,Social Media,churned,2025-02-13 09:00:00
CUST-01126,William,Hill,william.hill@company227.com,41,Male,Canada,Quebec,Montreal,2026-06-02,Paid Ads,active,2026-06-02 09:00:00
CUST-01127,David,Brown,david.brown@company228.com,51,Male,United States,New York,New York,2026-02-05,Partner,active,2026-02-05 09:00:00
CUST-01128,Ryan,Brown,ryan.brown@company229.com,37,Male,United Kingdom,Greater London,London,2026-02-21,Organic Search,active,2026-02-21 09:00:00
CUST-01129,Larry,Brown,larry.brown@company230.com,23,Male,United States,New York,New York,2026-05-05,Referral,active,2026-05-05 09:00:00
CUST-01130,Sandra,Hill,sandra.hill@company231.com,52,Female,United Kingdom,West Midlands,Birmingham,2026-04-08,Paid Ads,churned,2026-04-08 09:00:00
CUST-01131,Emma,Flores,emma.flores@company232.com,36,Female,United Kingdom,Greater London,London,2024-09-18,Paid Ads,active,2024-09-18 09:00:00
CUST-01132,Pamela,Gonzalez,pamela.gonzalez@company233.com,43,Female,United States,New York,New York,2025-12-22,Referral,active,2025-12-22 09:00:00
CUST-01133,Justin,Rodriguez,justin.rodriguez@company234.com,43,Male,United States,Colorado,Denver,2025-08-27,Paid Ads,active,2025-08-27 09:00:00
CUST-01134,Lisa,Thomas,lisa.thomas@company235.com,21,Female,United States,Texas,Austin,2025-09-09,Paid Ads,churned,2025-09-09 09:00:00
CUST-01135,Shirley,Thompson,shirley.thompson@company236.com,38,Female,Australia,New South Wales,Sydney,2025-12-12,Organic Search,active,2025-12-12 09:00:00
CUST-01136,Nicole,Perez,nicole.perez@company237.com,29,Female,France,Île-de-France,Paris,2026-02-26,Organic Search,active,2026-02-26 09:00:00
CUST-01137,Jeffrey,Thompson,jeffrey.thompson@company238.com,34,Male,United States,Washington,Seattle,2025-11-11,Partner,active,2025-11-11 09:00:00
CUST-01138,Betty,Walker,betty.walker@company239.com,47,Female,France,Auvergne-Rhône-Alpes,Lyon,2025-02-05,Social Media,active,2025-02-05 09:00:00
CUST-01139,Emma,Martin,emma.martin@company240.com,30,Female,United States,Georgia,Atlanta,2025-04-13,Social Media,churned,2025-04-13 09:00:00
CUST-01140,Nicholas,Anderson,nicholas.anderson@company241.com,55,Male,United Kingdom,North West,Manchester,2026-01-13,Paid Ads,active,2026-01-13 09:00:00
CUST-01141,Paul,Walker,paul.walker@company242.com,42,Male,France,Auvergne-Rhône-Alpes,Lyon,2026-03-29,Social Media,active,2026-03-29 09:00:00
CUST-01142,Margaret,Sanchez,margaret.sanchez@company243.com,33,Female,France,Auvergne-Rhône-Alpes,Lyon,2026-02-22,Organic Search,active,2026-02-22 09:00:00
CUST-01143,Patricia,Scott,patricia.scott@company244.com,33,Female,United States,Washington,Seattle,2026-04-30,Referral,active,2026-04-30 09:00:00
CUST-01144,Jennifer,Johnson,jennifer.johnson@company245.com,30,Female,United States,Washington,Seattle,2026-06-24,Social Media,active,2026-06-24 09:00:00
CUST-01145,Brian,Scott,brian.scott@company246.com,31,Male,United States,Texas,Austin,2025-08-26,Social Media,churned,2025-08-26 09:00:00
CUST-01146,John,Rodriguez,john.rodriguez@company247.com,26,Male,Germany,Berlin,Berlin,2024-12-29,Paid Ads,churned,2024-12-29 09:00:00
CUST-01147,Joshua,Robinson,joshua.robinson@company248.com,31,Male,Germany,Hesse,Frankfurt,2025-05-19,Organic Search,active,2025-05-19 09:00:00
CUST-01148,Elizabeth,Davis,elizabeth.davis@company249.com,29,Female,Australia,New South Wales,Sydney,2026-03-11,Organic Search,active,2026-03-11 09:00:00
CUST-01149,Melissa,Lee,melissa.lee@company250.com,23,Female,France,Île-de-France,Paris,2025-03-10,Direct,active,2025-03-10 09:00:00
CUST-01150,Stephen,Jackson,stephen.jackson@company251.com,57,Male,United States,California,San Francisco,2025-06-22,Referral,active,2025-06-22 09:00:00
CUST-01151,Sarah,Allen,sarah.allen@company252.com,50,Female,Australia,New South Wales,Sydney,2025-01-27,Partner,active,2025-01-27 09:00:00
CUST-01152,Emma,Jones,emma.jones@company253.com,24,Female,United States,Massachusetts,Boston,2025-12-13,Paid Ads,churned,2025-12-13 09:00:00
CUST-01153,Lisa,Lee,lisa.lee@company254.com,56,Female,United Kingdom,West Midlands,Birmingham,2025-02-07,Partner,active,2025-02-07 09:00:00
CUST-01154,Kathleen,Moore,kathleen.moore@company255.com,23,Female,United Kingdom,Greater London,London,2025-04-06,Organic Search,active,2025-04-06 09:00:00
CUST-01155,Ryan,Thomas,ryan.thomas@company256.com,31,Male,United States,Colorado,Denver,2025-03-12,Referral,active,2025-03-12 09:00:00
CUST-01156,Kimberly,Scott,kimberly.scott@company257.com,22,Female,Canada,British Columbia,Vancouver,2025-05-26,Paid Ads,churned,2025-05-26 09:00:00
CUST-01157,Sandra,Nguyen,sandra.nguyen@company258.com,21,Female,United Kingdom,Scotland,Edinburgh,2025-08-22,Paid Ads,churned,2025-08-22 09:00:00
CUST-01158,Sharon,Clark,sharon.clark@company259.com,23,Female,United States,Illinois,Chicago,2025-04-10,Paid Ads,churned,2025-04-10 09:00:00
CUST-01159,Ryan,Anderson,ryan.anderson@company260.com,29,Male,United States,New York,New York,2025-10-12,Organic Search,active,2025-10-12 09:00:00
CUST-01160,Andrew,Anderson,andrew.anderson@company261.com,26,Male,United States,California,San Francisco,2025-01-02,Paid Ads,churned,2025-01-02 09:00:00
CUST-01161,Betty,Perez,betty.perez@company262.com,27,Female,Canada,Quebec,Montreal,2024-09-18,Social Media,churned,2024-09-18 09:00:00
CUST-01162,Brandon,Rodriguez,brandon.rodriguez@company263.com,44,Male,Canada,Quebec,Montreal,2026-05-17,Paid Ads,active,2026-05-17 09:00:00
CUST-01163,Mary,Martin,mary.martin@company264.com,31,Female,United States,Colorado,Denver,2025-04-19,Direct,active,2025-04-19 09:00:00
CUST-01164,Gary,Allen,gary.allen@company265.com,48,Male,France,Auvergne-Rhône-Alpes,Lyon,2025-11-01,Organic Search,churned,2025-11-01 09:00:00
CUST-01165,Gary,Anderson,gary.anderson@company266.com,25,Male,Germany,Bavaria,Munich,2025-04-25,Partner,active,2025-04-25 09:00:00
CUST-01166,Carol,Garcia,carol.garcia@company267.com,35,Female,United States,Colorado,Denver,2026-05-24,Organic Search,active,2026-05-24 09:00:00
CUST-01167,Anna,Johnson,anna.johnson@company268.com,41,Female,United Kingdom,North West,Manchester,2026-02-06,Paid Ads,churned,2026-02-06 09:00:00
CUST-01168,Nicholas,Thompson,nicholas.thompson@company269.com,37,Male,United States,Colorado,Denver,2025-04-19,Partner,active,2025-04-19 09:00:00
CUST-01169,Dorothy,Nguyen,dorothy.nguyen@company270.com,37,Female,Germany,Berlin,Berlin,2024-11-06,Organic Search,churned,2024-11-06 09:00:00
CUST-01170,Brenda,Hill,brenda.hill@company271.com,41,Female,United Kingdom,West Midlands,Birmingham,2025-06-20,Direct,active,2025-06-20 09:00:00
CUST-01171,Timothy,Jones,timothy.jones@company272.com,28,Male,United States,New York,New York,2026-07-27,Paid Ads,active,2026-07-27 09:00:00
CUST-01172,Michelle,Garcia,michelle.garcia@company273.com,23,Female,United Kingdom,North West,Manchester,2024-11-29,Organic Search,churned,2024-11-29 09:00:00
CUST-01173,Patricia,Lopez,patricia.lopez@company274.com,31,Female,Australia,Victoria,Melbourne,2025-05-31,Organic Search,active,2025-05-31 09:00:00
CUST-01174,Kenneth,King,kenneth.king@company275.com,30,Male,United States,California,San Francisco,2025-08-04,Organic Search,active,2025-08-04 09:00:00
CUST-01175,Stephanie,Hernandez,stephanie.hernandez@company276.com,42,Female,United States,Colorado,Denver,2026-05-17,Paid Ads,churned,2026-05-17 09:00:00
CUST-01176,Ronald,Wilson,ronald.wilson@company277.com,31,Male,United States,Colorado,Denver,2024-03-03,Social Media,churned,2024-03-03 09:00:00
CUST-01177,Nancy,Hill,nancy.hill@company278.com,31,Female,United States,Washington,Seattle,2024-10-25,Paid Ads,churned,2024-10-25 09:00:00
CUST-01178,Emily,Gonzalez,emily.gonzalez@company279.com,32,Female,United States,New York,New York,2026-07-21,Social Media,active,2026-07-21 09:00:00
CUST-01179,Jonathan,Perez,jonathan.perez@company280.com,44,Male,Australia,Victoria,Melbourne,2024-10-18,Paid Ads,churned,2024-10-18 09:00:00
CUST-01180,David,Jackson,david.jackson@company281.com,52,Male,Australia,Victoria,Melbourne,2026-06-27,Partner,active,2026-06-27 09:00:00
CUST-01181,Stephanie,Flores,stephanie.flores@company282.com,50,Female,Germany,Bavaria,Munich,2025-08-09,Organic Search,churned,2025-08-09 09:00:00
CUST-01182,Cynthia,Harris,cynthia.harris@company283.com,27,Female,United States,New York,New York,2025-10-02,Paid Ads,active,2025-10-02 09:00:00
CUST-01183,Paul,Hernandez,paul.hernandez@company284.com,25,Male,United Kingdom,Scotland,Edinburgh,2025-08-21,Referral,active,2025-08-21 09:00:00
CUST-01184,Donald,Young,donald.young@company285.com,34,Male,Canada,Ontario,Toronto,2026-04-27,Direct,active,2026-04-27 09:00:00
CUST-01185,Richard,Allen,richard.allen@company286.com,44,Male,United States,Georgia,Atlanta,2026-04-10,Organic Search,active,2026-04-10 09:00:00
CUST-01186,Eric,Williams,eric.williams@company287.com,31,Male,United States,Georgia,Atlanta,2024-08-17,Paid Ads,churned,2024-08-17 09:00:00
CUST-01187,Betty,Sanchez,betty.sanchez@company288.com,38,Female,United States,Texas,Austin,2024-10-23,Paid Ads,active,2024-10-23 09:00:00
CUST-01188,Amy,Robinson,amy.robinson@company289.com,21,Female,United Kingdom,North West,Manchester,2024-10-26,Partner,active,2024-10-26 09:00:00
CUST-01189,Sarah,Walker,sarah.walker@company290.com,44,Female,Germany,Berlin,Berlin,2025-05-29,Social Media,active,2025-05-29 09:00:00
CUST-01190,Matthew,Jackson,matthew.jackson@company291.com,30,Male,Canada,Ontario,Toronto,2025-04-06,Organic Search,active,2025-04-06 09:00:00
CUST-01191,Andrew,Martinez,andrew.martinez@company292.com,27,Male,United States,California,San Francisco,2025-01-21,Social Media,churned,2025-01-21 09:00:00
CUST-01192,Ryan,Brown,ryan.brown@company293.com,47,Male,Germany,Hesse,Frankfurt,2026-04-01,Referral,active,2026-04-01 09:00:00
CUST-01193,Ronald,Martin,ronald.martin@company294.com,28,Male,United Kingdom,Greater London,London,2024-08-28,Partner,churned,2024-08-28 09:00:00
CUST-01194,Paul,White,paul.white@company295.com,37,Male,United States,California,San Francisco,2024-12-25,Paid Ads,churned,2024-12-25 09:00:00
CUST-01195,Brian,Gonzalez,brian.gonzalez@company296.com,59,Male,United States,New York,New York,2026-01-03,Partner,active,2026-01-03 09:00:00
CUST-01196,Daniel,Williams,daniel.williams@company297.com,40,Male,United States,Massachusetts,Boston,2025-05-26,Paid Ads,churned,2025-05-26 09:00:00
CUST-01197,Benjamin,Wilson,benjamin.wilson@company298.com,39,Male,United States,Colorado,Denver,2025-04-05,Organic Search,active,2025-04-05 09:00:00
CUST-01198,Richard,Thompson,richard.thompson@company299.com,32,Male,United States,Massachusetts,Boston,2025-12-18,Organic Search,churned,2025-12-18 09:00:00
CUST-01199,Jacob,Anderson,jacob.anderson@company300.com,31,Male,Germany,Hesse,Frankfurt,2025-08-09,Referral,active,2025-08-09 09:00:00
CUST-01200,William,Wilson,william.wilson@company301.com,29,Male,Canada,British Columbia,Vancouver,2025-09-21,Direct,active,2025-09-21 09:00:00
CUST-01201,Stephen,Torres,stephen.torres@company302.com,36,Male,France,Auvergne-Rhône-Alpes,Lyon,2025-08-05,Direct,active,2025-08-05 09:00:00
CUST-01202,Sarah,Perez,sarah.perez@company303.com,28,Female,Canada,Quebec,Montreal,2025-12-21,Paid Ads,active,2025-12-21 09:00:00
CUST-01203,Elizabeth,Perez,elizabeth.perez@company304.com,29,Female,Australia,Victoria,Melbourne,2025-08-03,Paid Ads,churned,2025-08-03 09:00:00
CUST-01204,Eric,Nguyen,eric.nguyen@company305.com,47,Male,United States,California,San Francisco,2024-12-20,Referral,churned,2024-12-20 09:00:00
CUST-01205,Joshua,Thomas,joshua.thomas@company306.com,48,Male,Canada,Quebec,Montreal,2025-11-01,Organic Search,active,2025-11-01 09:00:00
CUST-01206,Edward,Young,edward.young@company307.com,28,Male,United States,Washington,Seattle,2025-07-31,Referral,active,2025-07-31 09:00:00
CUST-01207,Brandon,Lewis,brandon.lewis@company308.com,62,Male,United States,Illinois,Chicago,2025-05-23,Paid Ads,churned,2025-05-23 09:00:00
CUST-01208,Jonathan,Clark,jonathan.clark@company309.com,50,Male,United States,California,San Francisco,2024-01-28,Organic Search,churned,2024-01-28 09:00:00
CUST-01209,Carol,Thomas,carol.thomas@company310.com,27,Female,United States,Washington,Seattle,2025-09-17,Social Media,active,2025-09-17 09:00:00
CUST-01210,Brandon,Harris,brandon.harris@company311.com,37,Male,United States,California,San Francisco,2025-01-21,Organic Search,active,2025-01-21 09:00:00
CUST-01211,Elizabeth,Gonzalez,elizabeth.gonzalez@company312.com,37,Female,France,Île-de-France,Paris,2025-11-16,Organic Search,active,2025-11-16 09:00:00
CUST-01212,Scott,Scott,scott.scott@company313.com,47,Male,Australia,New South Wales,Sydney,2026-05-19,Paid Ads,active,2026-05-19 09:00:00
CUST-01213,Cynthia,Martin,cynthia.martin@company314.com,35,Female,United States,Colorado,Denver,2025-11-06,Organic Search,active,2025-11-06 09:00:00
CUST-01214,Joshua,Jackson,joshua.jackson@company315.com,35,Male,France,Île-de-France,Paris,2026-04-03,Organic Search,active,2026-04-03 09:00:00
CUST-01215,Barbara,White,barbara.white@company316.com,23,Female,United States,Georgia,Atlanta,2026-03-27,Paid Ads,active,2026-03-27 09:00:00
CUST-01216,Karen,Walker,karen.walker@company317.com,31,Female,United States,New York,New York,2025-06-09,Partner,active,2025-06-09 09:00:00
CUST-01217,Nicole,Wright,nicole.wright@company318.com,27,Female,Canada,British Columbia,Vancouver,2025-01-09,Paid Ads,churned,2025-01-09 09:00:00
CUST-01218,Cynthia,Jackson,cynthia.jackson@company319.com,39,Female,United Kingdom,Greater London,London,2026-06-17,Paid Ads,active,2026-06-17 09:00:00
CUST-01219,Betty,Martinez,betty.martinez@company320.com,59,Female,United States,Massachusetts,Boston,2026-02-11,Paid Ads,active,2026-02-11 09:00:00
CUST-01220,Stephanie,White,stephanie.white@company321.com,28,Female,United States,New York,New York,2025-04-23,Paid Ads,active,2025-04-23 09:00:00
CUST-01221,Joseph,Harris,joseph.harris@company322.com,46,Male,United States,Colorado,Denver,2025-09-30,Direct,active,2025-09-30 09:00:00
CUST-01222,Shirley,Young,shirley.young@company323.com,56,Female,United States,California,San Francisco,2025-07-08,Referral,active,2025-07-08 09:00:00
CUST-01223,Ashley,Thomas,ashley.thomas@company324.com,24,Female,Australia,Victoria,Melbourne,2025-11-29,Referral,active,2025-11-29 09:00:00
CUST-01224,Charles,Taylor,charles.taylor@company325.com,48,Male,Australia,New South Wales,Sydney,2025-07-27,Organic Search,churned,2025-07-27 09:00:00
CUST-01225,James,Davis,james.davis@company326.com,43,Male,United Kingdom,West Midlands,Birmingham,2025-05-08,Paid Ads,active,2025-05-08 09:00:00
CUST-01226,Jonathan,Gonzalez,jonathan.gonzalez@company327.com,33,Male,United States,Colorado,Denver,2025-10-13,Organic Search,active,2025-10-13 09:00:00
CUST-01227,Shirley,Wright,shirley.wright@company328.com,36,Female,United States,Illinois,Chicago,2025-10-05,Partner,active,2025-10-05 09:00:00
CUST-01228,Richard,Torres,richard.torres@company329.com,45,Male,United States,Texas,Austin,2025-11-08,Organic Search,active,2025-11-08 09:00:00
CUST-01229,Timothy,Martin,timothy.martin@company330.com,29,Male,United States,Georgia,Atlanta,2025-04-11,Organic Search,active,2025-04-11 09:00:00
CUST-01230,Jason,King,jason.king@company331.com,23,Male,United States,Colorado,Denver,2025-09-08,Organic Search,active,2025-09-08 09:00:00
CUST-01231,Lisa,Rodriguez,lisa.rodriguez@company332.com,28,Female,United States,New York,New York,2025-10-08,Paid Ads,active,2025-10-08 09:00:00
CUST-01232,Matthew,Gonzalez,matthew.gonzalez@company333.com,21,Male,United States,Washington,Seattle,2025-09-14,Organic Search,active,2025-09-14 09:00:00
CUST-01233,Laura,Flores,laura.flores@company334.com,24,Female,United Kingdom,Greater London,London,2026-04-02,Organic Search,active,2026-04-02 09:00:00
CUST-01234,Jessica,Moore,jessica.moore@company335.com,21,Female,United States,Washington,Seattle,2025-09-20,Paid Ads,churned,2025-09-20 09:00:00
CUST-01235,James,Brown,james.brown@company336.com,29,Male,France,Île-de-France,Paris,2024-03-08,Organic Search,churned,2024-03-08 09:00:00
CUST-01236,Ronald,Hill,ronald.hill@company337.com,27,Male,France,Auvergne-Rhône-Alpes,Lyon,2025-03-23,Direct,churned,2025-03-23 09:00:00
CUST-01237,Carol,Hill,carol.hill@company338.com,23,Female,United States,Massachusetts,Boston,2024-05-29,Direct,churned,2024-05-29 09:00:00
CUST-01238,Edward,Sanchez,edward.sanchez@company339.com,36,Male,United States,Massachusetts,Boston,2025-02-12,Social Media,churned,2025-02-12 09:00:00
CUST-01239,James,Robinson,james.robinson@company340.com,50,Male,United States,Texas,Austin,2026-07-30,Organic Search,active,2026-07-30 09:00:00
CUST-01240,Jonathan,Moore,jonathan.moore@company341.com,60,Male,Canada,Ontario,Toronto,2025-09-25,Paid Ads,churned,2025-09-25 09:00:00
CUST-01241,Shirley,Clark,shirley.clark@company342.com,45,Female,United States,Massachusetts,Boston,2024-12-14,Organic Search,active,2024-12-14 09:00:00
CUST-01242,Jennifer,Lee,jennifer.lee@company343.com,49,Female,United States,Georgia,Atlanta,2025-05-17,Paid Ads,churned,2025-05-17 09:00:00
CUST-01243,George,Ramirez,george.ramirez@company344.com,47,Male,Australia,Victoria,Melbourne,2026-07-21,Direct,active,2026-07-21 09:00:00
CUST-01244,Ronald,Jackson,ronald.jackson@company345.com,48,Male,Canada,Quebec,Montreal,2025-10-22,Social Media,active,2025-10-22 09:00:00
CUST-01245,Thomas,Young,thomas.young@company346.com,39,Male,United States,Georgia,Atlanta,2026-02-15,Organic Search,churned,2026-02-15 09:00:00
CUST-01246,Jessica,Walker,jessica.walker@company347.com,44,Female,United States,Washington,Seattle,2025-04-05,Organic Search,churned,2025-04-05 09:00:00
CUST-01247,Richard,Ramirez,richard.ramirez@company348.com,48,Male,United States,Massachusetts,Boston,2025-07-22,Social Media,active,2025-07-22 09:00:00
CUST-01248,Sandra,Taylor,sandra.taylor@company349.com,60,Female,France,Île-de-France,Paris,2025-02-17,Referral,active,2025-02-17 09:00:00
CUST-01249,Barbara,Perez,barbara.perez@company350.com,56,Female,Australia,Queensland,Brisbane,2025-06-17,Organic Search,active,2025-06-17 09:00:00
CUST-01250,Deborah,Harris,deborah.harris@company351.com,51,Female,Germany,Bavaria,Munich,2026-06-20,Social Media,active,2026-06-20 09:00:00
CUST-01251,Steven,Davis,steven.davis@company352.com,27,Male,United States,Massachusetts,Boston,2024-04-27,Partner,churned,2024-04-27 09:00:00
CUST-01252,Joseph,Torres,joseph.torres@company353.com,30,Male,Germany,Bavaria,Munich,2026-05-15,Referral,active,2026-05-15 09:00:00
CUST-01253,Joshua,Brown,joshua.brown@company354.com,27,Male,United States,Colorado,Denver,2024-12-03,Direct,active,2024-12-03 09:00:00
CUST-01254,Melissa,Rodriguez,melissa.rodriguez@company355.com,25,Female,United Kingdom,North West,Manchester,2024-06-16,Organic Search,active,2024-06-16 09:00:00
CUST-01255,Stephen,Robinson,stephen.robinson@company356.com,27,Male,Germany,Bavaria,Munich,2024-08-15,Social Media,churned,2024-08-15 09:00:00
CUST-01256,Cynthia,Martinez,cynthia.martinez@company357.com,44,Female,United States,California,San Francisco,2026-02-02,Referral,active,2026-02-02 09:00:00
CUST-01257,Shirley,Davis,shirley.davis@company358.com,28,Female,Germany,Hesse,Frankfurt,2024-06-28,Paid Ads,churned,2024-06-28 09:00:00
CUST-01258,Nicholas,Jackson,nicholas.jackson@company359.com,52,Male,United States,Massachusetts,Boston,2026-07-09,Organic Search,active,2026-07-09 09:00:00
CUST-01259,Mark,Brown,mark.brown@company360.com,57,Male,Canada,British Columbia,Vancouver,2026-05-21,Partner,active,2026-05-21 09:00:00
CUST-01260,Nancy,Johnson,nancy.johnson@company361.com,28,Female,United States,Georgia,Atlanta,2026-04-17,Direct,active,2026-04-17 09:00:00
CUST-01261,Stephanie,Jones,stephanie.jones@company362.com,21,Female,United States,Washington,Seattle,2025-05-21,Partner,active,2025-05-21 09:00:00
CUST-01262,Susan,Rodriguez,susan.rodriguez@company363.com,21,Female,Germany,Berlin,Berlin,2025-11-15,Social Media,active,2025-11-15 09:00:00
CUST-01263,Cynthia,Hernandez,cynthia.hernandez@company364.com,37,Female,United States,Georgia,Atlanta,2026-03-13,Organic Search,churned,2026-03-13 09:00:00
CUST-01264,Donald,Wilson,donald.wilson@company365.com,39,Male,United States,California,San Francisco,2025-09-11,Paid Ads,churned,2025-09-11 09:00:00
CUST-01265,Charles,Harris,charles.harris@company366.com,49,Male,United States,Texas,Austin,2025-07-13,Direct,active,2025-07-13 09:00:00
CUST-01266,George,Walker,george.walker@company367.com,28,Male,United States,Massachusetts,Boston,2025-04-05,Referral,churned,2025-04-05 09:00:00
CUST-01267,Timothy,Thomas,timothy.thomas@company368.com,31,Male,United States,Georgia,Atlanta,2026-04-03,Paid Ads,active,2026-04-03 09:00:00
CUST-01268,Ronald,Garcia,ronald.garcia@company369.com,53,Male,Germany,Hesse,Frankfurt,2024-05-28,Paid Ads,churned,2024-05-28 09:00:00
CUST-01269,Melissa,Smith,melissa.smith@company370.com,33,Female,United States,Georgia,Atlanta,2026-03-20,Referral,active,2026-03-20 09:00:00
CUST-01270,John,Nguyen,john.nguyen@company371.com,48,Male,United Kingdom,Scotland,Edinburgh,2025-03-10,Referral,active,2025-03-10 09:00:00
CUST-01271,Scott,Lopez,scott.lopez@company372.com,21,Male,France,Auvergne-Rhône-Alpes,Lyon,2025-12-24,Organic Search,churned,2025-12-24 09:00:00
CUST-01272,Richard,Lee,richard.lee@company373.com,29,Male,Australia,Queensland,Brisbane,2025-03-25,Organic Search,active,2025-03-25 09:00:00
CUST-01273,Timothy,Scott,timothy.scott@company374.com,52,Male,Germany,Hesse,Frankfurt,2026-04-13,Paid Ads,active,2026-04-13 09:00:00
CUST-01274,Donald,Davis,donald.davis@company375.com,31,Male,United Kingdom,North West,Manchester,2025-10-31,Organic Search,active,2025-10-31 09:00:00
CUST-01275,Dorothy,Davis,dorothy.davis@company376.com,35,Female,United Kingdom,North West,Manchester,2025-09-18,Organic Search,active,2025-09-18 09:00:00
CUST-01276,Jennifer,Garcia,jennifer.garcia@company377.com,63,Female,United Kingdom,Scotland,Edinburgh,2025-05-23,Direct,churned,2025-05-23 09:00:00
CUST-01277,Jeffrey,Smith,jeffrey.smith@company378.com,22,Male,United States,Illinois,Chicago,2025-07-06,Referral,churned,2025-07-06 09:00:00
CUST-01278,Sarah,Torres,sarah.torres@company379.com,31,Female,United States,Massachusetts,Boston,2025-12-04,Referral,active,2025-12-04 09:00:00
CUST-01279,Richard,Williams,richard.williams@company380.com,21,Male,United States,Illinois,Chicago,2026-04-29,Social Media,active,2026-04-29 09:00:00
CUST-01280,Thomas,Hill,thomas.hill@company381.com,37,Male,United Kingdom,Scotland,Edinburgh,2025-03-26,Organic Search,active,2025-03-26 09:00:00
CUST-01281,Elizabeth,Scott,elizabeth.scott@company382.com,33,Female,United States,Texas,Austin,2024-12-08,Paid Ads,active,2024-12-08 09:00:00
CUST-01282,Steven,Ramirez,steven.ramirez@company383.com,49,Male,United States,Washington,Seattle,2026-04-29,Organic Search,active,2026-04-29 09:00:00
CUST-01283,Betty,White,betty.white@company384.com,34,Female,United Kingdom,North West,Manchester,2025-03-19,Paid Ads,active,2025-03-19 09:00:00
CUST-01284,Kevin,Ramirez,kevin.ramirez@company385.com,22,Male,France,Île-de-France,Paris,2026-05-11,Organic Search,active,2026-05-11 09:00:00
CUST-01285,Stephen,Davis,stephen.davis@company386.com,41,Male,United States,Massachusetts,Boston,2025-04-24,Referral,active,2025-04-24 09:00:00
CUST-01286,Carol,Moore,carol.moore@company387.com,37,Female,Germany,Bavaria,Munich,2025-05-04,Organic Search,churned,2025-05-04 09:00:00
CUST-01287,Sandra,Harris,sandra.harris@company388.com,39,Female,Germany,Berlin,Berlin,2025-10-21,Organic Search,active,2025-10-21 09:00:00
CUST-01288,Pamela,Young,pamela.young@company389.com,30,Female,United States,Illinois,Chicago,2026-03-30,Referral,active,2026-03-30 09:00:00
CUST-01289,Michael,Hernandez,michael.hernandez@company390.com,31,Male,Canada,Ontario,Toronto,2025-05-05,Paid Ads,active,2025-05-05 09:00:00
CUST-01290,Kathleen,Nguyen,kathleen.nguyen@company391.com,26,Female,United States,Texas,Austin,2024-06-20,Referral,active,2024-06-20 09:00:00
CUST-01291,Ronald,Torres,ronald.torres@company392.com,38,Male,United States,Massachusetts,Boston,2026-01-13,Partner,active,2026-01-13 09:00:00
CUST-01292,Brandon,Clark,brandon.clark@company393.com,50,Male,United States,Massachusetts,Boston,2025-06-26,Partner,active,2025-06-26 09:00:00
CUST-01293,Emily,Ramirez,emily.ramirez@company394.com,38,Female,Canada,Ontario,Toronto,2025-06-18,Paid Ads,churned,2025-06-18 09:00:00
CUST-01294,Joshua,Clark,joshua.clark@company395.com,28,Male,Germany,Hesse,Frankfurt,2025-01-04,Organic Search,active,2025-01-04 09:00:00
CUST-01295,David,Hernandez,david.hernandez@company396.com,37,Male,United States,Illinois,Chicago,2026-04-16,Referral,active,2026-04-16 09:00:00
CUST-01296,Mary,Ramirez,mary.ramirez@company397.com,60,Female,Australia,New South Wales,Sydney,2026-04-15,Paid Ads,active,2026-04-15 09:00:00
CUST-01297,Timothy,Smith,timothy.smith@company398.com,51,Male,Australia,Queensland,Brisbane,2025-04-08,Organic Search,churned,2025-04-08 09:00:00
CUST-01298,Helen,Thompson,helen.thompson@company399.com,24,Female,Canada,Quebec,Montreal,2024-11-03,Referral,churned,2024-11-03 09:00:00
CUST-01299,Brandon,Lewis,brandon.lewis@company400.com,33,Male,United Kingdom,North West,Manchester,2024-07-21,Organic Search,active,2024-07-21 09:00:00
CUST-01300,Sarah,Allen,sarah.allen@company401.com,35,Female,United States,Georgia,Atlanta,2025-06-05,Paid Ads,churned,2025-06-05 09:00:00
CUST-01301,Jessica,Perez,jessica.perez@company402.com,48,Female,United States,New York,New York,2025-06-16,Organic Search,active,2025-06-16 09:00:00
CUST-01302,Donna,Taylor,donna.taylor@company403.com,30,Female,Canada,Quebec,Montreal,2025-08-06,Paid Ads,active,2025-08-06 09:00:00
CUST-01303,Shirley,Williams,shirley.williams@company404.com,46,Female,Australia,Victoria,Melbourne,2025-09-14,Organic Search,churned,2025-09-14 09:00:00
CUST-01304,Benjamin,Robinson,benjamin.robinson@company405.com,35,Male,United States,California,San Francisco,2026-03-25,Paid Ads,churned,2026-03-25 09:00:00
CUST-01305,Timothy,Thompson,timothy.thompson@company406.com,31,Male,United States,Washington,Seattle,2025-10-25,Organic Search,active,2025-10-25 09:00:00
CUST-01306,Jason,Davis,jason.davis@company407.com,47,Male,United States,Illinois,Chicago,2025-11-29,Organic Search,active,2025-11-29 09:00:00
CUST-01307,Melissa,Martin,melissa.martin@company408.com,37,Female,Australia,Queensland,Brisbane,2024-11-26,Social Media,active,2024-11-26 09:00:00
CUST-01308,Ryan,Lewis,ryan.lewis@company409.com,25,Male,United States,Colorado,Denver,2025-12-11,Organic Search,churned,2025-12-11 09:00:00
CUST-01309,Joseph,Gonzalez,joseph.gonzalez@company410.com,24,Male,United States,Colorado,Denver,2024-10-31,Partner,active,2024-10-31 09:00:00
CUST-01310,Daniel,Gonzalez,daniel.gonzalez@company411.com,49,Male,France,Auvergne-Rhône-Alpes,Lyon,2024-06-17,Organic Search,churned,2024-06-17 09:00:00
CUST-01311,Anna,Young,anna.young@company412.com,39,Female,Canada,British Columbia,Vancouver,2024-07-29,Partner,churned,2024-07-29 09:00:00
CUST-01312,Shirley,Harris,shirley.harris@company413.com,31,Female,France,Île-de-France,Paris,2026-05-22,Organic Search,active,2026-05-22 09:00:00
CUST-01313,Shirley,Smith,shirley.smith@company414.com,36,Female,United States,Massachusetts,Boston,2025-09-05,Paid Ads,active,2025-09-05 09:00:00
CUST-01314,Jeffrey,Walker,jeffrey.walker@company415.com,21,Male,United States,Colorado,Denver,2025-08-01,Organic Search,active,2025-08-01 09:00:00
CUST-01315,Eric,Lopez,eric.lopez@company416.com,28,Male,Canada,British Columbia,Vancouver,2026-04-22,Direct,active,2026-04-22 09:00:00
CUST-01316,Jeffrey,Gonzalez,jeffrey.gonzalez@company417.com,28,Male,Germany,Berlin,Berlin,2025-01-05,Partner,active,2025-01-05 09:00:00
CUST-01317,Anthony,Nguyen,anthony.nguyen@company418.com,49,Male,United States,New York,New York,2025-02-20,Organic Search,active,2025-02-20 09:00:00
CUST-01318,Andrew,Gonzalez,andrew.gonzalez@company419.com,30,Male,United States,Washington,Seattle,2025-04-11,Organic Search,churned,2025-04-11 09:00:00
CUST-01319,Ronald,Clark,ronald.clark@company420.com,27,Male,Canada,Ontario,Toronto,2026-07-11,Organic Search,active,2026-07-11 09:00:00
CUST-01320,Kathleen,Brown,kathleen.brown@company421.com,22,Female,United Kingdom,Scotland,Edinburgh,2025-08-07,Organic Search,active,2025-08-07 09:00:00
CUST-01321,Emily,Thompson,emily.thompson@company422.com,36,Female,United States,California,San Francisco,2024-07-29,Organic Search,churned,2024-07-29 09:00:00
CUST-01322,Michael,Lee,michael.lee@company423.com,26,Male,United States,New York,New York,2025-05-30,Paid Ads,active,2025-05-30 09:00:00
CUST-01323,Amy,White,amy.white@company424.com,38,Female,United States,California,San Francisco,2025-03-07,Referral,active,2025-03-07 09:00:00
CUST-01324,Brian,White,brian.white@company425.com,53,Male,United States,Massachusetts,Boston,2025-12-23,Organic Search,active,2025-12-23 09:00:00
CUST-01325,Margaret,Nguyen,margaret.nguyen@company426.com,29,Female,Australia,New South Wales,Sydney,2024-12-31,Referral,churned,2024-12-31 09:00:00
CUST-01326,Robert,Nguyen,robert.nguyen@company427.com,35,Male,Australia,New South Wales,Sydney,2024-04-12,Organic Search,churned,2024-04-12 09:00:00
CUST-01327,Susan,Jones,susan.jones@company428.com,60,Female,United Kingdom,Scotland,Edinburgh,2026-06-15,Partner,churned,2026-06-15 09:00:00
CUST-01328,Stephen,Martinez,stephen.martinez@company429.com,43,Male,United States,Illinois,Chicago,2024-12-12,Social Media,churned,2024-12-12 09:00:00
CUST-01329,Melissa,Lewis,melissa.lewis@company430.com,35,Female,United States,Colorado,Denver,2025-05-04,Organic Search,active,2025-05-04 09:00:00
CUST-01330,Angela,Allen,angela.allen@company431.com,42,Female,United States,Illinois,Chicago,2024-10-16,Referral,active,2024-10-16 09:00:00
CUST-01331,Kenneth,Williams,kenneth.williams@company432.com,34,Male,United States,Washington,Seattle,2026-01-16,Partner,active,2026-01-16 09:00:00
CUST-01332,Amy,Wright,amy.wright@company433.com,56,Female,France,Île-de-France,Paris,2025-01-31,Paid Ads,churned,2025-01-31 09:00:00
CUST-01333,Anna,Harris,anna.harris@company434.com,26,Female,United States,Texas,Austin,2025-01-02,Organic Search,churned,2025-01-02 09:00:00
CUST-01334,Scott,Smith,scott.smith@company435.com,37,Male,Germany,Bavaria,Munich,2025-02-16,Paid Ads,churned,2025-02-16 09:00:00
CUST-01335,Michelle,Anderson,michelle.anderson@company436.com,21,Female,United States,New York,New York,2025-12-28,Organic Search,active,2025-12-28 09:00:00
CUST-01336,Stephen,Thomas,stephen.thomas@company437.com,24,Male,United Kingdom,Scotland,Edinburgh,2026-07-11,Direct,active,2026-07-11 09:00:00
CUST-01337,Linda,Thomas,linda.thomas@company438.com,37,Female,United States,New York,New York,2025-05-21,Organic Search,active,2025-05-21 09:00:00
CUST-01338,Nicole,White,nicole.white@company439.com,31,Female,Australia,Queensland,Brisbane,2025-04-29,Organic Search,active,2025-04-29 09:00:00
CUST-01339,Jason,Flores,jason.flores@company440.com,36,Male,France,Île-de-France,Paris,2026-03-16,Social Media,active,2026-03-16 09:00:00
CUST-01340,Andrew,Lopez,andrew.lopez@company441.com,28,Male,United States,New York,New York,2025-06-15,Partner,active,2025-06-15 09:00:00
CUST-01341,Kimberly,Hill,kimberly.hill@company442.com,36,Female,Germany,Berlin,Berlin,2026-03-03,Paid Ads,active,2026-03-03 09:00:00
CUST-01342,Scott,Sanchez,scott.sanchez@company443.com,33,Male,United States,Colorado,Denver,2025-01-15,Paid Ads,active,2025-01-15 09:00:00
CUST-01343,Barbara,Young,barbara.young@company444.com,36,Female,United States,Texas,Austin,2025-09-18,Organic Search,churned,2025-09-18 09:00:00
CUST-01344,Lisa,Jackson,lisa.jackson@company445.com,24,Female,United States,Texas,Austin,2026-03-18,Social Media,active,2026-03-18 09:00:00
CUST-01345,William,Martinez,william.martinez@company446.com,34,Male,United States,Colorado,Denver,2026-03-08,Organic Search,active,2026-03-08 09:00:00
CUST-01346,James,Hill,james.hill@company447.com,25,Male,United States,New York,New York,2025-11-15,Social Media,churned,2025-11-15 09:00:00
CUST-01347,Thomas,Thomas,thomas.thomas@company448.com,53,Male,United States,California,San Francisco,2025-12-24,Partner,active,2025-12-24 09:00:00
CUST-01348,Richard,Wright,richard.wright@company449.com,52,Male,United States,New York,New York,2024-11-10,Organic Search,churned,2024-11-10 09:00:00
CUST-01349,Brenda,Lewis,brenda.lewis@company450.com,44,Female,United States,Georgia,Atlanta,2025-10-06,Organic Search,churned,2025-10-06 09:00:00
CUST-01350,Stephen,Moore,stephen.moore@company1.com,37,Male,United States,California,San Francisco,2026-05-17,Organic Search,active,2026-05-17 09:00:00
CUST-01351,Susan,Allen,susan.allen@company2.com,55,Female,United States,California,San Francisco,2026-05-12,Social Media,active,2026-05-12 09:00:00
CUST-01352,Mark,Ramirez,mark.ramirez@company3.com,28,Male,United States,Illinois,Chicago,2025-02-10,Organic Search,active,2025-02-10 09:00:00
CUST-01353,Jessica,Young,jessica.young@company4.com,38,Female,United States,New York,New York,2024-11-21,Direct,churned,2024-11-21 09:00:00
CUST-01354,Amanda,Jones,amanda.jones@company5.com,44,Female,United States,New York,New York,2026-02-10,Social Media,active,2026-02-10 09:00:00
CUST-01355,Matthew,Ramirez,matthew.ramirez@company6.com,25,Male,United Kingdom,West Midlands,Birmingham,2025-02-17,Organic Search,active,2025-02-17 09:00:00
CUST-01356,Emma,Jackson,emma.jackson@company7.com,34,Female,United States,Georgia,Atlanta,2025-07-30,Referral,active,2025-07-30 09:00:00
CUST-01357,Elizabeth,Smith,elizabeth.smith@company8.com,35,Female,France,Île-de-France,Paris,2025-12-08,Paid Ads,active,2025-12-08 09:00:00
CUST-01358,Laura,Walker,laura.walker@company9.com,43,Female,United States,Colorado,Denver,2026-07-11,Direct,active,2026-07-11 09:00:00
CUST-01359,Karen,Garcia,karen.garcia@company10.com,36,Female,United States,Colorado,Denver,2025-10-07,Paid Ads,churned,2025-10-07 09:00:00
CUST-01360,Sharon,Walker,sharon.walker@company11.com,34,Female,United States,Massachusetts,Boston,2026-07-18,Organic Search,active,2026-07-18 09:00:00
CUST-01361,Ronald,Clark,ronald.clark@company12.com,29,Male,United Kingdom,West Midlands,Birmingham,2025-05-20,Paid Ads,churned,2025-05-20 09:00:00
CUST-01362,Ronald,Garcia,ronald.garcia@company13.com,31,Male,United States,Washington,Seattle,2025-01-19,Partner,active,2025-01-19 09:00:00
CUST-01363,Edward,Smith,edward.smith@company14.com,36,Male,Germany,Bavaria,Munich,2025-11-05,Referral,active,2025-11-05 09:00:00
CUST-01364,Joseph,Brown,joseph.brown@company15.com,35,Male,United States,Texas,Austin,2025-07-11,Organic Search,active,2025-07-11 09:00:00
CUST-01365,Larry,Clark,larry.clark@company16.com,30,Male,Germany,Berlin,Berlin,2024-12-12,Partner,churned,2024-12-12 09:00:00
CUST-01366,Charles,Harris,charles.harris@company17.com,58,Male,Canada,British Columbia,Vancouver,2025-04-09,Paid Ads,churned,2025-04-09 09:00:00
CUST-01367,Scott,Jones,scott.jones@company18.com,31,Male,United Kingdom,North West,Manchester,2025-08-18,Organic Search,churned,2025-08-18 09:00:00
CUST-01368,Karen,Garcia,karen.garcia@company19.com,32,Female,United States,Colorado,Denver,2025-03-30,Organic Search,churned,2025-03-30 09:00:00
CUST-01369,Gary,Rodriguez,gary.rodriguez@company20.com,45,Male,Canada,British Columbia,Vancouver,2025-11-14,Paid Ads,churned,2025-11-14 09:00:00
CUST-01370,Laura,Smith,laura.smith@company21.com,27,Female,United States,California,San Francisco,2024-07-29,Referral,churned,2024-07-29 09:00:00
CUST-01371,Eric,Hernandez,eric.hernandez@company22.com,23,Male,Germany,Hesse,Frankfurt,2026-03-10,Direct,active,2026-03-10 09:00:00
CUST-01372,Anna,Taylor,anna.taylor@company23.com,50,Female,United Kingdom,North West,Manchester,2026-01-06,Paid Ads,active,2026-01-06 09:00:00
CUST-01373,Andrew,Garcia,andrew.garcia@company24.com,27,Male,France,Île-de-France,Paris,2026-06-01,Partner,active,2026-06-01 09:00:00
CUST-01374,Emma,Brown,emma.brown@company25.com,21,Female,United States,New York,New York,2025-04-25,Social Media,active,2025-04-25 09:00:00
CUST-01375,Kathleen,Lee,kathleen.lee@company26.com,43,Female,United States,Colorado,Denver,2026-02-04,Organic Search,active,2026-02-04 09:00:00
CUST-01376,Sharon,Gonzalez,sharon.gonzalez@company27.com,36,Female,United States,Massachusetts,Boston,2024-08-11,Referral,churned,2024-08-11 09:00:00
CUST-01377,Patricia,Thomas,patricia.thomas@company28.com,25,Female,United Kingdom,Greater London,London,2025-11-04,Organic Search,active,2025-11-04 09:00:00
CUST-01378,Joshua,Gonzalez,joshua.gonzalez@company29.com,36,Male,United Kingdom,Greater London,London,2026-02-28,Organic Search,active,2026-02-28 09:00:00
CUST-01379,Justin,Torres,justin.torres@company30.com,27,Male,France,Auvergne-Rhône-Alpes,Lyon,2026-06-01,Organic Search,churned,2026-06-01 09:00:00
CUST-01380,Barbara,Martin,barbara.martin@company31.com,34,Female,United States,Illinois,Chicago,2026-04-03,Direct,active,2026-04-03 09:00:00
CUST-01381,Kevin,Sanchez,kevin.sanchez@company32.com,52,Male,France,Île-de-France,Paris,2025-10-23,Paid Ads,active,2025-10-23 09:00:00
CUST-01382,Eric,Martinez,eric.martinez@company33.com,21,Male,Germany,Bavaria,Munich,2026-07-10,Referral,active,2026-07-10 09:00:00
CUST-01383,Kenneth,Hernandez,kenneth.hernandez@company34.com,34,Male,United States,New York,New York,2025-09-16,Direct,active,2025-09-16 09:00:00
CUST-01384,Donald,Martinez,donald.martinez@company35.com,43,Male,United States,Massachusetts,Boston,2026-04-16,Paid Ads,active,2026-04-16 09:00:00
CUST-01385,Brian,Jackson,brian.jackson@company36.com,29,Male,Germany,Bavaria,Munich,2024-11-15,Organic Search,churned,2024-11-15 09:00:00
CUST-01386,Ashley,Wilson,ashley.wilson@company37.com,39,Female,United Kingdom,North West,Manchester,2025-04-09,Referral,active,2025-04-09 09:00:00
CUST-01387,Susan,Smith,susan.smith@company38.com,34,Female,Australia,Queensland,Brisbane,2026-03-15,Social Media,active,2026-03-15 09:00:00
CUST-01388,Nicholas,Miller,nicholas.miller@company39.com,21,Male,United States,Illinois,Chicago,2024-12-30,Organic Search,churned,2024-12-30 09:00:00
CUST-01389,Brenda,White,brenda.white@company40.com,22,Female,United States,Georgia,Atlanta,2024-05-24,Organic Search,churned,2024-05-24 09:00:00
CUST-01390,Kimberly,Lewis,kimberly.lewis@company41.com,46,Female,United States,New York,New York,2026-04-28,Direct,active,2026-04-28 09:00:00
CUST-01391,Jennifer,White,jennifer.white@company42.com,57,Female,United States,Texas,Austin,2024-08-07,Paid Ads,churned,2024-08-07 09:00:00
CUST-01392,Melissa,Garcia,melissa.garcia@company43.com,50,Female,United Kingdom,Scotland,Edinburgh,2026-03-07,Social Media,churned,2026-03-07 09:00:00
CUST-01393,Benjamin,Brown,benjamin.brown@company44.com,43,Male,United States,California,San Francisco,2026-01-13,Organic Search,active,2026-01-13 09:00:00
CUST-01394,Kenneth,Harris,kenneth.harris@company45.com,38,Male,United States,New York,New York,2026-02-08,Organic Search,active,2026-02-08 09:00:00
CUST-01395,Barbara,Thompson,barbara.thompson@company46.com,34,Female,United Kingdom,West Midlands,Birmingham,2025-12-14,Organic Search,active,2025-12-14 09:00:00
CUST-01396,Richard,Sanchez,richard.sanchez@company47.com,46,Male,United States,Massachusetts,Boston,2024-12-08,Organic Search,active,2024-12-08 09:00:00
CUST-01397,Nicole,Young,nicole.young@company48.com,27,Female,Canada,Ontario,Toronto,2024-08-21,Organic Search,active,2024-08-21 09:00:00
CUST-01398,Stephen,Martinez,stephen.martinez@company49.com,46,Male,United States,Washington,Seattle,2025-02-15,Paid Ads,active,2025-02-15 09:00:00
CUST-01399,Brandon,Harris,brandon.harris@company50.com,28,Male,Germany,Bavaria,Munich,2025-02-03,Direct,active,2025-02-03 09:00:00
CUST-01400,Michael,Wilson,michael.wilson@company51.com,43,Male,France,Auvergne-Rhône-Alpes,Lyon,2025-01-14,Organic Search,active,2025-01-14 09:00:00
CUST-01401,David,Martinez,david.martinez@company52.com,31,Male,United States,Illinois,Chicago,2025-01-27,Social Media,churned,2025-01-27 09:00:00
CUST-01402,Rebecca,King,rebecca.king@company53.com,29,Female,Australia,New South Wales,Sydney,2025-10-20,Social Media,churned,2025-10-20 09:00:00
CUST-01403,Jeffrey,Perez,jeffrey.perez@company54.com,45,Male,United States,Washington,Seattle,2026-03-05,Paid Ads,active,2026-03-05 09:00:00
CUST-01404,Kathleen,Walker,kathleen.walker@company55.com,30,Female,Germany,Hesse,Frankfurt,2024-08-31,Paid Ads,active,2024-08-31 09:00:00
CUST-01405,Mary,Scott,mary.scott@company56.com,50,Female,United Kingdom,Greater London,London,2026-05-06,Partner,active,2026-05-06 09:00:00
CUST-01406,Kevin,Lee,kevin.lee@company57.com,31,Male,Australia,New South Wales,Sydney,2026-05-30,Paid Ads,active,2026-05-30 09:00:00
CUST-01407,Jessica,Clark,jessica.clark@company58.com,25,Female,Canada,British Columbia,Vancouver,2025-06-02,Direct,active,2025-06-02 09:00:00
CUST-01408,Ryan,Nguyen,ryan.nguyen@company59.com,40,Male,United States,Washington,Seattle,2025-06-13,Paid Ads,active,2025-06-13 09:00:00
CUST-01409,Brandon,Harris,brandon.harris@company60.com,38,Male,United States,Washington,Seattle,2026-03-23,Direct,active,2026-03-23 09:00:00
CUST-01410,Edward,White,edward.white@company61.com,21,Male,Australia,Queensland,Brisbane,2025-12-01,Social Media,active,2025-12-01 09:00:00
CUST-01411,Nicholas,Robinson,nicholas.robinson@company62.com,22,Male,United States,Colorado,Denver,2024-12-28,Paid Ads,churned,2024-12-28 09:00:00
CUST-01412,Jessica,Lopez,jessica.lopez@company63.com,30,Female,United States,Texas,Austin,2026-07-03,Paid Ads,active,2026-07-03 09:00:00
CUST-01413,Donna,Ramirez,donna.ramirez@company64.com,53,Female,Canada,Ontario,Toronto,2026-05-21,Direct,active,2026-05-21 09:00:00
CUST-01414,David,Johnson,david.johnson@company65.com,63,Male,United States,Georgia,Atlanta,2025-05-12,Partner,churned,2025-05-12 09:00:00
CUST-01415,Ryan,Allen,ryan.allen@company66.com,21,Male,United States,Illinois,Chicago,2026-07-29,Social Media,active,2026-07-29 09:00:00
CUST-01416,Mark,Robinson,mark.robinson@company67.com,32,Male,United States,Georgia,Atlanta,2025-03-25,Direct,active,2025-03-25 09:00:00
CUST-01417,Cynthia,Clark,cynthia.clark@company68.com,58,Female,United Kingdom,West Midlands,Birmingham,2026-06-12,Organic Search,active,2026-06-12 09:00:00
CUST-01418,Sandra,Allen,sandra.allen@company69.com,33,Female,Australia,Victoria,Melbourne,2025-07-28,Paid Ads,churned,2025-07-28 09:00:00
CUST-01419,Ashley,Smith,ashley.smith@company70.com,43,Female,United States,California,San Francisco,2025-10-07,Organic Search,active,2025-10-07 09:00:00
CUST-01420,Angela,Hill,angela.hill@company71.com,30,Female,United States,Colorado,Denver,2025-03-23,Organic Search,churned,2025-03-23 09:00:00
CUST-01421,Betty,Flores,betty.flores@company72.com,36,Female,Germany,Hesse,Frankfurt,2024-12-24,Paid Ads,active,2024-12-24 09:00:00
CUST-01422,Lisa,Sanchez,lisa.sanchez@company73.com,47,Female,United Kingdom,West Midlands,Birmingham,2025-05-27,Organic Search,churned,2025-05-27 09:00:00
CUST-01423,Eric,Davis,eric.davis@company74.com,51,Male,Germany,Hesse,Frankfurt,2026-04-16,Social Media,active,2026-04-16 09:00:00
CUST-01424,Kevin,Wilson,kevin.wilson@company75.com,40,Male,United States,California,San Francisco,2025-10-23,Referral,active,2025-10-23 09:00:00
CUST-01425,John,Flores,john.flores@company76.com,42,Male,Australia,New South Wales,Sydney,2025-04-25,Referral,churned,2025-04-25 09:00:00
CUST-01426,Thomas,Robinson,thomas.robinson@company77.com,38,Male,Canada,Ontario,Toronto,2025-10-09,Organic Search,churned,2025-10-09 09:00:00
CUST-01427,Joshua,Gonzalez,joshua.gonzalez@company78.com,38,Male,United States,Colorado,Denver,2025-09-06,Partner,active,2025-09-06 09:00:00
CUST-01428,Andrew,Garcia,andrew.garcia@company79.com,52,Male,United Kingdom,Greater London,London,2024-10-24,Organic Search,churned,2024-10-24 09:00:00
CUST-01429,Richard,Martinez,richard.martinez@company80.com,30,Male,Australia,New South Wales,Sydney,2025-02-13,Organic Search,active,2025-02-13 09:00:00
CUST-01430,Margaret,Sanchez,margaret.sanchez@company81.com,31,Female,Germany,Bavaria,Munich,2026-05-19,Organic Search,churned,2026-05-19 09:00:00
CUST-01431,Donald,Clark,donald.clark@company82.com,35,Male,United States,Georgia,Atlanta,2025-06-24,Social Media,active,2025-06-24 09:00:00
CUST-01432,Joshua,Smith,joshua.smith@company83.com,37,Male,United Kingdom,Greater London,London,2024-08-10,Organic Search,active,2024-08-10 09:00:00
CUST-01433,Amanda,Walker,amanda.walker@company84.com,45,Female,United Kingdom,Greater London,London,2026-07-23,Organic Search,active,2026-07-23 09:00:00
CUST-01434,Jessica,Gonzalez,jessica.gonzalez@company85.com,34,Female,United Kingdom,North West,Manchester,2026-07-28,Organic Search,active,2026-07-28 09:00:00
CUST-01435,Jessica,Wilson,jessica.wilson@company86.com,35,Female,United States,New York,New York,2025-05-27,Partner,churned,2025-05-27 09:00:00
CUST-01436,Andrew,Moore,andrew.moore@company87.com,32,Male,France,Auvergne-Rhône-Alpes,Lyon,2025-07-17,Partner,active,2025-07-17 09:00:00
CUST-01437,Cynthia,Young,cynthia.young@company88.com,32,Female,Australia,New South Wales,Sydney,2025-09-30,Organic Search,active,2025-09-30 09:00:00
CUST-01438,Andrew,Sanchez,andrew.sanchez@company89.com,37,Male,Germany,Hesse,Frankfurt,2026-01-26,Paid Ads,churned,2026-01-26 09:00:00
CUST-01439,Nicholas,Ramirez,nicholas.ramirez@company90.com,48,Male,United States,Illinois,Chicago,2024-08-14,Social Media,active,2024-08-14 09:00:00
CUST-01440,Brandon,Harris,brandon.harris@company91.com,25,Male,United Kingdom,Scotland,Edinburgh,2025-11-26,Social Media,active,2025-11-26 09:00:00
CUST-01441,Ryan,Hernandez,ryan.hernandez@company92.com,48,Male,France,Auvergne-Rhône-Alpes,Lyon,2026-05-02,Referral,active,2026-05-02 09:00:00
CUST-01442,Nicole,King,nicole.king@company93.com,21,Female,United States,Texas,Austin,2026-05-01,Social Media,churned,2026-05-01 09:00:00
CUST-01443,Lisa,Thompson,lisa.thompson@company94.com,26,Female,United States,Massachusetts,Boston,2024-12-09,Paid Ads,churned,2024-12-09 09:00:00
CUST-01444,Jessica,Smith,jessica.smith@company95.com,36,Female,United States,Massachusetts,Boston,2025-06-11,Organic Search,churned,2025-06-11 09:00:00
CUST-01445,Sandra,Scott,sandra.scott@company96.com,21,Female,United States,Washington,Seattle,2025-07-23,Paid Ads,churned,2025-07-23 09:00:00
CUST-01446,Larry,Moore,larry.moore@company97.com,52,Male,Australia,Queensland,Brisbane,2024-10-21,Organic Search,active,2024-10-21 09:00:00
CUST-01447,Sharon,Lee,sharon.lee@company98.com,65,Female,United States,California,San Francisco,2026-02-18,Social Media,active,2026-02-18 09:00:00
CUST-01448,Jennifer,Moore,jennifer.moore@company99.com,30,Female,United States,Texas,Austin,2024-11-28,Referral,active,2024-11-28 09:00:00
CUST-01449,Ashley,Torres,ashley.torres@company100.com,26,Female,United States,California,San Francisco,2025-10-28,Social Media,churned,2025-10-28 09:00:00
CUST-01450,Sarah,Sanchez,sarah.sanchez@company101.com,38,Female,United Kingdom,Greater London,London,2026-05-24,Paid Ads,active,2026-05-24 09:00:00
CUST-01451,William,Walker,william.walker@company102.com,35,Male,Germany,Hesse,Frankfurt,2026-05-22,Paid Ads,active,2026-05-22 09:00:00
CUST-01452,Amanda,Sanchez,amanda.sanchez@company103.com,30,Female,Canada,British Columbia,Vancouver,2025-03-08,Referral,active,2025-03-08 09:00:00
CUST-01453,Michelle,Robinson,michelle.robinson@company104.com,34,Female,United Kingdom,Greater London,London,2025-07-03,Social Media,churned,2025-07-03 09:00:00
CUST-01454,John,Anderson,john.anderson@company105.com,25,Male,United States,New York,New York,2026-06-17,Direct,churned,2026-06-17 09:00:00
CUST-01455,Sandra,Hernandez,sandra.hernandez@company106.com,21,Female,Canada,British Columbia,Vancouver,2024-11-18,Social Media,churned,2024-11-18 09:00:00
CUST-01456,Michael,Taylor,michael.taylor@company107.com,49,Male,United States,California,San Francisco,2024-05-11,Direct,churned,2024-05-11 09:00:00
CUST-01457,Steven,Perez,steven.perez@company108.com,27,Male,Germany,Bavaria,Munich,2025-09-19,Organic Search,active,2025-09-19 09:00:00
CUST-01458,Thomas,Nguyen,thomas.nguyen@company109.com,42,Male,United States,Texas,Austin,2026-05-01,Partner,active,2026-05-01 09:00:00
CUST-01459,Laura,Davis,laura.davis@company110.com,26,Female,United States,Georgia,Atlanta,2024-11-28,Referral,active,2024-11-28 09:00:00
CUST-01460,Dorothy,Walker,dorothy.walker@company111.com,33,Female,United States,Illinois,Chicago,2025-08-20,Partner,churned,2025-08-20 09:00:00
CUST-01461,Anna,Thomas,anna.thomas@company112.com,49,Female,Canada,Ontario,Toronto,2026-07-06,Referral,active,2026-07-06 09:00:00
CUST-01462,Nicholas,Brown,nicholas.brown@company113.com,27,Male,United Kingdom,West Midlands,Birmingham,2026-03-05,Social Media,active,2026-03-05 09:00:00
CUST-01463,Nicholas,Miller,nicholas.miller@company114.com,36,Male,Germany,Hesse,Frankfurt,2026-04-11,Paid Ads,active,2026-04-11 09:00:00
CUST-01464,Michelle,Robinson,michelle.robinson@company115.com,37,Female,Germany,Berlin,Berlin,2024-08-05,Social Media,churned,2024-08-05 09:00:00
CUST-01465,Edward,Harris,edward.harris@company116.com,46,Male,Germany,Hesse,Frankfurt,2025-11-21,Organic Search,active,2025-11-21 09:00:00
CUST-01466,Betty,Jones,betty.jones@company117.com,26,Female,United States,Illinois,Chicago,2026-02-22,Direct,active,2026-02-22 09:00:00
CUST-01467,Charles,Robinson,charles.robinson@company118.com,55,Male,Canada,Ontario,Toronto,2025-02-24,Organic Search,active,2025-02-24 09:00:00
CUST-01468,Lisa,Moore,lisa.moore@company119.com,27,Female,United Kingdom,West Midlands,Birmingham,2025-06-13,Paid Ads,active,2025-06-13 09:00:00
CUST-01469,Larry,Garcia,larry.garcia@company120.com,40,Male,United States,Colorado,Denver,2025-08-10,Paid Ads,churned,2025-08-10 09:00:00
CUST-01470,Linda,Lewis,linda.lewis@company121.com,29,Female,United States,Colorado,Denver,2024-11-05,Partner,churned,2024-11-05 09:00:00
CUST-01471,Betty,Jackson,betty.jackson@company122.com,32,Female,United States,Illinois,Chicago,2026-02-25,Paid Ads,churned,2026-02-25 09:00:00
CUST-01472,Angela,Ramirez,angela.ramirez@company123.com,27,Female,United States,Washington,Seattle,2026-04-04,Direct,active,2026-04-04 09:00:00
CUST-01473,Joseph,Brown,joseph.brown@company124.com,46,Male,United Kingdom,North West,Manchester,2024-10-26,Organic Search,active,2024-10-26 09:00:00
CUST-01474,Andrew,Anderson,andrew.anderson@company125.com,40,Male,Canada,British Columbia,Vancouver,2025-05-17,Paid Ads,active,2025-05-17 09:00:00
CUST-01475,Mark,Moore,mark.moore@company126.com,30,Male,United States,Washington,Seattle,2025-12-18,Paid Ads,churned,2025-12-18 09:00:00
CUST-01476,Nicole,Jackson,nicole.jackson@company127.com,43,Female,United States,Georgia,Atlanta,2026-01-18,Partner,active,2026-01-18 09:00:00
CUST-01477,Daniel,Lee,daniel.lee@company128.com,40,Male,United States,Massachusetts,Boston,2026-04-23,Social Media,churned,2026-04-23 09:00:00
CUST-01478,James,Walker,james.walker@company129.com,37,Male,United States,Illinois,Chicago,2025-01-23,Social Media,active,2025-01-23 09:00:00
CUST-01479,James,Hill,james.hill@company130.com,28,Male,United States,California,San Francisco,2026-02-01,Paid Ads,churned,2026-02-01 09:00:00
CUST-01480,Gary,Davis,gary.davis@company131.com,33,Male,United States,Illinois,Chicago,2026-01-02,Social Media,churned,2026-01-02 09:00:00
CUST-01481,Charles,Miller,charles.miller@company132.com,29,Male,Germany,Bavaria,Munich,2026-03-18,Paid Ads,active,2026-03-18 09:00:00
CUST-01482,Helen,Taylor,helen.taylor@company133.com,47,Female,United States,Georgia,Atlanta,2025-10-31,Organic Search,active,2025-10-31 09:00:00
CUST-01483,Michelle,Perez,michelle.perez@company134.com,55,Female,Canada,Quebec,Montreal,2026-03-26,Paid Ads,active,2026-03-26 09:00:00
CUST-01484,Angela,Johnson,angela.johnson@company135.com,38,Female,United States,Washington,Seattle,2025-07-18,Referral,churned,2025-07-18 09:00:00
CUST-01485,George,Young,george.young@company136.com,21,Male,United Kingdom,West Midlands,Birmingham,2025-02-21,Paid Ads,active,2025-02-21 09:00:00
CUST-01486,Anthony,Harris,anthony.harris@company137.com,34,Male,France,Auvergne-Rhône-Alpes,Lyon,2024-08-28,Direct,churned,2024-08-28 09:00:00
CUST-01487,Steven,Thompson,steven.thompson@company138.com,40,Male,United States,Colorado,Denver,2025-02-28,Direct,active,2025-02-28 09:00:00
CUST-01488,Michelle,Gonzalez,michelle.gonzalez@company139.com,32,Female,United Kingdom,Scotland,Edinburgh,2025-09-14,Social Media,churned,2025-09-14 09:00:00
CUST-01489,Jeffrey,Robinson,jeffrey.robinson@company140.com,28,Male,Germany,Bavaria,Munich,2026-03-20,Organic Search,active,2026-03-20 09:00:00
CUST-01490,Nicholas,Martinez,nicholas.martinez@company141.com,30,Male,United States,Illinois,Chicago,2026-01-30,Referral,active,2026-01-30 09:00:00
CUST-01491,Joshua,Young,joshua.young@company142.com,32,Male,Germany,Berlin,Berlin,2025-01-16,Paid Ads,churned,2025-01-16 09:00:00
CUST-01492,Kenneth,Nguyen,kenneth.nguyen@company143.com,21,Male,United States,California,San Francisco,2026-01-05,Paid Ads,active,2026-01-05 09:00:00
CUST-01493,Michael,Taylor,michael.taylor@company144.com,24,Male,Australia,Queensland,Brisbane,2025-12-07,Referral,churned,2025-12-07 09:00:00
CUST-01494,David,Moore,david.moore@company145.com,43,Male,Canada,British Columbia,Vancouver,2026-03-23,Referral,active,2026-03-23 09:00:00
CUST-01495,Kenneth,Anderson,kenneth.anderson@company146.com,24,Male,Australia,New South Wales,Sydney,2025-09-14,Social Media,churned,2025-09-14 09:00:00
CUST-01496,Sharon,Sanchez,sharon.sanchez@company147.com,41,Female,United States,Illinois,Chicago,2025-07-25,Direct,active,2025-07-25 09:00:00
CUST-01497,Lisa,Torres,lisa.torres@company148.com,26,Female,Australia,Queensland,Brisbane,2025-05-13,Organic Search,churned,2025-05-13 09:00:00
CUST-01498,Steven,Rodriguez,steven.rodriguez@company149.com,29,Male,United States,Illinois,Chicago,2025-03-26,Organic Search,churned,2025-03-26 09:00:00
CUST-01499,Helen,Lopez,helen.lopez@company150.com,36,Female,Australia,Victoria,Melbourne,2025-08-21,Organic Search,active,2025-08-21 09:00:00
CUST-01500,Dorothy,Allen,dorothy.allen@company151.com,45,Female,Canada,British Columbia,Vancouver,2025-05-29,Paid Ads,active,2025-05-29 09:00:00
