subscription_id,customer_id,plan_id,contract_type,start_date,end_date,monthly_price,status,auto_renew,cancellation_reason,created_at
SUB-000001,CUST-00001,plan_growth,multi_year,2026-03-19,,79.0,active,True,,2026-03-19 09:05:00
SUB-000002,CUST-00002,plan_starter,annual,2025-11-01,2025-12-27,29.0,cancelled,False,Customer initiated cancellation,2025-11-01 09:05:00
SUB-000003,CUST-00003,plan_starter,annual,2026-02-17,,29.0,active,True,,2026-02-17 09:05:00
SUB-000004,CUST-00004,plan_starter,annual,2025-02-06,,29.0,active,True,,2025-02-06 09:05:00
SUB-000005,CUST-00005,plan_starter,monthly,2025-05-13,2025-12-25,29.0,cancelled,False,Customer initiated cancellation,2025-05-13 09:05:00
SUB-000006,CUST-00006,plan_starter,monthly,2025-05-16,2026-04-30,29.0,cancelled,False,Customer initiated cancellation,2025-05-16 09:05:00
SUB-000007,CUST-00007,plan_starter,annual,2026-02-17,,29.0,active,True,,2026-02-17 09:05:00
SUB-000008,CUST-00008,plan_growth,monthly,2026-05-25,2026-06-29,79.0,cancelled,False,Customer initiated cancellation,2026-05-25 09:05:00
SUB-000009,CUST-00009,plan_enterprise,multi_year,2025-08-22,,499.0,active,True,,2025-08-22 09:05:00
SUB-000010,CUST-00010,plan_growth,annual,2025-10-19,2026-04-18,79.0,cancelled,False,Customer initiated cancellation,2025-10-19 09:05:00
SUB-000011,CUST-00011,plan_enterprise,annual,2026-05-25,,499.0,active,True,,2026-05-25 09:05:00
SUB-000012,CUST-00012,plan_growth,monthly,2025-01-14,2026-06-15,79.0,cancelled,False,Customer initiated cancellation,2025-01-14 09:05:00
SUB-000013,CUST-00013,plan_growth,monthly,2026-01-25,2026-08-30,79.0,cancelled,False,Customer initiated cancellation,2026-01-25 09:05:00
SUB-000014,CUST-00014,plan_starter,monthly,2025-04-27,2026-05-27,29.0,cancelled,False,Customer initiated cancellation,2025-04-27 09:05:00
SUB-000015,CUST-00015,plan_starter,monthly,2024-09-07,2026-09-01,29.0,cancelled,False,Customer initiated cancellation,2024-09-07 09:05:00
SUB-000016,CUST-00016,plan_growth,monthly,2026-02-13,,79.0,active,True,,2026-02-13 09:05:00
SUB-000017,CUST-00017,plan_growth,monthly,2026-04-03,,79.0,active,True,,2026-04-03 09:05:00
SUB-000018,CUST-00018,plan_growth,monthly,2025-11-15,,79.0,active,True,,2025-11-15 09:05:00
SUB-000019,CUST-00019,plan_starter,annual,2026-03-07,,29.0,active,True,,2026-03-07 09:05:00
SUB-000020,CUST-00020,plan_growth,monthly,2025-08-14,,79.0,active,True,,2025-08-14 09:05:00
SUB-000021,CUST-00021,plan_pro,monthly,2025-02-23,2025-07-14,179.0,cancelled,False,Customer initiated cancellation,2025-02-23 09:05:00
SUB-000022,CUST-00022,plan_growth,monthly,2025-07-23,2025-10-22,79.0,cancelled,False,Customer initiated cancellation,2025-07-23 09:05:00
SUB-000023,CUST-00023,plan_growth,monthly,2026-07-30,,79.0,active,True,,2026-07-30 09:05:00
SUB-000024,CUST-00024,plan_growth,monthly,2025-12-31,2026-06-15,79.0,cancelled,False,Customer initiated cancellation,2025-12-31 09:05:00
SUB-000025,CUST-00025,plan_growth,monthly,2025-10-03,,79.0,active,True,,2025-10-03 09:05:00
SUB-000026,CUST-00026,plan_pro,monthly,2024-09-04,2025-08-06,179.0,cancelled,False,Customer initiated cancellation,2024-09-04 09:05:00
SUB-000027,CUST-00027,plan_starter,monthly,2025-08-14,2025-09-17,29.0,cancelled,False,Customer initiated cancellation,2025-08-14 09:05:00
SUB-000028,CUST-00028,plan_starter,monthly,2025-09-19,2025-11-25,29.0,cancelled,False,Customer initiated cancellation,2025-09-19 09:05:00
SUB-000029,CUST-00029,plan_growth,monthly,2025-07-24,2026-01-17,79.0,cancelled,False,Customer initiated cancellation,2025-07-24 09:05:00
SUB-000030,CUST-00030,plan_starter,monthly,2025-07-26,,29.0,active,True,,2025-07-26 09:05:00
SUB-000031,CUST-00031,plan_growth,annual,2025-06-04,,79.0,active,True,,2025-06-04 09:05:00
SUB-000032,CUST-00032,plan_growth,monthly,2025-07-07,,79.0,active,True,,2025-07-07 09:05:00
SUB-000033,CUST-00033,plan_pro,monthly,2024-07-03,2026-08-20,179.0,cancelled,False,Customer initiated cancellation,2024-07-03 09:05:00
SUB-000034,CUST-00034,plan_pro,annual,2025-05-20,,179.0,active,True,,2025-05-20 09:05:00
SUB-000035,CUST-00035,plan_starter,monthly,2025-06-24,2025-09-01,29.0,cancelled,False,Customer initiated cancellation,2025-06-24 09:05:00
SUB-000036,CUST-00036,plan_starter,annual,2026-02-18,,29.0,active,True,,2026-02-18 09:05:00
SUB-000037,CUST-00037,plan_enterprise,monthly,2025-06-29,,499.0,active,True,,2025-06-29 09:05:00
SUB-000038,CUST-00038,plan_starter,annual,2026-04-29,,29.0,active,True,,2026-04-29 09:05:00
SUB-000039,CUST-00039,plan_starter,annual,2026-06-30,,29.0,active,True,,2026-06-30 09:05:00
SUB-000040,CUST-00040,plan_starter,annual,2025-06-18,,29.0,active,True,,2025-06-18 09:05:00
SUB-000041,CUST-00041,plan_starter,annual,2026-06-25,,29.0,active,True,,2026-06-25 09:05:00
SUB-000042,CUST-00042,plan_starter,monthly,2024-11-23,,29.0,active,True,,2024-11-23 09:05:00
SUB-000043,CUST-00043,plan_starter,annual,2025-12-24,,29.0,active,True,,2025-12-24 09:05:00
SUB-000044,CUST-00044,plan_growth,monthly,2026-03-29,2026-06-09,79.0,cancelled,False,Customer initiated cancellation,2026-03-29 09:05:00
SUB-000045,CUST-00045,plan_pro,annual,2024-09-28,2025-10-01,179.0,cancelled,False,Customer initiated cancellation,2024-09-28 09:05:00
SUB-000046,CUST-00046,plan_growth,annual,2026-04-07,,79.0,active,True,,2026-04-07 09:05:00
SUB-000047,CUST-00047,plan_starter,annual,2025-08-15,,29.0,active,True,,2025-08-15 09:05:00
SUB-000048,CUST-00048,plan_pro,monthly,2025-05-28,2025-10-06,179.0,cancelled,False,Customer initiated cancellation,2025-05-28 09:05:00
SUB-000049,CUST-00049,plan_pro,annual,2026-02-21,2026-06-15,179.0,cancelled,False,Customer initiated cancellation,2026-02-21 09:05:00
SUB-000050,CUST-00050,plan_starter,monthly,2025-01-26,2025-08-17,29.0,cancelled,False,Customer initiated cancellation,2025-01-26 09:05:00
SUB-000051,CUST-00051,plan_starter,monthly,2025-06-18,2026-05-03,29.0,cancelled,False,Customer initiated cancellation,2025-06-18 09:05:00
SUB-000052,CUST-00052,plan_starter,monthly,2025-01-04,2025-11-15,29.0,cancelled,False,Customer initiated cancellation,2025-01-04 09:05:00
SUB-000053,CUST-00053,plan_starter,annual,2025-10-01,2026-08-07,29.0,cancelled,False,Customer initiated cancellation,2025-10-01 09:05:00
SUB-000054,CUST-00054,plan_pro,monthly,2025-11-21,,179.0,active,True,,2025-11-21 09:05:00
SUB-000055,CUST-00055,plan_starter,monthly,2024-08-06,2025-04-24,29.0,cancelled,False,Customer initiated cancellation,2024-08-06 09:05:00
SUB-000056,CUST-00056,plan_growth,monthly,2025-09-29,,79.0,active,True,,2025-09-29 09:05:00
SUB-000057,CUST-00057,plan_growth,annual,2025-01-20,,79.0,active,True,,2025-01-20 09:05:00
SUB-000058,CUST-00058,plan_starter,annual,2024-10-21,2025-07-20,29.0,cancelled,False,Customer initiated cancellation,2024-10-21 09:05:00
SUB-000059,CUST-00059,plan_starter,annual,2026-02-27,,29.0,active,True,,2026-02-27 09:05:00
SUB-000060,CUST-00060,plan_growth,monthly,2025-04-19,,79.0,active,True,,2025-04-19 09:05:00
SUB-000061,CUST-00061,plan_pro,monthly,2024-09-15,2026-02-01,179.0,cancelled,False,Customer initiated cancellation,2024-09-15 09:05:00
SUB-000062,CUST-00062,plan_pro,annual,2025-08-23,,179.0,active,True,,2025-08-23 09:05:00
SUB-000063,CUST-00063,plan_growth,annual,2025-02-26,,79.0,active,True,,2025-02-26 09:05:00
SUB-000064,CUST-00064,plan_pro,monthly,2026-02-02,,179.0,active,True,,2026-02-02 09:05:00
SUB-000065,CUST-00065,plan_starter,monthly,2025-07-13,,29.0,active,True,,2025-07-13 09:05:00
SUB-000066,CUST-00066,plan_growth,annual,2025-08-31,,79.0,active,True,,2025-08-31 09:05:00
SUB-000067,CUST-00067,plan_starter,monthly,2026-07-02,,29.0,active,True,,2026-07-02 09:05:00
SUB-000068,CUST-00068,plan_growth,annual,2025-12-20,,79.0,active,True,,2025-12-20 09:05:00
SUB-000069,CUST-00069,plan_starter,monthly,2025-12-11,,29.0,active,True,,2025-12-11 09:05:00
SUB-000070,CUST-00070,plan_growth,annual,2026-01-19,2026-03-13,79.0,cancelled,False,Customer initiated cancellation,2026-01-19 09:05:00
SUB-000071,CUST-00071,plan_pro,annual,2024-10-07,,179.0,active,True,,2024-10-07 09:05:00
SUB-000072,CUST-00072,plan_starter,monthly,2026-01-04,,29.0,active,True,,2026-01-04 09:05:00
SUB-000073,CUST-00073,plan_growth,monthly,2026-03-14,,79.0,active,True,,2026-03-14 09:05:00
SUB-000074,CUST-00074,plan_growth,monthly,2026-01-20,2026-06-25,79.0,cancelled,False,Customer initiated cancellation,2026-01-20 09:05:00
SUB-000075,CUST-00075,plan_starter,monthly,2025-09-10,,29.0,active,True,,2025-09-10 09:05:00
SUB-000076,CUST-00076,plan_starter,monthly,2025-05-04,2025-09-17,29.0,cancelled,False,Customer initiated cancellation,2025-05-04 09:05:00
SUB-000077,CUST-00077,plan_starter,monthly,2025-05-23,,29.0,active,True,,2025-05-23 09:05:00
SUB-000078,CUST-00078,plan_pro,monthly,2025-02-05,,179.0,active,True,,2025-02-05 09:05:00
SUB-000079,CUST-00079,plan_growth,annual,2025-08-22,,79.0,active,True,,2025-08-22 09:05:00
SUB-000080,CUST-00080,plan_starter,multi_year,2026-03-11,,29.0,active,True,,2026-03-11 09:05:00
SUB-000081,CUST-00081,plan_growth,monthly,2025-12-29,,79.0,active,True,,2025-12-29 09:05:00
SUB-000082,CUST-00082,plan_growth,monthly,2025-10-04,,79.0,active,True,,2025-10-04 09:05:00
SUB-000083,CUST-00083,plan_growth,annual,2026-01-22,,79.0,active,True,,2026-01-22 09:05:00
SUB-000084,CUST-00084,plan_growth,monthly,2025-11-20,,79.0,active,True,,2025-11-20 09:05:00
SUB-000085,CUST-00085,plan_starter,monthly,2025-05-25,2026-01-07,29.0,cancelled,False,Customer initiated cancellation,2025-05-25 09:05:00
SUB-000086,CUST-00086,plan_starter,monthly,2025-03-28,2025-08-08,29.0,cancelled,False,Customer initiated cancellation,2025-03-28 09:05:00
SUB-000087,CUST-00087,plan_starter,monthly,2025-12-25,2026-05-01,29.0,cancelled,False,Customer initiated cancellation,2025-12-25 09:05:00
SUB-000088,CUST-00088,plan_growth,annual,2024-05-14,,79.0,active,True,,2024-05-14 09:05:00
SUB-000089,CUST-00089,plan_growth,monthly,2025-04-21,2026-07-06,79.0,cancelled,False,Customer initiated cancellation,2025-04-21 09:05:00
SUB-000090,CUST-00090,plan_starter,multi_year,2025-01-06,,29.0,active,True,,2025-01-06 09:05:00
SUB-000091,CUST-00091,plan_starter,monthly,2025-11-12,2026-07-12,29.0,cancelled,False,Customer initiated cancellation,2025-11-12 09:05:00
SUB-000092,CUST-00092,plan_growth,monthly,2025-06-16,2026-08-15,79.0,cancelled,False,Customer initiated cancellation,2025-06-16 09:05:00
SUB-000093,CUST-00093,plan_starter,monthly,2025-12-20,,29.0,active,True,,2025-12-20 09:05:00
SUB-000094,CUST-00094,plan_pro,monthly,2026-01-06,,179.0,active,True,,2026-01-06 09:05:00
SUB-000095,CUST-00095,plan_growth,monthly,2025-05-06,,79.0,active,True,,2025-05-06 09:05:00
SUB-000096,CUST-00096,plan_growth,monthly,2026-07-08,,79.0,active,True,,2026-07-08 09:05:00
SUB-000097,CUST-00097,plan_growth,monthly,2026-02-18,2026-05-03,79.0,cancelled,False,Customer initiated cancellation,2026-02-18 09:05:00
SUB-000098,CUST-00098,plan_enterprise,monthly,2024-10-21,,499.0,active,True,,2024-10-21 09:05:00
SUB-000099,CUST-00099,plan_starter,monthly,2025-09-17,,29.0,active,True,,2025-09-17 09:05:00
SUB-000100,CUST-00100,plan_growth,annual,2026-03-30,,79.0,active,True,,2026-03-30 09:05:00
SUB-000101,CUST-00101,plan_enterprise,annual,2026-03-03,,499.0,active,True,,2026-03-03 09:05:00
SUB-000102,CUST-00102,plan_pro,monthly,2025-12-05,,179.0,active,True,,2025-12-05 09:05:00
SUB-000103,CUST-00103,plan_enterprise,multi_year,2025-02-20,,499.0,active,True,,2025-02-20 09:05:00
SUB-000104,CUST-00104,plan_starter,annual,2025-03-26,,29.0,active,True,,2025-03-26 09:05:00
SUB-000105,CUST-00105,plan_pro,annual,2026-01-01,,179.0,active,True,,2026-01-01 09:05:00
SUB-000106,CUST-00106,plan_starter,monthly,2026-07-18,2026-08-31,29.0,cancelled,False,Customer initiated cancellation,2026-07-18 09:05:00
SUB-000107,CUST-00107,plan_starter,annual,2025-02-16,2026-08-28,29.0,cancelled,False,Customer initiated cancellation,2025-02-16 09:05:00
SUB-000108,CUST-00108,plan_starter,monthly,2026-01-14,,29.0,active,True,,2026-01-14 09:05:00
SUB-000109,CUST-00109,plan_starter,monthly,2025-11-08,,29.0,active,True,,2025-11-08 09:05:00
SUB-000110,CUST-00110,plan_pro,multi_year,2026-01-21,,179.0,active,True,,2026-01-21 09:05:00
SUB-000111,CUST-00111,plan_enterprise,annual,2026-04-21,,499.0,active,True,,2026-04-21 09:05:00
SUB-000112,CUST-00112,plan_starter,monthly,2025-11-29,,29.0,active,True,,2025-11-29 09:05:00
SUB-000113,CUST-00113,plan_growth,annual,2024-07-25,2025-09-11,79.0,cancelled,False,Customer initiated cancellation,2024-07-25 09:05:00
SUB-000114,CUST-00114,plan_growth,monthly,2025-12-13,,79.0,active,True,,2025-12-13 09:05:00
SUB-000115,CUST-00115,plan_starter,monthly,2025-08-21,2026-05-24,29.0,cancelled,False,Customer initiated cancellation,2025-08-21 09:05:00
SUB-000116,CUST-00116,plan_starter,monthly,2026-01-08,,29.0,active,True,,2026-01-08 09:05:00
SUB-000117,CUST-00117,plan_growth,monthly,2025-08-17,2026-01-01,79.0,cancelled,False,Customer initiated cancellation,2025-08-17 09:05:00
SUB-000118,CUST-00118,plan_starter,monthly,2026-06-15,,29.0,active,True,,2026-06-15 09:05:00
SUB-000119,CUST-00119,plan_growth,monthly,2026-01-14,,79.0,active,True,,2026-01-14 09:05:00
SUB-000120,CUST-00120,plan_starter,monthly,2025-03-15,2025-04-15,29.0,cancelled,False,Customer initiated cancellation,2025-03-15 09:05:00
SUB-000121,CUST-00121,plan_pro,annual,2026-07-18,,179.0,active,True,,2026-07-18 09:05:00
SUB-000122,CUST-00122,plan_starter,multi_year,2025-09-10,,29.0,active,True,,2025-09-10 09:05:00
SUB-000123,CUST-00123,plan_starter,monthly,2025-06-10,,29.0,active,True,,2025-06-10 09:05:00
SUB-000124,CUST-00124,plan_growth,annual,2025-09-01,,79.0,active,True,,2025-09-01 09:05:00
SUB-000125,CUST-00125,plan_growth,monthly,2025-07-26,,79.0,active,True,,2025-07-26 09:05:00
SUB-000126,CUST-00126,plan_pro,annual,2025-05-19,,179.0,active,True,,2025-05-19 09:05:00
SUB-000127,CUST-00127,plan_starter,monthly,2025-01-27,,29.0,active,True,,2025-01-27 09:05:00
SUB-000128,CUST-00128,plan_starter,monthly,2024-06-20,2025-05-19,29.0,cancelled,False,Customer initiated cancellation,2024-06-20 09:05:00
SUB-000129,CUST-00129,plan_growth,annual,2025-02-22,,79.0,active,True,,2025-02-22 09:05:00
SUB-000130,CUST-00130,plan_starter,monthly,2026-05-30,,29.0,active,True,,2026-05-30 09:05:00
SUB-000131,CUST-00131,plan_starter,annual,2025-04-09,,29.0,active,True,,2025-04-09 09:05:00
SUB-000132,CUST-00132,plan_starter,monthly,2025-06-02,2025-11-01,29.0,cancelled,False,Customer initiated cancellation,2025-06-02 09:05:00
SUB-000133,CUST-00133,plan_pro,monthly,2025-12-18,,179.0,active,True,,2025-12-18 09:05:00
SUB-000134,CUST-00134,plan_growth,monthly,2025-01-30,2026-03-16,79.0,cancelled,False,Customer initiated cancellation,2025-01-30 09:05:00
SUB-000135,CUST-00135,plan_starter,monthly,2025-09-06,2026-03-27,29.0,cancelled,False,Customer initiated cancellation,2025-09-06 09:05:00
SUB-000136,CUST-00136,plan_starter,monthly,2026-05-30,,29.0,active,True,,2026-05-30 09:05:00
SUB-000137,CUST-00137,plan_starter,multi_year,2024-09-01,2025-12-17,29.0,cancelled,False,Customer initiated cancellation,2024-09-01 09:05:00
SUB-000138,CUST-00138,plan_starter,monthly,2026-03-24,,29.0,active,True,,2026-03-24 09:05:00
SUB-000139,CUST-00139,plan_growth,monthly,2025-01-17,2026-02-19,79.0,cancelled,False,Customer initiated cancellation,2025-01-17 09:05:00
SUB-000140,CUST-00140,plan_starter,monthly,2025-02-25,,29.0,active,True,,2025-02-25 09:05:00
SUB-000141,CUST-00141,plan_pro,monthly,2025-01-16,2025-11-03,179.0,cancelled,False,Customer initiated cancellation,2025-01-16 09:05:00
SUB-000142,CUST-00142,plan_growth,monthly,2025-12-11,,79.0,active,True,,2025-12-11 09:05:00
SUB-000143,CUST-00143,plan_pro,multi_year,2024-11-25,2025-02-03,179.0,cancelled,False,Customer initiated cancellation,2024-11-25 09:05:00
SUB-000144,CUST-00144,plan_growth,annual,2025-03-18,2026-04-09,79.0,cancelled,False,Customer initiated cancellation,2025-03-18 09:05:00
SUB-000145,CUST-00145,plan_pro,annual,2025-02-18,,179.0,active,True,,2025-02-18 09:05:00
SUB-000146,CUST-00146,plan_pro,monthly,2025-09-12,,179.0,active,True,,2025-09-12 09:05:00
SUB-000147,CUST-00147,plan_starter,annual,2024-06-17,2025-02-14,29.0,cancelled,False,Customer initiated cancellation,2024-06-17 09:05:00
SUB-000148,CUST-00148,plan_growth,monthly,2024-11-08,,79.0,active,True,,2024-11-08 09:05:00
SUB-000149,CUST-00149,plan_enterprise,monthly,2024-06-15,,499.0,active,True,,2024-06-15 09:05:00
SUB-000150,CUST-00150,plan_pro,monthly,2025-06-24,2026-01-31,179.0,cancelled,False,Customer initiated cancellation,2025-06-24 09:05:00
SUB-000151,CUST-00151,plan_starter,monthly,2026-04-22,,29.0,active,True,,2026-04-22 09:05:00
SUB-000152,CUST-00152,plan_pro,annual,2025-03-05,,179.0,active,True,,2025-03-05 09:05:00
SUB-000153,CUST-00153,plan_starter,monthly,2025-05-20,2025-11-23,29.0,cancelled,False,Customer initiated cancellation,2025-05-20 09:05:00
SUB-000154,CUST-00154,plan_growth,annual,2024-10-30,2025-01-30,79.0,cancelled,False,Customer initiated cancellation,2024-10-30 09:05:00
SUB-000155,CUST-00155,plan_growth,monthly,2025-12-03,2026-01-24,79.0,cancelled,False,Customer initiated cancellation,2025-12-03 09:05:00
SUB-000156,CUST-00156,plan_starter,monthly,2024-08-06,2025-12-25,29.0,cancelled,False,Customer initiated cancellation,2024-08-06 09:05:00
SUB-000157,CUST-00157,plan_starter,monthly,2025-10-14,,29.0,active,True,,2025-10-14 09:05:00
SUB-000158,CUST-00158,plan_starter,annual,2025-07-22,,29.0,active,True,,2025-07-22 09:05:00
SUB-000159,CUST-00159,plan_pro,monthly,2026-05-29,,179.0,active,True,,2026-05-29 09:05:00
SUB-000160,CUST-00160,plan_starter,monthly,2026-03-24,,29.0,active,True,,2026-03-24 09:05:00
SUB-000161,CUST-00161,plan_starter,monthly,2025-02-07,2025-05-27,29.0,cancelled,False,Customer initiated cancellation,2025-02-07 09:05:00
SUB-000162,CUST-00162,plan_growth,annual,2025-08-12,,79.0,active,True,,2025-08-12 09:05:00
SUB-000163,CUST-00163,plan_starter,monthly,2026-03-24,,29.0,active,True,,2026-03-24 09:05:00
SUB-000164,CUST-00164,plan_enterprise,monthly,2026-02-15,,499.0,active,True,,2026-02-15 09:05:00
SUB-000165,CUST-00165,plan_growth,monthly,2026-04-04,,79.0,active,True,,2026-04-04 09:05:00
SUB-000166,CUST-00166,plan_growth,annual,2025-05-08,,79.0,active,True,,2025-05-08 09:05:00
SUB-000167,CUST-00167,plan_starter,annual,2025-04-02,,29.0,active,True,,2025-04-02 09:05:00
SUB-000168,CUST-00168,plan_starter,monthly,2024-08-11,2025-01-17,29.0,cancelled,False,Customer initiated cancellation,2024-08-11 09:05:00
SUB-000169,CUST-00169,plan_starter,annual,2026-07-07,,29.0,active,True,,2026-07-07 09:05:00
SUB-000170,CUST-00170,plan_starter,multi_year,2025-04-26,,29.0,active,True,,2025-04-26 09:05:00
SUB-000171,CUST-00171,plan_growth,annual,2025-04-18,,79.0,active,True,,2025-04-18 09:05:00
SUB-000172,CUST-00172,plan_starter,annual,2025-06-02,,29.0,active,True,,2025-06-02 09:05:00
SUB-000173,CUST-00173,plan_pro,multi_year,2025-11-22,,179.0,active,True,,2025-11-22 09:05:00
SUB-000174,CUST-00174,plan_starter,annual,2025-08-12,,29.0,active,True,,2025-08-12 09:05:00
SUB-000175,CUST-00175,plan_growth,annual,2025-01-04,,79.0,active,True,,2025-01-04 09:05:00
SUB-000176,CUST-00176,plan_pro,monthly,2025-10-01,,179.0,active,True,,2025-10-01 09:05:00
SUB-000177,CUST-00177,plan_starter,annual,2025-06-29,2025-11-29,29.0,cancelled,False,Customer initiated cancellation,2025-06-29 09:05:00
SUB-000178,CUST-00178,plan_enterprise,monthly,2025-11-24,,499.0,active,True,,2025-11-24 09:05:00
SUB-000179,CUST-00179,plan_pro,annual,2025-11-25,,179.0,active,True,,2025-11-25 09:05:00
SUB-000180,CUST-00180,plan_starter,annual,2025-08-04,,29.0,active,True,,2025-08-04 09:05:00
SUB-000181,CUST-00181,plan_pro,annual,2026-05-16,,179.0,active,True,,2026-05-16 09:05:00
SUB-000182,CUST-00182,plan_starter,multi_year,2025-08-17,,29.0,active,True,,2025-08-17 09:05:00
SUB-000183,CUST-00183,plan_enterprise,annual,2026-04-09,,499.0,active,True,,2026-04-09 09:05:00
SUB-000184,CUST-00184,plan_pro,monthly,2026-01-31,2026-06-02,179.0,cancelled,False,Customer initiated cancellation,2026-01-31 09:05:00
SUB-000185,CUST-00185,plan_starter,monthly,2025-04-04,2026-05-30,29.0,cancelled,False,Customer initiated cancellation,2025-04-04 09:05:00
SUB-000186,CUST-00186,plan_growth,monthly,2025-09-20,,79.0,active,True,,2025-09-20 09:05:00
SUB-000187,CUST-00187,plan_starter,monthly,2026-03-09,,29.0,active,True,,2026-03-09 09:05:00
SUB-000188,CUST-00188,plan_pro,annual,2025-01-10,,179.0,active,True,,2025-01-10 09:05:00
SUB-000189,CUST-00189,plan_growth,monthly,2025-06-16,2025-12-07,79.0,cancelled,False,Customer initiated cancellation,2025-06-16 09:05:00
SUB-000190,CUST-00190,plan_pro,annual,2025-08-22,2026-04-15,179.0,cancelled,False,Customer initiated cancellation,2025-08-22 09:05:00
SUB-000191,CUST-00191,plan_pro,annual,2026-03-15,,179.0,active,True,,2026-03-15 09:05:00
SUB-000192,CUST-00192,plan_pro,monthly,2025-06-17,2025-11-28,179.0,cancelled,False,Customer initiated cancellation,2025-06-17 09:05:00
SUB-000193,CUST-00193,plan_starter,monthly,2026-03-09,,29.0,active,True,,2026-03-09 09:05:00
SUB-000194,CUST-00194,plan_growth,annual,2026-07-01,,79.0,active,True,,2026-07-01 09:05:00
SUB-000195,CUST-00195,plan_growth,monthly,2025-05-13,2026-01-19,79.0,cancelled,False,Customer initiated cancellation,2025-05-13 09:05:00
SUB-000196,CUST-00196,plan_growth,annual,2025-05-18,,79.0,active,True,,2025-05-18 09:05:00
SUB-000197,CUST-00197,plan_growth,monthly,2025-07-12,,79.0,active,True,,2025-07-12 09:05:00
SUB-000198,CUST-00198,plan_starter,annual,2025-08-22,,29.0,active,True,,2025-08-22 09:05:00
SUB-000199,CUST-00199,plan_starter,monthly,2025-09-23,2026-08-11,29.0,cancelled,False,Customer initiated cancellation,2025-09-23 09:05:00
SUB-000200,CUST-00200,plan_starter,monthly,2026-02-21,,29.0,active,True,,2026-02-21 09:05:00
SUB-000201,CUST-00201,plan_growth,annual,2025-06-27,,79.0,active,True,,2025-06-27 09:05:00
SUB-000202,CUST-00202,plan_growth,annual,2025-12-10,2026-08-08,79.0,cancelled,False,Customer initiated cancellation,2025-12-10 09:05:00
SUB-000203,CUST-00203,plan_pro,monthly,2026-06-27,,179.0,active,True,,2026-06-27 09:05:00
SUB-000204,CUST-00204,plan_growth,annual,2025-11-19,,79.0,active,True,,2025-11-19 09:05:00
SUB-000205,CUST-00205,plan_growth,monthly,2026-04-10,,79.0,active,True,,2026-04-10 09:05:00
SUB-000206,CUST-00206,plan_pro,monthly,2025-06-10,2026-08-26,179.0,cancelled,False,Customer initiated cancellation,2025-06-10 09:05:00
SUB-000207,CUST-00207,plan_starter,monthly,2025-10-23,,29.0,active,True,,2025-10-23 09:05:00
SUB-000208,CUST-00208,plan_pro,annual,2024-08-25,,179.0,active,True,,2024-08-25 09:05:00
SUB-000209,CUST-00209,plan_starter,annual,2024-06-23,,29.0,active,True,,2024-06-23 09:05:00
SUB-000210,CUST-00210,plan_starter,monthly,2025-08-14,,29.0,active,True,,2025-08-14 09:05:00
SUB-000211,CUST-00211,plan_growth,monthly,2025-05-23,2025-12-14,79.0,cancelled,False,Customer initiated cancellation,2025-05-23 09:05:00
SUB-000212,CUST-00212,plan_pro,monthly,2026-05-17,,179.0,active,True,,2026-05-17 09:05:00
SUB-000213,CUST-00213,plan_starter,monthly,2026-03-22,2026-07-26,29.0,cancelled,False,Customer initiated cancellation,2026-03-22 09:05:00
SUB-000214,CUST-00214,plan_starter,multi_year,2024-03-06,,29.0,active,True,,2024-03-06 09:05:00
SUB-000215,CUST-00215,plan_starter,annual,2025-03-29,2025-05-13,29.0,cancelled,False,Customer initiated cancellation,2025-03-29 09:05:00
SUB-000216,CUST-00216,plan_growth,monthly,2024-10-31,,79.0,active,True,,2024-10-31 09:05:00
SUB-000217,CUST-00217,plan_pro,monthly,2026-07-11,,179.0,active,True,,2026-07-11 09:05:00
SUB-000218,CUST-00218,plan_growth,annual,2025-01-19,,79.0,active,True,,2025-01-19 09:05:00
SUB-000219,CUST-00219,plan_growth,monthly,2025-09-21,,79.0,active,True,,2025-09-21 09:05:00
SUB-000220,CUST-00220,plan_growth,monthly,2025-02-28,,79.0,active,True,,2025-02-28 09:05:00
SUB-000221,CUST-00221,plan_starter,monthly,2026-03-21,,29.0,active,True,,2026-03-21 09:05:00
SUB-000222,CUST-00222,plan_starter,monthly,2025-07-19,2025-12-08,29.0,cancelled,False,Customer initiated cancellation,2025-07-19 09:05:00
SUB-000223,CUST-00223,plan_pro,annual,2025-09-06,,179.0,active,True,,2025-09-06 09:05:00
SUB-000224,CUST-00224,plan_growth,monthly,2025-06-24,,79.0,active,True,,2025-06-24 09:05:00
SUB-000225,CUST-00225,plan_starter,monthly,2025-12-31,,29.0,active,True,,2025-12-31 09:05:00
SUB-000226,CUST-00226,plan_growth,annual,2025-08-05,,79.0,active,True,,2025-08-05 09:05:00
SUB-000227,CUST-00227,plan_starter,annual,2025-10-28,,29.0,active,True,,2025-10-28 09:05:00
SUB-000228,CUST-00228,plan_starter,monthly,2025-03-05,2026-01-20,29.0,cancelled,False,Customer initiated cancellation,2025-03-05 09:05:00
SUB-000229,CUST-00229,plan_starter,annual,2025-06-17,,29.0,active,True,,2025-06-17 09:05:00
SUB-000230,CUST-00230,plan_starter,monthly,2025-12-11,2026-05-22,29.0,cancelled,False,Customer initiated cancellation,2025-12-11 09:05:00
SUB-000231,CUST-00231,plan_growth,monthly,2025-07-09,,79.0,active,True,,2025-07-09 09:05:00
SUB-000232,CUST-00232,plan_growth,monthly,2025-11-10,2025-12-14,79.0,cancelled,False,Customer initiated cancellation,2025-11-10 09:05:00
SUB-000233,CUST-00233,plan_growth,annual,2025-05-19,,79.0,active,True,,2025-05-19 09:05:00
SUB-000234,CUST-00234,plan_starter,monthly,2024-06-15,,29.0,active,True,,2024-06-15 09:05:00
SUB-000235,CUST-00235,plan_pro,monthly,2025-03-06,2026-05-15,179.0,cancelled,False,Customer initiated cancellation,2025-03-06 09:05:00
SUB-000236,CUST-00236,plan_growth,monthly,2025-05-30,2026-02-26,79.0,cancelled,False,Customer initiated cancellation,2025-05-30 09:05:00
SUB-000237,CUST-00237,plan_starter,annual,2026-03-01,,29.0,active,True,,2026-03-01 09:05:00
SUB-000238,CUST-00238,plan_growth,monthly,2026-01-22,,79.0,active,True,,2026-01-22 09:05:00
SUB-000239,CUST-00239,plan_starter,monthly,2025-02-16,2025-08-29,29.0,cancelled,False,Customer initiated cancellation,2025-02-16 09:05:00
SUB-000240,CUST-00240,plan_growth,monthly,2025-06-30,2025-08-16,79.0,cancelled,False,Customer initiated cancellation,2025-06-30 09:05:00
SUB-000241,CUST-00241,plan_pro,monthly,2026-01-06,,179.0,active,True,,2026-01-06 09:05:00
SUB-000242,CUST-00242,plan_growth,monthly,2026-02-07,2026-07-15,79.0,cancelled,False,Customer initiated cancellation,2026-02-07 09:05:00
SUB-000243,CUST-00243,plan_starter,annual,2025-02-25,2025-10-28,29.0,cancelled,False,Customer initiated cancellation,2025-02-25 09:05:00
SUB-000244,CUST-00244,plan_enterprise,monthly,2025-11-09,,499.0,active,True,,2025-11-09 09:05:00
SUB-000245,CUST-00245,plan_pro,annual,2025-07-12,,179.0,active,True,,2025-07-12 09:05:00
SUB-000246,CUST-00246,plan_growth,monthly,2025-02-24,2025-10-16,79.0,cancelled,False,Customer initiated cancellation,2025-02-24 09:05:00
SUB-000247,CUST-00247,plan_growth,monthly,2024-10-25,,79.0,active,True,,2024-10-25 09:05:00
SUB-000248,CUST-00248,plan_starter,monthly,2025-06-02,2026-03-18,29.0,cancelled,False,Customer initiated cancellation,2025-06-02 09:05:00
SUB-000249,CUST-00249,plan_growth,annual,2025-12-20,,79.0,active,True,,2025-12-20 09:05:00
SUB-000250,CUST-00250,plan_starter,multi_year,2026-03-11,,29.0,active,True,,2026-03-11 09:05:00
SUB-000251,CUST-00251,plan_starter,annual,2024-10-14,,29.0,active,True,,2024-10-14 09:05:00
SUB-000252,CUST-00252,plan_growth,monthly,2025-08-25,,79.0,active,True,,2025-08-25 09:05:00
SUB-000253,CUST-00253,plan_starter,monthly,2026-02-25,2026-08-20,29.0,cancelled,False,Customer initiated cancellation,2026-02-25 09:05:00
SUB-000254,CUST-00254,plan_enterprise,monthly,2025-12-30,,499.0,active,True,,2025-12-30 09:05:00
SUB-000255,CUST-00255,plan_growth,monthly,2025-07-02,2026-01-02,79.0,cancelled,False,Customer initiated cancellation,2025-07-02 09:05:00
SUB-000256,CUST-00256,plan_enterprise,monthly,2026-05-17,,499.0,active,True,,2026-05-17 09:05:00
SUB-000257,CUST-00257,plan_starter,monthly,2024-09-28,2025-09-20,29.0,cancelled,False,Customer initiated cancellation,2024-09-28 09:05:00
SUB-000258,CUST-00258,plan_starter,monthly,2024-06-24,2024-08-30,29.0,cancelled,False,Customer initiated cancellation,2024-06-24 09:05:00
SUB-000259,CUST-00259,plan_enterprise,annual,2025-09-23,,499.0,active,True,,2025-09-23 09:05:00
SUB-000260,CUST-00260,plan_pro,multi_year,2025-10-12,2026-01-29,179.0,cancelled,False,Customer initiated cancellation,2025-10-12 09:05:00
SUB-000261,CUST-00261,plan_starter,monthly,2026-05-27,,29.0,active,True,,2026-05-27 09:05:00
SUB-000262,CUST-00262,plan_starter,monthly,2025-03-01,2025-06-05,29.0,cancelled,False,Customer initiated cancellation,2025-03-01 09:05:00
SUB-000263,CUST-00263,plan_starter,annual,2025-11-04,,29.0,active,True,,2025-11-04 09:05:00
SUB-000264,CUST-00264,plan_starter,monthly,2026-06-28,,29.0,active,True,,2026-06-28 09:05:00
SUB-000265,CUST-00265,plan_growth,annual,2025-10-27,,79.0,active,True,,2025-10-27 09:05:00
SUB-000266,CUST-00266,plan_growth,monthly,2024-09-29,,79.0,active,True,,2024-09-29 09:05:00
SUB-000267,CUST-00267,plan_growth,monthly,2026-02-06,,79.0,active,True,,2026-02-06 09:05:00
SUB-000268,CUST-00268,plan_pro,annual,2025-07-05,,179.0,active,True,,2025-07-05 09:05:00
SUB-000269,CUST-00269,plan_growth,annual,2025-09-02,2026-01-03,79.0,cancelled,False,Customer initiated cancellation,2025-09-02 09:05:00
SUB-000270,CUST-00270,plan_starter,monthly,2025-08-11,,29.0,active,True,,2025-08-11 09:05:00
SUB-000271,CUST-00271,plan_starter,monthly,2025-07-26,,29.0,active,True,,2025-07-26 09:05:00
SUB-000272,CUST-00272,plan_starter,monthly,2024-12-02,2025-11-16,29.0,cancelled,False,Customer initiated cancellation,2024-12-02 09:05:00
SUB-000273,CUST-00273,plan_starter,annual,2026-05-19,,29.0,active,True,,2026-05-19 09:05:00
SUB-000274,CUST-00274,plan_pro,annual,2024-11-14,2024-12-24,179.0,cancelled,False,Customer initiated cancellation,2024-11-14 09:05:00
SUB-000275,CUST-00275,plan_growth,annual,2024-12-29,2025-06-13,79.0,cancelled,False,Customer initiated cancellation,2024-12-29 09:05:00
SUB-000276,CUST-00276,plan_pro,monthly,2025-05-25,,179.0,active,True,,2025-05-25 09:05:00
SUB-000277,CUST-00277,plan_starter,annual,2026-02-16,,29.0,active,True,,2026-02-16 09:05:00
SUB-000278,CUST-00278,plan_growth,annual,2026-03-11,,79.0,active,True,,2026-03-11 09:05:00
SUB-000279,CUST-00279,plan_enterprise,annual,2024-07-01,,499.0,active,True,,2024-07-01 09:05:00
SUB-000280,CUST-00280,plan_starter,monthly,2025-10-10,,29.0,active,True,,2025-10-10 09:05:00
SUB-000281,CUST-00281,plan_starter,monthly,2025-12-06,2026-03-13,29.0,cancelled,False,Customer initiated cancellation,2025-12-06 09:05:00
SUB-000282,CUST-00282,plan_starter,monthly,2025-08-06,,29.0,active,True,,2025-08-06 09:05:00
SUB-000283,CUST-00283,plan_growth,monthly,2025-08-17,2026-01-15,79.0,cancelled,False,Customer initiated cancellation,2025-08-17 09:05:00
SUB-000284,CUST-00284,plan_starter,monthly,2026-05-03,2026-09-01,29.0,cancelled,False,Customer initiated cancellation,2026-05-03 09:05:00
SUB-000285,CUST-00285,plan_starter,annual,2026-01-09,,29.0,active,True,,2026-01-09 09:05:00
SUB-000286,CUST-00286,plan_growth,monthly,2025-11-01,,79.0,active,True,,2025-11-01 09:05:00
SUB-000287,CUST-00287,plan_pro,monthly,2026-05-01,2026-09-01,179.0,cancelled,False,Customer initiated cancellation,2026-05-01 09:05:00
SUB-000288,CUST-00288,plan_pro,annual,2024-12-25,,179.0,active,True,,2024-12-25 09:05:00
SUB-000289,CUST-00289,plan_starter,monthly,2025-07-28,2025-09-08,29.0,cancelled,False,Customer initiated cancellation,2025-07-28 09:05:00
SUB-000290,CUST-00290,plan_growth,monthly,2025-09-04,2025-12-16,79.0,cancelled,False,Customer initiated cancellation,2025-09-04 09:05:00
SUB-000291,CUST-00291,plan_starter,annual,2025-04-20,,29.0,active,True,,2025-04-20 09:05:00
SUB-000292,CUST-00292,plan_starter,annual,2024-07-04,,29.0,active,True,,2024-07-04 09:05:00
SUB-000293,CUST-00293,plan_enterprise,monthly,2026-04-22,,499.0,active,True,,2026-04-22 09:05:00
SUB-000294,CUST-00294,plan_growth,annual,2026-03-03,,79.0,active,True,,2026-03-03 09:05:00
SUB-000295,CUST-00295,plan_growth,monthly,2025-11-30,2026-05-03,79.0,cancelled,False,Customer initiated cancellation,2025-11-30 09:05:00
SUB-000296,CUST-00296,plan_growth,monthly,2025-03-20,2025-05-07,79.0,cancelled,False,Customer initiated cancellation,2025-03-20 09:05:00
SUB-000297,CUST-00297,plan_growth,monthly,2025-10-04,,79.0,active,True,,2025-10-04 09:05:00
SUB-000298,CUST-00298,plan_growth,annual,2024-09-20,2026-04-17,79.0,cancelled,False,Customer initiated cancellation,2024-09-20 09:05:00
SUB-000299,CUST-00299,plan_growth,multi_year,2026-02-15,,79.0,active,True,,2026-02-15 09:05:00
SUB-000300,CUST-00300,plan_enterprise,annual,2025-03-31,2026-05-08,499.0,cancelled,False,Customer initiated cancellation,2025-03-31 09:05:00
SUB-000301,CUST-00301,plan_starter,monthly,2026-02-01,2026-07-13,29.0,cancelled,False,Customer initiated cancellation,2026-02-01 09:05:00
SUB-000302,CUST-00302,plan_pro,annual,2025-08-10,,179.0,active,True,,2025-08-10 09:05:00
SUB-000303,CUST-00303,plan_growth,monthly,2025-08-31,,79.0,active,True,,2025-08-31 09:05:00
SUB-000304,CUST-00304,plan_growth,monthly,2025-09-25,2026-09-01,79.0,cancelled,False,Customer initiated cancellation,2025-09-25 09:05:00
SUB-000305,CUST-00305,plan_growth,annual,2026-04-14,,79.0,active,True,,2026-04-14 09:05:00
SUB-000306,CUST-00306,plan_pro,multi_year,2025-03-24,2025-08-24,179.0,cancelled,False,Customer initiated cancellation,2025-03-24 09:05:00
SUB-000307,CUST-00307,plan_growth,monthly,2024-11-28,,79.0,active,True,,2024-11-28 09:05:00
SUB-000308,CUST-00308,plan_growth,multi_year,2026-03-28,,79.0,active,True,,2026-03-28 09:05:00
SUB-000309,CUST-00309,plan_starter,annual,2026-05-29,,29.0,active,True,,2026-05-29 09:05:00
SUB-000310,CUST-00310,plan_enterprise,annual,2026-04-14,,499.0,active,True,,2026-04-14 09:05:00
SUB-000311,CUST-00311,plan_growth,monthly,2025-06-15,,79.0,active,True,,2025-06-15 09:05:00
SUB-000312,CUST-00312,plan_starter,annual,2026-05-03,2026-07-25,29.0,cancelled,False,Customer initiated cancellation,2026-05-03 09:05:00
SUB-000313,CUST-00313,plan_starter,monthly,2026-02-18,,29.0,active,True,,2026-02-18 09:05:00
SUB-000314,CUST-00314,plan_growth,monthly,2024-09-15,2025-09-16,79.0,cancelled,False,Customer initiated cancellation,2024-09-15 09:05:00
SUB-000315,CUST-00315,plan_starter,monthly,2025-04-11,2026-03-11,29.0,cancelled,False,Customer initiated cancellation,2025-04-11 09:05:00
SUB-000316,CUST-00316,plan_pro,monthly,2025-08-02,,179.0,active,True,,2025-08-02 09:05:00
SUB-000317,CUST-00317,plan_growth,annual,2024-09-24,,79.0,active,True,,2024-09-24 09:05:00
SUB-000318,CUST-00318,plan_growth,monthly,2026-02-11,,79.0,active,True,,2026-02-11 09:05:00
SUB-000319,CUST-00319,plan_starter,monthly,2024-10-09,2025-03-23,29.0,cancelled,False,Customer initiated cancellation,2024-10-09 09:05:00
SUB-000320,CUST-00320,plan_growth,annual,2026-05-02,,79.0,active,True,,2026-05-02 09:05:00
SUB-000321,CUST-00321,plan_growth,annual,2024-06-02,,79.0,active,True,,2024-06-02 09:05:00
SUB-000322,CUST-00322,plan_growth,monthly,2026-03-29,,79.0,active,True,,2026-03-29 09:05:00
SUB-000323,CUST-00323,plan_growth,multi_year,2025-10-16,,79.0,active,True,,2025-10-16 09:05:00
SUB-000324,CUST-00324,plan_starter,monthly,2024-11-15,2026-08-20,29.0,cancelled,False,Customer initiated cancellation,2024-11-15 09:05:00
SUB-000325,CUST-00325,plan_growth,annual,2025-01-02,,79.0,active,True,,2025-01-02 09:05:00
SUB-000326,CUST-00326,plan_growth,monthly,2024-06-29,,79.0,active,True,,2024-06-29 09:05:00
SUB-000327,CUST-00327,plan_growth,monthly,2024-06-17,2026-03-24,79.0,cancelled,False,Customer initiated cancellation,2024-06-17 09:05:00
SUB-000328,CUST-00328,plan_pro,annual,2024-08-30,2025-06-27,179.0,cancelled,False,Customer initiated cancellation,2024-08-30 09:05:00
SUB-000329,CUST-00329,plan_growth,annual,2026-02-16,,79.0,active,True,,2026-02-16 09:05:00
SUB-000330,CUST-00330,plan_growth,annual,2024-05-20,2024-11-08,79.0,cancelled,False,Customer initiated cancellation,2024-05-20 09:05:00
SUB-000331,CUST-00331,plan_growth,multi_year,2026-02-09,,79.0,active,True,,2026-02-09 09:05:00
SUB-000332,CUST-00332,plan_starter,annual,2025-11-01,,29.0,active,True,,2025-11-01 09:05:00
SUB-000333,CUST-00333,plan_growth,monthly,2025-01-09,,79.0,active,True,,2025-01-09 09:05:00
SUB-000334,CUST-00334,plan_starter,monthly,2025-05-25,2025-12-27,29.0,cancelled,False,Customer initiated cancellation,2025-05-25 09:05:00
SUB-000335,CUST-00335,plan_pro,annual,2026-04-15,,179.0,active,True,,2026-04-15 09:05:00
SUB-000336,CUST-00336,plan_growth,monthly,2025-04-09,2026-07-13,79.0,cancelled,False,Customer initiated cancellation,2025-04-09 09:05:00
SUB-000337,CUST-00337,plan_starter,monthly,2026-01-20,2026-03-29,29.0,cancelled,False,Customer initiated cancellation,2026-01-20 09:05:00
SUB-000338,CUST-00338,plan_growth,multi_year,2025-11-30,,79.0,active,True,,2025-11-30 09:05:00
SUB-000339,CUST-00339,plan_starter,monthly,2026-05-27,,29.0,active,True,,2026-05-27 09:05:00
SUB-000340,CUST-00340,plan_growth,monthly,2026-02-04,,79.0,active,True,,2026-02-04 09:05:00
SUB-000341,CUST-00341,plan_enterprise,annual,2025-11-09,,499.0,active,True,,2025-11-09 09:05:00
SUB-000342,CUST-00342,plan_pro,monthly,2025-11-11,,179.0,active,True,,2025-11-11 09:05:00
SUB-000343,CUST-00343,plan_growth,monthly,2025-03-28,2026-06-02,79.0,cancelled,False,Customer initiated cancellation,2025-03-28 09:05:00
SUB-000344,CUST-00344,plan_growth,monthly,2025-03-17,,79.0,active,True,,2025-03-17 09:05:00
SUB-000345,CUST-00345,plan_starter,monthly,2026-01-26,,29.0,active,True,,2026-01-26 09:05:00
SUB-000346,CUST-00346,plan_pro,annual,2024-09-30,,179.0,active,True,,2024-09-30 09:05:00
SUB-000347,CUST-00347,plan_pro,monthly,2025-12-04,2026-04-26,179.0,cancelled,False,Customer initiated cancellation,2025-12-04 09:05:00
SUB-000348,CUST-00348,plan_starter,monthly,2026-01-19,2026-05-25,29.0,cancelled,False,Customer initiated cancellation,2026-01-19 09:05:00
SUB-000349,CUST-00349,plan_pro,monthly,2025-11-28,2026-05-07,179.0,cancelled,False,Customer initiated cancellation,2025-11-28 09:05:00
SUB-000350,CUST-00350,plan_growth,monthly,2024-08-12,2024-10-07,79.0,cancelled,False,Customer initiated cancellation,2024-08-12 09:05:00
SUB-000351,CUST-00351,plan_growth,monthly,2025-11-02,2026-02-15,79.0,cancelled,False,Customer initiated cancellation,2025-11-02 09:05:00
SUB-000352,CUST-00352,plan_starter,monthly,2025-09-16,,29.0,active,True,,2025-09-16 09:05:00
SUB-000353,CUST-00353,plan_starter,multi_year,2026-01-05,,29.0,active,True,,2026-01-05 09:05:00
SUB-000354,CUST-00354,plan_starter,monthly,2025-05-29,,29.0,active,True,,2025-05-29 09:05:00
SUB-000355,CUST-00355,plan_growth,monthly,2025-09-29,2026-04-06,79.0,cancelled,False,Customer initiated cancellation,2025-09-29 09:05:00
SUB-000356,CUST-00356,plan_enterprise,monthly,2025-10-20,,499.0,active,True,,2025-10-20 09:05:00
SUB-000357,CUST-00357,plan_enterprise,multi_year,2024-12-23,,499.0,active,True,,2024-12-23 09:05:00
SUB-000358,CUST-00358,plan_growth,monthly,2024-12-24,2025-03-16,79.0,cancelled,False,Customer initiated cancellation,2024-12-24 09:05:00
SUB-000359,CUST-00359,plan_pro,monthly,2025-03-06,2025-06-15,179.0,cancelled,False,Customer initiated cancellation,2025-03-06 09:05:00
SUB-000360,CUST-00360,plan_growth,monthly,2026-07-17,,79.0,active,True,,2026-07-17 09:05:00
SUB-000361,CUST-00361,plan_starter,monthly,2025-06-06,2025-12-27,29.0,cancelled,False,Customer initiated cancellation,2025-06-06 09:05:00
SUB-000362,CUST-00362,plan_pro,monthly,2026-06-21,,179.0,active,True,,2026-06-21 09:05:00
SUB-000363,CUST-00363,plan_growth,monthly,2025-11-23,,79.0,active,True,,2025-11-23 09:05:00
SUB-000364,CUST-00364,plan_growth,monthly,2026-03-09,,79.0,active,True,,2026-03-09 09:05:00
SUB-000365,CUST-00365,plan_growth,monthly,2025-06-12,2026-05-27,79.0,cancelled,False,Customer initiated cancellation,2025-06-12 09:05:00
SUB-000366,CUST-00366,plan_growth,monthly,2024-08-02,,79.0,active,True,,2024-08-02 09:05:00
SUB-000367,CUST-00367,plan_starter,annual,2024-10-29,2025-03-01,29.0,cancelled,False,Customer initiated cancellation,2024-10-29 09:05:00
SUB-000368,CUST-00368,plan_starter,monthly,2024-09-05,2025-08-05,29.0,cancelled,False,Customer initiated cancellation,2024-09-05 09:05:00
SUB-000369,CUST-00369,plan_starter,monthly,2025-03-09,2026-06-20,29.0,cancelled,False,Customer initiated cancellation,2025-03-09 09:05:00
SUB-000370,CUST-00370,plan_starter,monthly,2025-10-22,,29.0,active,True,,2025-10-22 09:05:00
SUB-000371,CUST-00371,plan_starter,monthly,2025-07-30,2025-11-16,29.0,cancelled,False,Customer initiated cancellation,2025-07-30 09:05:00
SUB-000372,CUST-00372,plan_pro,monthly,2026-03-09,,179.0,active,True,,2026-03-09 09:05:00
SUB-000373,CUST-00373,plan_growth,monthly,2025-07-09,,79.0,active,True,,2025-07-09 09:05:00
SUB-000374,CUST-00374,plan_starter,monthly,2024-10-27,2025-04-15,29.0,cancelled,False,Customer initiated cancellation,2024-10-27 09:05:00
SUB-000375,CUST-00375,plan_growth,monthly,2024-10-18,,79.0,active,True,,2024-10-18 09:05:00
SUB-000376,CUST-00376,plan_starter,monthly,2026-03-15,,29.0,active,True,,2026-03-15 09:05:00
SUB-000377,CUST-00377,plan_starter,multi_year,2026-03-03,,29.0,active,True,,2026-03-03 09:05:00
SUB-000378,CUST-00378,plan_starter,monthly,2025-06-15,2026-04-05,29.0,cancelled,False,Customer initiated cancellation,2025-06-15 09:05:00
SUB-000379,CUST-00379,plan_starter,annual,2026-06-04,,29.0,active,True,,2026-06-04 09:05:00
SUB-000380,CUST-00380,plan_starter,monthly,2025-11-13,,29.0,active,True,,2025-11-13 09:05:00
SUB-000381,CUST-00381,plan_starter,monthly,2026-02-17,,29.0,active,True,,2026-02-17 09:05:00
SUB-000382,CUST-00382,plan_growth,monthly,2024-11-11,,79.0,active,True,,2024-11-11 09:05:00
SUB-000383,CUST-00383,plan_growth,monthly,2025-04-14,2025-06-29,79.0,cancelled,False,Customer initiated cancellation,2025-04-14 09:05:00
SUB-000384,CUST-00384,plan_pro,annual,2025-10-14,,179.0,active,True,,2025-10-14 09:05:00
SUB-000385,CUST-00385,plan_pro,monthly,2024-07-27,2024-09-03,179.0,cancelled,False,Customer initiated cancellation,2024-07-27 09:05:00
SUB-000386,CUST-00386,plan_growth,monthly,2025-01-23,2026-01-13,79.0,cancelled,False,Customer initiated cancellation,2025-01-23 09:05:00
SUB-000387,CUST-00387,plan_starter,monthly,2025-04-03,2025-05-17,29.0,cancelled,False,Customer initiated cancellation,2025-04-03 09:05:00
SUB-000388,CUST-00388,plan_growth,annual,2025-04-26,2025-08-12,79.0,cancelled,False,Customer initiated cancellation,2025-04-26 09:05:00
SUB-000389,CUST-00389,plan_growth,annual,2026-04-09,,79.0,active,True,,2026-04-09 09:05:00
SUB-000390,CUST-00390,plan_enterprise,monthly,2025-06-01,,499.0,active,True,,2025-06-01 09:05:00
SUB-000391,CUST-00391,plan_growth,annual,2025-05-19,,79.0,active,True,,2025-05-19 09:05:00
SUB-000392,CUST-00392,plan_growth,annual,2026-04-17,,79.0,active,True,,2026-04-17 09:05:00
SUB-000393,CUST-00393,plan_starter,monthly,2026-02-19,2026-08-08,29.0,cancelled,False,Customer initiated cancellation,2026-02-19 09:05:00
SUB-000394,CUST-00394,plan_starter,monthly,2024-10-15,2025-04-23,29.0,cancelled,False,Customer initiated cancellation,2024-10-15 09:05:00
SUB-000395,CUST-00395,plan_starter,monthly,2025-08-18,2026-03-08,29.0,cancelled,False,Customer initiated cancellation,2025-08-18 09:05:00
SUB-000396,CUST-00396,plan_pro,annual,2025-10-04,,179.0,active,True,,2025-10-04 09:05:00
SUB-000397,CUST-00397,plan_starter,annual,2025-10-12,2025-12-21,29.0,cancelled,False,Customer initiated cancellation,2025-10-12 09:05:00
SUB-000398,CUST-00398,plan_starter,monthly,2026-07-04,,29.0,active,True,,2026-07-04 09:05:00
SUB-000399,CUST-00399,plan_growth,annual,2025-10-21,,79.0,active,True,,2025-10-21 09:05:00
SUB-000400,CUST-00400,plan_pro,monthly,2026-02-02,2026-07-08,179.0,cancelled,False,Customer initiated cancellation,2026-02-02 09:05:00
SUB-000401,CUST-00401,plan_enterprise,annual,2025-08-27,,499.0,active,True,,2025-08-27 09:05:00
SUB-000402,CUST-00402,plan_starter,monthly,2024-04-14,2025-01-16,29.0,cancelled,False,Customer initiated cancellation,2024-04-14 09:05:00
SUB-000403,CUST-00403,plan_growth,monthly,2025-05-28,,79.0,active,True,,2025-05-28 09:05:00
SUB-000404,CUST-00404,plan_pro,monthly,2025-12-02,,179.0,active,True,,2025-12-02 09:05:00
SUB-000405,CUST-00405,plan_starter,monthly,2025-07-21,,29.0,active,True,,2025-07-21 09:05:00
SUB-000406,CUST-00406,plan_starter,monthly,2025-05-28,2025-07-29,29.0,cancelled,False,Customer initiated cancellation,2025-05-28 09:05:00
SUB-000407,CUST-00407,plan_starter,monthly,2025-06-24,2026-02-06,29.0,cancelled,False,Customer initiated cancellation,2025-06-24 09:05:00
SUB-000408,CUST-00408,plan_starter,monthly,2026-03-19,,29.0,active,True,,2026-03-19 09:05:00
SUB-000409,CUST-00409,plan_growth,annual,2024-10-26,2024-12-10,79.0,cancelled,False,Customer initiated cancellation,2024-10-26 09:05:00
SUB-000410,CUST-00410,plan_starter,monthly,2026-05-09,,29.0,active,True,,2026-05-09 09:05:00
SUB-000411,CUST-00411,plan_growth,monthly,2025-01-01,,79.0,active,True,,2025-01-01 09:05:00
SUB-000412,CUST-00412,plan_pro,monthly,2026-04-24,,179.0,active,True,,2026-04-24 09:05:00
SUB-000413,CUST-00413,plan_growth,annual,2025-11-16,,79.0,active,True,,2025-11-16 09:05:00
SUB-000414,CUST-00414,plan_starter,monthly,2026-01-04,,29.0,active,True,,2026-01-04 09:05:00
SUB-000415,CUST-00415,plan_pro,annual,2024-12-31,2025-05-27,179.0,cancelled,False,Customer initiated cancellation,2024-12-31 09:05:00
SUB-000416,CUST-00416,plan_growth,monthly,2026-03-21,2026-06-16,79.0,cancelled,False,Customer initiated cancellation,2026-03-21 09:05:00
SUB-000417,CUST-00417,plan_starter,monthly,2025-08-22,,29.0,active,True,,2025-08-22 09:05:00
SUB-000418,CUST-00418,plan_starter,annual,2025-05-13,,29.0,active,True,,2025-05-13 09:05:00
SUB-000419,CUST-00419,plan_growth,monthly,2024-08-06,,79.0,active,True,,2024-08-06 09:05:00
SUB-000420,CUST-00420,plan_growth,monthly,2025-07-03,2025-10-11,79.0,cancelled,False,Customer initiated cancellation,2025-07-03 09:05:00
SUB-000421,CUST-00421,plan_starter,monthly,2024-03-05,2024-09-13,29.0,cancelled,False,Customer initiated cancellation,2024-03-05 09:05:00
SUB-000422,CUST-00422,plan_starter,annual,2026-03-04,,29.0,active,True,,2026-03-04 09:05:00
SUB-000423,CUST-00423,plan_growth,monthly,2025-04-10,,79.0,active,True,,2025-04-10 09:05:00
SUB-000424,CUST-00424,plan_growth,annual,2026-04-06,,79.0,active,True,,2026-04-06 09:05:00
SUB-000425,CUST-00425,plan_growth,monthly,2025-09-24,2026-05-05,79.0,cancelled,False,Customer initiated cancellation,2025-09-24 09:05:00
SUB-000426,CUST-00426,plan_starter,annual,2024-12-28,2025-08-23,29.0,cancelled,False,Customer initiated cancellation,2024-12-28 09:05:00
SUB-000427,CUST-00427,plan_starter,monthly,2025-07-20,,29.0,active,True,,2025-07-20 09:05:00
SUB-000428,CUST-00428,plan_growth,annual,2025-09-01,,79.0,active,True,,2025-09-01 09:05:00
SUB-000429,CUST-00429,plan_growth,monthly,2026-01-12,,79.0,active,True,,2026-01-12 09:05:00
SUB-000430,CUST-00430,plan_pro,annual,2025-10-16,,179.0,active,True,,2025-10-16 09:05:00
SUB-000431,CUST-00431,plan_starter,monthly,2025-11-22,2026-08-30,29.0,cancelled,False,Customer initiated cancellation,2025-11-22 09:05:00
SUB-000432,CUST-00432,plan_pro,monthly,2025-07-23,2026-01-22,179.0,cancelled,False,Customer initiated cancellation,2025-07-23 09:05:00
SUB-000433,CUST-00433,plan_pro,multi_year,2024-11-23,,179.0,active,True,,2024-11-23 09:05:00
SUB-000434,CUST-00434,plan_pro,monthly,2024-12-12,2025-11-12,179.0,cancelled,False,Customer initiated cancellation,2024-12-12 09:05:00
SUB-000435,CUST-00435,plan_growth,annual,2025-12-22,,79.0,active,True,,2025-12-22 09:05:00
SUB-000436,CUST-00436,plan_starter,monthly,2025-01-07,,29.0,active,True,,2025-01-07 09:05:00
SUB-000437,CUST-00437,plan_growth,annual,2026-01-09,2026-08-21,79.0,cancelled,False,Customer initiated cancellation,2026-01-09 09:05:00
SUB-000438,CUST-00438,plan_growth,annual,2026-03-29,,79.0,active,True,,2026-03-29 09:05:00
SUB-000439,CUST-00439,plan_starter,monthly,2025-11-11,,29.0,active,True,,2025-11-11 09:05:00
SUB-000440,CUST-00440,plan_pro,annual,2024-09-25,,179.0,active,True,,2024-09-25 09:05:00
SUB-000441,CUST-00441,plan_starter,monthly,2025-04-24,2026-01-20,29.0,cancelled,False,Customer initiated cancellation,2025-04-24 09:05:00
SUB-000442,CUST-00442,plan_growth,annual,2025-03-08,,79.0,active,True,,2025-03-08 09:05:00
SUB-000443,CUST-00443,plan_pro,monthly,2025-09-09,,179.0,active,True,,2025-09-09 09:05:00
SUB-000444,CUST-00444,plan_growth,annual,2026-03-23,,79.0,active,True,,2026-03-23 09:05:00
SUB-000445,CUST-00445,plan_starter,monthly,2025-10-01,,29.0,active,True,,2025-10-01 09:05:00
SUB-000446,CUST-00446,plan_pro,multi_year,2025-11-21,,179.0,active,True,,2025-11-21 09:05:00
SUB-000447,CUST-00447,plan_pro,monthly,2025-11-18,,179.0,active,True,,2025-11-18 09:05:00
SUB-000448,CUST-00448,plan_starter,monthly,2026-03-05,2026-05-20,29.0,cancelled,False,Customer initiated cancellation,2026-03-05 09:05:00
SUB-000449,CUST-00449,plan_starter,monthly,2025-12-30,,29.0,active,True,,2025-12-30 09:05:00
SUB-000450,CUST-00450,plan_starter,monthly,2025-08-06,,29.0,active,True,,2025-08-06 09:05:00
SUB-000451,CUST-00451,plan_pro,monthly,2025-08-06,,179.0,active,True,,2025-08-06 09:05:00
SUB-000452,CUST-00452,plan_starter,monthly,2026-03-05,,29.0,active,True,,2026-03-05 09:05:00
SUB-000453,CUST-00453,plan_pro,monthly,2025-11-05,,179.0,active,True,,2025-11-05 09:05:00
SUB-000454,CUST-00454,plan_pro,annual,2026-07-27,,179.0,active,True,,2026-07-27 09:05:00
SUB-000455,CUST-00455,plan_pro,multi_year,2026-04-06,,179.0,active,True,,2026-04-06 09:05:00
SUB-000456,CUST-00456,plan_pro,monthly,2024-12-28,2025-03-06,179.0,cancelled,False,Customer initiated cancellation,2024-12-28 09:05:00
SUB-000457,CUST-00457,plan_growth,multi_year,2025-09-13,,79.0,active,True,,2025-09-13 09:05:00
SUB-000458,CUST-00458,plan_starter,monthly,2026-06-11,,29.0,active,True,,2026-06-11 09:05:00
SUB-000459,CUST-00459,plan_starter,monthly,2026-06-21,,29.0,active,True,,2026-06-21 09:05:00
SUB-000460,CUST-00460,plan_pro,monthly,2025-11-04,,179.0,active,True,,2025-11-04 09:05:00
SUB-000461,CUST-00461,plan_enterprise,annual,2025-08-26,,499.0,active,True,,2025-08-26 09:05:00
SUB-000462,CUST-00462,plan_pro,monthly,2025-12-17,2026-03-02,179.0,cancelled,False,Customer initiated cancellation,2025-12-17 09:05:00
SUB-000463,CUST-00463,plan_growth,monthly,2025-12-11,,79.0,active,True,,2025-12-11 09:05:00
SUB-000464,CUST-00464,plan_growth,monthly,2024-06-05,2025-06-20,79.0,cancelled,False,Customer initiated cancellation,2024-06-05 09:05:00
SUB-000465,CUST-00465,plan_enterprise,annual,2025-01-26,,499.0,active,True,,2025-01-26 09:05:00
SUB-000466,CUST-00466,plan_starter,monthly,2025-03-28,2026-02-13,29.0,cancelled,False,Customer initiated cancellation,2025-03-28 09:05:00
SUB-000467,CUST-00467,plan_growth,monthly,2024-12-05,,79.0,active,True,,2024-12-05 09:05:00
SUB-000468,CUST-00468,plan_starter,monthly,2026-07-22,,29.0,active,True,,2026-07-22 09:05:00
SUB-000469,CUST-00469,plan_enterprise,monthly,2025-05-02,,499.0,active,True,,2025-05-02 09:05:00
SUB-000470,CUST-00470,plan_growth,annual,2025-07-09,,79.0,active,True,,2025-07-09 09:05:00
SUB-000471,CUST-00471,plan_starter,annual,2025-07-08,,29.0,active,True,,2025-07-08 09:05:00
SUB-000472,CUST-00472,plan_starter,annual,2026-04-12,,29.0,active,True,,2026-04-12 09:05:00
SUB-000473,CUST-00473,plan_pro,monthly,2025-06-02,2025-08-12,179.0,cancelled,False,Customer initiated cancellation,2025-06-02 09:05:00
SUB-000474,CUST-00474,plan_pro,monthly,2025-12-28,,179.0,active,True,,2025-12-28 09:05:00
SUB-000475,CUST-00475,plan_growth,annual,2025-06-13,,79.0,active,True,,2025-06-13 09:05:00
SUB-000476,CUST-00476,plan_pro,annual,2025-12-08,,179.0,active,True,,2025-12-08 09:05:00
SUB-000477,CUST-00477,plan_pro,annual,2025-04-11,,179.0,active,True,,2025-04-11 09:05:00
SUB-000478,CUST-00478,plan_growth,annual,2025-09-11,2025-12-06,79.0,cancelled,False,Customer initiated cancellation,2025-09-11 09:05:00
SUB-000479,CUST-00479,plan_starter,monthly,2026-06-18,,29.0,active,True,,2026-06-18 09:05:00
SUB-000480,CUST-00480,plan_starter,monthly,2025-09-23,2026-03-04,29.0,cancelled,False,Customer initiated cancellation,2025-09-23 09:05:00
SUB-000481,CUST-00481,plan_growth,monthly,2025-11-29,2026-01-13,79.0,cancelled,False,Customer initiated cancellation,2025-11-29 09:05:00
SUB-000482,CUST-00482,plan_growth,annual,2024-04-12,2024-08-23,79.0,cancelled,False,Customer initiated cancellation,2024-04-12 09:05:00
SUB-000483,CUST-00483,plan_starter,monthly,2026-01-25,2026-08-05,29.0,cancelled,False,Customer initiated cancellation,2026-01-25 09:05:00
SUB-000484,CUST-00484,plan_growth,annual,2026-03-24,,79.0,active,True,,2026-03-24 09:05:00
SUB-000485,CUST-00485,plan_starter,monthly,2025-04-10,,29.0,active,True,,2025-04-10 09:05:00
SUB-000486,CUST-00486,plan_growth,monthly,2025-09-19,,79.0,active,True,,2025-09-19 09:05:00
SUB-000487,CUST-00487,plan_growth,monthly,2025-09-08,,79.0,active,True,,2025-09-08 09:05:00
SUB-000488,CUST-00488,plan_growth,annual,2026-03-17,,79.0,active,True,,2026-03-17 09:05:00
SUB-000489,CUST-00489,plan_growth,monthly,2026-03-23,,79.0,active,True,,2026-03-23 09:05:00
SUB-000490,CUST-00490,plan_starter,monthly,2026-05-12,,29.0,active,True,,2026-05-12 09:05:00
SUB-000491,CUST-00491,plan_pro,monthly,2024-12-02,2025-04-19,179.0,cancelled,False,Customer initiated cancellation,2024-12-02 09:05:00
SUB-000492,CUST-00492,plan_enterprise,monthly,2026-01-19,,499.0,active,True,,2026-01-19 09:05:00
SUB-000493,CUST-00493,plan_pro,monthly,2026-04-18,,179.0,active,True,,2026-04-18 09:05:00
SUB-000494,CUST-00494,plan_growth,monthly,2025-01-01,2026-01-30,79.0,cancelled,False,Customer initiated cancellation,2025-01-01 09:05:00
SUB-000495,CUST-00495,plan_starter,annual,2024-07-03,,29.0,active,True,,2024-07-03 09:05:00
SUB-000496,CUST-00496,plan_starter,annual,2026-01-08,,29.0,active,True,,2026-01-08 09:05:00
SUB-000497,CUST-00497,plan_pro,monthly,2025-12-26,,179.0,active,True,,2025-12-26 09:05:00
SUB-000498,CUST-00498,plan_starter,monthly,2026-02-26,,29.0,active,True,,2026-02-26 09:05:00
SUB-000499,CUST-00499,plan_starter,monthly,2025-08-10,,29.0,active,True,,2025-08-10 09:05:00
SUB-000500,CUST-00500,plan_growth,monthly,2025-04-13,,79.0,active,True,,2025-04-13 09:05:00
SUB-000501,CUST-00501,plan_starter,monthly,2025-05-30,2025-11-15,29.0,cancelled,False,Customer initiated cancellation,2025-05-30 09:05:00
SUB-000502,CUST-00502,plan_starter,monthly,2026-01-26,2026-03-28,29.0,cancelled,False,Customer initiated cancellation,2026-01-26 09:05:00
SUB-000503,CUST-00503,plan_starter,monthly,2025-06-06,2025-12-09,29.0,cancelled,False,Customer initiated cancellation,2025-06-06 09:05:00
SUB-000504,CUST-00504,plan_growth,monthly,2025-11-02,2026-02-13,79.0,cancelled,False,Customer initiated cancellation,2025-11-02 09:05:00
SUB-000505,CUST-00505,plan_growth,monthly,2025-06-01,,79.0,active,True,,2025-06-01 09:05:00
SUB-000506,CUST-00506,plan_starter,annual,2026-04-18,,29.0,active,True,,2026-04-18 09:05:00
SUB-000507,CUST-00507,plan_starter,monthly,2025-12-08,2026-06-02,29.0,cancelled,False,Customer initiated cancellation,2025-12-08 09:05:00
SUB-000508,CUST-00508,plan_starter,monthly,2025-08-11,,29.0,active,True,,2025-08-11 09:05:00
SUB-000509,CUST-00509,plan_growth,monthly,2025-08-02,2026-05-02,79.0,cancelled,False,Customer initiated cancellation,2025-08-02 09:05:00
SUB-000510,CUST-00510,plan_growth,monthly,2026-03-04,,79.0,active,True,,2026-03-04 09:05:00
SUB-000511,CUST-00511,plan_starter,monthly,2025-11-10,,29.0,active,True,,2025-11-10 09:05:00
SUB-000512,CUST-00512,plan_enterprise,annual,2025-10-31,,499.0,active,True,,2025-10-31 09:05:00
SUB-000513,CUST-00513,plan_pro,annual,2024-08-20,,179.0,active,True,,2024-08-20 09:05:00
SUB-000514,CUST-00514,plan_growth,monthly,2025-12-15,,79.0,active,True,,2025-12-15 09:05:00
SUB-000515,CUST-00515,plan_pro,monthly,2025-07-03,2026-03-16,179.0,cancelled,False,Customer initiated cancellation,2025-07-03 09:05:00
SUB-000516,CUST-00516,plan_enterprise,monthly,2024-12-20,,499.0,active,True,,2024-12-20 09:05:00
SUB-000517,CUST-00517,plan_growth,annual,2025-08-14,2026-07-23,79.0,cancelled,False,Customer initiated cancellation,2025-08-14 09:05:00
SUB-000518,CUST-00518,plan_pro,annual,2024-08-17,,179.0,active,True,,2024-08-17 09:05:00
SUB-000519,CUST-00519,plan_growth,annual,2025-11-16,,79.0,active,True,,2025-11-16 09:05:00
SUB-000520,CUST-00520,plan_starter,annual,2025-04-05,2025-10-27,29.0,cancelled,False,Customer initiated cancellation,2025-04-05 09:05:00
SUB-000521,CUST-00521,plan_starter,monthly,2025-04-12,,29.0,active,True,,2025-04-12 09:05:00
SUB-000522,CUST-00522,plan_growth,monthly,2025-09-11,,79.0,active,True,,2025-09-11 09:05:00
SUB-000523,CUST-00523,plan_growth,monthly,2026-04-19,,79.0,active,True,,2026-04-19 09:05:00
SUB-000524,CUST-00524,plan_growth,monthly,2026-03-31,,79.0,active,True,,2026-03-31 09:05:00
SUB-000525,CUST-00525,plan_pro,monthly,2025-07-12,,179.0,active,True,,2025-07-12 09:05:00
SUB-000526,CUST-00526,plan_growth,annual,2025-04-22,2026-01-07,79.0,cancelled,False,Customer initiated cancellation,2025-04-22 09:05:00
SUB-000527,CUST-00527,plan_starter,monthly,2025-10-02,2026-05-27,29.0,cancelled,False,Customer initiated cancellation,2025-10-02 09:05:00
SUB-000528,CUST-00528,plan_starter,multi_year,2025-10-21,,29.0,active,True,,2025-10-21 09:05:00
SUB-000529,CUST-00529,plan_growth,annual,2025-10-29,,79.0,active,True,,2025-10-29 09:05:00
SUB-000530,CUST-00530,plan_growth,annual,2024-11-10,,79.0,active,True,,2024-11-10 09:05:00
SUB-000531,CUST-00531,plan_enterprise,annual,2026-01-25,,499.0,active,True,,2026-01-25 09:05:00
SUB-000532,CUST-00532,plan_starter,annual,2025-09-18,2026-07-02,29.0,cancelled,False,Customer initiated cancellation,2025-09-18 09:05:00
SUB-000533,CUST-00533,plan_starter,monthly,2025-10-12,,29.0,active,True,,2025-10-12 09:05:00
SUB-000534,CUST-00534,plan_pro,monthly,2024-09-21,,179.0,active,True,,2024-09-21 09:05:00
SUB-000535,CUST-00535,plan_pro,monthly,2025-12-14,,179.0,active,True,,2025-12-14 09:05:00
SUB-000536,CUST-00536,plan_pro,monthly,2025-05-11,,179.0,active,True,,2025-05-11 09:05:00
SUB-000537,CUST-00537,plan_enterprise,annual,2026-04-23,,499.0,active,True,,2026-04-23 09:05:00
SUB-000538,CUST-00538,plan_growth,monthly,2026-04-17,,79.0,active,True,,2026-04-17 09:05:00
SUB-000539,CUST-00539,plan_starter,monthly,2024-05-10,2024-10-05,29.0,cancelled,False,Customer initiated cancellation,2024-05-10 09:05:00
SUB-000540,CUST-00540,plan_starter,annual,2026-01-20,,29.0,active,True,,2026-01-20 09:05:00
SUB-000541,CUST-00541,plan_growth,monthly,2025-12-01,2026-07-25,79.0,cancelled,False,Customer initiated cancellation,2025-12-01 09:05:00
SUB-000542,CUST-00542,plan_starter,monthly,2024-05-26,2025-04-22,29.0,cancelled,False,Customer initiated cancellation,2024-05-26 09:05:00
SUB-000543,CUST-00543,plan_enterprise,monthly,2025-08-29,2026-02-15,499.0,cancelled,False,Customer initiated cancellation,2025-08-29 09:05:00
SUB-000544,CUST-00544,plan_enterprise,monthly,2025-07-14,,499.0,active,True,,2025-07-14 09:05:00
SUB-000545,CUST-00545,plan_growth,monthly,2024-11-30,2025-05-05,79.0,cancelled,False,Customer initiated cancellation,2024-11-30 09:05:00
SUB-000546,CUST-00546,plan_starter,monthly,2025-12-09,,29.0,active,True,,2025-12-09 09:05:00
SUB-000547,CUST-00547,plan_growth,monthly,2024-09-01,,79.0,active,True,,2024-09-01 09:05:00
SUB-000548,CUST-00548,plan_enterprise,monthly,2024-11-05,2025-07-05,499.0,cancelled,False,Customer initiated cancellation,2024-11-05 09:05:00
SUB-000549,CUST-00549,plan_starter,annual,2026-01-29,,29.0,active,True,,2026-01-29 09:05:00
SUB-000550,CUST-00550,plan_pro,annual,2025-05-06,,179.0,active,True,,2025-05-06 09:05:00
SUB-000551,CUST-00551,plan_enterprise,monthly,2025-07-21,2026-06-08,499.0,cancelled,False,Customer initiated cancellation,2025-07-21 09:05:00
SUB-000552,CUST-00552,plan_growth,monthly,2026-01-23,,79.0,active,True,,2026-01-23 09:05:00
SUB-000553,CUST-00553,plan_growth,multi_year,2025-09-07,,79.0,active,True,,2025-09-07 09:05:00
SUB-000554,CUST-00554,plan_starter,monthly,2025-09-17,2025-12-25,29.0,cancelled,False,Customer initiated cancellation,2025-09-17 09:05:00
SUB-000555,CUST-00555,plan_growth,monthly,2026-01-13,,79.0,active,True,,2026-01-13 09:05:00
SUB-000556,CUST-00556,plan_enterprise,annual,2026-04-04,,499.0,active,True,,2026-04-04 09:05:00
SUB-000557,CUST-00557,plan_pro,monthly,2025-10-21,,179.0,active,True,,2025-10-21 09:05:00
SUB-000558,CUST-00558,plan_enterprise,annual,2025-04-13,,499.0,active,True,,2025-04-13 09:05:00
SUB-000559,CUST-00559,plan_growth,monthly,2026-05-21,,79.0,active,True,,2026-05-21 09:05:00
SUB-000560,CUST-00560,plan_growth,monthly,2025-01-20,,79.0,active,True,,2025-01-20 09:05:00
SUB-000561,CUST-00561,plan_pro,annual,2025-01-24,,179.0,active,True,,2025-01-24 09:05:00
SUB-000562,CUST-00562,plan_starter,monthly,2025-10-15,2026-06-06,29.0,cancelled,False,Customer initiated cancellation,2025-10-15 09:05:00
SUB-000563,CUST-00563,plan_pro,annual,2025-05-13,,179.0,active,True,,2025-05-13 09:05:00
SUB-000564,CUST-00564,plan_growth,annual,2025-07-10,,79.0,active,True,,2025-07-10 09:05:00
SUB-000565,CUST-00565,plan_growth,annual,2025-10-20,,79.0,active,True,,2025-10-20 09:05:00
SUB-000566,CUST-00566,plan_starter,monthly,2025-08-24,2026-07-08,29.0,cancelled,False,Customer initiated cancellation,2025-08-24 09:05:00
SUB-000567,CUST-00567,plan_growth,annual,2025-10-07,2025-12-07,79.0,cancelled,False,Customer initiated cancellation,2025-10-07 09:05:00
SUB-000568,CUST-00568,plan_growth,monthly,2026-02-27,2026-04-11,79.0,cancelled,False,Customer initiated cancellation,2026-02-27 09:05:00
SUB-000569,CUST-00569,plan_growth,monthly,2025-10-10,,79.0,active,True,,2025-10-10 09:05:00
SUB-000570,CUST-00570,plan_pro,annual,2026-04-04,,179.0,active,True,,2026-04-04 09:05:00
SUB-000571,CUST-00571,plan_growth,monthly,2024-10-29,2026-08-30,79.0,cancelled,False,Customer initiated cancellation,2024-10-29 09:05:00
SUB-000572,CUST-00572,plan_starter,annual,2026-03-07,,29.0,active,True,,2026-03-07 09:05:00
SUB-000573,CUST-00573,plan_starter,monthly,2024-08-05,2024-10-05,29.0,cancelled,False,Customer initiated cancellation,2024-08-05 09:05:00
SUB-000574,CUST-00574,plan_starter,monthly,2025-10-23,2025-12-14,29.0,cancelled,False,Customer initiated cancellation,2025-10-23 09:05:00
SUB-000575,CUST-00575,plan_starter,monthly,2026-01-16,,29.0,active,True,,2026-01-16 09:05:00
SUB-000576,CUST-00576,plan_pro,multi_year,2025-07-18,2025-12-13,179.0,cancelled,False,Customer initiated cancellation,2025-07-18 09:05:00
SUB-000577,CUST-00577,plan_starter,monthly,2025-12-01,,29.0,active,True,,2025-12-01 09:05:00
SUB-000578,CUST-00578,plan_starter,monthly,2024-11-13,,29.0,active,True,,2024-11-13 09:05:00
SUB-000579,CUST-00579,plan_starter,monthly,2025-10-28,,29.0,active,True,,2025-10-28 09:05:00
SUB-000580,CUST-00580,plan_growth,monthly,2026-02-14,,79.0,active,True,,2026-02-14 09:05:00
SUB-000581,CUST-00581,plan_pro,multi_year,2026-04-23,,179.0,active,True,,2026-04-23 09:05:00
SUB-000582,CUST-00582,plan_growth,annual,2025-07-19,2025-12-03,79.0,cancelled,False,Customer initiated cancellation,2025-07-19 09:05:00
SUB-000583,CUST-00583,plan_growth,monthly,2025-10-18,,79.0,active,True,,2025-10-18 09:05:00
SUB-000584,CUST-00584,plan_starter,monthly,2026-01-15,,29.0,active,True,,2026-01-15 09:05:00
SUB-000585,CUST-00585,plan_starter,monthly,2026-04-23,2026-08-28,29.0,cancelled,False,Customer initiated cancellation,2026-04-23 09:05:00
SUB-000586,CUST-00586,plan_growth,monthly,2025-05-31,2026-02-17,79.0,cancelled,False,Customer initiated cancellation,2025-05-31 09:05:00
SUB-000587,CUST-00587,plan_starter,annual,2024-09-10,2025-10-14,29.0,cancelled,False,Customer initiated cancellation,2024-09-10 09:05:00
SUB-000588,CUST-00588,plan_growth,monthly,2025-11-29,,79.0,active,True,,2025-11-29 09:05:00
SUB-000589,CUST-00589,plan_growth,monthly,2024-04-10,2024-12-02,79.0,cancelled,False,Customer initiated cancellation,2024-04-10 09:05:00
SUB-000590,CUST-00590,plan_growth,monthly,2025-01-28,2025-04-24,79.0,cancelled,False,Customer initiated cancellation,2025-01-28 09:05:00
SUB-000591,CUST-00591,plan_growth,annual,2025-05-23,,79.0,active,True,,2025-05-23 09:05:00
SUB-000592,CUST-00592,plan_growth,annual,2025-08-29,,79.0,active,True,,2025-08-29 09:05:00
SUB-000593,CUST-00593,plan_starter,annual,2025-10-01,,29.0,active,True,,2025-10-01 09:05:00
SUB-000594,CUST-00594,plan_growth,monthly,2025-08-03,2026-08-17,79.0,cancelled,False,Customer initiated cancellation,2025-08-03 09:05:00
SUB-000595,CUST-00595,plan_pro,monthly,2025-10-27,2026-08-27,179.0,cancelled,False,Customer initiated cancellation,2025-10-27 09:05:00
SUB-000596,CUST-00596,plan_starter,monthly,2026-03-06,,29.0,active,True,,2026-03-06 09:05:00
SUB-000597,CUST-00597,plan_starter,monthly,2025-11-09,,29.0,active,True,,2025-11-09 09:05:00
SUB-000598,CUST-00598,plan_growth,monthly,2025-10-26,,79.0,active,True,,2025-10-26 09:05:00
SUB-000599,CUST-00599,plan_starter,monthly,2025-12-21,,29.0,active,True,,2025-12-21 09:05:00
SUB-000600,CUST-00600,plan_growth,annual,2025-09-27,,79.0,active,True,,2025-09-27 09:05:00
SUB-000601,CUST-00601,plan_starter,annual,2024-11-17,,29.0,active,True,,2024-11-17 09:05:00
SUB-000602,CUST-00602,plan_starter,multi_year,2024-02-16,,29.0,active,True,,2024-02-16 09:05:00
SUB-000603,CUST-00603,plan_growth,annual,2025-01-26,2025-03-01,79.0,cancelled,False,Customer initiated cancellation,2025-01-26 09:05:00
SUB-000604,CUST-00604,plan_starter,multi_year,2025-06-28,,29.0,active,True,,2025-06-28 09:05:00
SUB-000605,CUST-00605,plan_growth,monthly,2024-12-18,2025-04-10,79.0,cancelled,False,Customer initiated cancellation,2024-12-18 09:05:00
SUB-000606,CUST-00606,plan_growth,annual,2024-09-27,,79.0,active,True,,2024-09-27 09:05:00
SUB-000607,CUST-00607,plan_starter,annual,2026-05-04,,29.0,active,True,,2026-05-04 09:05:00
SUB-000608,CUST-00608,plan_starter,annual,2025-03-26,,29.0,active,True,,2025-03-26 09:05:00
SUB-000609,CUST-00609,plan_starter,monthly,2024-11-14,2026-01-28,29.0,cancelled,False,Customer initiated cancellation,2024-11-14 09:05:00
SUB-000610,CUST-00610,plan_enterprise,annual,2026-02-19,,499.0,active,True,,2026-02-19 09:05:00
SUB-000611,CUST-00611,plan_starter,monthly,2024-11-07,,29.0,active,True,,2024-11-07 09:05:00
SUB-000612,CUST-00612,plan_growth,monthly,2026-04-27,,79.0,active,True,,2026-04-27 09:05:00
SUB-000613,CUST-00613,plan_starter,monthly,2025-03-24,2025-10-21,29.0,cancelled,False,Customer initiated cancellation,2025-03-24 09:05:00
SUB-000614,CUST-00614,plan_enterprise,monthly,2026-02-13,,499.0,active,True,,2026-02-13 09:05:00
SUB-000615,CUST-00615,plan_growth,annual,2025-07-05,,79.0,active,True,,2025-07-05 09:05:00
SUB-000616,CUST-00616,plan_starter,annual,2026-06-28,,29.0,active,True,,2026-06-28 09:05:00
SUB-000617,CUST-00617,plan_enterprise,annual,2024-11-16,,499.0,active,True,,2024-11-16 09:05:00
SUB-000618,CUST-00618,plan_growth,monthly,2025-06-20,,79.0,active,True,,2025-06-20 09:05:00
SUB-000619,CUST-00619,plan_starter,monthly,2025-12-21,,29.0,active,True,,2025-12-21 09:05:00
SUB-000620,CUST-00620,plan_growth,annual,2025-11-18,,79.0,active,True,,2025-11-18 09:05:00
SUB-000621,CUST-00621,plan_pro,monthly,2025-08-24,,179.0,active,True,,2025-08-24 09:05:00
SUB-000622,CUST-00622,plan_starter,monthly,2025-11-09,2026-07-22,29.0,cancelled,False,Customer initiated cancellation,2025-11-09 09:05:00
SUB-000623,CUST-00623,plan_growth,monthly,2025-11-17,2026-05-12,79.0,cancelled,False,Customer initiated cancellation,2025-11-17 09:05:00
SUB-000624,CUST-00624,plan_growth,monthly,2025-11-01,,79.0,active,True,,2025-11-01 09:05:00
SUB-000625,CUST-00625,plan_starter,annual,2025-10-06,,29.0,active,True,,2025-10-06 09:05:00
SUB-000626,CUST-00626,plan_pro,monthly,2026-05-05,2026-07-14,179.0,cancelled,False,Customer initiated cancellation,2026-05-05 09:05:00
SUB-000627,CUST-00627,plan_pro,annual,2025-07-17,,179.0,active,True,,2025-07-17 09:05:00
SUB-000628,CUST-00628,plan_starter,monthly,2026-03-10,2026-07-17,29.0,cancelled,False,Customer initiated cancellation,2026-03-10 09:05:00
SUB-000629,CUST-00629,plan_starter,annual,2026-02-25,,29.0,active,True,,2026-02-25 09:05:00
SUB-000630,CUST-00630,plan_enterprise,multi_year,2025-09-30,,499.0,active,True,,2025-09-30 09:05:00
SUB-000631,CUST-00631,plan_pro,annual,2026-04-24,,179.0,active,True,,2026-04-24 09:05:00
SUB-000632,CUST-00632,plan_pro,annual,2026-03-17,,179.0,active,True,,2026-03-17 09:05:00
SUB-000633,CUST-00633,plan_growth,monthly,2025-03-30,2026-03-28,79.0,cancelled,False,Customer initiated cancellation,2025-03-30 09:05:00
SUB-000634,CUST-00634,plan_pro,monthly,2024-11-09,,179.0,active,True,,2024-11-09 09:05:00
SUB-000635,CUST-00635,plan_growth,annual,2024-12-21,,79.0,active,True,,2024-12-21 09:05:00
SUB-000636,CUST-00636,plan_growth,annual,2024-06-21,2026-03-06,79.0,cancelled,False,Customer initiated cancellation,2024-06-21 09:05:00
SUB-000637,CUST-00637,plan_pro,monthly,2025-05-26,,179.0,active,True,,2025-05-26 09:05:00
SUB-000638,CUST-00638,plan_growth,monthly,2026-06-28,,79.0,active,True,,2026-06-28 09:05:00
SUB-000639,CUST-00639,plan_pro,monthly,2025-08-07,,179.0,active,True,,2025-08-07 09:05:00
SUB-000640,CUST-00640,plan_growth,monthly,2024-11-30,2025-02-11,79.0,cancelled,False,Customer initiated cancellation,2024-11-30 09:05:00
SUB-000641,CUST-00641,plan_growth,monthly,2024-12-01,2025-06-27,79.0,cancelled,False,Customer initiated cancellation,2024-12-01 09:05:00
SUB-000642,CUST-00642,plan_growth,monthly,2026-07-09,,79.0,active,True,,2026-07-09 09:05:00
SUB-000643,CUST-00643,plan_enterprise,monthly,2025-11-20,2026-01-17,499.0,cancelled,False,Customer initiated cancellation,2025-11-20 09:05:00
SUB-000644,CUST-00644,plan_enterprise,monthly,2025-05-26,,499.0,active,True,,2025-05-26 09:05:00
SUB-000645,CUST-00645,plan_pro,annual,2024-08-27,,179.0,active,True,,2024-08-27 09:05:00
SUB-000646,CUST-00646,plan_pro,annual,2026-04-16,,179.0,active,True,,2026-04-16 09:05:00
SUB-000647,CUST-00647,plan_pro,monthly,2026-03-15,,179.0,active,True,,2026-03-15 09:05:00
SUB-000648,CUST-00648,plan_pro,annual,2024-05-29,2025-06-04,179.0,cancelled,False,Customer initiated cancellation,2024-05-29 09:05:00
SUB-000649,CUST-00649,plan_starter,monthly,2025-12-12,2026-07-16,29.0,cancelled,False,Customer initiated cancellation,2025-12-12 09:05:00
SUB-000650,CUST-00650,plan_growth,monthly,2025-11-19,,79.0,active,True,,2025-11-19 09:05:00
SUB-000651,CUST-00651,plan_pro,monthly,2026-03-18,2026-08-29,179.0,cancelled,False,Customer initiated cancellation,2026-03-18 09:05:00
SUB-000652,CUST-00652,plan_growth,annual,2024-10-27,2025-12-24,79.0,cancelled,False,Customer initiated cancellation,2024-10-27 09:05:00
SUB-000653,CUST-00653,plan_growth,monthly,2024-05-19,,79.0,active,True,,2024-05-19 09:05:00
SUB-000654,CUST-00654,plan_starter,annual,2025-01-20,2025-12-14,29.0,cancelled,False,Customer initiated cancellation,2025-01-20 09:05:00
SUB-000655,CUST-00655,plan_growth,monthly,2025-09-21,,79.0,active,True,,2025-09-21 09:05:00
SUB-000656,CUST-00656,plan_starter,annual,2026-05-08,,29.0,active,True,,2026-05-08 09:05:00
SUB-000657,CUST-00657,plan_growth,monthly,2025-12-08,,79.0,active,True,,2025-12-08 09:05:00
SUB-000658,CUST-00658,plan_growth,monthly,2026-01-08,,79.0,active,True,,2026-01-08 09:05:00
SUB-000659,CUST-00659,plan_enterprise,monthly,2026-04-17,,499.0,active,True,,2026-04-17 09:05:00
SUB-000660,CUST-00660,plan_growth,monthly,2026-05-30,2026-09-01,79.0,cancelled,False,Customer initiated cancellation,2026-05-30 09:05:00
SUB-000661,CUST-00661,plan_growth,annual,2025-10-10,,79.0,active,True,,2025-10-10 09:05:00
SUB-000662,CUST-00662,plan_pro,monthly,2025-05-31,,179.0,active,True,,2025-05-31 09:05:00
SUB-000663,CUST-00663,plan_growth,annual,2025-04-04,,79.0,active,True,,2025-04-04 09:05:00
SUB-000664,CUST-00664,plan_starter,monthly,2025-09-25,2026-03-15,29.0,cancelled,False,Customer initiated cancellation,2025-09-25 09:05:00
SUB-000665,CUST-00665,plan_pro,monthly,2026-07-22,,179.0,active,True,,2026-07-22 09:05:00
SUB-000666,CUST-00666,plan_starter,annual,2026-03-22,,29.0,active,True,,2026-03-22 09:05:00
SUB-000667,CUST-00667,plan_growth,annual,2026-01-19,,79.0,active,True,,2026-01-19 09:05:00
SUB-000668,CUST-00668,plan_starter,annual,2026-01-09,,29.0,active,True,,2026-01-09 09:05:00
SUB-000669,CUST-00669,plan_starter,annual,2026-02-21,,29.0,active,True,,2026-02-21 09:05:00
SUB-000670,CUST-00670,plan_growth,monthly,2025-08-30,,79.0,active,True,,2025-08-30 09:05:00
SUB-000671,CUST-00671,plan_growth,monthly,2026-04-15,,79.0,active,True,,2026-04-15 09:05:00
SUB-000672,CUST-00672,plan_pro,monthly,2026-07-20,,179.0,active,True,,2026-07-20 09:05:00
SUB-000673,CUST-00673,plan_growth,monthly,2025-07-15,,79.0,active,True,,2025-07-15 09:05:00
SUB-000674,CUST-00674,plan_growth,monthly,2026-02-12,,79.0,active,True,,2026-02-12 09:05:00
SUB-000675,CUST-00675,plan_growth,monthly,2025-02-25,2025-09-17,79.0,cancelled,False,Customer initiated cancellation,2025-02-25 09:05:00
SUB-000676,CUST-00676,plan_starter,monthly,2025-12-14,2026-08-12,29.0,cancelled,False,Customer initiated cancellation,2025-12-14 09:05:00
SUB-000677,CUST-00677,plan_growth,annual,2024-08-13,,79.0,active,True,,2024-08-13 09:05:00
SUB-000678,CUST-00678,plan_growth,annual,2025-11-14,,79.0,active,True,,2025-11-14 09:05:00
SUB-000679,CUST-00679,plan_enterprise,monthly,2026-01-28,,499.0,active,True,,2026-01-28 09:05:00
SUB-000680,CUST-00680,plan_starter,monthly,2025-03-27,,29.0,active,True,,2025-03-27 09:05:00
SUB-000681,CUST-00681,plan_starter,monthly,2025-08-19,2026-02-19,29.0,cancelled,False,Customer initiated cancellation,2025-08-19 09:05:00
SUB-000682,CUST-00682,plan_starter,annual,2024-08-30,2025-01-24,29.0,cancelled,False,Customer initiated cancellation,2024-08-30 09:05:00
SUB-000683,CUST-00683,plan_growth,annual,2026-04-04,,79.0,active,True,,2026-04-04 09:05:00
SUB-000684,CUST-00684,plan_growth,monthly,2026-04-05,,79.0,active,True,,2026-04-05 09:05:00
SUB-000685,CUST-00685,plan_starter,monthly,2025-05-21,,29.0,active,True,,2025-05-21 09:05:00
SUB-000686,CUST-00686,plan_growth,annual,2025-08-31,,79.0,active,True,,2025-08-31 09:05:00
SUB-000687,CUST-00687,plan_starter,monthly,2025-05-28,,29.0,active,True,,2025-05-28 09:05:00
SUB-000688,CUST-00688,plan_starter,monthly,2025-02-21,,29.0,active,True,,2025-02-21 09:05:00
SUB-000689,CUST-00689,plan_growth,monthly,2025-08-21,2026-09-01,79.0,cancelled,False,Customer initiated cancellation,2025-08-21 09:05:00
SUB-000690,CUST-00690,plan_growth,annual,2026-03-31,2026-08-03,79.0,cancelled,False,Customer initiated cancellation,2026-03-31 09:05:00
SUB-000691,CUST-00691,plan_growth,monthly,2026-02-19,,79.0,active,True,,2026-02-19 09:05:00
SUB-000692,CUST-00692,plan_enterprise,monthly,2024-06-06,2024-11-01,499.0,cancelled,False,Customer initiated cancellation,2024-06-06 09:05:00
SUB-000693,CUST-00693,plan_growth,monthly,2024-06-07,,79.0,active,True,,2024-06-07 09:05:00
SUB-000694,CUST-00694,plan_pro,monthly,2024-05-31,2026-06-27,179.0,cancelled,False,Customer initiated cancellation,2024-05-31 09:05:00
SUB-000695,CUST-00695,plan_starter,monthly,2024-07-19,2026-03-24,29.0,cancelled,False,Customer initiated cancellation,2024-07-19 09:05:00
SUB-000696,CUST-00696,plan_growth,annual,2025-05-28,,79.0,active,True,,2025-05-28 09:05:00
SUB-000697,CUST-00697,plan_growth,monthly,2024-10-07,2025-06-22,79.0,cancelled,False,Customer initiated cancellation,2024-10-07 09:05:00
SUB-000698,CUST-00698,plan_starter,monthly,2024-09-11,2026-05-07,29.0,cancelled,False,Customer initiated cancellation,2024-09-11 09:05:00
SUB-000699,CUST-00699,plan_starter,monthly,2025-12-18,2026-04-30,29.0,cancelled,False,Customer initiated cancellation,2025-12-18 09:05:00
SUB-000700,CUST-00700,plan_enterprise,monthly,2025-08-24,,499.0,active,True,,2025-08-24 09:05:00
SUB-000701,CUST-00701,plan_growth,monthly,2026-01-27,2026-06-23,79.0,cancelled,False,Customer initiated cancellation,2026-01-27 09:05:00
SUB-000702,CUST-00702,plan_pro,multi_year,2025-06-02,,179.0,active,True,,2025-06-02 09:05:00
SUB-000703,CUST-00703,plan_pro,annual,2026-06-10,,179.0,active,True,,2026-06-10 09:05:00
SUB-000704,CUST-00704,plan_starter,annual,2025-07-27,,29.0,active,True,,2025-07-27 09:05:00
SUB-000705,CUST-00705,plan_starter,monthly,2024-11-29,,29.0,active,True,,2024-11-29 09:05:00
SUB-000706,CUST-00706,plan_growth,annual,2025-11-23,,79.0,active,True,,2025-11-23 09:05:00
SUB-000707,CUST-00707,plan_growth,monthly,2025-11-25,,79.0,active,True,,2025-11-25 09:05:00
SUB-000708,CUST-00708,plan_growth,annual,2026-05-31,,79.0,active,True,,2026-05-31 09:05:00
SUB-000709,CUST-00709,plan_starter,monthly,2026-05-28,,29.0,active,True,,2026-05-28 09:05:00
SUB-000710,CUST-00710,plan_pro,monthly,2025-08-10,2025-10-01,179.0,cancelled,False,Customer initiated cancellation,2025-08-10 09:05:00
SUB-000711,CUST-00711,plan_growth,monthly,2025-03-23,,79.0,active,True,,2025-03-23 09:05:00
SUB-000712,CUST-00712,plan_starter,monthly,2025-11-18,2026-06-10,29.0,cancelled,False,Customer initiated cancellation,2025-11-18 09:05:00
SUB-000713,CUST-00713,plan_growth,monthly,2026-03-14,,79.0,active,True,,2026-03-14 09:05:00
SUB-000714,CUST-00714,plan_pro,monthly,2025-01-09,2025-09-12,179.0,cancelled,False,Customer initiated cancellation,2025-01-09 09:05:00
SUB-000715,CUST-00715,plan_starter,monthly,2024-07-22,,29.0,active,True,,2024-07-22 09:05:00
SUB-000716,CUST-00716,plan_starter,annual,2026-05-05,2026-06-27,29.0,cancelled,False,Customer initiated cancellation,2026-05-05 09:05:00
SUB-000717,CUST-00717,plan_pro,annual,2026-04-16,,179.0,active,True,,2026-04-16 09:05:00
SUB-000718,CUST-00718,plan_growth,annual,2025-08-04,2026-08-24,79.0,cancelled,False,Customer initiated cancellation,2025-08-04 09:05:00
SUB-000719,CUST-00719,plan_pro,monthly,2025-01-13,,179.0,active,True,,2025-01-13 09:05:00
SUB-000720,CUST-00720,plan_growth,monthly,2026-05-24,,79.0,active,True,,2026-05-24 09:05:00
SUB-000721,CUST-00721,plan_pro,annual,2026-05-26,,179.0,active,True,,2026-05-26 09:05:00
SUB-000722,CUST-00722,plan_growth,monthly,2025-11-24,,79.0,active,True,,2025-11-24 09:05:00
SUB-000723,CUST-00723,plan_starter,multi_year,2024-04-14,2024-11-30,29.0,cancelled,False,Customer initiated cancellation,2024-04-14 09:05:00
SUB-000724,CUST-00724,plan_starter,monthly,2024-08-11,2024-10-14,29.0,cancelled,False,Customer initiated cancellation,2024-08-11 09:05:00
SUB-000725,CUST-00725,plan_starter,monthly,2024-05-19,2025-05-16,29.0,cancelled,False,Customer initiated cancellation,2024-05-19 09:05:00
SUB-000726,CUST-00726,plan_starter,monthly,2026-04-14,,29.0,active,True,,2026-04-14 09:05:00
SUB-000727,CUST-00727,plan_starter,annual,2026-03-18,,29.0,active,True,,2026-03-18 09:05:00
SUB-000728,CUST-00728,plan_starter,annual,2024-10-26,2025-12-22,29.0,cancelled,False,Customer initiated cancellation,2024-10-26 09:05:00
SUB-000729,CUST-00729,plan_starter,annual,2024-11-22,,29.0,active,True,,2024-11-22 09:05:00
SUB-000730,CUST-00730,plan_growth,monthly,2025-01-20,2026-03-07,79.0,cancelled,False,Customer initiated cancellation,2025-01-20 09:05:00
SUB-000731,CUST-00731,plan_growth,annual,2025-07-04,,79.0,active,True,,2025-07-04 09:05:00
SUB-000732,CUST-00732,plan_growth,annual,2025-02-07,,79.0,active,True,,2025-02-07 09:05:00
SUB-000733,CUST-00733,plan_starter,monthly,2026-01-13,,29.0,active,True,,2026-01-13 09:05:00
SUB-000734,CUST-00734,plan_pro,monthly,2024-09-21,,179.0,active,True,,2024-09-21 09:05:00
SUB-000735,CUST-00735,plan_starter,annual,2026-03-29,,29.0,active,True,,2026-03-29 09:05:00
SUB-000736,CUST-00736,plan_enterprise,monthly,2025-08-18,,499.0,active,True,,2025-08-18 09:05:00
SUB-000737,CUST-00737,plan_growth,annual,2024-09-28,2025-02-28,79.0,cancelled,False,Customer initiated cancellation,2024-09-28 09:05:00
SUB-000738,CUST-00738,plan_growth,annual,2025-07-17,2026-03-12,79.0,cancelled,False,Customer initiated cancellation,2025-07-17 09:05:00
SUB-000739,CUST-00739,plan_starter,monthly,2025-03-13,2025-04-17,29.0,cancelled,False,Customer initiated cancellation,2025-03-13 09:05:00
SUB-000740,CUST-00740,plan_starter,monthly,2024-09-20,2024-12-21,29.0,cancelled,False,Customer initiated cancellation,2024-09-20 09:05:00
SUB-000741,CUST-00741,plan_growth,annual,2025-01-09,,79.0,active,True,,2025-01-09 09:05:00
SUB-000742,CUST-00742,plan_growth,monthly,2025-03-24,2026-03-31,79.0,cancelled,False,Customer initiated cancellation,2025-03-24 09:05:00
SUB-000743,CUST-00743,plan_starter,annual,2025-04-23,,29.0,active,True,,2025-04-23 09:05:00
SUB-000744,CUST-00744,plan_starter,monthly,2025-09-08,2026-01-31,29.0,cancelled,False,Customer initiated cancellation,2025-09-08 09:05:00
SUB-000745,CUST-00745,plan_growth,monthly,2025-09-24,,79.0,active,True,,2025-09-24 09:05:00
SUB-000746,CUST-00746,plan_growth,monthly,2025-02-22,,79.0,active,True,,2025-02-22 09:05:00
SUB-000747,CUST-00747,plan_growth,annual,2024-05-13,2024-07-10,79.0,cancelled,False,Customer initiated cancellation,2024-05-13 09:05:00
SUB-000748,CUST-00748,plan_growth,monthly,2026-04-06,,79.0,active,True,,2026-04-06 09:05:00
SUB-000749,CUST-00749,plan_starter,monthly,2025-05-29,2026-08-15,29.0,cancelled,False,Customer initiated cancellation,2025-05-29 09:05:00
SUB-000750,CUST-00750,plan_growth,monthly,2024-12-26,2025-09-08,79.0,cancelled,False,Customer initiated cancellation,2024-12-26 09:05:00
SUB-000751,CUST-00751,plan_pro,annual,2025-02-21,,179.0,active,True,,2025-02-21 09:05:00
SUB-000752,CUST-00752,plan_starter,monthly,2026-07-14,,29.0,active,True,,2026-07-14 09:05:00
SUB-000753,CUST-00753,plan_growth,monthly,2026-07-20,,79.0,active,True,,2026-07-20 09:05:00
SUB-000754,CUST-00754,plan_starter,monthly,2024-07-14,,29.0,active,True,,2024-07-14 09:05:00
SUB-000755,CUST-00755,plan_starter,annual,2025-06-07,,29.0,active,True,,2025-06-07 09:05:00
SUB-000756,CUST-00756,plan_growth,monthly,2024-11-08,2025-11-16,79.0,cancelled,False,Customer initiated cancellation,2024-11-08 09:05:00
SUB-000757,CUST-00757,plan_starter,monthly,2026-04-09,,29.0,active,True,,2026-04-09 09:05:00
SUB-000758,CUST-00758,plan_enterprise,monthly,2025-12-01,,499.0,active,True,,2025-12-01 09:05:00
SUB-000759,CUST-00759,plan_pro,monthly,2025-11-14,,179.0,active,True,,2025-11-14 09:05:00
SUB-000760,CUST-00760,plan_starter,monthly,2026-06-26,,29.0,active,True,,2026-06-26 09:05:00
SUB-000761,CUST-00761,plan_starter,monthly,2025-11-24,2026-06-23,29.0,cancelled,False,Customer initiated cancellation,2025-11-24 09:05:00
SUB-000762,CUST-00762,plan_growth,annual,2026-07-15,,79.0,active,True,,2026-07-15 09:05:00
SUB-000763,CUST-00763,plan_growth,monthly,2025-08-21,2026-08-11,79.0,cancelled,False,Customer initiated cancellation,2025-08-21 09:05:00
SUB-000764,CUST-00764,plan_starter,multi_year,2025-11-26,,29.0,active,True,,2025-11-26 09:05:00
SUB-000765,CUST-00765,plan_starter,monthly,2025-04-24,2026-07-12,29.0,cancelled,False,Customer initiated cancellation,2025-04-24 09:05:00
SUB-000766,CUST-00766,plan_starter,annual,2024-06-28,2025-12-17,29.0,cancelled,False,Customer initiated cancellation,2024-06-28 09:05:00
SUB-000767,CUST-00767,plan_growth,monthly,2025-03-24,,79.0,active,True,,2025-03-24 09:05:00
SUB-000768,CUST-00768,plan_starter,annual,2025-02-08,,29.0,active,True,,2025-02-08 09:05:00
SUB-000769,CUST-00769,plan_pro,annual,2025-08-05,2026-09-01,179.0,cancelled,False,Customer initiated cancellation,2025-08-05 09:05:00
SUB-000770,CUST-00770,plan_growth,annual,2025-06-13,,79.0,active,True,,2025-06-13 09:05:00
SUB-000771,CUST-00771,plan_growth,monthly,2026-01-25,,79.0,active,True,,2026-01-25 09:05:00
SUB-000772,CUST-00772,plan_pro,annual,2024-12-09,2026-07-05,179.0,cancelled,False,Customer initiated cancellation,2024-12-09 09:05:00
SUB-000773,CUST-00773,plan_starter,monthly,2025-08-02,,29.0,active,True,,2025-08-02 09:05:00
SUB-000774,CUST-00774,plan_growth,monthly,2025-05-25,,79.0,active,True,,2025-05-25 09:05:00
SUB-000775,CUST-00775,plan_starter,annual,2025-05-31,2026-09-01,29.0,cancelled,False,Customer initiated cancellation,2025-05-31 09:05:00
SUB-000776,CUST-00776,plan_growth,annual,2026-07-21,,79.0,active,True,,2026-07-21 09:05:00
SUB-000777,CUST-00777,plan_growth,annual,2025-10-03,,79.0,active,True,,2025-10-03 09:05:00
SUB-000778,CUST-00778,plan_starter,monthly,2025-07-14,,29.0,active,True,,2025-07-14 09:05:00
SUB-000779,CUST-00779,plan_growth,annual,2025-09-20,,79.0,active,True,,2025-09-20 09:05:00
SUB-000780,CUST-00780,plan_starter,annual,2025-05-01,2025-10-08,29.0,cancelled,False,Customer initiated cancellation,2025-05-01 09:05:00
SUB-000781,CUST-00781,plan_starter,annual,2025-03-10,,29.0,active,True,,2025-03-10 09:05:00
SUB-000782,CUST-00782,plan_growth,monthly,2025-12-28,2026-06-14,79.0,cancelled,False,Customer initiated cancellation,2025-12-28 09:05:00
SUB-000783,CUST-00783,plan_growth,monthly,2026-03-27,2026-05-11,79.0,cancelled,False,Customer initiated cancellation,2026-03-27 09:05:00
SUB-000784,CUST-00784,plan_starter,monthly,2025-06-10,,29.0,active,True,,2025-06-10 09:05:00
SUB-000785,CUST-00785,plan_growth,annual,2026-02-17,,79.0,active,True,,2026-02-17 09:05:00
SUB-000786,CUST-00786,plan_growth,monthly,2026-01-23,,79.0,active,True,,2026-01-23 09:05:00
SUB-000787,CUST-00787,plan_starter,monthly,2024-10-09,,29.0,active,True,,2024-10-09 09:05:00
SUB-000788,CUST-00788,plan_enterprise,monthly,2025-03-17,,499.0,active,True,,2025-03-17 09:05:00
SUB-000789,CUST-00789,plan_starter,monthly,2024-06-02,2025-11-17,29.0,cancelled,False,Customer initiated cancellation,2024-06-02 09:05:00
SUB-000790,CUST-00790,plan_enterprise,multi_year,2025-03-16,,499.0,active,True,,2025-03-16 09:05:00
SUB-000791,CUST-00791,plan_pro,monthly,2025-07-05,,179.0,active,True,,2025-07-05 09:05:00
SUB-000792,CUST-00792,plan_growth,monthly,2026-03-14,,79.0,active,True,,2026-03-14 09:05:00
SUB-000793,CUST-00793,plan_starter,annual,2026-04-10,,29.0,active,True,,2026-04-10 09:05:00
SUB-000794,CUST-00794,plan_starter,monthly,2026-04-29,,29.0,active,True,,2026-04-29 09:05:00
SUB-000795,CUST-00795,plan_growth,annual,2025-12-22,,79.0,active,True,,2025-12-22 09:05:00
SUB-000796,CUST-00796,plan_growth,monthly,2026-05-09,,79.0,active,True,,2026-05-09 09:05:00
SUB-000797,CUST-00797,plan_starter,monthly,2026-02-01,,29.0,active,True,,2026-02-01 09:05:00
SUB-000798,CUST-00798,plan_growth,monthly,2026-06-30,,79.0,active,True,,2026-06-30 09:05:00
SUB-000799,CUST-00799,plan_starter,annual,2025-09-01,,29.0,active,True,,2025-09-01 09:05:00
SUB-000800,CUST-00800,plan_pro,annual,2025-12-04,2026-03-27,179.0,cancelled,False,Customer initiated cancellation,2025-12-04 09:05:00
SUB-000801,CUST-00801,plan_starter,monthly,2025-11-20,2026-01-10,29.0,cancelled,False,Customer initiated cancellation,2025-11-20 09:05:00
SUB-000802,CUST-00802,plan_growth,annual,2024-07-23,,79.0,active,True,,2024-07-23 09:05:00
SUB-000803,CUST-00803,plan_starter,monthly,2025-11-20,,29.0,active,True,,2025-11-20 09:05:00
SUB-000804,CUST-00804,plan_enterprise,annual,2025-03-31,,499.0,active,True,,2025-03-31 09:05:00
SUB-000805,CUST-00805,plan_pro,annual,2026-06-12,2026-07-20,179.0,cancelled,False,Customer initiated cancellation,2026-06-12 09:05:00
SUB-000806,CUST-00806,plan_starter,monthly,2025-01-25,2025-12-03,29.0,cancelled,False,Customer initiated cancellation,2025-01-25 09:05:00
SUB-000807,CUST-00807,plan_growth,annual,2025-09-08,,79.0,active,True,,2025-09-08 09:05:00
SUB-000808,CUST-00808,plan_growth,monthly,2025-11-16,,79.0,active,True,,2025-11-16 09:05:00
SUB-000809,CUST-00809,plan_starter,monthly,2026-03-14,,29.0,active,True,,2026-03-14 09:05:00
SUB-000810,CUST-00810,plan_pro,annual,2026-02-07,,179.0,active,True,,2026-02-07 09:05:00
SUB-000811,CUST-00811,plan_growth,monthly,2026-02-22,2026-05-11,79.0,cancelled,False,Customer initiated cancellation,2026-02-22 09:05:00
SUB-000812,CUST-00812,plan_growth,monthly,2025-11-10,,79.0,active,True,,2025-11-10 09:05:00
SUB-000813,CUST-00813,plan_growth,monthly,2026-03-06,,79.0,active,True,,2026-03-06 09:05:00
SUB-000814,CUST-00814,plan_starter,annual,2024-12-24,,29.0,active,True,,2024-12-24 09:05:00
SUB-000815,CUST-00815,plan_growth,annual,2024-05-13,,79.0,active,True,,2024-05-13 09:05:00
SUB-000816,CUST-00816,plan_starter,annual,2025-03-20,2026-01-21,29.0,cancelled,False,Customer initiated cancellation,2025-03-20 09:05:00
SUB-000817,CUST-00817,plan_growth,monthly,2025-04-30,2025-06-15,79.0,cancelled,False,Customer initiated cancellation,2025-04-30 09:05:00
SUB-000818,CUST-00818,plan_growth,annual,2025-05-09,,79.0,active,True,,2025-05-09 09:05:00
SUB-000819,CUST-00819,plan_growth,monthly,2026-03-09,,79.0,active,True,,2026-03-09 09:05:00
SUB-000820,CUST-00820,plan_growth,monthly,2025-11-05,,79.0,active,True,,2025-11-05 09:05:00
SUB-000821,CUST-00821,plan_growth,annual,2024-10-17,2025-04-25,79.0,cancelled,False,Customer initiated cancellation,2024-10-17 09:05:00
SUB-000822,CUST-00822,plan_starter,monthly,2025-05-29,2025-10-16,29.0,cancelled,False,Customer initiated cancellation,2025-05-29 09:05:00
SUB-000823,CUST-00823,plan_growth,monthly,2025-08-30,2026-02-27,79.0,cancelled,False,Customer initiated cancellation,2025-08-30 09:05:00
SUB-000824,CUST-00824,plan_starter,monthly,2026-05-05,2026-06-28,29.0,cancelled,False,Customer initiated cancellation,2026-05-05 09:05:00
SUB-000825,CUST-00825,plan_pro,monthly,2025-11-23,,179.0,active,True,,2025-11-23 09:05:00
SUB-000826,CUST-00826,plan_pro,monthly,2024-09-06,2025-11-10,179.0,cancelled,False,Customer initiated cancellation,2024-09-06 09:05:00
SUB-000827,CUST-00827,plan_growth,monthly,2025-12-29,,79.0,active,True,,2025-12-29 09:05:00
SUB-000828,CUST-00828,plan_starter,annual,2025-01-11,,29.0,active,True,,2025-01-11 09:05:00
SUB-000829,CUST-00829,plan_growth,monthly,2025-11-13,2026-03-02,79.0,cancelled,False,Customer initiated cancellation,2025-11-13 09:05:00
SUB-000830,CUST-00830,plan_pro,annual,2024-10-05,,179.0,active,True,,2024-10-05 09:05:00
SUB-000831,CUST-00831,plan_pro,monthly,2025-11-23,,179.0,active,True,,2025-11-23 09:05:00
SUB-000832,CUST-00832,plan_starter,monthly,2025-09-14,,29.0,active,True,,2025-09-14 09:05:00
SUB-000833,CUST-00833,plan_growth,monthly,2025-07-14,,79.0,active,True,,2025-07-14 09:05:00
SUB-000834,CUST-00834,plan_growth,monthly,2025-08-23,,79.0,active,True,,2025-08-23 09:05:00
SUB-000835,CUST-00835,plan_starter,monthly,2025-12-07,2026-03-18,29.0,cancelled,False,Customer initiated cancellation,2025-12-07 09:05:00
SUB-000836,CUST-00836,plan_starter,monthly,2025-08-24,2026-05-17,29.0,cancelled,False,Customer initiated cancellation,2025-08-24 09:05:00
SUB-000837,CUST-00837,plan_pro,multi_year,2025-09-18,,179.0,active,True,,2025-09-18 09:05:00
SUB-000838,CUST-00838,plan_enterprise,annual,2026-03-17,,499.0,active,True,,2026-03-17 09:05:00
SUB-000839,CUST-00839,plan_starter,monthly,2025-11-09,,29.0,active,True,,2025-11-09 09:05:00
SUB-000840,CUST-00840,plan_starter,annual,2026-02-06,,29.0,active,True,,2026-02-06 09:05:00
SUB-000841,CUST-00841,plan_growth,monthly,2025-02-18,2025-04-21,79.0,cancelled,False,Customer initiated cancellation,2025-02-18 09:05:00
SUB-000842,CUST-00842,plan_growth,annual,2024-12-29,,79.0,active,True,,2024-12-29 09:05:00
SUB-000843,CUST-00843,plan_growth,monthly,2026-07-09,,79.0,active,True,,2026-07-09 09:05:00
SUB-000844,CUST-00844,plan_growth,annual,2025-12-24,,79.0,active,True,,2025-12-24 09:05:00
SUB-000845,CUST-00845,plan_growth,monthly,2026-02-12,,79.0,active,True,,2026-02-12 09:05:00
SUB-000846,CUST-00846,plan_pro,monthly,2025-07-21,,179.0,active,True,,2025-07-21 09:05:00
SUB-000847,CUST-00847,plan_enterprise,monthly,2024-10-30,,499.0,active,True,,2024-10-30 09:05:00
SUB-000848,CUST-00848,plan_pro,annual,2025-02-11,,179.0,active,True,,2025-02-11 09:05:00
SUB-000849,CUST-00849,plan_pro,monthly,2025-09-19,2026-05-29,179.0,cancelled,False,Customer initiated cancellation,2025-09-19 09:05:00
SUB-000850,CUST-00850,plan_growth,monthly,2024-07-12,2026-04-19,79.0,cancelled,False,Customer initiated cancellation,2024-07-12 09:05:00
SUB-000851,CUST-00851,plan_enterprise,annual,2026-06-30,,499.0,active,True,,2026-06-30 09:05:00
SUB-000852,CUST-00852,plan_starter,monthly,2025-06-07,2025-11-08,29.0,cancelled,False,Customer initiated cancellation,2025-06-07 09:05:00
SUB-000853,CUST-00853,plan_starter,monthly,2024-07-25,2025-06-26,29.0,cancelled,False,Customer initiated cancellation,2024-07-25 09:05:00
SUB-000854,CUST-00854,plan_starter,monthly,2024-11-05,2025-04-09,29.0,cancelled,False,Customer initiated cancellation,2024-11-05 09:05:00
SUB-000855,CUST-00855,plan_pro,monthly,2025-11-02,,179.0,active,True,,2025-11-02 09:05:00
SUB-000856,CUST-00856,plan_starter,monthly,2024-10-12,2026-05-29,29.0,cancelled,False,Customer initiated cancellation,2024-10-12 09:05:00
SUB-000857,CUST-00857,plan_growth,monthly,2026-02-22,,79.0,active,True,,2026-02-22 09:05:00
SUB-000858,CUST-00858,plan_pro,monthly,2025-11-25,,179.0,active,True,,2025-11-25 09:05:00
SUB-000859,CUST-00859,plan_pro,monthly,2026-02-11,2026-08-07,179.0,cancelled,False,Customer initiated cancellation,2026-02-11 09:05:00
SUB-000860,CUST-00860,plan_starter,annual,2025-11-19,,29.0,active,True,,2025-11-19 09:05:00
SUB-000861,CUST-00861,plan_growth,monthly,2025-06-11,,79.0,active,True,,2025-06-11 09:05:00
SUB-000862,CUST-00862,plan_growth,annual,2024-08-07,2026-05-10,79.0,cancelled,False,Customer initiated cancellation,2024-08-07 09:05:00
SUB-000863,CUST-00863,plan_pro,monthly,2024-06-28,2025-07-03,179.0,cancelled,False,Customer initiated cancellation,2024-06-28 09:05:00
SUB-000864,CUST-00864,plan_starter,monthly,2025-02-12,,29.0,active,True,,2025-02-12 09:05:00
SUB-000865,CUST-00865,plan_pro,monthly,2025-01-21,2025-07-04,179.0,cancelled,False,Customer initiated cancellation,2025-01-21 09:05:00
SUB-000866,CUST-00866,plan_starter,monthly,2026-01-28,,29.0,active,True,,2026-01-28 09:05:00
SUB-000867,CUST-00867,plan_starter,monthly,2026-01-15,2026-03-29,29.0,cancelled,False,Customer initiated cancellation,2026-01-15 09:05:00
SUB-000868,CUST-00868,plan_enterprise,monthly,2024-09-22,2026-07-18,499.0,cancelled,False,Customer initiated cancellation,2024-09-22 09:05:00
SUB-000869,CUST-00869,plan_pro,annual,2025-05-14,,179.0,active,True,,2025-05-14 09:05:00
SUB-000870,CUST-00870,plan_starter,annual,2025-10-16,,29.0,active,True,,2025-10-16 09:05:00
SUB-000871,CUST-00871,plan_growth,annual,2026-05-25,,79.0,active,True,,2026-05-25 09:05:00
SUB-000872,CUST-00872,plan_starter,annual,2025-11-07,,29.0,active,True,,2025-11-07 09:05:00
SUB-000873,CUST-00873,plan_pro,annual,2024-10-20,,179.0,active,True,,2024-10-20 09:05:00
SUB-000874,CUST-00874,plan_enterprise,monthly,2025-01-02,2025-04-25,499.0,cancelled,False,Customer initiated cancellation,2025-01-02 09:05:00
SUB-000875,CUST-00875,plan_growth,monthly,2025-07-07,,79.0,active,True,,2025-07-07 09:05:00
SUB-000876,CUST-00876,plan_starter,monthly,2025-11-20,,29.0,active,True,,2025-11-20 09:05:00
SUB-000877,CUST-00877,plan_growth,monthly,2025-09-01,2026-04-27,79.0,cancelled,False,Customer initiated cancellation,2025-09-01 09:05:00
SUB-000878,CUST-00878,plan_starter,monthly,2026-06-17,,29.0,active,True,,2026-06-17 09:05:00
SUB-000879,CUST-00879,plan_growth,annual,2026-03-25,,79.0,active,True,,2026-03-25 09:05:00
SUB-000880,CUST-00880,plan_pro,monthly,2024-07-03,2026-09-01,179.0,cancelled,False,Customer initiated cancellation,2024-07-03 09:05:00
SUB-000881,CUST-00881,plan_pro,monthly,2024-11-22,2024-12-31,179.0,cancelled,False,Customer initiated cancellation,2024-11-22 09:05:00
SUB-000882,CUST-00882,plan_growth,monthly,2025-12-22,2026-08-01,79.0,cancelled,False,Customer initiated cancellation,2025-12-22 09:05:00
SUB-000883,CUST-00883,plan_growth,monthly,2025-10-09,,79.0,active,True,,2025-10-09 09:05:00
SUB-000884,CUST-00884,plan_growth,monthly,2024-02-17,2026-03-22,79.0,cancelled,False,Customer initiated cancellation,2024-02-17 09:05:00
SUB-000885,CUST-00885,plan_pro,monthly,2025-10-05,,179.0,active,True,,2025-10-05 09:05:00
SUB-000886,CUST-00886,plan_enterprise,monthly,2025-08-31,,499.0,active,True,,2025-08-31 09:05:00
SUB-000887,CUST-00887,plan_starter,monthly,2025-12-01,2026-03-08,29.0,cancelled,False,Customer initiated cancellation,2025-12-01 09:05:00
SUB-000888,CUST-00888,plan_growth,monthly,2026-02-01,,79.0,active,True,,2026-02-01 09:05:00
SUB-000889,CUST-00889,plan_pro,monthly,2026-06-27,,179.0,active,True,,2026-06-27 09:05:00
SUB-000890,CUST-00890,plan_growth,annual,2025-01-25,,79.0,active,True,,2025-01-25 09:05:00
SUB-000891,CUST-00891,plan_enterprise,annual,2025-09-23,,499.0,active,True,,2025-09-23 09:05:00
SUB-000892,CUST-00892,plan_starter,monthly,2025-05-04,2026-05-24,29.0,cancelled,False,Customer initiated cancellation,2025-05-04 09:05:00
SUB-000893,CUST-00893,plan_starter,monthly,2026-02-03,2026-03-14,29.0,cancelled,False,Customer initiated cancellation,2026-02-03 09:05:00
SUB-000894,CUST-00894,plan_growth,monthly,2025-04-07,2025-06-11,79.0,cancelled,False,Customer initiated cancellation,2025-04-07 09:05:00
SUB-000895,CUST-00895,plan_pro,monthly,2025-09-28,2026-07-21,179.0,cancelled,False,Customer initiated cancellation,2025-09-28 09:05:00
SUB-000896,CUST-00896,plan_starter,annual,2024-11-27,,29.0,active,True,,2024-11-27 09:05:00
SUB-000897,CUST-00897,plan_growth,monthly,2025-05-21,2025-09-28,79.0,cancelled,False,Customer initiated cancellation,2025-05-21 09:05:00
SUB-000898,CUST-00898,plan_starter,monthly,2025-11-02,,29.0,active,True,,2025-11-02 09:05:00
SUB-000899,CUST-00899,plan_growth,monthly,2026-03-23,2026-05-04,79.0,cancelled,False,Customer initiated cancellation,2026-03-23 09:05:00
SUB-000900,CUST-00900,plan_pro,annual,2025-02-23,,179.0,active,True,,2025-02-23 09:05:00
SUB-000901,CUST-00901,plan_pro,monthly,2025-07-12,,179.0,active,True,,2025-07-12 09:05:00
SUB-000902,CUST-00902,plan_starter,annual,2025-10-31,,29.0,active,True,,2025-10-31 09:05:00
SUB-000903,CUST-00903,plan_pro,multi_year,2025-04-21,2026-05-01,179.0,cancelled,False,Customer initiated cancellation,2025-04-21 09:05:00
SUB-000904,CUST-00904,plan_starter,annual,2024-10-24,,29.0,active,True,,2024-10-24 09:05:00
SUB-000905,CUST-00905,plan_starter,monthly,2026-04-12,,29.0,active,True,,2026-04-12 09:05:00
SUB-000906,CUST-00906,plan_enterprise,annual,2024-04-04,,499.0,active,True,,2024-04-04 09:05:00
SUB-000907,CUST-00907,plan_starter,monthly,2026-03-24,,29.0,active,True,,2026-03-24 09:05:00
SUB-000908,CUST-00908,plan_growth,monthly,2025-08-08,,79.0,active,True,,2025-08-08 09:05:00
SUB-000909,CUST-00909,plan_starter,monthly,2025-06-17,,29.0,active,True,,2025-06-17 09:05:00
SUB-000910,CUST-00910,plan_enterprise,monthly,2026-03-02,,499.0,active,True,,2026-03-02 09:05:00
SUB-000911,CUST-00911,plan_starter,monthly,2025-09-27,,29.0,active,True,,2025-09-27 09:05:00
SUB-000912,CUST-00912,plan_starter,monthly,2025-05-22,,29.0,active,True,,2025-05-22 09:05:00
SUB-000913,CUST-00913,plan_pro,annual,2026-06-25,,179.0,active,True,,2026-06-25 09:05:00
SUB-000914,CUST-00914,plan_starter,monthly,2024-08-19,2025-07-24,29.0,cancelled,False,Customer initiated cancellation,2024-08-19 09:05:00
SUB-000915,CUST-00915,plan_pro,monthly,2025-09-01,,179.0,active,True,,2025-09-01 09:05:00
SUB-000916,CUST-00916,plan_starter,monthly,2025-08-17,2025-09-23,29.0,cancelled,False,Customer initiated cancellation,2025-08-17 09:05:00
SUB-000917,CUST-00917,plan_starter,monthly,2026-02-27,,29.0,active,True,,2026-02-27 09:05:00
SUB-000918,CUST-00918,plan_growth,monthly,2025-01-11,2025-03-13,79.0,cancelled,False,Customer initiated cancellation,2025-01-11 09:05:00
SUB-000919,CUST-00919,plan_growth,monthly,2025-02-10,2025-06-29,79.0,cancelled,False,Customer initiated cancellation,2025-02-10 09:05:00
SUB-000920,CUST-00920,plan_growth,monthly,2026-04-07,,79.0,active,True,,2026-04-07 09:05:00
SUB-000921,CUST-00921,plan_starter,annual,2025-09-21,2026-03-27,29.0,cancelled,False,Customer initiated cancellation,2025-09-21 09:05:00
SUB-000922,CUST-00922,plan_enterprise,annual,2026-04-08,,499.0,active,True,,2026-04-08 09:05:00
SUB-000923,CUST-00923,plan_pro,monthly,2025-05-18,2026-03-20,179.0,cancelled,False,Customer initiated cancellation,2025-05-18 09:05:00
SUB-000924,CUST-00924,plan_growth,monthly,2024-08-28,,79.0,active,True,,2024-08-28 09:05:00
SUB-000925,CUST-00925,plan_pro,monthly,2025-05-03,,179.0,active,True,,2025-05-03 09:05:00
SUB-000926,CUST-00926,plan_growth,annual,2026-07-23,,79.0,active,True,,2026-07-23 09:05:00
SUB-000927,CUST-00927,plan_starter,monthly,2025-04-06,,29.0,active,True,,2025-04-06 09:05:00
SUB-000928,CUST-00928,plan_enterprise,annual,2026-07-06,,499.0,active,True,,2026-07-06 09:05:00
SUB-000929,CUST-00929,plan_starter,monthly,2025-03-15,2025-09-20,29.0,cancelled,False,Customer initiated cancellation,2025-03-15 09:05:00
SUB-000930,CUST-00930,plan_growth,annual,2025-07-01,,79.0,active,True,,2025-07-01 09:05:00
SUB-000931,CUST-00931,plan_starter,monthly,2025-10-26,,29.0,active,True,,2025-10-26 09:05:00
SUB-000932,CUST-00932,plan_growth,annual,2024-08-10,2024-10-02,79.0,cancelled,False,Customer initiated cancellation,2024-08-10 09:05:00
SUB-000933,CUST-00933,plan_pro,monthly,2026-06-30,2026-08-30,179.0,cancelled,False,Customer initiated cancellation,2026-06-30 09:05:00
SUB-000934,CUST-00934,plan_growth,monthly,2026-07-25,,79.0,active,True,,2026-07-25 09:05:00
SUB-000935,CUST-00935,plan_growth,annual,2025-10-23,,79.0,active,True,,2025-10-23 09:05:00
SUB-000936,CUST-00936,plan_starter,monthly,2025-04-25,,29.0,active,True,,2025-04-25 09:05:00
SUB-000937,CUST-00937,plan_pro,annual,2025-03-16,,179.0,active,True,,2025-03-16 09:05:00
SUB-000938,CUST-00938,plan_growth,monthly,2025-11-20,2026-01-02,79.0,cancelled,False,Customer initiated cancellation,2025-11-20 09:05:00
SUB-000939,CUST-00939,plan_growth,monthly,2025-05-26,2026-05-04,79.0,cancelled,False,Customer initiated cancellation,2025-05-26 09:05:00
SUB-000940,CUST-00940,plan_starter,monthly,2025-03-09,2025-07-24,29.0,cancelled,False,Customer initiated cancellation,2025-03-09 09:05:00
SUB-000941,CUST-00941,plan_growth,monthly,2026-01-05,,79.0,active,True,,2026-01-05 09:05:00
SUB-000942,CUST-00942,plan_growth,annual,2025-06-11,,79.0,active,True,,2025-06-11 09:05:00
SUB-000943,CUST-00943,plan_pro,annual,2024-03-21,,179.0,active,True,,2024-03-21 09:05:00
SUB-000944,CUST-00944,plan_pro,monthly,2025-12-30,,179.0,active,True,,2025-12-30 09:05:00
SUB-000945,CUST-00945,plan_starter,annual,2025-07-17,2026-05-21,29.0,cancelled,False,Customer initiated cancellation,2025-07-17 09:05:00
SUB-000946,CUST-00946,plan_pro,monthly,2026-01-18,,179.0,active,True,,2026-01-18 09:05:00
SUB-000947,CUST-00947,plan_growth,monthly,2025-05-23,2025-11-04,79.0,cancelled,False,Customer initiated cancellation,2025-05-23 09:05:00
SUB-000948,CUST-00948,plan_growth,monthly,2025-07-19,,79.0,active,True,,2025-07-19 09:05:00
SUB-000949,CUST-00949,plan_starter,monthly,2025-03-17,2025-08-25,29.0,cancelled,False,Customer initiated cancellation,2025-03-17 09:05:00
SUB-000950,CUST-00950,plan_starter,monthly,2025-10-05,2026-02-14,29.0,cancelled,False,Customer initiated cancellation,2025-10-05 09:05:00
SUB-000951,CUST-00951,plan_pro,monthly,2025-09-28,,179.0,active,True,,2025-09-28 09:05:00
SUB-000952,CUST-00952,plan_starter,annual,2026-01-11,,29.0,active,True,,2026-01-11 09:05:00
SUB-000953,CUST-00953,plan_growth,monthly,2026-06-11,2026-09-01,79.0,cancelled,False,Customer initiated cancellation,2026-06-11 09:05:00
SUB-000954,CUST-00954,plan_starter,monthly,2025-10-09,,29.0,active,True,,2025-10-09 09:05:00
SUB-000955,CUST-00955,plan_starter,monthly,2025-10-11,,29.0,active,True,,2025-10-11 09:05:00
SUB-000956,CUST-00956,plan_starter,monthly,2025-01-27,,29.0,active,True,,2025-01-27 09:05:00
SUB-000957,CUST-00957,plan_starter,monthly,2026-01-19,2026-09-01,29.0,cancelled,False,Customer initiated cancellation,2026-01-19 09:05:00
SUB-000958,CUST-00958,plan_starter,annual,2026-02-08,,29.0,active,True,,2026-02-08 09:05:00
SUB-000959,CUST-00959,plan_growth,monthly,2024-12-17,,79.0,active,True,,2024-12-17 09:05:00
SUB-000960,CUST-00960,plan_growth,monthly,2024-10-10,2026-05-21,79.0,cancelled,False,Customer initiated cancellation,2024-10-10 09:05:00
SUB-000961,CUST-00961,plan_growth,annual,2024-10-28,2025-05-31,79.0,cancelled,False,Customer initiated cancellation,2024-10-28 09:05:00
SUB-000962,CUST-00962,plan_pro,monthly,2025-10-17,,179.0,active,True,,2025-10-17 09:05:00
SUB-000963,CUST-00963,plan_growth,annual,2026-02-22,,79.0,active,True,,2026-02-22 09:05:00
SUB-000964,CUST-00964,plan_pro,annual,2026-02-09,2026-08-19,179.0,cancelled,False,Customer initiated cancellation,2026-02-09 09:05:00
SUB-000965,CUST-00965,plan_starter,annual,2024-08-22,,29.0,active,True,,2024-08-22 09:05:00
SUB-000966,CUST-00966,plan_growth,monthly,2025-07-24,,79.0,active,True,,2025-07-24 09:05:00
SUB-000967,CUST-00967,plan_starter,monthly,2025-04-15,2025-05-16,29.0,cancelled,False,Customer initiated cancellation,2025-04-15 09:05:00
SUB-000968,CUST-00968,plan_growth,annual,2025-09-27,,79.0,active,True,,2025-09-27 09:05:00
SUB-000969,CUST-00969,plan_growth,monthly,2025-09-06,,79.0,active,True,,2025-09-06 09:05:00
SUB-000970,CUST-00970,plan_growth,annual,2024-06-30,2026-01-27,79.0,cancelled,False,Customer initiated cancellation,2024-06-30 09:05:00
SUB-000971,CUST-00971,plan_starter,monthly,2025-10-05,,29.0,active,True,,2025-10-05 09:05:00
SUB-000972,CUST-00972,plan_starter,annual,2026-01-01,,29.0,active,True,,2026-01-01 09:05:00
SUB-000973,CUST-00973,plan_growth,monthly,2025-12-09,2026-07-18,79.0,cancelled,False,Customer initiated cancellation,2025-12-09 09:05:00
SUB-000974,CUST-00974,plan_starter,monthly,2025-03-10,2025-08-29,29.0,cancelled,False,Customer initiated cancellation,2025-03-10 09:05:00
SUB-000975,CUST-00975,plan_starter,monthly,2025-01-21,2025-12-20,29.0,cancelled,False,Customer initiated cancellation,2025-01-21 09:05:00
SUB-000976,CUST-00976,plan_pro,monthly,2025-08-04,,179.0,active,True,,2025-08-04 09:05:00
SUB-000977,CUST-00977,plan_starter,monthly,2025-07-27,,29.0,active,True,,2025-07-27 09:05:00
SUB-000978,CUST-00978,plan_starter,monthly,2024-12-27,2025-03-28,29.0,cancelled,False,Customer initiated cancellation,2024-12-27 09:05:00
SUB-000979,CUST-00979,plan_starter,monthly,2024-08-23,2025-01-21,29.0,cancelled,False,Customer initiated cancellation,2024-08-23 09:05:00
SUB-000980,CUST-00980,plan_growth,annual,2025-08-09,,79.0,active,True,,2025-08-09 09:05:00
SUB-000981,CUST-00981,plan_growth,annual,2025-09-05,,79.0,active,True,,2025-09-05 09:05:00
SUB-000982,CUST-00982,plan_starter,monthly,2024-12-04,2025-11-30,29.0,cancelled,False,Customer initiated cancellation,2024-12-04 09:05:00
SUB-000983,CUST-00983,plan_growth,monthly,2026-05-24,,79.0,active,True,,2026-05-24 09:05:00
SUB-000984,CUST-00984,plan_starter,annual,2025-04-05,2026-05-04,29.0,cancelled,False,Customer initiated cancellation,2025-04-05 09:05:00
SUB-000985,CUST-00985,plan_growth,annual,2024-09-18,,79.0,active,True,,2024-09-18 09:05:00
SUB-000986,CUST-00986,plan_growth,monthly,2025-11-13,,79.0,active,True,,2025-11-13 09:05:00
SUB-000987,CUST-00987,plan_growth,monthly,2024-11-09,,79.0,active,True,,2024-11-09 09:05:00
SUB-000988,CUST-00988,plan_pro,annual,2025-03-16,,179.0,active,True,,2025-03-16 09:05:00
SUB-000989,CUST-00989,plan_starter,monthly,2025-07-15,2026-02-14,29.0,cancelled,False,Customer initiated cancellation,2025-07-15 09:05:00
SUB-000990,CUST-00990,plan_pro,annual,2026-06-19,,179.0,active,True,,2026-06-19 09:05:00
SUB-000991,CUST-00991,plan_starter,monthly,2026-04-11,,29.0,active,True,,2026-04-11 09:05:00
SUB-000992,CUST-00992,plan_enterprise,monthly,2025-02-14,2025-03-24,499.0,cancelled,False,Customer initiated cancellation,2025-02-14 09:05:00
SUB-000993,CUST-00993,plan_pro,monthly,2026-01-21,2026-08-06,179.0,cancelled,False,Customer initiated cancellation,2026-01-21 09:05:00
SUB-000994,CUST-00994,plan_starter,annual,2024-11-12,,29.0,active,True,,2024-11-12 09:05:00
SUB-000995,CUST-00995,plan_growth,monthly,2026-03-11,2026-08-15,79.0,cancelled,False,Customer initiated cancellation,2026-03-11 09:05:00
SUB-000996,CUST-00996,plan_pro,monthly,2024-03-04,2024-08-27,179.0,cancelled,False,Customer initiated cancellation,2024-03-04 09:05:00
SUB-000997,CUST-00997,plan_enterprise,multi_year,2024-09-11,,499.0,active,True,,2024-09-11 09:05:00
SUB-000998,CUST-00998,plan_starter,multi_year,2026-03-15,,29.0,active,True,,2026-03-15 09:05:00
SUB-000999,CUST-00999,plan_pro,monthly,2025-06-20,2026-07-11,179.0,cancelled,False,Customer initiated cancellation,2025-06-20 09:05:00
SUB-001000,CUST-01000,plan_growth,monthly,2024-11-17,,79.0,active,True,,2024-11-17 09:05:00
SUB-001001,CUST-01001,plan_growth,annual,2025-05-27,,79.0,active,True,,2025-05-27 09:05:00
SUB-001002,CUST-01002,plan_pro,annual,2026-03-21,,179.0,active,True,,2026-03-21 09:05:00
SUB-001003,CUST-01003,plan_growth,monthly,2024-11-22,2026-01-10,79.0,cancelled,False,Customer initiated cancellation,2024-11-22 09:05:00
SUB-001004,CUST-01004,plan_pro,annual,2026-04-25,,179.0,active,True,,2026-04-25 09:05:00
SUB-001005,CUST-01005,plan_starter,annual,2025-01-24,2025-11-24,29.0,cancelled,False,Customer initiated cancellation,2025-01-24 09:05:00
SUB-001006,CUST-01006,plan_enterprise,annual,2024-09-26,,499.0,active,True,,2024-09-26 09:05:00
SUB-001007,CUST-01007,plan_starter,annual,2024-02-27,,29.0,active,True,,2024-02-27 09:05:00
SUB-001008,CUST-01008,plan_pro,annual,2026-06-22,,179.0,active,True,,2026-06-22 09:05:00
SUB-001009,CUST-01009,plan_pro,monthly,2025-10-17,2026-05-03,179.0,cancelled,False,Customer initiated cancellation,2025-10-17 09:05:00
SUB-001010,CUST-01010,plan_starter,annual,2026-05-29,,29.0,active,True,,2026-05-29 09:05:00
SUB-001011,CUST-01011,plan_pro,monthly,2024-11-01,2026-07-25,179.0,cancelled,False,Customer initiated cancellation,2024-11-01 09:05:00
SUB-001012,CUST-01012,plan_growth,monthly,2026-02-15,,79.0,active,True,,2026-02-15 09:05:00
SUB-001013,CUST-01013,plan_starter,monthly,2025-04-13,,29.0,active,True,,2025-04-13 09:05:00
SUB-001014,CUST-01014,plan_starter,monthly,2024-06-04,2025-09-14,29.0,cancelled,False,Customer initiated cancellation,2024-06-04 09:05:00
SUB-001015,CUST-01015,plan_pro,annual,2025-10-15,,179.0,active,True,,2025-10-15 09:05:00
SUB-001016,CUST-01016,plan_growth,monthly,2025-03-30,2025-05-23,79.0,cancelled,False,Customer initiated cancellation,2025-03-30 09:05:00
SUB-001017,CUST-01017,plan_starter,monthly,2025-03-12,,29.0,active,True,,2025-03-12 09:05:00
SUB-001018,CUST-01018,plan_starter,monthly,2026-05-11,,29.0,active,True,,2026-05-11 09:05:00
SUB-001019,CUST-01019,plan_growth,annual,2024-12-12,,79.0,active,True,,2024-12-12 09:05:00
SUB-001020,CUST-01020,plan_starter,monthly,2026-07-15,,29.0,active,True,,2026-07-15 09:05:00
SUB-001021,CUST-01021,plan_growth,monthly,2025-08-04,2026-04-27,79.0,cancelled,False,Customer initiated cancellation,2025-08-04 09:05:00
SUB-001022,CUST-01022,plan_pro,annual,2026-07-06,,179.0,active,True,,2026-07-06 09:05:00
SUB-001023,CUST-01023,plan_growth,annual,2025-06-07,2025-09-13,79.0,cancelled,False,Customer initiated cancellation,2025-06-07 09:05:00
SUB-001024,CUST-01024,plan_starter,annual,2024-11-18,,29.0,active,True,,2024-11-18 09:05:00
SUB-001025,CUST-01025,plan_growth,monthly,2024-10-23,2025-08-12,79.0,cancelled,False,Customer initiated cancellation,2024-10-23 09:05:00
SUB-001026,CUST-01026,plan_growth,monthly,2025-03-15,2025-04-16,79.0,cancelled,False,Customer initiated cancellation,2025-03-15 09:05:00
SUB-001027,CUST-01027,plan_starter,monthly,2026-04-28,,29.0,active,True,,2026-04-28 09:05:00
SUB-001028,CUST-01028,plan_starter,monthly,2025-02-12,2026-07-19,29.0,cancelled,False,Customer initiated cancellation,2025-02-12 09:05:00
SUB-001029,CUST-01029,plan_starter,monthly,2025-06-07,2026-01-04,29.0,cancelled,False,Customer initiated cancellation,2025-06-07 09:05:00
SUB-001030,CUST-01030,plan_growth,monthly,2026-04-07,2026-06-03,79.0,cancelled,False,Customer initiated cancellation,2026-04-07 09:05:00
SUB-001031,CUST-01031,plan_starter,annual,2025-01-08,,29.0,active,True,,2025-01-08 09:05:00
SUB-001032,CUST-01032,plan_growth,monthly,2024-09-16,,79.0,active,True,,2024-09-16 09:05:00
SUB-001033,CUST-01033,plan_growth,monthly,2025-06-23,2025-12-30,79.0,cancelled,False,Customer initiated cancellation,2025-06-23 09:05:00
SUB-001034,CUST-01034,plan_growth,annual,2024-10-07,2025-03-27,79.0,cancelled,False,Customer initiated cancellation,2024-10-07 09:05:00
SUB-001035,CUST-01035,plan_starter,annual,2025-05-10,2026-02-25,29.0,cancelled,False,Customer initiated cancellation,2025-05-10 09:05:00
SUB-001036,CUST-01036,plan_pro,annual,2026-01-22,,179.0,active,True,,2026-01-22 09:05:00
SUB-001037,CUST-01037,plan_starter,annual,2025-06-15,,29.0,active,True,,2025-06-15 09:05:00
SUB-001038,CUST-01038,plan_growth,monthly,2024-07-23,2025-05-17,79.0,cancelled,False,Customer initiated cancellation,2024-07-23 09:05:00
SUB-001039,CUST-01039,plan_starter,annual,2025-10-11,,29.0,active,True,,2025-10-11 09:05:00
SUB-001040,CUST-01040,plan_pro,monthly,2025-12-19,,179.0,active,True,,2025-12-19 09:05:00
SUB-001041,CUST-01041,plan_growth,annual,2026-03-16,,79.0,active,True,,2026-03-16 09:05:00
SUB-001042,CUST-01042,plan_starter,annual,2025-07-05,,29.0,active,True,,2025-07-05 09:05:00
SUB-001043,CUST-01043,plan_growth,monthly,2025-12-21,,79.0,active,True,,2025-12-21 09:05:00
SUB-001044,CUST-01044,plan_growth,monthly,2026-03-04,,79.0,active,True,,2026-03-04 09:05:00
SUB-001045,CUST-01045,plan_growth,monthly,2026-01-11,,79.0,active,True,,2026-01-11 09:05:00
SUB-001046,CUST-01046,plan_growth,monthly,2025-08-14,,79.0,active,True,,2025-08-14 09:05:00
SUB-001047,CUST-01047,plan_growth,monthly,2026-01-13,2026-05-14,79.0,cancelled,False,Customer initiated cancellation,2026-01-13 09:05:00
SUB-001048,CUST-01048,plan_growth,monthly,2025-11-11,,79.0,active,True,,2025-11-11 09:05:00
SUB-001049,CUST-01049,plan_starter,annual,2025-04-14,,29.0,active,True,,2025-04-14 09:05:00
SUB-001050,CUST-01050,plan_pro,monthly,2025-04-14,2025-06-28,179.0,cancelled,False,Customer initiated cancellation,2025-04-14 09:05:00
SUB-001051,CUST-01051,plan_growth,monthly,2024-12-01,,79.0,active,True,,2024-12-01 09:05:00
SUB-001052,CUST-01052,plan_starter,monthly,2024-09-29,2025-02-04,29.0,cancelled,False,Customer initiated cancellation,2024-09-29 09:05:00
SUB-001053,CUST-01053,plan_starter,monthly,2025-10-14,2026-09-01,29.0,cancelled,False,Customer initiated cancellation,2025-10-14 09:05:00
SUB-001054,CUST-01054,plan_growth,multi_year,2025-10-01,,79.0,active,True,,2025-10-01 09:05:00
SUB-001055,CUST-01055,plan_growth,monthly,2025-11-25,,79.0,active,True,,2025-11-25 09:05:00
SUB-001056,CUST-01056,plan_growth,multi_year,2026-04-22,,79.0,active,True,,2026-04-22 09:05:00
SUB-001057,CUST-01057,plan_pro,monthly,2026-01-25,2026-04-06,179.0,cancelled,False,Customer initiated cancellation,2026-01-25 09:05:00
SUB-001058,CUST-01058,plan_starter,monthly,2025-12-31,2026-07-27,29.0,cancelled,False,Customer initiated cancellation,2025-12-31 09:05:00
SUB-001059,CUST-01059,plan_starter,monthly,2025-03-17,,29.0,active,True,,2025-03-17 09:05:00
SUB-001060,CUST-01060,plan_starter,monthly,2025-11-24,,29.0,active,True,,2025-11-24 09:05:00
SUB-001061,CUST-01061,plan_pro,annual,2026-04-08,2026-07-29,179.0,cancelled,False,Customer initiated cancellation,2026-04-08 09:05:00
SUB-001062,CUST-01062,plan_starter,monthly,2026-06-26,,29.0,active,True,,2026-06-26 09:05:00
SUB-001063,CUST-01063,plan_growth,annual,2024-11-18,,79.0,active,True,,2024-11-18 09:05:00
SUB-001064,CUST-01064,plan_pro,annual,2024-11-30,,179.0,active,True,,2024-11-30 09:05:00
SUB-001065,CUST-01065,plan_growth,monthly,2025-11-21,,79.0,active,True,,2025-11-21 09:05:00
SUB-001066,CUST-01066,plan_pro,annual,2025-08-26,,179.0,active,True,,2025-08-26 09:05:00
SUB-001067,CUST-01067,plan_starter,monthly,2024-12-24,2025-03-27,29.0,cancelled,False,Customer initiated cancellation,2024-12-24 09:05:00
SUB-001068,CUST-01068,plan_starter,annual,2026-07-01,,29.0,active,True,,2026-07-01 09:05:00
SUB-001069,CUST-01069,plan_starter,monthly,2025-07-21,2025-10-13,29.0,cancelled,False,Customer initiated cancellation,2025-07-21 09:05:00
SUB-001070,CUST-01070,plan_pro,annual,2024-10-16,,179.0,active,True,,2024-10-16 09:05:00
SUB-001071,CUST-01071,plan_starter,monthly,2025-06-02,2025-10-07,29.0,cancelled,False,Customer initiated cancellation,2025-06-02 09:05:00
SUB-001072,CUST-01072,plan_growth,monthly,2025-10-12,,79.0,active,True,,2025-10-12 09:05:00
SUB-001073,CUST-01073,plan_starter,monthly,2024-12-17,,29.0,active,True,,2024-12-17 09:05:00
SUB-001074,CUST-01074,plan_pro,annual,2025-06-15,2026-05-21,179.0,cancelled,False,Customer initiated cancellation,2025-06-15 09:05:00
SUB-001075,CUST-01075,plan_pro,monthly,2025-12-13,2026-06-01,179.0,cancelled,False,Customer initiated cancellation,2025-12-13 09:05:00
SUB-001076,CUST-01076,plan_growth,monthly,2025-01-20,2025-08-16,79.0,cancelled,False,Customer initiated cancellation,2025-01-20 09:05:00
SUB-001077,CUST-01077,plan_pro,monthly,2024-10-15,2025-06-09,179.0,cancelled,False,Customer initiated cancellation,2024-10-15 09:05:00
SUB-001078,CUST-01078,plan_pro,monthly,2026-06-29,,179.0,active,True,,2026-06-29 09:05:00
SUB-001079,CUST-01079,plan_starter,annual,2025-06-05,,29.0,active,True,,2025-06-05 09:05:00
SUB-001080,CUST-01080,plan_starter,monthly,2025-08-08,2026-03-25,29.0,cancelled,False,Customer initiated cancellation,2025-08-08 09:05:00
SUB-001081,CUST-01081,plan_starter,monthly,2026-02-22,,29.0,active,True,,2026-02-22 09:05:00
SUB-001082,CUST-01082,plan_starter,annual,2025-01-12,2025-02-14,29.0,cancelled,False,Customer initiated cancellation,2025-01-12 09:05:00
SUB-001083,CUST-01083,plan_growth,monthly,2025-05-24,2025-12-22,79.0,cancelled,False,Customer initiated cancellation,2025-05-24 09:05:00
SUB-001084,CUST-01084,plan_pro,annual,2025-11-19,,179.0,active,True,,2025-11-19 09:05:00
SUB-001085,CUST-01085,plan_pro,annual,2026-02-02,,179.0,active,True,,2026-02-02 09:05:00
SUB-001086,CUST-01086,plan_starter,monthly,2025-04-14,,29.0,active,True,,2025-04-14 09:05:00
SUB-001087,CUST-01087,plan_pro,annual,2025-05-09,,179.0,active,True,,2025-05-09 09:05:00
SUB-001088,CUST-01088,plan_starter,annual,2026-04-21,,29.0,active,True,,2026-04-21 09:05:00
SUB-001089,CUST-01089,plan_enterprise,annual,2025-08-06,,499.0,active,True,,2025-08-06 09:05:00
SUB-001090,CUST-01090,plan_growth,monthly,2025-11-19,,79.0,active,True,,2025-11-19 09:05:00
SUB-001091,CUST-01091,plan_growth,annual,2025-05-16,,79.0,active,True,,2025-05-16 09:05:00
SUB-001092,CUST-01092,plan_starter,monthly,2026-05-10,,29.0,active,True,,2026-05-10 09:05:00
SUB-001093,CUST-01093,plan_growth,annual,2026-05-01,,79.0,active,True,,2026-05-01 09:05:00
SUB-001094,CUST-01094,plan_starter,monthly,2024-11-22,2025-02-05,29.0,cancelled,False,Customer initiated cancellation,2024-11-22 09:05:00
SUB-001095,CUST-01095,plan_pro,annual,2025-07-16,,179.0,active,True,,2025-07-16 09:05:00
SUB-001096,CUST-01096,plan_starter,annual,2026-03-17,,29.0,active,True,,2026-03-17 09:05:00
SUB-001097,CUST-01097,plan_starter,annual,2025-05-12,,29.0,active,True,,2025-05-12 09:05:00
SUB-001098,CUST-01098,plan_pro,monthly,2025-06-04,2025-10-25,179.0,cancelled,False,Customer initiated cancellation,2025-06-04 09:05:00
SUB-001099,CUST-01099,plan_starter,annual,2025-07-22,,29.0,active,True,,2025-07-22 09:05:00
SUB-001100,CUST-01100,plan_pro,annual,2025-10-11,,179.0,active,True,,2025-10-11 09:05:00
SUB-001101,CUST-01101,plan_growth,annual,2025-01-29,,79.0,active,True,,2025-01-29 09:05:00
SUB-001102,CUST-01102,plan_starter,monthly,2026-06-07,,29.0,active,True,,2026-06-07 09:05:00
SUB-001103,CUST-01103,plan_starter,monthly,2026-04-06,,29.0,active,True,,2026-04-06 09:05:00
SUB-001104,CUST-01104,plan_growth,monthly,2026-07-13,,79.0,active,True,,2026-07-13 09:05:00
SUB-001105,CUST-01105,plan_growth,annual,2026-05-09,,79.0,active,True,,2026-05-09 09:05:00
SUB-001106,CUST-01106,plan_starter,monthly,2026-01-30,,29.0,active,True,,2026-01-30 09:05:00
SUB-001107,CUST-01107,plan_pro,monthly,2024-07-04,2026-01-14,179.0,cancelled,False,Customer initiated cancellation,2024-07-04 09:05:00
SUB-001108,CUST-01108,plan_starter,annual,2026-02-26,,29.0,active,True,,2026-02-26 09:05:00
SUB-001109,CUST-01109,plan_growth,monthly,2026-07-19,,79.0,active,True,,2026-07-19 09:05:00
SUB-001110,CUST-01110,plan_pro,monthly,2025-09-09,,179.0,active,True,,2025-09-09 09:05:00
SUB-001111,CUST-01111,plan_starter,monthly,2025-08-18,,29.0,active,True,,2025-08-18 09:05:00
SUB-001112,CUST-01112,plan_growth,monthly,2025-11-24,,79.0,active,True,,2025-11-24 09:05:00
SUB-001113,CUST-01113,plan_starter,monthly,2025-11-24,2026-02-09,29.0,cancelled,False,Customer initiated cancellation,2025-11-24 09:05:00
SUB-001114,CUST-01114,plan_pro,annual,2025-10-26,,179.0,active,True,,2025-10-26 09:05:00
SUB-001115,CUST-01115,plan_starter,monthly,2026-07-22,2026-09-01,29.0,cancelled,False,Customer initiated cancellation,2026-07-22 09:05:00
SUB-001116,CUST-01116,plan_pro,annual,2024-06-16,,179.0,active,True,,2024-06-16 09:05:00
SUB-001117,CUST-01117,plan_pro,annual,2025-01-17,,179.0,active,True,,2025-01-17 09:05:00
SUB-001118,CUST-01118,plan_growth,annual,2026-03-03,,79.0,active,True,,2026-03-03 09:05:00
SUB-001119,CUST-01119,plan_starter,monthly,2025-03-17,,29.0,active,True,,2025-03-17 09:05:00
SUB-001120,CUST-01120,plan_starter,monthly,2026-04-19,,29.0,active,True,,2026-04-19 09:05:00
SUB-001121,CUST-01121,plan_starter,monthly,2025-06-18,2025-09-03,29.0,cancelled,False,Customer initiated cancellation,2025-06-18 09:05:00
SUB-001122,CUST-01122,plan_pro,annual,2026-02-23,2026-07-08,179.0,cancelled,False,Customer initiated cancellation,2026-02-23 09:05:00
SUB-001123,CUST-01123,plan_enterprise,monthly,2025-07-19,,499.0,active,True,,2025-07-19 09:05:00
SUB-001124,CUST-01124,plan_starter,monthly,2025-03-05,2025-09-09,29.0,cancelled,False,Customer initiated cancellation,2025-03-05 09:05:00
SUB-001125,CUST-01125,plan_starter,monthly,2025-02-13,2025-04-17,29.0,cancelled,False,Customer initiated cancellation,2025-02-13 09:05:00
SUB-001126,CUST-01126,plan_starter,monthly,2026-06-02,,29.0,active,True,,2026-06-02 09:05:00
SUB-001127,CUST-01127,plan_starter,multi_year,2026-02-05,,29.0,active,True,,2026-02-05 09:05:00
SUB-001128,CUST-01128,plan_starter,annual,2026-02-21,,29.0,active,True,,2026-02-21 09:05:00
SUB-001129,CUST-01129,plan_starter,annual,2026-05-05,,29.0,active,True,,2026-05-05 09:05:00
SUB-001130,CUST-01130,plan_growth,monthly,2026-04-08,2026-05-21,79.0,cancelled,False,Customer initiated cancellation,2026-04-08 09:05:00
SUB-001131,CUST-01131,plan_starter,monthly,2024-09-18,,29.0,active,True,,2024-09-18 09:05:00
SUB-001132,CUST-01132,plan_pro,annual,2025-12-22,,179.0,active,True,,2025-12-22 09:05:00
SUB-001133,CUST-01133,plan_growth,monthly,2025-08-27,,79.0,active,True,,2025-08-27 09:05:00
SUB-001134,CUST-01134,plan_growth,monthly,2025-09-09,2025-11-27,79.0,cancelled,False,Customer initiated cancellation,2025-09-09 09:05:00
SUB-001135,CUST-01135,plan_growth,monthly,2025-12-12,,79.0,active,True,,2025-12-12 09:05:00
SUB-001136,CUST-01136,plan_pro,monthly,2026-02-26,,179.0,active,True,,2026-02-26 09:05:00
SUB-001137,CUST-01137,plan_growth,annual,2025-11-11,,79.0,active,True,,2025-11-11 09:05:00
SUB-001138,CUST-01138,plan_starter,monthly,2025-02-05,,29.0,active,True,,2025-02-05 09:05:00
SUB-001139,CUST-01139,plan_starter,monthly,2025-04-13,2026-06-25,29.0,cancelled,False,Customer initiated cancellation,2025-04-13 09:05:00
SUB-001140,CUST-01140,plan_growth,annual,2026-01-13,,79.0,active,True,,2026-01-13 09:05:00
SUB-001141,CUST-01141,plan_starter,annual,2026-03-29,,29.0,active,True,,2026-03-29 09:05:00
SUB-001142,CUST-01142,plan_pro,annual,2026-02-22,,179.0,active,True,,2026-02-22 09:05:00
SUB-001143,CUST-01143,plan_growth,monthly,2026-04-30,,79.0,active,True,,2026-04-30 09:05:00
SUB-001144,CUST-01144,plan_starter,monthly,2026-06-24,,29.0,active,True,,2026-06-24 09:05:00
SUB-001145,CUST-01145,plan_starter,monthly,2025-08-26,2025-09-29,29.0,cancelled,False,Customer initiated cancellation,2025-08-26 09:05:00
SUB-001146,CUST-01146,plan_growth,monthly,2024-12-29,2026-07-09,79.0,cancelled,False,Customer initiated cancellation,2024-12-29 09:05:00
SUB-001147,CUST-01147,plan_pro,annual,2025-05-19,,179.0,active,True,,2025-05-19 09:05:00
SUB-001148,CUST-01148,plan_starter,annual,2026-03-11,,29.0,active,True,,2026-03-11 09:05:00
SUB-001149,CUST-01149,plan_growth,monthly,2025-03-10,,79.0,active,True,,2025-03-10 09:05:00
SUB-001150,CUST-01150,plan_starter,multi_year,2025-06-22,,29.0,active,True,,2025-06-22 09:05:00
SUB-001151,CUST-01151,plan_growth,annual,2025-01-27,,79.0,active,True,,2025-01-27 09:05:00
SUB-001152,CUST-01152,plan_starter,monthly,2025-12-13,2026-08-30,29.0,cancelled,False,Customer initiated cancellation,2025-12-13 09:05:00
SUB-001153,CUST-01153,plan_enterprise,monthly,2025-02-07,,499.0,active,True,,2025-02-07 09:05:00
SUB-001154,CUST-01154,plan_starter,monthly,2025-04-06,,29.0,active,True,,2025-04-06 09:05:00
SUB-001155,CUST-01155,plan_pro,monthly,2025-03-12,,179.0,active,True,,2025-03-12 09:05:00
SUB-001156,CUST-01156,plan_pro,monthly,2025-05-26,2025-08-09,179.0,cancelled,False,Customer initiated cancellation,2025-05-26 09:05:00
SUB-001157,CUST-01157,plan_growth,monthly,2025-08-22,2026-07-19,79.0,cancelled,False,Customer initiated cancellation,2025-08-22 09:05:00
SUB-001158,CUST-01158,plan_starter,monthly,2025-04-10,2025-08-26,29.0,cancelled,False,Customer initiated cancellation,2025-04-10 09:05:00
SUB-001159,CUST-01159,plan_growth,annual,2025-10-12,,79.0,active,True,,2025-10-12 09:05:00
SUB-001160,CUST-01160,plan_pro,monthly,2025-01-02,2026-05-16,179.0,cancelled,False,Customer initiated cancellation,2025-01-02 09:05:00
SUB-001161,CUST-01161,plan_starter,monthly,2024-09-18,2024-12-06,29.0,cancelled,False,Customer initiated cancellation,2024-09-18 09:05:00
SUB-001162,CUST-01162,plan_starter,annual,2026-05-17,,29.0,active,True,,2026-05-17 09:05:00
SUB-001163,CUST-01163,plan_growth,monthly,2025-04-19,,79.0,active,True,,2025-04-19 09:05:00
SUB-001164,CUST-01164,plan_starter,monthly,2025-11-01,2026-03-13,29.0,cancelled,False,Customer initiated cancellation,2025-11-01 09:05:00
SUB-001165,CUST-01165,plan_pro,monthly,2025-04-25,,179.0,active,True,,2025-04-25 09:05:00
SUB-001166,CUST-01166,plan_starter,monthly,2026-05-24,,29.0,active,True,,2026-05-24 09:05:00
SUB-001167,CUST-01167,plan_starter,monthly,2026-02-06,2026-04-20,29.0,cancelled,False,Customer initiated cancellation,2026-02-06 09:05:00
SUB-001168,CUST-01168,plan_starter,annual,2025-04-19,,29.0,active,True,,2025-04-19 09:05:00
SUB-001169,CUST-01169,plan_pro,annual,2024-11-06,2026-01-13,179.0,cancelled,False,Customer initiated cancellation,2024-11-06 09:05:00
SUB-001170,CUST-01170,plan_pro,monthly,2025-06-20,,179.0,active,True,,2025-06-20 09:05:00
SUB-001171,CUST-01171,plan_starter,monthly,2026-07-27,,29.0,active,True,,2026-07-27 09:05:00
SUB-001172,CUST-01172,plan_pro,monthly,2024-11-29,2025-07-12,179.0,cancelled,False,Customer initiated cancellation,2024-11-29 09:05:00
SUB-001173,CUST-01173,plan_growth,monthly,2025-05-31,,79.0,active,True,,2025-05-31 09:05:00
SUB-001174,CUST-01174,plan_growth,monthly,2025-08-04,,79.0,active,True,,2025-08-04 09:05:00
SUB-001175,CUST-01175,plan_starter,monthly,2026-05-17,2026-08-26,29.0,cancelled,False,Customer initiated cancellation,2026-05-17 09:05:00
SUB-001176,CUST-01176,plan_starter,monthly,2024-03-03,2024-07-11,29.0,cancelled,False,Customer initiated cancellation,2024-03-03 09:05:00
SUB-001177,CUST-01177,plan_starter,annual,2024-10-25,2025-05-29,29.0,cancelled,False,Customer initiated cancellation,2024-10-25 09:05:00
SUB-001178,CUST-01178,plan_growth,monthly,2026-07-21,,79.0,active,True,,2026-07-21 09:05:00
SUB-001179,CUST-01179,plan_growth,monthly,2024-10-18,2026-04-23,79.0,cancelled,False,Customer initiated cancellation,2024-10-18 09:05:00
SUB-001180,CUST-01180,plan_starter,monthly,2026-06-27,,29.0,active,True,,2026-06-27 09:05:00
SUB-001181,CUST-01181,plan_pro,annual,2025-08-09,2025-09-24,179.0,cancelled,False,Customer initiated cancellation,2025-08-09 09:05:00
SUB-001182,CUST-01182,plan_starter,annual,2025-10-02,,29.0,active,True,,2025-10-02 09:05:00
SUB-001183,CUST-01183,plan_starter,monthly,2025-08-21,,29.0,active,True,,2025-08-21 09:05:00
SUB-001184,CUST-01184,plan_growth,monthly,2026-04-27,,79.0,active,True,,2026-04-27 09:05:00
SUB-001185,CUST-01185,plan_growth,annual,2026-04-10,,79.0,active,True,,2026-04-10 09:05:00
SUB-001186,CUST-01186,plan_growth,monthly,2024-08-17,2025-01-31,79.0,cancelled,False,Customer initiated cancellation,2024-08-17 09:05:00
SUB-001187,CUST-01187,plan_starter,annual,2024-10-23,,29.0,active,True,,2024-10-23 09:05:00
SUB-001188,CUST-01188,plan_growth,monthly,2024-10-26,,79.0,active,True,,2024-10-26 09:05:00
SUB-001189,CUST-01189,plan_pro,monthly,2025-05-29,,179.0,active,True,,2025-05-29 09:05:00
SUB-001190,CUST-01190,plan_starter,annual,2025-04-06,,29.0,active,True,,2025-04-06 09:05:00
SUB-001191,CUST-01191,plan_starter,annual,2025-01-21,2025-02-22,29.0,cancelled,False,Customer initiated cancellation,2025-01-21 09:05:00
SUB-001192,CUST-01192,plan_growth,annual,2026-04-01,,79.0,active,True,,2026-04-01 09:05:00
SUB-001193,CUST-01193,plan_pro,multi_year,2024-08-28,2025-06-29,179.0,cancelled,False,Customer initiated cancellation,2024-08-28 09:05:00
SUB-001194,CUST-01194,plan_starter,monthly,2024-12-25,2025-02-01,29.0,cancelled,False,Customer initiated cancellation,2024-12-25 09:05:00
SUB-001195,CUST-01195,plan_pro,annual,2026-01-03,,179.0,active,True,,2026-01-03 09:05:00
SUB-001196,CUST-01196,plan_starter,monthly,2025-05-26,2025-11-24,29.0,cancelled,False,Customer initiated cancellation,2025-05-26 09:05:00
SUB-001197,CUST-01197,plan_pro,annual,2025-04-05,,179.0,active,True,,2025-04-05 09:05:00
SUB-001198,CUST-01198,plan_growth,monthly,2025-12-18,2026-03-22,79.0,cancelled,False,Customer initiated cancellation,2025-12-18 09:05:00
SUB-001199,CUST-01199,plan_pro,multi_year,2025-08-09,,179.0,active,True,,2025-08-09 09:05:00
SUB-001200,CUST-01200,plan_pro,monthly,2025-09-21,,179.0,active,True,,2025-09-21 09:05:00
SUB-001201,CUST-01201,plan_growth,annual,2025-08-05,,79.0,active,True,,2025-08-05 09:05:00
SUB-001202,CUST-01202,plan_growth,monthly,2025-12-21,,79.0,active,True,,2025-12-21 09:05:00
SUB-001203,CUST-01203,plan_starter,monthly,2025-08-03,2026-08-11,29.0,cancelled,False,Customer initiated cancellation,2025-08-03 09:05:00
SUB-001204,CUST-01204,plan_starter,annual,2024-12-20,2025-05-17,29.0,cancelled,False,Customer initiated cancellation,2024-12-20 09:05:00
SUB-001205,CUST-01205,plan_growth,monthly,2025-11-01,,79.0,active,True,,2025-11-01 09:05:00
SUB-001206,CUST-01206,plan_pro,monthly,2025-07-31,,179.0,active,True,,2025-07-31 09:05:00
SUB-001207,CUST-01207,plan_growth,monthly,2025-05-23,2025-10-07,79.0,cancelled,False,Customer initiated cancellation,2025-05-23 09:05:00
SUB-001208,CUST-01208,plan_starter,monthly,2024-01-28,2024-07-12,29.0,cancelled,False,Customer initiated cancellation,2024-01-28 09:05:00
SUB-001209,CUST-01209,plan_growth,annual,2025-09-17,,79.0,active,True,,2025-09-17 09:05:00
SUB-001210,CUST-01210,plan_growth,multi_year,2025-01-21,,79.0,active,True,,2025-01-21 09:05:00
SUB-001211,CUST-01211,plan_pro,annual,2025-11-16,,179.0,active,True,,2025-11-16 09:05:00
SUB-001212,CUST-01212,plan_starter,monthly,2026-05-19,,29.0,active,True,,2026-05-19 09:05:00
SUB-001213,CUST-01213,plan_enterprise,monthly,2025-11-06,,499.0,active,True,,2025-11-06 09:05:00
SUB-001214,CUST-01214,plan_starter,multi_year,2026-04-03,,29.0,active,True,,2026-04-03 09:05:00
SUB-001215,CUST-01215,plan_starter,monthly,2026-03-27,,29.0,active,True,,2026-03-27 09:05:00
SUB-001216,CUST-01216,plan_growth,monthly,2025-06-09,,79.0,active,True,,2025-06-09 09:05:00
SUB-001217,CUST-01217,plan_growth,monthly,2025-01-09,2026-07-31,79.0,cancelled,False,Customer initiated cancellation,2025-01-09 09:05:00
SUB-001218,CUST-01218,plan_growth,annual,2026-06-17,,79.0,active,True,,2026-06-17 09:05:00
SUB-001219,CUST-01219,plan_growth,annual,2026-02-11,,79.0,active,True,,2026-02-11 09:05:00
SUB-001220,CUST-01220,plan_growth,monthly,2025-04-23,,79.0,active,True,,2025-04-23 09:05:00
SUB-001221,CUST-01221,plan_enterprise,annual,2025-09-30,,499.0,active,True,,2025-09-30 09:05:00
SUB-001222,CUST-01222,plan_enterprise,monthly,2025-07-08,,499.0,active,True,,2025-07-08 09:05:00
SUB-001223,CUST-01223,plan_starter,monthly,2025-11-29,,29.0,active,True,,2025-11-29 09:05:00
SUB-001224,CUST-01224,plan_starter,monthly,2025-07-27,2025-12-07,29.0,cancelled,False,Customer initiated cancellation,2025-07-27 09:05:00
SUB-001225,CUST-01225,plan_growth,monthly,2025-05-08,,79.0,active,True,,2025-05-08 09:05:00
SUB-001226,CUST-01226,plan_pro,annual,2025-10-13,,179.0,active,True,,2025-10-13 09:05:00
SUB-001227,CUST-01227,plan_pro,monthly,2025-10-05,,179.0,active,True,,2025-10-05 09:05:00
SUB-001228,CUST-01228,plan_growth,annual,2025-11-08,,79.0,active,True,,2025-11-08 09:05:00
SUB-001229,CUST-01229,plan_growth,annual,2025-04-11,,79.0,active,True,,2025-04-11 09:05:00
SUB-001230,CUST-01230,plan_growth,monthly,2025-09-08,,79.0,active,True,,2025-09-08 09:05:00
SUB-001231,CUST-01231,plan_starter,monthly,2025-10-08,,29.0,active,True,,2025-10-08 09:05:00
SUB-001232,CUST-01232,plan_starter,annual,2025-09-14,,29.0,active,True,,2025-09-14 09:05:00
SUB-001233,CUST-01233,plan_enterprise,annual,2026-04-02,,499.0,active,True,,2026-04-02 09:05:00
SUB-001234,CUST-01234,plan_growth,monthly,2025-09-20,2025-12-17,79.0,cancelled,False,Customer initiated cancellation,2025-09-20 09:05:00
SUB-001235,CUST-01235,plan_starter,monthly,2024-03-08,2025-04-03,29.0,cancelled,False,Customer initiated cancellation,2024-03-08 09:05:00
SUB-001236,CUST-01236,plan_starter,monthly,2025-03-23,2025-08-10,29.0,cancelled,False,Customer initiated cancellation,2025-03-23 09:05:00
SUB-001237,CUST-01237,plan_growth,annual,2024-05-29,2025-07-21,79.0,cancelled,False,Customer initiated cancellation,2024-05-29 09:05:00
SUB-001238,CUST-01238,plan_starter,monthly,2025-02-12,2026-03-12,29.0,cancelled,False,Customer initiated cancellation,2025-02-12 09:05:00
SUB-001239,CUST-01239,plan_starter,annual,2026-07-30,,29.0,active,True,,2026-07-30 09:05:00
SUB-001240,CUST-01240,plan_starter,monthly,2025-09-25,2025-12-19,29.0,cancelled,False,Customer initiated cancellation,2025-09-25 09:05:00
SUB-001241,CUST-01241,plan_pro,monthly,2024-12-14,,179.0,active,True,,2024-12-14 09:05:00
SUB-001242,CUST-01242,plan_starter,monthly,2025-05-17,2025-11-06,29.0,cancelled,False,Customer initiated cancellation,2025-05-17 09:05:00
SUB-001243,CUST-01243,plan_pro,monthly,2026-07-21,,179.0,active,True,,2026-07-21 09:05:00
SUB-001244,CUST-01244,plan_enterprise,monthly,2025-10-22,,499.0,active,True,,2025-10-22 09:05:00
SUB-001245,CUST-01245,plan_growth,monthly,2026-02-15,2026-06-06,79.0,cancelled,False,Customer initiated cancellation,2026-02-15 09:05:00
SUB-001246,CUST-01246,plan_pro,monthly,2025-04-05,2025-11-08,179.0,cancelled,False,Customer initiated cancellation,2025-04-05 09:05:00
SUB-001247,CUST-01247,plan_starter,monthly,2025-07-22,,29.0,active,True,,2025-07-22 09:05:00
SUB-001248,CUST-01248,plan_enterprise,monthly,2025-02-17,,499.0,active,True,,2025-02-17 09:05:00
SUB-001249,CUST-01249,plan_growth,annual,2025-06-17,,79.0,active,True,,2025-06-17 09:05:00
SUB-001250,CUST-01250,plan_starter,monthly,2026-06-20,,29.0,active,True,,2026-06-20 09:05:00
SUB-001251,CUST-01251,plan_growth,monthly,2024-04-27,2024-05-29,79.0,cancelled,False,Customer initiated cancellation,2024-04-27 09:05:00
SUB-001252,CUST-01252,plan_pro,monthly,2026-05-15,,179.0,active,True,,2026-05-15 09:05:00
SUB-001253,CUST-01253,plan_pro,multi_year,2024-12-03,,179.0,active,True,,2024-12-03 09:05:00
SUB-001254,CUST-01254,plan_pro,annual,2024-06-16,,179.0,active,True,,2024-06-16 09:05:00
SUB-001255,CUST-01255,plan_starter,monthly,2024-08-15,2024-11-27,29.0,cancelled,False,Customer initiated cancellation,2024-08-15 09:05:00
SUB-001256,CUST-01256,plan_growth,annual,2026-02-02,,79.0,active,True,,2026-02-02 09:05:00
SUB-001257,CUST-01257,plan_starter,annual,2024-06-28,2026-06-27,29.0,cancelled,False,Customer initiated cancellation,2024-06-28 09:05:00
SUB-001258,CUST-01258,plan_starter,monthly,2026-07-09,,29.0,active,True,,2026-07-09 09:05:00
SUB-001259,CUST-01259,plan_growth,multi_year,2026-05-21,,79.0,active,True,,2026-05-21 09:05:00
SUB-001260,CUST-01260,plan_pro,annual,2026-04-17,,179.0,active,True,,2026-04-17 09:05:00
SUB-001261,CUST-01261,plan_growth,monthly,2025-05-21,,79.0,active,True,,2025-05-21 09:05:00
SUB-001262,CUST-01262,plan_starter,monthly,2025-11-15,,29.0,active,True,,2025-11-15 09:05:00
SUB-001263,CUST-01263,plan_starter,monthly,2026-03-13,2026-08-13,29.0,cancelled,False,Customer initiated cancellation,2026-03-13 09:05:00
SUB-001264,CUST-01264,plan_starter,annual,2025-09-11,2026-05-22,29.0,cancelled,False,Customer initiated cancellation,2025-09-11 09:05:00
SUB-001265,CUST-01265,plan_starter,monthly,2025-07-13,,29.0,active,True,,2025-07-13 09:05:00
SUB-001266,CUST-01266,plan_starter,monthly,2025-04-05,2026-07-14,29.0,cancelled,False,Customer initiated cancellation,2025-04-05 09:05:00
SUB-001267,CUST-01267,plan_starter,annual,2026-04-03,,29.0,active,True,,2026-04-03 09:05:00
SUB-001268,CUST-01268,plan_starter,monthly,2024-05-28,2024-09-11,29.0,cancelled,False,Customer initiated cancellation,2024-05-28 09:05:00
SUB-001269,CUST-01269,plan_growth,monthly,2026-03-20,,79.0,active,True,,2026-03-20 09:05:00
SUB-001270,CUST-01270,plan_starter,monthly,2025-03-10,,29.0,active,True,,2025-03-10 09:05:00
SUB-001271,CUST-01271,plan_growth,annual,2025-12-24,2026-03-22,79.0,cancelled,False,Customer initiated cancellation,2025-12-24 09:05:00
SUB-001272,CUST-01272,plan_growth,monthly,2025-03-25,,79.0,active,True,,2025-03-25 09:05:00
SUB-001273,CUST-01273,plan_growth,monthly,2026-04-13,,79.0,active,True,,2026-04-13 09:05:00
SUB-001274,CUST-01274,plan_growth,annual,2025-10-31,,79.0,active,True,,2025-10-31 09:05:00
SUB-001275,CUST-01275,plan_starter,annual,2025-09-18,,29.0,active,True,,2025-09-18 09:05:00
SUB-001276,CUST-01276,plan_growth,annual,2025-05-23,2025-09-29,79.0,cancelled,False,Customer initiated cancellation,2025-05-23 09:05:00
SUB-001277,CUST-01277,plan_growth,monthly,2025-07-06,2026-05-17,79.0,cancelled,False,Customer initiated cancellation,2025-07-06 09:05:00
SUB-001278,CUST-01278,plan_starter,monthly,2025-12-04,,29.0,active,True,,2025-12-04 09:05:00
SUB-001279,CUST-01279,plan_starter,monthly,2026-04-29,,29.0,active,True,,2026-04-29 09:05:00
SUB-001280,CUST-01280,plan_starter,monthly,2025-03-26,,29.0,active,True,,2025-03-26 09:05:00
SUB-001281,CUST-01281,plan_growth,multi_year,2024-12-08,,79.0,active,True,,2024-12-08 09:05:00
SUB-001282,CUST-01282,plan_starter,monthly,2026-04-29,,29.0,active,True,,2026-04-29 09:05:00
SUB-001283,CUST-01283,plan_starter,annual,2025-03-19,,29.0,active,True,,2025-03-19 09:05:00
SUB-001284,CUST-01284,plan_growth,monthly,2026-05-11,,79.0,active,True,,2026-05-11 09:05:00
SUB-001285,CUST-01285,plan_enterprise,annual,2025-04-24,,499.0,active,True,,2025-04-24 09:05:00
SUB-001286,CUST-01286,plan_growth,annual,2025-05-04,2025-11-25,79.0,cancelled,False,Customer initiated cancellation,2025-05-04 09:05:00
SUB-001287,CUST-01287,plan_pro,monthly,2025-10-21,,179.0,active,True,,2025-10-21 09:05:00
SUB-001288,CUST-01288,plan_growth,monthly,2026-03-30,,79.0,active,True,,2026-03-30 09:05:00
SUB-001289,CUST-01289,plan_growth,monthly,2025-05-05,,79.0,active,True,,2025-05-05 09:05:00
SUB-001290,CUST-01290,plan_growth,monthly,2024-06-20,,79.0,active,True,,2024-06-20 09:05:00
SUB-001291,CUST-01291,plan_enterprise,monthly,2026-01-13,,499.0,active,True,,2026-01-13 09:05:00
SUB-001292,CUST-01292,plan_starter,monthly,2025-06-26,,29.0,active,True,,2025-06-26 09:05:00
SUB-001293,CUST-01293,plan_growth,monthly,2025-06-18,2025-08-12,79.0,cancelled,False,Customer initiated cancellation,2025-06-18 09:05:00
SUB-001294,CUST-01294,plan_growth,monthly,2025-01-04,,79.0,active,True,,2025-01-04 09:05:00
SUB-001295,CUST-01295,plan_growth,multi_year,2026-04-16,,79.0,active,True,,2026-04-16 09:05:00
SUB-001296,CUST-01296,plan_starter,monthly,2026-04-15,,29.0,active,True,,2026-04-15 09:05:00
SUB-001297,CUST-01297,plan_growth,monthly,2025-04-08,2025-07-05,79.0,cancelled,False,Customer initiated cancellation,2025-04-08 09:05:00
SUB-001298,CUST-01298,plan_growth,monthly,2024-11-03,2026-07-24,79.0,cancelled,False,Customer initiated cancellation,2024-11-03 09:05:00
SUB-001299,CUST-01299,plan_pro,annual,2024-07-21,,179.0,active,True,,2024-07-21 09:05:00
SUB-001300,CUST-01300,plan_pro,monthly,2025-06-05,2026-01-22,179.0,cancelled,False,Customer initiated cancellation,2025-06-05 09:05:00
SUB-001301,CUST-01301,plan_growth,monthly,2025-06-16,,79.0,active,True,,2025-06-16 09:05:00
SUB-001302,CUST-01302,plan_starter,annual,2025-08-06,,29.0,active,True,,2025-08-06 09:05:00
SUB-001303,CUST-01303,plan_pro,monthly,2025-09-14,2025-10-25,179.0,cancelled,False,Customer initiated cancellation,2025-09-14 09:05:00
SUB-001304,CUST-01304,plan_starter,monthly,2026-03-25,2026-09-01,29.0,cancelled,False,Customer initiated cancellation,2026-03-25 09:05:00
SUB-001305,CUST-01305,plan_growth,monthly,2025-10-25,,79.0,active,True,,2025-10-25 09:05:00
SUB-001306,CUST-01306,plan_growth,monthly,2025-11-29,,79.0,active,True,,2025-11-29 09:05:00
SUB-001307,CUST-01307,plan_pro,monthly,2024-11-26,,179.0,active,True,,2024-11-26 09:05:00
SUB-001308,CUST-01308,plan_growth,monthly,2025-12-11,2026-06-07,79.0,cancelled,False,Customer initiated cancellation,2025-12-11 09:05:00
SUB-001309,CUST-01309,plan_pro,annual,2024-10-31,,179.0,active,True,,2024-10-31 09:05:00
SUB-001310,CUST-01310,plan_starter,monthly,2024-06-17,2024-11-30,29.0,cancelled,False,Customer initiated cancellation,2024-06-17 09:05:00
SUB-001311,CUST-01311,plan_enterprise,monthly,2024-07-29,2025-12-07,499.0,cancelled,False,Customer initiated cancellation,2024-07-29 09:05:00
SUB-001312,CUST-01312,plan_starter,annual,2026-05-22,,29.0,active,True,,2026-05-22 09:05:00
SUB-001313,CUST-01313,plan_growth,monthly,2025-09-05,,79.0,active,True,,2025-09-05 09:05:00
SUB-001314,CUST-01314,plan_growth,monthly,2025-08-01,,79.0,active,True,,2025-08-01 09:05:00
SUB-001315,CUST-01315,plan_pro,monthly,2026-04-22,,179.0,active,True,,2026-04-22 09:05:00
SUB-001316,CUST-01316,plan_enterprise,annual,2025-01-05,,499.0,active,True,,2025-01-05 09:05:00
SUB-001317,CUST-01317,plan_growth,annual,2025-02-20,,79.0,active,True,,2025-02-20 09:05:00
SUB-001318,CUST-01318,plan_pro,annual,2025-04-11,2025-10-15,179.0,cancelled,False,Customer initiated cancellation,2025-04-11 09:05:00
SUB-001319,CUST-01319,plan_growth,monthly,2026-07-11,,79.0,active,True,,2026-07-11 09:05:00
SUB-001320,CUST-01320,plan_enterprise,annual,2025-08-07,,499.0,active,True,,2025-08-07 09:05:00
SUB-001321,CUST-01321,plan_starter,monthly,2024-07-29,2026-03-02,29.0,cancelled,False,Customer initiated cancellation,2024-07-29 09:05:00
SUB-001322,CUST-01322,plan_pro,monthly,2025-05-30,,179.0,active,True,,2025-05-30 09:05:00
SUB-001323,CUST-01323,plan_growth,annual,2025-03-07,,79.0,active,True,,2025-03-07 09:05:00
SUB-001324,CUST-01324,plan_pro,monthly,2025-12-23,,179.0,active,True,,2025-12-23 09:05:00
SUB-001325,CUST-01325,plan_starter,monthly,2024-12-31,2025-10-25,29.0,cancelled,False,Customer initiated cancellation,2024-12-31 09:05:00
SUB-001326,CUST-01326,plan_starter,monthly,2024-04-12,2024-06-06,29.0,cancelled,False,Customer initiated cancellation,2024-04-12 09:05:00
SUB-001327,CUST-01327,plan_pro,annual,2026-06-15,2026-09-01,179.0,cancelled,False,Customer initiated cancellation,2026-06-15 09:05:00
SUB-001328,CUST-01328,plan_pro,monthly,2024-12-12,2025-10-02,179.0,cancelled,False,Customer initiated cancellation,2024-12-12 09:05:00
SUB-001329,CUST-01329,plan_pro,annual,2025-05-04,,179.0,active,True,,2025-05-04 09:05:00
SUB-001330,CUST-01330,plan_growth,annual,2024-10-16,,79.0,active,True,,2024-10-16 09:05:00
SUB-001331,CUST-01331,plan_growth,annual,2026-01-16,,79.0,active,True,,2026-01-16 09:05:00
SUB-001332,CUST-01332,plan_starter,monthly,2025-01-31,2025-12-16,29.0,cancelled,False,Customer initiated cancellation,2025-01-31 09:05:00
SUB-001333,CUST-01333,plan_starter,annual,2025-01-02,2026-08-13,29.0,cancelled,False,Customer initiated cancellation,2025-01-02 09:05:00
SUB-001334,CUST-01334,plan_starter,multi_year,2025-02-16,2025-07-09,29.0,cancelled,False,Customer initiated cancellation,2025-02-16 09:05:00
SUB-001335,CUST-01335,plan_pro,annual,2025-12-28,,179.0,active,True,,2025-12-28 09:05:00
SUB-001336,CUST-01336,plan_starter,annual,2026-07-11,,29.0,active,True,,2026-07-11 09:05:00
SUB-001337,CUST-01337,plan_starter,annual,2025-05-21,,29.0,active,True,,2025-05-21 09:05:00
SUB-001338,CUST-01338,plan_starter,monthly,2025-04-29,,29.0,active,True,,2025-04-29 09:05:00
SUB-001339,CUST-01339,plan_pro,monthly,2026-03-16,,179.0,active,True,,2026-03-16 09:05:00
SUB-001340,CUST-01340,plan_pro,annual,2025-06-15,,179.0,active,True,,2025-06-15 09:05:00
SUB-001341,CUST-01341,plan_pro,monthly,2026-03-03,,179.0,active,True,,2026-03-03 09:05:00
SUB-001342,CUST-01342,plan_pro,monthly,2025-01-15,,179.0,active,True,,2025-01-15 09:05:00
SUB-001343,CUST-01343,plan_growth,monthly,2025-09-18,2026-08-10,79.0,cancelled,False,Customer initiated cancellation,2025-09-18 09:05:00
SUB-001344,CUST-01344,plan_starter,monthly,2026-03-18,,29.0,active,True,,2026-03-18 09:05:00
SUB-001345,CUST-01345,plan_starter,annual,2026-03-08,,29.0,active,True,,2026-03-08 09:05:00
SUB-001346,CUST-01346,plan_growth,monthly,2025-11-15,2026-01-08,79.0,cancelled,False,Customer initiated cancellation,2025-11-15 09:05:00
SUB-001347,CUST-01347,plan_enterprise,monthly,2025-12-24,,499.0,active,True,,2025-12-24 09:05:00
SUB-001348,CUST-01348,plan_growth,monthly,2024-11-10,2025-09-02,79.0,cancelled,False,Customer initiated cancellation,2024-11-10 09:05:00
SUB-001349,CUST-01349,plan_pro,monthly,2025-10-06,2026-03-18,179.0,cancelled,False,Customer initiated cancellation,2025-10-06 09:05:00
SUB-001350,CUST-01350,plan_starter,monthly,2026-05-17,,29.0,active,True,,2026-05-17 09:05:00
SUB-001351,CUST-01351,plan_growth,monthly,2026-05-12,,79.0,active,True,,2026-05-12 09:05:00
SUB-001352,CUST-01352,plan_pro,annual,2025-02-10,,179.0,active,True,,2025-02-10 09:05:00
SUB-001353,CUST-01353,plan_growth,annual,2024-11-21,2026-08-28,79.0,cancelled,False,Customer initiated cancellation,2024-11-21 09:05:00
SUB-001354,CUST-01354,plan_starter,monthly,2026-02-10,,29.0,active,True,,2026-02-10 09:05:00
SUB-001355,CUST-01355,plan_growth,monthly,2025-02-17,,79.0,active,True,,2025-02-17 09:05:00
SUB-001356,CUST-01356,plan_growth,annual,2025-07-30,,79.0,active,True,,2025-07-30 09:05:00
SUB-001357,CUST-01357,plan_starter,monthly,2025-12-08,,29.0,active,True,,2025-12-08 09:05:00
SUB-001358,CUST-01358,plan_growth,annual,2026-07-11,,79.0,active,True,,2026-07-11 09:05:00
SUB-001359,CUST-01359,plan_growth,monthly,2025-10-07,2026-02-12,79.0,cancelled,False,Customer initiated cancellation,2025-10-07 09:05:00
SUB-001360,CUST-01360,plan_pro,monthly,2026-07-18,,179.0,active,True,,2026-07-18 09:05:00
SUB-001361,CUST-01361,plan_starter,monthly,2025-05-20,2025-09-02,29.0,cancelled,False,Customer initiated cancellation,2025-05-20 09:05:00
SUB-001362,CUST-01362,plan_starter,monthly,2025-01-19,,29.0,active,True,,2025-01-19 09:05:00
SUB-001363,CUST-01363,plan_growth,monthly,2025-11-05,,79.0,active,True,,2025-11-05 09:05:00
SUB-001364,CUST-01364,plan_growth,annual,2025-07-11,,79.0,active,True,,2025-07-11 09:05:00
SUB-001365,CUST-01365,plan_growth,multi_year,2024-12-12,2025-05-08,79.0,cancelled,False,Customer initiated cancellation,2024-12-12 09:05:00
SUB-001366,CUST-01366,plan_pro,monthly,2025-04-09,2026-08-27,179.0,cancelled,False,Customer initiated cancellation,2025-04-09 09:05:00
SUB-001367,CUST-01367,plan_growth,multi_year,2025-08-18,2026-01-13,79.0,cancelled,False,Customer initiated cancellation,2025-08-18 09:05:00
SUB-001368,CUST-01368,plan_growth,monthly,2025-03-30,2025-12-15,79.0,cancelled,False,Customer initiated cancellation,2025-03-30 09:05:00
SUB-001369,CUST-01369,plan_growth,annual,2025-11-14,2026-03-28,79.0,cancelled,False,Customer initiated cancellation,2025-11-14 09:05:00
SUB-001370,CUST-01370,plan_pro,monthly,2024-07-29,2026-05-08,179.0,cancelled,False,Customer initiated cancellation,2024-07-29 09:05:00
SUB-001371,CUST-01371,plan_pro,annual,2026-03-10,,179.0,active,True,,2026-03-10 09:05:00
SUB-001372,CUST-01372,plan_starter,monthly,2026-01-06,,29.0,active,True,,2026-01-06 09:05:00
SUB-001373,CUST-01373,plan_pro,annual,2026-06-01,,179.0,active,True,,2026-06-01 09:05:00
SUB-001374,CUST-01374,plan_enterprise,monthly,2025-04-25,,499.0,active,True,,2025-04-25 09:05:00
SUB-001375,CUST-01375,plan_pro,annual,2026-02-04,,179.0,active,True,,2026-02-04 09:05:00
SUB-001376,CUST-01376,plan_starter,monthly,2024-08-11,2024-10-24,29.0,cancelled,False,Customer initiated cancellation,2024-08-11 09:05:00
SUB-001377,CUST-01377,plan_growth,annual,2025-11-04,,79.0,active,True,,2025-11-04 09:05:00
SUB-001378,CUST-01378,plan_starter,annual,2026-02-28,,29.0,active,True,,2026-02-28 09:05:00
SUB-001379,CUST-01379,plan_growth,monthly,2026-06-01,2026-09-01,79.0,cancelled,False,Customer initiated cancellation,2026-06-01 09:05:00
SUB-001380,CUST-01380,plan_growth,monthly,2026-04-03,,79.0,active,True,,2026-04-03 09:05:00
SUB-001381,CUST-01381,plan_pro,monthly,2025-10-23,,179.0,active,True,,2025-10-23 09:05:00
SUB-001382,CUST-01382,plan_starter,annual,2026-07-10,,29.0,active,True,,2026-07-10 09:05:00
SUB-001383,CUST-01383,plan_pro,annual,2025-09-16,,179.0,active,True,,2025-09-16 09:05:00
SUB-001384,CUST-01384,plan_growth,annual,2026-04-16,,79.0,active,True,,2026-04-16 09:05:00
SUB-001385,CUST-01385,plan_growth,monthly,2024-11-15,2025-07-16,79.0,cancelled,False,Customer initiated cancellation,2024-11-15 09:05:00
SUB-001386,CUST-01386,plan_pro,multi_year,2025-04-09,,179.0,active,True,,2025-04-09 09:05:00
SUB-001387,CUST-01387,plan_growth,monthly,2026-03-15,,79.0,active,True,,2026-03-15 09:05:00
SUB-001388,CUST-01388,plan_growth,monthly,2024-12-30,2025-05-30,79.0,cancelled,False,Customer initiated cancellation,2024-12-30 09:05:00
SUB-001389,CUST-01389,plan_pro,annual,2024-05-24,2024-07-28,179.0,cancelled,False,Customer initiated cancellation,2024-05-24 09:05:00
SUB-001390,CUST-01390,plan_pro,annual,2026-04-28,,179.0,active,True,,2026-04-28 09:05:00
SUB-001391,CUST-01391,plan_starter,monthly,2024-08-07,2025-11-17,29.0,cancelled,False,Customer initiated cancellation,2024-08-07 09:05:00
SUB-001392,CUST-01392,plan_starter,monthly,2026-03-07,2026-07-02,29.0,cancelled,False,Customer initiated cancellation,2026-03-07 09:05:00
SUB-001393,CUST-01393,plan_pro,annual,2026-01-13,,179.0,active,True,,2026-01-13 09:05:00
SUB-001394,CUST-01394,plan_starter,monthly,2026-02-08,,29.0,active,True,,2026-02-08 09:05:00
SUB-001395,CUST-01395,plan_enterprise,annual,2025-12-14,,499.0,active,True,,2025-12-14 09:05:00
SUB-001396,CUST-01396,plan_starter,monthly,2024-12-08,,29.0,active,True,,2024-12-08 09:05:00
SUB-001397,CUST-01397,plan_enterprise,annual,2024-08-21,,499.0,active,True,,2024-08-21 09:05:00
SUB-001398,CUST-01398,plan_pro,annual,2025-02-15,,179.0,active,True,,2025-02-15 09:05:00
SUB-001399,CUST-01399,plan_pro,annual,2025-02-03,,179.0,active,True,,2025-02-03 09:05:00
SUB-001400,CUST-01400,plan_starter,annual,2025-01-14,,29.0,active,True,,2025-01-14 09:05:00
SUB-001401,CUST-01401,plan_growth,monthly,2025-01-27,2025-11-12,79.0,cancelled,False,Customer initiated cancellation,2025-01-27 09:05:00
SUB-001402,CUST-01402,plan_pro,monthly,2025-10-20,2026-04-23,179.0,cancelled,False,Customer initiated cancellation,2025-10-20 09:05:00
SUB-001403,CUST-01403,plan_growth,monthly,2026-03-05,,79.0,active,True,,2026-03-05 09:05:00
SUB-001404,CUST-01404,plan_starter,monthly,2024-08-31,,29.0,active,True,,2024-08-31 09:05:00
SUB-001405,CUST-01405,plan_pro,annual,2026-05-06,,179.0,active,True,,2026-05-06 09:05:00
SUB-001406,CUST-01406,plan_growth,monthly,2026-05-30,,79.0,active,True,,2026-05-30 09:05:00
SUB-001407,CUST-01407,plan_pro,annual,2025-06-02,,179.0,active,True,,2025-06-02 09:05:00
SUB-001408,CUST-01408,plan_starter,annual,2025-06-13,,29.0,active,True,,2025-06-13 09:05:00
SUB-001409,CUST-01409,plan_starter,annual,2026-03-23,,29.0,active,True,,2026-03-23 09:05:00
SUB-001410,CUST-01410,plan_growth,monthly,2025-12-01,,79.0,active,True,,2025-12-01 09:05:00
SUB-001411,CUST-01411,plan_growth,monthly,2024-12-28,2025-07-31,79.0,cancelled,False,Customer initiated cancellation,2024-12-28 09:05:00
SUB-001412,CUST-01412,plan_starter,monthly,2026-07-03,,29.0,active,True,,2026-07-03 09:05:00
SUB-001413,CUST-01413,plan_growth,annual,2026-05-21,,79.0,active,True,,2026-05-21 09:05:00
SUB-001414,CUST-01414,plan_pro,annual,2025-05-12,2026-04-28,179.0,cancelled,False,Customer initiated cancellation,2025-05-12 09:05:00
SUB-001415,CUST-01415,plan_starter,monthly,2026-07-29,,29.0,active,True,,2026-07-29 09:05:00
SUB-001416,CUST-01416,plan_starter,monthly,2025-03-25,,29.0,active,True,,2025-03-25 09:05:00
SUB-001417,CUST-01417,plan_pro,annual,2026-06-12,,179.0,active,True,,2026-06-12 09:05:00
SUB-001418,CUST-01418,plan_growth,monthly,2025-07-28,2025-08-31,79.0,cancelled,False,Customer initiated cancellation,2025-07-28 09:05:00
SUB-001419,CUST-01419,plan_pro,monthly,2025-10-07,,179.0,active,True,,2025-10-07 09:05:00
SUB-001420,CUST-01420,plan_starter,annual,2025-03-23,2025-06-08,29.0,cancelled,False,Customer initiated cancellation,2025-03-23 09:05:00
SUB-001421,CUST-01421,plan_pro,monthly,2024-12-24,,179.0,active,True,,2024-12-24 09:05:00
SUB-001422,CUST-01422,plan_starter,annual,2025-05-27,2026-01-13,29.0,cancelled,False,Customer initiated cancellation,2025-05-27 09:05:00
SUB-001423,CUST-01423,plan_growth,monthly,2026-04-16,,79.0,active,True,,2026-04-16 09:05:00
SUB-001424,CUST-01424,plan_starter,annual,2025-10-23,,29.0,active,True,,2025-10-23 09:05:00
SUB-001425,CUST-01425,plan_starter,monthly,2025-04-25,2025-06-19,29.0,cancelled,False,Customer initiated cancellation,2025-04-25 09:05:00
SUB-001426,CUST-01426,plan_pro,monthly,2025-10-09,2026-02-08,179.0,cancelled,False,Customer initiated cancellation,2025-10-09 09:05:00
SUB-001427,CUST-01427,plan_pro,monthly,2025-09-06,,179.0,active,True,,2025-09-06 09:05:00
SUB-001428,CUST-01428,plan_growth,monthly,2024-10-24,2025-12-31,79.0,cancelled,False,Customer initiated cancellation,2024-10-24 09:05:00
SUB-001429,CUST-01429,plan_starter,annual,2025-02-13,,29.0,active,True,,2025-02-13 09:05:00
SUB-001430,CUST-01430,plan_growth,monthly,2026-05-19,2026-08-05,79.0,cancelled,False,Customer initiated cancellation,2026-05-19 09:05:00
SUB-001431,CUST-01431,plan_growth,annual,2025-06-24,,79.0,active,True,,2025-06-24 09:05:00
SUB-001432,CUST-01432,plan_pro,annual,2024-08-10,,179.0,active,True,,2024-08-10 09:05:00
SUB-001433,CUST-01433,plan_growth,annual,2026-07-23,,79.0,active,True,,2026-07-23 09:05:00
SUB-001434,CUST-01434,plan_pro,annual,2026-07-28,,179.0,active,True,,2026-07-28 09:05:00
SUB-001435,CUST-01435,plan_pro,monthly,2025-05-27,2025-08-21,179.0,cancelled,False,Customer initiated cancellation,2025-05-27 09:05:00
SUB-001436,CUST-01436,plan_pro,monthly,2025-07-17,,179.0,active,True,,2025-07-17 09:05:00
SUB-001437,CUST-01437,plan_pro,monthly,2025-09-30,,179.0,active,True,,2025-09-30 09:05:00
SUB-001438,CUST-01438,plan_starter,monthly,2026-01-26,2026-05-21,29.0,cancelled,False,Customer initiated cancellation,2026-01-26 09:05:00
SUB-001439,CUST-01439,plan_starter,annual,2024-08-14,,29.0,active,True,,2024-08-14 09:05:00
SUB-001440,CUST-01440,plan_growth,monthly,2025-11-26,,79.0,active,True,,2025-11-26 09:05:00
SUB-001441,CUST-01441,plan_growth,monthly,2026-05-02,,79.0,active,True,,2026-05-02 09:05:00
SUB-001442,CUST-01442,plan_pro,monthly,2026-05-01,2026-06-16,179.0,cancelled,False,Customer initiated cancellation,2026-05-01 09:05:00
SUB-001443,CUST-01443,plan_starter,monthly,2024-12-09,2025-11-12,29.0,cancelled,False,Customer initiated cancellation,2024-12-09 09:05:00
SUB-001444,CUST-01444,plan_starter,monthly,2025-06-11,2025-07-24,29.0,cancelled,False,Customer initiated cancellation,2025-06-11 09:05:00
SUB-001445,CUST-01445,plan_growth,monthly,2025-07-23,2026-05-29,79.0,cancelled,False,Customer initiated cancellation,2025-07-23 09:05:00
SUB-001446,CUST-01446,plan_starter,annual,2024-10-21,,29.0,active,True,,2024-10-21 09:05:00
SUB-001447,CUST-01447,plan_starter,monthly,2026-02-18,,29.0,active,True,,2026-02-18 09:05:00
SUB-001448,CUST-01448,plan_growth,monthly,2024-11-28,,79.0,active,True,,2024-11-28 09:05:00
SUB-001449,CUST-01449,plan_pro,monthly,2025-10-28,2025-12-23,179.0,cancelled,False,Customer initiated cancellation,2025-10-28 09:05:00
SUB-001450,CUST-01450,plan_starter,monthly,2026-05-24,,29.0,active,True,,2026-05-24 09:05:00
SUB-001451,CUST-01451,plan_starter,monthly,2026-05-22,,29.0,active,True,,2026-05-22 09:05:00
SUB-001452,CUST-01452,plan_pro,annual,2025-03-08,,179.0,active,True,,2025-03-08 09:05:00
SUB-001453,CUST-01453,plan_starter,monthly,2025-07-03,2025-12-12,29.0,cancelled,False,Customer initiated cancellation,2025-07-03 09:05:00
SUB-001454,CUST-01454,plan_pro,annual,2026-06-17,2026-08-23,179.0,cancelled,False,Customer initiated cancellation,2026-06-17 09:05:00
SUB-001455,CUST-01455,plan_pro,monthly,2024-11-18,2025-07-09,179.0,cancelled,False,Customer initiated cancellation,2024-11-18 09:05:00
SUB-001456,CUST-01456,plan_growth,annual,2024-05-11,2025-02-24,79.0,cancelled,False,Customer initiated cancellation,2024-05-11 09:05:00
SUB-001457,CUST-01457,plan_starter,monthly,2025-09-19,,29.0,active,True,,2025-09-19 09:05:00
SUB-001458,CUST-01458,plan_enterprise,annual,2026-05-01,,499.0,active,True,,2026-05-01 09:05:00
SUB-001459,CUST-01459,plan_starter,monthly,2024-11-28,,29.0,active,True,,2024-11-28 09:05:00
SUB-001460,CUST-01460,plan_pro,annual,2025-08-20,2026-02-03,179.0,cancelled,False,Customer initiated cancellation,2025-08-20 09:05:00
SUB-001461,CUST-01461,plan_growth,monthly,2026-07-06,,79.0,active,True,,2026-07-06 09:05:00
SUB-001462,CUST-01462,plan_growth,annual,2026-03-05,,79.0,active,True,,2026-03-05 09:05:00
SUB-001463,CUST-01463,plan_pro,monthly,2026-04-11,,179.0,active,True,,2026-04-11 09:05:00
SUB-001464,CUST-01464,plan_starter,monthly,2024-08-05,2024-10-27,29.0,cancelled,False,Customer initiated cancellation,2024-08-05 09:05:00
SUB-001465,CUST-01465,plan_starter,annual,2025-11-21,,29.0,active,True,,2025-11-21 09:05:00
SUB-001466,CUST-01466,plan_growth,annual,2026-02-22,,79.0,active,True,,2026-02-22 09:05:00
SUB-001467,CUST-01467,plan_enterprise,monthly,2025-02-24,,499.0,active,True,,2025-02-24 09:05:00
SUB-001468,CUST-01468,plan_starter,monthly,2025-06-13,,29.0,active,True,,2025-06-13 09:05:00
SUB-001469,CUST-01469,plan_growth,monthly,2025-08-10,2025-09-28,79.0,cancelled,False,Customer initiated cancellation,2025-08-10 09:05:00
SUB-001470,CUST-01470,plan_growth,annual,2024-11-05,2025-04-22,79.0,cancelled,False,Customer initiated cancellation,2024-11-05 09:05:00
SUB-001471,CUST-01471,plan_growth,monthly,2026-02-25,2026-09-01,79.0,cancelled,False,Customer initiated cancellation,2026-02-25 09:05:00
SUB-001472,CUST-01472,plan_pro,annual,2026-04-04,,179.0,active,True,,2026-04-04 09:05:00
SUB-001473,CUST-01473,plan_growth,annual,2024-10-26,,79.0,active,True,,2024-10-26 09:05:00
SUB-001474,CUST-01474,plan_starter,monthly,2025-05-17,,29.0,active,True,,2025-05-17 09:05:00
SUB-001475,CUST-01475,plan_enterprise,monthly,2025-12-18,2026-08-24,499.0,cancelled,False,Customer initiated cancellation,2025-12-18 09:05:00
SUB-001476,CUST-01476,plan_growth,monthly,2026-01-18,,79.0,active,True,,2026-01-18 09:05:00
SUB-001477,CUST-01477,plan_growth,monthly,2026-04-23,2026-05-28,79.0,cancelled,False,Customer initiated cancellation,2026-04-23 09:05:00
SUB-001478,CUST-01478,plan_starter,monthly,2025-01-23,,29.0,active,True,,2025-01-23 09:05:00
SUB-001479,CUST-01479,plan_starter,monthly,2026-02-01,2026-04-29,29.0,cancelled,False,Customer initiated cancellation,2026-02-01 09:05:00
SUB-001480,CUST-01480,plan_starter,monthly,2026-01-02,2026-05-20,29.0,cancelled,False,Customer initiated cancellation,2026-01-02 09:05:00
SUB-001481,CUST-01481,plan_growth,monthly,2026-03-18,,79.0,active,True,,2026-03-18 09:05:00
SUB-001482,CUST-01482,plan_pro,multi_year,2025-10-31,,179.0,active,True,,2025-10-31 09:05:00
SUB-001483,CUST-01483,plan_starter,annual,2026-03-26,,29.0,active,True,,2026-03-26 09:05:00
SUB-001484,CUST-01484,plan_starter,monthly,2025-07-18,2026-08-16,29.0,cancelled,False,Customer initiated cancellation,2025-07-18 09:05:00
SUB-001485,CUST-01485,plan_growth,monthly,2025-02-21,,79.0,active,True,,2025-02-21 09:05:00
SUB-001486,CUST-01486,plan_starter,annual,2024-08-28,2025-11-12,29.0,cancelled,False,Customer initiated cancellation,2024-08-28 09:05:00
SUB-001487,CUST-01487,plan_pro,annual,2025-02-28,,179.0,active,True,,2025-02-28 09:05:00
SUB-001488,CUST-01488,plan_starter,monthly,2025-09-14,2026-03-21,29.0,cancelled,False,Customer initiated cancellation,2025-09-14 09:05:00
SUB-001489,CUST-01489,plan_growth,annual,2026-03-20,,79.0,active,True,,2026-03-20 09:05:00
SUB-001490,CUST-01490,plan_growth,monthly,2026-01-30,,79.0,active,True,,2026-01-30 09:05:00
SUB-001491,CUST-01491,plan_growth,monthly,2025-01-16,2025-06-05,79.0,cancelled,False,Customer initiated cancellation,2025-01-16 09:05:00
SUB-001492,CUST-01492,plan_starter,annual,2026-01-05,,29.0,active,True,,2026-01-05 09:05:00
SUB-001493,CUST-01493,plan_growth,annual,2025-12-07,2026-02-11,79.0,cancelled,False,Customer initiated cancellation,2025-12-07 09:05:00
SUB-001494,CUST-01494,plan_starter,monthly,2026-03-23,,29.0,active,True,,2026-03-23 09:05:00
SUB-001495,CUST-01495,plan_starter,monthly,2025-09-14,2025-10-23,29.0,cancelled,False,Customer initiated cancellation,2025-09-14 09:05:00
SUB-001496,CUST-01496,plan_growth,monthly,2025-07-25,,79.0,active,True,,2025-07-25 09:05:00
SUB-001497,CUST-01497,plan_growth,monthly,2025-05-13,2025-09-28,79.0,cancelled,False,Customer initiated cancellation,2025-05-13 09:05:00
SUB-001498,CUST-01498,plan_growth,monthly,2025-03-26,2025-04-28,79.0,cancelled,False,Customer initiated cancellation,2025-03-26 09:05:00
SUB-001499,CUST-01499,plan_enterprise,annual,2025-08-21,,499.0,active,True,,2025-08-21 09:05:00
SUB-001500,CUST-01500,plan_growth,annual,2025-05-29,,79.0,active,True,,2025-05-29 09:05:00
