ticket_id,customer_id,created_at,resolved_at,category,priority,resolution_time,satisfaction_score,status
TCK-000001,CUST-00001,2026-06-04 20:15:00,2026-06-05 01:58:48,account_access,medium,5.73,4,closed
TCK-000002,CUST-00002,2025-12-26 14:43:00,2025-12-27 08:49:00,technical_issue,low,18.1,2,closed
TCK-000003,CUST-00002,2025-11-25 20:24:00,2025-11-26 23:12:36,technical_issue,high,26.81,2,closed
TCK-000004,CUST-00002,2025-11-09 09:28:00,2025-11-09 10:05:12,billing,high,0.62,4,closed
TCK-000005,CUST-00002,2025-11-23 11:21:00,2025-11-24 03:32:24,technical_issue,low,16.19,1,closed
TCK-000006,CUST-00003,2026-04-13 20:01:00,2026-04-13 21:53:48,technical_issue,high,1.88,4,closed
TCK-000007,CUST-00003,2026-06-06 20:46:00,2026-06-06 22:26:12,feature_request,medium,1.67,5,closed
TCK-000008,CUST-00004,2025-06-20 11:40:00,2025-06-20 16:45:24,feature_request,urgent,5.09,5,closed
TCK-000009,CUST-00004,2025-09-13 08:27:00,2025-09-13 21:55:48,billing,medium,13.48,3,closed
TCK-000010,CUST-00005,2025-12-06 14:53:00,2025-12-07 02:03:48,feature_request,high,11.18,2,closed
TCK-000011,CUST-00006,2025-12-01 08:00:00,2025-12-01 14:48:36,billing,high,6.81,1,closed
TCK-000012,CUST-00007,2026-06-18 16:20:00,2026-06-18 17:45:12,billing,high,1.42,3,closed
TCK-000013,CUST-00008,2026-06-16 15:12:00,2026-06-17 08:18:00,cancellation_request,low,17.1,2,closed
TCK-000014,CUST-00008,2026-06-12 16:04:00,2026-06-13 22:19:00,billing,high,30.25,1,closed
TCK-000015,CUST-00008,2026-06-22 08:55:00,2026-06-22 09:23:48,technical_issue,urgent,0.48,2,closed
TCK-000016,CUST-00009,2026-03-25 14:29:00,2026-03-26 02:41:00,feature_request,medium,12.2,4,closed
TCK-000017,CUST-00010,2025-12-28 08:19:00,2025-12-29 10:26:48,technical_issue,high,26.13,5,closed
TCK-000018,CUST-00012,2025-10-24 16:36:00,2025-10-25 11:30:36,technical_issue,medium,18.91,5,closed
TCK-000019,CUST-00012,2026-05-30 17:06:00,2026-05-30 21:06:36,technical_issue,medium,4.01,1,closed
TCK-000020,CUST-00012,2025-07-18 09:23:00,2025-07-19 01:08:36,account_access,urgent,15.76,1,closed
TCK-000021,CUST-00012,2025-03-26 12:06:00,2025-03-27 08:28:12,technical_issue,medium,20.37,3,closed
TCK-000022,CUST-00013,2026-08-23 18:32:00,2026-08-24 18:48:12,billing,high,24.27,3,closed
TCK-000023,CUST-00013,2026-04-04 17:50:00,2026-04-05 22:44:36,account_access,urgent,28.91,2,closed
TCK-000024,CUST-00014,2026-01-10 18:18:00,2026-01-11 11:54:36,account_access,medium,17.61,1,closed
TCK-000025,CUST-00014,2025-07-11 17:42:00,2025-07-12 04:21:36,technical_issue,high,10.66,2,closed
TCK-000026,CUST-00014,2026-05-25 09:09:00,2026-05-27 04:36:00,billing,high,43.45,2,closed
TCK-000027,CUST-00014,2025-05-18 13:24:00,2025-05-19 01:34:48,technical_issue,high,12.18,2,closed
TCK-000028,CUST-00015,2025-03-01 10:14:00,2025-03-02 19:14:00,technical_issue,medium,33.0,1,closed
TCK-000029,CUST-00015,2025-10-14 18:55:00,2025-10-16 02:39:24,technical_issue,low,31.74,1,closed
TCK-000030,CUST-00015,2025-12-09 09:43:00,2025-12-09 16:42:24,billing,high,6.99,3,closed
TCK-000031,CUST-00015,2026-02-24 18:49:00,2026-02-25 01:12:24,cancellation_request,low,6.39,2,closed
TCK-000032,CUST-00017,2026-04-18 19:15:00,2026-04-19 01:29:24,feature_request,low,6.24,3,closed
TCK-000033,CUST-00017,2026-06-04 18:05:00,2026-06-05 00:08:00,account_access,medium,6.05,5,closed
TCK-000034,CUST-00018,2026-07-14 20:07:00,2026-07-14 22:31:36,technical_issue,medium,2.41,5,closed
TCK-000035,CUST-00019,2026-04-27 09:26:00,2026-04-27 14:03:48,technical_issue,medium,4.63,4,closed
TCK-000036,CUST-00020,2026-03-28 11:44:00,2026-03-28 15:30:48,account_access,high,3.78,4,closed
TCK-000037,CUST-00021,2025-05-24 09:37:00,2025-05-25 18:48:24,cancellation_request,high,33.19,3,closed
TCK-000038,CUST-00022,2025-09-04 11:34:00,2025-09-04 13:14:12,technical_issue,urgent,1.67,1,closed
TCK-000039,CUST-00022,2025-10-11 08:20:00,2025-10-12 08:00:12,feature_request,medium,23.67,4,closed
TCK-000040,CUST-00022,2025-08-22 16:45:00,2025-08-22 21:06:36,billing,medium,4.36,3,closed
TCK-000041,CUST-00022,2025-09-14 20:39:00,2025-09-15 07:19:12,billing,high,10.67,3,closed
TCK-000042,CUST-00024,2026-05-21 11:39:00,2026-05-22 08:22:12,technical_issue,high,20.72,3,closed
TCK-000043,CUST-00024,2026-01-27 16:22:00,2026-01-28 03:16:00,technical_issue,urgent,10.9,1,closed
TCK-000044,CUST-00024,2026-04-24 20:23:00,2026-04-26 03:27:48,cancellation_request,low,31.08,1,closed
TCK-000045,CUST-00024,2026-03-29 19:24:00,2026-03-30 23:27:36,account_access,high,28.06,2,closed
TCK-000046,CUST-00025,2026-07-28 13:28:00,2026-07-29 05:34:00,billing,high,16.1,4,closed
TCK-000047,CUST-00026,2025-02-14 12:27:00,2025-02-14 22:52:12,billing,high,10.42,1,closed
TCK-000048,CUST-00026,2024-10-07 10:12:00,2024-10-07 13:23:24,account_access,high,3.19,4,closed
TCK-000049,CUST-00026,2024-11-18 08:22:00,2024-11-19 09:24:24,cancellation_request,low,25.04,1,closed
TCK-000050,CUST-00027,2025-08-30 20:09:00,2025-08-31 12:22:48,technical_issue,urgent,16.23,2,closed
TCK-000051,CUST-00028,2025-11-07 20:16:00,2025-11-09 14:43:00,account_access,high,42.45,5,closed
TCK-000052,CUST-00028,2025-10-18 15:42:00,2025-10-18 15:43:48,account_access,medium,0.03,2,closed
TCK-000053,CUST-00028,2025-10-28 11:33:00,2025-10-29 04:04:12,billing,medium,16.52,2,closed
TCK-000054,CUST-00029,2025-09-08 15:13:00,2025-09-09 03:44:12,cancellation_request,high,12.52,1,closed
TCK-000055,CUST-00031,2026-03-21 15:58:00,2026-03-22 07:20:12,feature_request,medium,15.37,3,closed
TCK-000056,CUST-00031,2026-06-22 08:16:00,2026-06-22 08:47:12,billing,medium,0.52,3,closed
TCK-000057,CUST-00032,2026-08-05 17:43:00,2026-08-05 20:36:24,technical_issue,medium,2.89,4,closed
TCK-000058,CUST-00032,2025-11-26 17:50:00,2025-11-27 10:51:12,billing,medium,17.02,4,closed
TCK-000059,CUST-00034,2025-08-07 15:50:00,2025-08-07 18:28:24,feature_request,low,2.64,5,closed
TCK-000060,CUST-00034,2026-02-13 19:35:00,2026-02-14 03:37:24,account_access,low,8.04,4,closed
TCK-000061,CUST-00035,2025-08-19 14:10:00,2025-08-20 18:27:24,billing,high,28.29,1,closed
TCK-000062,CUST-00035,2025-07-23 09:38:00,2025-07-23 22:53:00,feature_request,medium,13.25,3,closed
TCK-000063,CUST-00035,2025-07-24 17:38:00,2025-07-25 11:55:24,billing,low,18.29,3,closed
TCK-000064,CUST-00037,2026-05-26 17:56:00,2026-05-26 18:06:48,account_access,medium,0.18,5,closed
TCK-000065,CUST-00037,2025-09-22 19:03:00,2025-09-22 23:06:36,billing,low,4.06,5,closed
TCK-000066,CUST-00037,2026-03-11 09:27:00,2026-03-11 17:03:00,cancellation_request,low,7.6,5,closed
TCK-000067,CUST-00038,2026-07-08 17:20:00,2026-07-09 06:13:24,technical_issue,medium,12.89,4,closed
TCK-000068,CUST-00038,2026-08-10 17:33:00,2026-08-10 18:06:36,technical_issue,high,0.56,5,closed
TCK-000069,CUST-00038,2026-05-08 10:35:00,2026-05-08 17:24:48,cancellation_request,low,6.83,5,closed
TCK-000070,CUST-00040,2026-05-11 15:32:00,2026-05-11 23:57:12,billing,high,8.42,3,closed
TCK-000071,CUST-00041,2026-08-19 08:00:00,2026-08-19 09:24:00,technical_issue,low,1.4,3,closed
TCK-000072,CUST-00044,2026-04-12 17:19:00,2026-04-13 15:14:48,technical_issue,high,21.93,3,closed
TCK-000073,CUST-00044,2026-04-14 14:56:00,2026-04-16 12:14:36,billing,high,45.31,1,closed
TCK-000074,CUST-00044,2026-05-21 08:28:00,2026-05-21 10:04:00,billing,medium,1.6,1,closed
TCK-000075,CUST-00045,2025-06-28 20:32:00,2025-07-01 01:19:24,billing,high,52.79,2,closed
TCK-000076,CUST-00045,2025-07-03 14:04:00,2025-07-03 15:25:00,account_access,urgent,1.35,1,closed
TCK-000077,CUST-00045,2024-12-04 10:38:00,2024-12-05 02:42:48,cancellation_request,medium,16.08,5,closed
TCK-000078,CUST-00046,2026-05-31 15:18:00,2026-05-31 19:19:12,billing,medium,4.02,4,closed
TCK-000079,CUST-00048,2025-08-05 14:22:00,2025-08-05 20:24:24,cancellation_request,medium,6.04,2,closed
TCK-000080,CUST-00048,2025-07-30 14:32:00,2025-08-01 02:09:48,account_access,urgent,35.63,4,closed
TCK-000081,CUST-00048,2025-07-26 15:28:00,2025-07-27 04:58:36,billing,medium,13.51,1,closed
TCK-000082,CUST-00049,2026-04-15 09:04:00,2026-04-16 18:05:48,billing,high,33.03,1,closed
TCK-000083,CUST-00049,2026-05-23 18:05:00,2026-05-24 06:45:12,cancellation_request,urgent,12.67,4,closed
TCK-000084,CUST-00049,2026-03-23 08:48:00,2026-03-23 23:22:12,technical_issue,medium,14.57,1,closed
TCK-000085,CUST-00049,2026-05-25 20:19:00,2026-05-26 15:53:12,cancellation_request,high,19.57,5,closed
TCK-000086,CUST-00049,2026-06-05 20:42:00,2026-06-06 20:10:12,technical_issue,high,23.47,3,closed
TCK-000087,CUST-00049,2026-04-05 19:11:00,2026-04-06 05:53:36,billing,urgent,10.71,3,closed
TCK-000088,CUST-00049,2026-03-30 16:43:00,2026-03-31 00:38:48,feature_request,high,7.93,2,closed
TCK-000089,CUST-00050,2025-03-20 12:59:00,2025-03-23 12:53:00,cancellation_request,medium,71.9,2,closed
TCK-000090,CUST-00050,2025-04-04 11:12:00,2025-04-04 16:18:00,billing,high,5.1,3,closed
TCK-000091,CUST-00050,2025-07-06 18:34:00,2025-07-07 20:29:12,cancellation_request,high,25.92,2,closed
TCK-000092,CUST-00051,2025-09-24 20:33:00,2025-09-25 22:51:00,billing,urgent,26.3,4,closed
TCK-000093,CUST-00051,2025-07-23 10:54:00,2025-07-23 14:10:48,billing,medium,3.28,2,closed
TCK-000094,CUST-00051,2026-03-22 09:58:00,2026-03-22 21:25:00,technical_issue,low,11.45,3,closed
TCK-000095,CUST-00052,2025-03-05 12:46:00,2025-03-05 13:51:24,cancellation_request,high,1.09,4,closed
TCK-000096,CUST-00053,2026-06-03 10:32:00,2026-06-04 19:53:36,billing,low,33.36,1,closed
TCK-000097,CUST-00053,2026-05-20 16:55:00,2026-05-20 19:10:36,feature_request,medium,2.26,3,closed
TCK-000098,CUST-00053,2026-04-18 20:16:00,2026-04-19 14:50:48,billing,urgent,18.58,2,closed
TCK-000099,CUST-00054,2026-03-29 20:16:00,2026-03-30 10:57:24,billing,low,14.69,3,closed
TCK-000100,CUST-00054,2026-08-09 14:28:00,2026-08-09 17:08:48,technical_issue,medium,2.68,5,closed
TCK-000101,CUST-00056,2026-06-20 08:30:00,2026-06-20 10:36:36,feature_request,medium,2.11,1,closed
TCK-000102,CUST-00056,2025-12-30 18:56:00,2025-12-30 22:36:48,technical_issue,high,3.68,4,closed
TCK-000103,CUST-00057,2026-06-24 09:37:00,2026-06-24 11:48:24,account_access,high,2.19,5,closed
TCK-000104,CUST-00058,2025-06-04 14:45:00,2025-06-05 20:24:00,technical_issue,medium,29.65,2,closed
TCK-000105,CUST-00058,2024-11-14 18:32:00,2024-11-14 23:27:48,cancellation_request,urgent,4.93,4,closed
TCK-000106,CUST-00060,2025-08-19 19:30:00,2025-08-19 20:18:00,account_access,medium,0.8,5,closed
TCK-000107,CUST-00061,2025-09-12 17:54:00,2025-09-12 21:07:48,billing,medium,3.23,1,closed
TCK-000108,CUST-00061,2025-04-07 19:28:00,2025-04-08 01:14:48,technical_issue,medium,5.78,1,closed
TCK-000109,CUST-00062,2026-03-31 14:35:00,2026-04-01 01:09:48,technical_issue,medium,10.58,2,closed
TCK-000110,CUST-00064,2026-03-26 14:49:00,2026-03-26 16:35:48,feature_request,medium,1.78,2,closed
TCK-000111,CUST-00064,2026-05-26 10:12:00,2026-05-26 11:06:00,account_access,medium,0.9,4,closed
TCK-000112,CUST-00064,2026-02-13 14:30:00,2026-02-14 01:00:36,technical_issue,urgent,10.51,4,closed
TCK-000113,CUST-00065,2026-08-01 14:26:00,2026-08-01 21:26:00,account_access,medium,7.0,4,closed
TCK-000114,CUST-00065,2025-07-15 18:21:00,2025-07-15 23:17:24,technical_issue,medium,4.94,5,closed
TCK-000115,CUST-00065,2026-06-08 16:13:00,2026-06-08 18:50:48,feature_request,low,2.63,2,closed
TCK-000116,CUST-00066,2025-12-31 18:13:00,2025-12-31 20:35:48,billing,low,2.38,3,closed
TCK-000117,CUST-00069,2026-08-19 18:02:00,2026-08-19 22:51:48,feature_request,high,4.83,5,closed
TCK-000118,CUST-00070,2026-03-01 20:21:00,2026-03-01 21:34:12,account_access,urgent,1.22,2,closed
TCK-000119,CUST-00070,2026-01-27 14:47:00,2026-01-28 03:00:48,cancellation_request,high,12.23,2,closed
TCK-000120,CUST-00070,2026-02-06 09:21:00,2026-02-06 10:19:12,account_access,medium,0.97,2,closed
TCK-000121,CUST-00071,2025-04-30 15:41:00,2025-04-30 16:46:24,feature_request,medium,1.09,5,closed
TCK-000122,CUST-00071,2026-05-23 10:26:00,2026-05-23 11:21:12,billing,low,0.92,4,closed
TCK-000123,CUST-00072,2026-01-27 09:34:00,2026-01-27 11:38:48,technical_issue,high,2.08,1,closed
TCK-000124,CUST-00072,2026-02-28 08:54:00,2026-02-28 09:03:36,technical_issue,medium,0.16,3,closed
TCK-000125,CUST-00073,2026-07-13 15:50:00,2026-07-14 07:29:36,technical_issue,low,15.66,4,closed
TCK-000126,CUST-00073,2026-03-30 17:55:00,2026-03-30 18:11:48,account_access,medium,0.28,3,closed
TCK-000127,CUST-00074,2026-02-10 13:27:00,2026-02-10 21:33:00,account_access,high,8.1,3,closed
TCK-000128,CUST-00076,2025-09-04 09:58:00,2025-09-06 23:25:00,technical_issue,high,61.45,3,closed
TCK-000129,CUST-00077,2026-07-20 18:28:00,2026-07-21 06:34:00,billing,low,12.1,5,closed
TCK-000130,CUST-00078,2025-11-21 17:08:00,2025-11-21 20:44:36,account_access,medium,3.61,3,closed
TCK-000131,CUST-00078,2025-04-02 10:13:00,2025-04-02 13:30:24,billing,low,3.29,5,closed
TCK-000132,CUST-00081,2026-01-23 12:15:00,2026-01-23 17:10:48,technical_issue,medium,4.93,3,closed
TCK-000133,CUST-00083,2026-05-08 17:48:00,2026-05-08 18:54:36,feature_request,medium,1.11,3,closed
TCK-000134,CUST-00083,2026-02-10 10:06:00,2026-02-10 15:27:00,technical_issue,medium,5.35,5,closed
TCK-000135,CUST-00084,2025-12-02 18:12:00,2025-12-03 03:09:36,account_access,medium,8.96,4,closed
TCK-000136,CUST-00085,2025-07-08 10:47:00,2025-07-09 13:30:12,billing,high,26.72,1,closed
TCK-000137,CUST-00085,2026-01-05 08:19:00,2026-01-05 18:07:36,billing,medium,9.81,3,closed
TCK-000138,CUST-00085,2025-07-25 13:07:00,2025-07-25 23:10:36,technical_issue,high,10.06,4,closed
TCK-000139,CUST-00085,2025-10-15 09:26:00,2025-10-16 15:47:00,cancellation_request,high,30.35,2,closed
TCK-000140,CUST-00086,2025-06-25 15:55:00,2025-06-26 06:47:48,billing,high,14.88,4,closed
TCK-000141,CUST-00086,2025-07-27 18:15:00,2025-07-28 04:42:36,technical_issue,urgent,10.46,2,closed
TCK-000142,CUST-00087,2026-03-31 09:14:00,2026-04-01 05:51:48,technical_issue,low,20.63,1,closed
TCK-000143,CUST-00087,2026-04-08 12:50:00,2026-04-09 00:03:48,cancellation_request,high,11.23,2,closed
TCK-000144,CUST-00087,2026-03-08 09:42:00,2026-03-08 23:30:36,billing,high,13.81,1,closed
TCK-000145,CUST-00087,2025-12-28 14:36:00,2025-12-30 22:33:36,account_access,medium,55.96,3,closed
TCK-000146,CUST-00087,2026-03-03 08:04:00,2026-03-03 18:23:48,cancellation_request,high,10.33,3,closed
TCK-000147,CUST-00087,2026-01-02 20:15:00,2026-01-03 03:01:48,cancellation_request,high,6.78,2,closed
TCK-000148,CUST-00090,2026-08-10 12:35:00,2026-08-10 13:47:36,cancellation_request,high,1.21,4,closed
TCK-000149,CUST-00092,2026-03-11 12:22:00,2026-03-11 14:05:48,technical_issue,urgent,1.73,3,closed
TCK-000150,CUST-00092,2026-04-20 08:24:00,2026-04-20 19:52:12,technical_issue,urgent,11.47,2,closed
TCK-000151,CUST-00093,2026-08-08 18:01:00,2026-08-09 08:37:36,account_access,medium,14.61,4,closed
TCK-000152,CUST-00094,2026-01-25 08:22:00,2026-01-25 11:59:12,technical_issue,low,3.62,5,closed
TCK-000153,CUST-00094,2026-04-14 19:20:00,2026-04-14 22:03:48,billing,low,2.73,3,closed
TCK-000154,CUST-00096,2026-08-14 20:23:00,2026-08-15 05:17:36,cancellation_request,low,8.91,2,closed
TCK-000155,CUST-00096,2026-08-08 09:27:00,2026-08-08 12:40:12,account_access,low,3.22,4,closed
TCK-000156,CUST-00097,2026-03-28 20:46:00,2026-03-28 23:08:48,billing,medium,2.38,2,closed
TCK-000157,CUST-00100,2026-08-08 14:28:00,2026-08-09 01:13:00,account_access,high,10.75,3,closed
TCK-000158,CUST-00101,2026-03-17 12:48:00,2026-03-17 13:19:48,billing,low,0.53,4,closed
TCK-000159,CUST-00102,2026-05-13 11:21:00,2026-05-13 14:33:36,feature_request,low,3.21,4,closed
TCK-000160,CUST-00104,2025-11-10 15:30:00,2025-11-11 04:30:36,feature_request,high,13.01,3,closed
TCK-000161,CUST-00105,2026-05-01 16:05:00,2026-05-02 01:47:00,feature_request,medium,9.7,1,closed
TCK-000162,CUST-00105,2026-08-24 18:59:00,2026-08-25 00:30:12,billing,medium,5.52,2,closed
TCK-000163,CUST-00106,2026-08-04 10:01:00,2026-08-07 03:31:00,billing,high,65.5,2,closed
TCK-000164,CUST-00108,2026-01-16 15:03:00,2026-01-16 22:32:24,billing,high,7.49,5,closed
TCK-000165,CUST-00111,2026-06-21 08:21:00,2026-06-21 10:53:24,account_access,urgent,2.54,5,closed
TCK-000166,CUST-00112,2026-02-11 20:53:00,2026-02-12 00:38:00,feature_request,high,3.75,4,closed
TCK-000167,CUST-00112,2025-12-17 09:19:00,2025-12-18 22:30:24,technical_issue,medium,37.19,4,closed
TCK-000168,CUST-00112,2026-03-15 14:12:00,2026-03-16 14:11:24,account_access,medium,23.99,2,closed
TCK-000169,CUST-00112,2026-06-17 13:48:00,2026-06-17 17:42:36,account_access,medium,3.91,4,closed
TCK-000170,CUST-00113,2025-06-26 10:51:00,2025-06-28 03:19:12,cancellation_request,medium,40.47,3,closed
TCK-000171,CUST-00113,2025-05-24 09:14:00,2025-05-25 08:15:48,billing,medium,23.03,1,closed
TCK-000172,CUST-00114,2026-02-14 17:47:00,2026-02-14 19:09:12,account_access,low,1.37,2,closed
TCK-000173,CUST-00114,2026-05-03 19:22:00,2026-05-03 20:01:36,feature_request,medium,0.66,4,closed
TCK-000174,CUST-00114,2026-05-13 13:46:00,2026-05-15 06:29:48,account_access,medium,40.73,4,closed
TCK-000175,CUST-00115,2026-01-05 08:53:00,2026-01-05 18:36:48,billing,high,9.73,3,closed
TCK-000176,CUST-00115,2026-05-10 11:21:00,2026-05-11 04:11:24,technical_issue,urgent,16.84,2,closed
TCK-000177,CUST-00115,2026-04-15 12:40:00,2026-04-16 17:11:48,technical_issue,medium,28.53,1,closed
TCK-000178,CUST-00115,2026-05-08 20:20:00,2026-05-09 19:06:48,account_access,high,22.78,1,closed
TCK-000179,CUST-00115,2025-08-21 12:39:00,2025-08-22 07:50:24,account_access,high,19.19,4,closed
TCK-000180,CUST-00117,2025-10-02 13:47:00,2025-10-03 03:34:24,technical_issue,medium,13.79,2,closed
TCK-000181,CUST-00117,2025-12-11 11:29:00,2025-12-12 11:58:24,technical_issue,medium,24.49,2,closed
TCK-000182,CUST-00118,2026-07-02 20:24:00,2026-07-02 22:55:12,technical_issue,low,2.52,4,closed
TCK-000183,CUST-00118,2026-06-16 14:33:00,2026-06-16 16:42:00,technical_issue,medium,2.15,5,closed
TCK-000184,CUST-00118,2026-08-09 13:54:00,2026-08-09 14:27:36,technical_issue,medium,0.56,1,closed
TCK-000185,CUST-00118,2026-07-08 18:45:00,2026-07-08 18:57:36,feature_request,medium,0.21,4,closed
TCK-000186,CUST-00120,2025-03-25 14:02:00,2025-03-25 19:59:36,account_access,urgent,5.96,2,closed
TCK-000187,CUST-00120,2025-04-03 18:12:00,2025-04-05 17:55:12,cancellation_request,low,47.72,3,closed
TCK-000188,CUST-00120,2025-04-01 17:29:00,2025-04-02 16:21:12,billing,urgent,22.87,3,closed
TCK-000189,CUST-00120,2025-04-07 11:35:00,2025-04-07 16:05:00,technical_issue,high,4.5,2,closed
TCK-000190,CUST-00120,2025-03-21 20:10:00,2025-03-22 01:17:12,technical_issue,low,5.12,4,closed
TCK-000191,CUST-00121,2026-08-02 09:02:00,2026-08-02 10:20:36,billing,urgent,1.31,4,closed
TCK-000192,CUST-00121,2026-07-22 17:46:00,2026-07-22 21:05:12,feature_request,high,3.32,4,closed
TCK-000193,CUST-00122,2025-10-18 08:07:00,2025-10-18 17:10:36,technical_issue,low,9.06,5,closed
TCK-000194,CUST-00122,2025-12-17 08:23:00,2025-12-17 10:38:00,technical_issue,medium,2.25,4,closed
TCK-000195,CUST-00123,2026-08-28 09:32:00,2026-08-28 14:14:00,technical_issue,low,4.7,5,closed
TCK-000196,CUST-00123,2025-07-06 08:56:00,2025-07-06 16:50:00,technical_issue,high,7.9,4,closed
TCK-000197,CUST-00126,2026-08-18 09:23:00,2026-08-18 12:23:36,technical_issue,low,3.01,4,closed
TCK-000198,CUST-00127,2025-08-23 19:18:00,2025-08-23 22:58:12,account_access,medium,3.67,5,closed
TCK-000199,CUST-00127,2025-08-20 20:16:00,2025-08-21 00:28:00,billing,medium,4.2,4,closed
TCK-000200,CUST-00128,2025-04-11 17:43:00,2025-04-11 19:04:00,technical_issue,high,1.35,1,closed
TCK-000201,CUST-00128,2024-10-30 18:17:00,2024-10-31 00:34:24,billing,medium,6.29,3,closed
TCK-000202,CUST-00128,2025-01-07 09:16:00,2025-01-07 15:03:24,billing,high,5.79,4,closed
TCK-000203,CUST-00129,2025-06-16 13:04:00,2025-06-16 18:56:12,billing,medium,5.87,4,closed
TCK-000204,CUST-00130,2026-08-12 19:09:00,2026-08-13 14:25:12,technical_issue,low,19.27,3,closed
TCK-000205,CUST-00131,2026-04-26 15:58:00,2026-04-26 19:21:24,technical_issue,low,3.39,4,closed
TCK-000206,CUST-00131,2026-05-29 19:56:00,2026-05-29 23:09:48,technical_issue,low,3.23,3,closed
TCK-000207,CUST-00132,2025-06-16 18:05:00,2025-06-20 05:04:24,technical_issue,medium,82.99,1,closed
TCK-000208,CUST-00132,2025-07-05 17:20:00,2025-07-06 03:57:12,technical_issue,low,10.62,1,closed
TCK-000209,CUST-00132,2025-09-25 15:07:00,2025-09-25 22:28:36,technical_issue,high,7.36,2,closed
TCK-000210,CUST-00132,2025-10-05 19:16:00,2025-10-06 12:17:12,billing,high,17.02,5,closed
TCK-000211,CUST-00134,2025-07-18 14:33:00,2025-07-18 21:41:24,feature_request,low,7.14,1,closed
TCK-000212,CUST-00134,2025-05-23 09:21:00,2025-05-23 22:00:00,billing,medium,12.65,1,closed
TCK-000213,CUST-00134,2025-03-19 12:37:00,2025-03-19 12:49:00,billing,medium,0.2,3,closed
TCK-000214,CUST-00134,2025-12-26 10:49:00,2025-12-28 00:05:12,billing,medium,37.27,2,closed
TCK-000215,CUST-00134,2025-08-23 11:17:00,2025-08-24 06:30:12,cancellation_request,high,19.22,5,closed
TCK-000216,CUST-00134,2026-03-01 14:10:00,2026-03-02 13:11:48,account_access,urgent,23.03,1,closed
TCK-000217,CUST-00134,2025-11-30 20:47:00,2025-12-01 08:33:12,billing,low,11.77,1,closed
TCK-000218,CUST-00135,2025-11-25 08:31:00,2025-11-25 19:48:24,technical_issue,urgent,11.29,1,closed
TCK-000219,CUST-00135,2026-01-21 13:56:00,2026-01-22 04:32:00,technical_issue,urgent,14.6,2,closed
TCK-000220,CUST-00135,2025-11-06 11:22:00,2025-11-08 07:56:48,technical_issue,high,44.58,2,closed
TCK-000221,CUST-00137,2024-10-04 16:59:00,2024-10-06 05:54:12,feature_request,medium,36.92,4,closed
TCK-000222,CUST-00139,2025-09-18 10:42:00,2025-09-19 18:43:12,feature_request,medium,32.02,2,closed
TCK-000223,CUST-00139,2025-09-30 11:12:00,2025-10-01 00:36:00,technical_issue,high,13.4,1,closed
TCK-000224,CUST-00139,2025-06-20 17:05:00,2025-06-20 20:24:48,cancellation_request,medium,3.33,2,closed
TCK-000225,CUST-00139,2025-11-18 16:47:00,2025-11-19 04:36:48,technical_issue,high,11.83,2,closed
TCK-000226,CUST-00141,2025-01-25 11:00:00,2025-01-25 18:49:48,technical_issue,medium,7.83,1,closed
TCK-000227,CUST-00142,2026-01-09 18:42:00,2026-01-09 20:01:48,billing,medium,1.33,4,closed
TCK-000228,CUST-00142,2025-12-25 12:08:00,2025-12-25 14:32:36,feature_request,low,2.41,5,closed
TCK-000229,CUST-00142,2026-04-13 09:44:00,2026-04-13 22:56:36,feature_request,medium,13.21,4,closed
TCK-000230,CUST-00143,2025-01-07 13:50:00,2025-01-08 13:15:12,account_access,medium,23.42,2,closed
TCK-000231,CUST-00143,2025-01-21 19:51:00,2025-01-23 01:13:12,technical_issue,high,29.37,1,closed
TCK-000232,CUST-00143,2024-12-21 13:54:00,2024-12-23 02:07:12,feature_request,high,36.22,1,closed
TCK-000233,CUST-00144,2025-04-22 09:00:00,2025-04-24 15:54:36,technical_issue,high,54.91,1,closed
TCK-000234,CUST-00144,2025-08-21 08:50:00,2025-08-21 09:42:12,feature_request,high,0.87,1,closed
TCK-000235,CUST-00144,2026-03-03 18:12:00,2026-03-05 01:22:48,billing,medium,31.18,2,closed
TCK-000236,CUST-00144,2025-06-07 13:46:00,2025-06-08 00:06:24,cancellation_request,high,10.34,2,closed
TCK-000237,CUST-00145,2026-03-20 08:40:00,2026-03-20 12:15:24,technical_issue,low,3.59,3,closed
TCK-000238,CUST-00147,2024-12-04 12:42:00,2024-12-05 04:00:00,billing,medium,15.3,2,closed
TCK-000239,CUST-00147,2024-06-17 15:21:00,2024-06-17 21:52:48,billing,urgent,6.53,1,closed
TCK-000240,CUST-00147,2024-12-16 18:11:00,2024-12-17 16:29:00,billing,medium,22.3,2,closed
TCK-000241,CUST-00148,2025-02-20 20:01:00,2025-02-20 21:44:12,account_access,medium,1.72,3,closed
TCK-000242,CUST-00150,2025-11-18 13:53:00,2025-11-18 18:30:48,billing,urgent,4.63,1,closed
TCK-000243,CUST-00151,2026-05-31 16:52:00,2026-06-01 02:46:36,feature_request,low,9.91,5,closed
TCK-000244,CUST-00153,2025-08-19 19:48:00,2025-08-20 04:18:36,technical_issue,medium,8.51,3,closed
TCK-000245,CUST-00153,2025-05-27 20:18:00,2025-05-27 23:00:36,billing,high,2.71,5,closed
TCK-000246,CUST-00153,2025-08-17 19:52:00,2025-08-18 04:05:48,billing,urgent,8.23,4,closed
TCK-000247,CUST-00153,2025-10-18 12:36:00,2025-10-19 11:05:24,billing,urgent,22.49,1,closed
TCK-000248,CUST-00153,2025-07-19 19:58:00,2025-07-19 22:52:36,billing,medium,2.91,1,closed
TCK-000249,CUST-00154,2024-12-27 09:33:00,2024-12-27 09:49:48,technical_issue,medium,0.28,1,closed
TCK-000250,CUST-00154,2025-01-28 19:45:00,2025-01-31 09:28:12,billing,urgent,61.72,2,closed
TCK-000251,CUST-00154,2024-11-25 13:25:00,2024-11-27 15:36:24,billing,medium,50.19,2,closed
TCK-000252,CUST-00154,2024-12-22 13:19:00,2024-12-22 15:49:36,billing,high,2.51,4,closed
TCK-000253,CUST-00155,2026-01-12 09:25:00,2026-01-12 21:46:36,technical_issue,urgent,12.36,1,closed
TCK-000254,CUST-00155,2025-12-27 19:05:00,2025-12-28 06:19:24,technical_issue,medium,11.24,2,closed
TCK-000255,CUST-00155,2026-01-04 20:08:00,2026-01-05 08:11:00,billing,high,12.05,1,closed
TCK-000256,CUST-00155,2026-01-07 17:41:00,2026-01-08 13:53:00,billing,urgent,20.2,2,closed
TCK-000257,CUST-00156,2025-07-07 12:00:00,2025-07-09 00:45:00,technical_issue,medium,36.75,2,closed
TCK-000258,CUST-00156,2025-06-20 16:58:00,2025-06-20 19:30:24,billing,low,2.54,3,closed
TCK-000259,CUST-00156,2025-02-08 19:16:00,2025-02-09 05:22:00,cancellation_request,medium,10.1,3,closed
TCK-000260,CUST-00156,2025-05-09 14:03:00,2025-05-12 14:25:48,account_access,medium,72.38,2,closed
TCK-000261,CUST-00159,2026-08-15 08:39:00,2026-08-15 09:25:48,billing,medium,0.78,5,closed
TCK-000262,CUST-00160,2026-05-09 09:15:00,2026-05-09 15:37:48,account_access,high,6.38,2,closed
TCK-000263,CUST-00161,2025-02-14 13:55:00,2025-02-15 00:24:24,technical_issue,medium,10.49,2,closed
TCK-000264,CUST-00161,2025-02-19 12:42:00,2025-02-19 17:13:48,technical_issue,high,4.53,1,closed
TCK-000265,CUST-00161,2025-03-02 13:07:00,2025-03-02 20:52:36,billing,medium,7.76,2,closed
TCK-000266,CUST-00161,2025-04-22 09:23:00,2025-04-23 04:54:48,technical_issue,high,19.53,2,closed
TCK-000267,CUST-00161,2025-05-16 10:33:00,2025-05-16 14:11:24,technical_issue,low,3.64,1,closed
TCK-000268,CUST-00162,2026-04-25 20:30:00,2026-04-26 07:03:00,billing,medium,10.55,5,closed
TCK-000269,CUST-00164,2026-06-18 11:03:00,2026-06-18 20:44:24,account_access,urgent,9.69,3,closed
TCK-000270,CUST-00164,2026-07-23 11:56:00,2026-07-23 17:19:24,technical_issue,low,5.39,4,closed
TCK-000271,CUST-00166,2025-11-22 20:49:00,2025-11-23 15:28:36,billing,low,18.66,4,closed
TCK-000272,CUST-00166,2025-08-24 08:56:00,2025-08-24 10:35:36,technical_issue,low,1.66,4,closed
TCK-000273,CUST-00168,2024-12-05 12:57:00,2024-12-06 18:49:48,technical_issue,urgent,29.88,2,closed
TCK-000274,CUST-00169,2026-08-23 16:04:00,2026-08-24 02:10:36,feature_request,medium,10.11,4,closed
TCK-000275,CUST-00170,2026-06-29 12:47:00,2026-06-29 12:50:00,technical_issue,low,0.05,3,closed
TCK-000276,CUST-00171,2026-03-06 12:53:00,2026-03-07 07:33:48,technical_issue,medium,18.68,5,closed
TCK-000277,CUST-00171,2025-08-01 10:10:00,2025-08-01 11:47:12,technical_issue,low,1.62,5,closed
TCK-000278,CUST-00171,2026-05-27 08:03:00,2026-05-28 12:57:00,billing,low,28.9,4,closed
TCK-000279,CUST-00172,2025-07-19 09:30:00,2025-07-19 12:15:36,technical_issue,medium,2.76,4,closed
TCK-000280,CUST-00173,2025-12-25 20:05:00,2025-12-26 04:26:36,technical_issue,medium,8.36,3,closed
TCK-000281,CUST-00174,2025-10-16 15:16:00,2025-10-17 22:28:00,billing,high,31.2,5,closed
TCK-000282,CUST-00174,2026-04-17 12:26:00,2026-04-17 13:45:48,feature_request,medium,1.33,5,closed
TCK-000283,CUST-00175,2026-07-30 16:24:00,2026-07-30 19:06:36,account_access,medium,2.71,4,closed
TCK-000284,CUST-00176,2026-04-17 11:17:00,2026-04-17 12:30:12,technical_issue,low,1.22,3,closed
TCK-000285,CUST-00177,2025-07-05 13:07:00,2025-07-06 04:58:36,cancellation_request,medium,15.86,3,closed
TCK-000286,CUST-00177,2025-11-23 16:17:00,2025-11-24 01:36:12,billing,urgent,9.32,2,closed
TCK-000287,CUST-00177,2025-10-02 15:04:00,2025-10-02 19:51:24,billing,medium,4.79,3,closed
TCK-000288,CUST-00177,2025-11-22 15:34:00,2025-11-23 07:58:36,account_access,medium,16.41,3,closed
TCK-000289,CUST-00177,2025-10-09 15:35:00,2025-10-10 02:36:12,technical_issue,high,11.02,2,closed
TCK-000290,CUST-00179,2026-03-02 14:25:00,2026-03-02 21:51:24,technical_issue,low,7.44,5,closed
TCK-000291,CUST-00180,2025-12-27 18:52:00,2025-12-27 23:38:12,feature_request,medium,4.77,1,closed
TCK-000292,CUST-00181,2026-07-29 13:23:00,2026-07-29 15:37:24,feature_request,low,2.24,4,closed
TCK-000293,CUST-00182,2026-05-21 09:34:00,2026-05-22 02:20:48,feature_request,low,16.78,4,closed
TCK-000294,CUST-00183,2026-08-07 15:23:00,2026-08-07 22:08:00,account_access,low,6.75,4,closed
TCK-000295,CUST-00184,2026-02-13 16:07:00,2026-02-14 07:19:36,account_access,high,15.21,4,closed
TCK-000296,CUST-00184,2026-03-01 13:03:00,2026-03-02 01:27:36,technical_issue,medium,12.41,2,closed
TCK-000297,CUST-00184,2026-04-22 08:03:00,2026-04-23 07:36:36,account_access,medium,23.56,2,closed
TCK-000298,CUST-00184,2026-04-06 18:41:00,2026-04-07 16:13:24,feature_request,medium,21.54,4,closed
TCK-000299,CUST-00184,2026-05-16 20:14:00,2026-05-16 22:45:12,cancellation_request,urgent,2.52,2,closed
TCK-000300,CUST-00185,2025-07-12 10:46:00,2025-07-13 01:32:12,billing,urgent,14.77,4,closed
TCK-000301,CUST-00185,2026-01-26 16:39:00,2026-01-28 06:39:36,billing,urgent,38.01,3,closed
TCK-000302,CUST-00185,2026-03-24 20:54:00,2026-03-26 12:20:24,account_access,medium,39.44,2,closed
TCK-000303,CUST-00186,2026-03-10 12:58:00,2026-03-10 16:36:24,technical_issue,medium,3.64,3,closed
TCK-000304,CUST-00186,2025-10-23 16:38:00,2025-10-23 23:17:36,billing,medium,6.66,4,closed
TCK-000305,CUST-00186,2025-09-24 16:43:00,2025-09-24 18:22:36,technical_issue,medium,1.66,5,closed
TCK-000306,CUST-00189,2025-10-14 19:46:00,2025-10-15 05:15:24,account_access,low,9.49,1,closed
TCK-000307,CUST-00189,2025-06-21 17:57:00,2025-06-21 18:12:36,billing,high,0.26,3,closed
TCK-000308,CUST-00189,2025-07-20 15:54:00,2025-07-20 20:21:00,billing,urgent,4.45,2,closed
TCK-000309,CUST-00189,2025-12-01 11:36:00,2025-12-03 05:57:36,feature_request,urgent,42.36,4,closed
TCK-000310,CUST-00190,2026-03-20 16:56:00,2026-03-20 19:36:12,billing,medium,2.67,2,closed
TCK-000311,CUST-00190,2025-11-26 18:48:00,2025-11-27 06:10:48,technical_issue,urgent,11.38,4,closed
TCK-000312,CUST-00192,2025-10-14 20:50:00,2025-10-15 00:27:48,technical_issue,medium,3.63,4,closed
TCK-000313,CUST-00192,2025-09-30 15:01:00,2025-10-01 07:26:12,technical_issue,medium,16.42,2,closed
TCK-000314,CUST-00192,2025-11-27 09:44:00,2025-11-27 13:45:12,billing,medium,4.02,4,closed
TCK-000315,CUST-00192,2025-09-19 09:46:00,2025-09-19 14:00:24,cancellation_request,medium,4.24,5,closed
TCK-000316,CUST-00192,2025-10-12 19:09:00,2025-10-14 10:28:12,technical_issue,medium,39.32,1,closed
TCK-000317,CUST-00192,2025-07-07 12:24:00,2025-07-08 18:57:36,technical_issue,urgent,30.56,3,closed
TCK-000318,CUST-00192,2025-09-29 09:58:00,2025-09-29 22:37:00,billing,high,12.65,4,closed
TCK-000319,CUST-00193,2026-08-16 09:40:00,2026-08-16 10:59:48,technical_issue,low,1.33,3,closed
TCK-000320,CUST-00193,2026-05-28 13:42:00,2026-05-28 19:06:00,technical_issue,high,5.4,5,closed
TCK-000321,CUST-00195,2025-05-21 18:57:00,2025-05-22 11:18:36,billing,high,16.36,2,closed
TCK-000322,CUST-00195,2026-01-06 08:53:00,2026-01-06 17:36:48,technical_issue,medium,8.73,1,closed
TCK-000323,CUST-00195,2025-07-14 12:35:00,2025-07-14 22:20:36,billing,high,9.76,5,closed
TCK-000324,CUST-00195,2025-07-23 19:53:00,2025-07-23 20:51:48,account_access,medium,0.98,1,closed
TCK-000325,CUST-00195,2025-06-09 10:21:00,2025-06-11 21:09:36,account_access,high,58.81,3,closed
TCK-000326,CUST-00195,2025-11-06 13:53:00,2025-11-07 11:11:00,account_access,medium,21.3,1,closed
TCK-000327,CUST-00196,2025-09-07 13:49:00,2025-09-08 14:41:48,feature_request,medium,24.88,3,closed
TCK-000328,CUST-00196,2026-02-09 08:26:00,2026-02-09 20:49:24,technical_issue,high,12.39,4,closed
TCK-000329,CUST-00199,2026-01-21 16:20:00,2026-01-22 03:47:36,technical_issue,medium,11.46,2,closed
TCK-000330,CUST-00199,2025-12-15 10:32:00,2025-12-15 22:08:36,technical_issue,medium,11.61,3,closed
TCK-000331,CUST-00201,2026-03-17 10:16:00,2026-03-17 10:38:48,billing,low,0.38,1,closed
TCK-000332,CUST-00202,2026-02-25 14:13:00,2026-02-26 22:04:00,technical_issue,high,31.85,3,closed
TCK-000333,CUST-00203,2026-07-19 20:13:00,2026-07-20 00:52:36,technical_issue,low,4.66,3,closed
TCK-000334,CUST-00205,2026-05-31 10:47:00,2026-05-31 15:37:24,account_access,low,4.84,4,closed
TCK-000335,CUST-00205,2026-06-03 17:52:00,2026-06-03 21:19:36,billing,high,3.46,5,closed
TCK-000336,CUST-00206,2025-10-09 10:31:00,2025-10-10 12:42:24,cancellation_request,medium,26.19,2,closed
TCK-000337,CUST-00207,2026-01-07 19:06:00,2026-01-08 13:51:00,feature_request,low,18.75,3,closed
TCK-000338,CUST-00207,2026-02-28 09:58:00,2026-02-28 11:30:24,feature_request,low,1.54,5,closed
TCK-000339,CUST-00209,2026-04-21 13:40:00,2026-04-21 16:59:48,feature_request,high,3.33,4,closed
TCK-000340,CUST-00211,2025-11-28 10:41:00,2025-11-29 15:15:48,billing,urgent,28.58,1,closed
TCK-000341,CUST-00212,2026-08-07 10:40:00,2026-08-07 11:24:24,technical_issue,medium,0.74,4,closed
TCK-000342,CUST-00213,2026-03-24 08:17:00,2026-03-24 11:27:48,billing,low,3.18,1,closed
TCK-000343,CUST-00213,2026-05-26 13:49:00,2026-05-26 20:05:12,billing,medium,6.27,4,closed
TCK-000344,CUST-00213,2026-04-23 11:21:00,2026-04-24 19:30:36,cancellation_request,high,32.16,4,closed
TCK-000345,CUST-00213,2026-07-13 14:22:00,2026-07-13 17:20:48,billing,high,2.98,2,closed
TCK-000346,CUST-00215,2025-04-14 19:34:00,2025-04-15 00:52:36,technical_issue,urgent,5.31,2,closed
TCK-000347,CUST-00215,2025-04-25 18:25:00,2025-04-25 23:43:36,feature_request,medium,5.31,1,closed
TCK-000348,CUST-00215,2025-04-29 12:27:00,2025-04-30 13:24:00,technical_issue,high,24.95,3,closed
TCK-000349,CUST-00216,2026-07-09 10:18:00,2026-07-09 11:18:36,technical_issue,high,1.01,3,closed
TCK-000350,CUST-00217,2026-08-27 09:42:00,2026-08-27 11:20:24,account_access,low,1.64,3,closed
TCK-000351,CUST-00217,2026-08-23 16:33:00,2026-08-23 22:49:12,billing,high,6.27,5,closed
TCK-000352,CUST-00217,2026-07-27 16:17:00,2026-07-27 22:14:36,billing,low,5.96,4,closed
TCK-000353,CUST-00219,2026-05-20 16:39:00,2026-05-20 16:49:12,account_access,medium,0.17,1,closed
TCK-000354,CUST-00219,2026-05-12 20:54:00,2026-05-13 03:18:00,technical_issue,medium,6.4,4,closed
TCK-000355,CUST-00222,2025-08-02 16:02:00,2025-08-02 21:55:24,technical_issue,high,5.89,2,closed
TCK-000356,CUST-00222,2025-11-28 09:36:00,2025-11-30 02:46:48,technical_issue,urgent,41.18,1,closed
TCK-000357,CUST-00224,2026-02-13 13:29:00,2026-02-14 02:50:36,technical_issue,low,13.36,4,closed
TCK-000358,CUST-00224,2025-07-28 16:30:00,2025-07-28 18:18:36,feature_request,medium,1.81,4,closed
TCK-000359,CUST-00225,2026-03-12 12:43:00,2026-03-12 16:56:12,account_access,medium,4.22,3,closed
TCK-000360,CUST-00225,2026-06-30 15:00:00,2026-06-30 18:12:36,cancellation_request,urgent,3.21,5,closed
TCK-000361,CUST-00226,2026-05-02 11:10:00,2026-05-02 16:55:36,billing,low,5.76,4,closed
TCK-000362,CUST-00226,2026-07-08 18:55:00,2026-07-08 20:16:00,feature_request,low,1.35,3,closed
TCK-000363,CUST-00227,2026-08-16 08:31:00,2026-08-16 11:21:24,billing,medium,2.84,4,closed
TCK-000364,CUST-00227,2025-10-30 19:09:00,2025-10-30 19:57:36,feature_request,high,0.81,3,closed
TCK-000365,CUST-00228,2025-06-24 09:17:00,2025-06-25 11:27:12,technical_issue,medium,26.17,3,closed
TCK-000366,CUST-00228,2025-06-26 14:31:00,2025-06-26 15:22:00,billing,low,0.85,2,closed
TCK-000367,CUST-00228,2025-10-14 08:11:00,2025-10-15 06:30:48,billing,high,22.33,2,closed
TCK-000368,CUST-00228,2025-04-03 14:03:00,2025-04-03 16:59:24,cancellation_request,high,2.94,2,closed
TCK-000369,CUST-00228,2026-01-15 16:30:00,2026-01-15 21:29:24,billing,high,4.99,3,closed
TCK-000370,CUST-00228,2025-08-05 09:58:00,2025-08-05 10:20:48,technical_issue,medium,0.38,2,closed
TCK-000371,CUST-00228,2025-11-02 16:05:00,2025-11-03 08:23:36,technical_issue,high,16.31,4,closed
TCK-000372,CUST-00229,2025-11-02 10:09:00,2025-11-02 10:54:00,billing,high,0.75,5,closed
TCK-000373,CUST-00229,2026-07-05 16:09:00,2026-07-05 18:02:24,account_access,high,1.89,4,closed
TCK-000374,CUST-00230,2026-05-03 10:05:00,2026-05-03 12:50:00,billing,high,2.75,1,closed
TCK-000375,CUST-00230,2026-01-31 09:38:00,2026-02-01 00:27:12,technical_issue,urgent,14.82,3,closed
TCK-000376,CUST-00230,2026-04-14 11:12:00,2026-04-15 17:29:24,billing,medium,30.29,1,closed
TCK-000377,CUST-00230,2026-03-28 11:16:00,2026-03-30 14:46:36,billing,urgent,51.51,2,closed
TCK-000378,CUST-00230,2026-04-24 15:48:00,2026-04-24 22:42:00,cancellation_request,medium,6.9,2,closed
TCK-000379,CUST-00231,2026-03-08 14:41:00,2026-03-08 23:52:24,technical_issue,low,9.19,4,closed
TCK-000380,CUST-00232,2025-11-23 12:43:00,2025-11-24 11:26:12,cancellation_request,high,22.72,2,closed
TCK-000381,CUST-00233,2025-10-28 12:51:00,2025-10-28 13:59:24,technical_issue,low,1.14,3,closed
TCK-000382,CUST-00235,2025-06-23 16:10:00,2025-06-25 00:50:12,technical_issue,high,32.67,1,closed
TCK-000383,CUST-00235,2026-03-14 18:41:00,2026-03-15 04:16:24,technical_issue,urgent,9.59,2,closed
TCK-000384,CUST-00235,2025-07-22 11:08:00,2025-07-23 17:57:48,feature_request,urgent,30.83,2,closed
TCK-000385,CUST-00236,2026-01-15 20:55:00,2026-01-17 14:32:48,billing,high,41.63,3,closed
TCK-000386,CUST-00236,2025-06-14 17:05:00,2025-06-16 16:45:12,account_access,medium,47.67,3,closed
TCK-000387,CUST-00236,2025-12-10 13:49:00,2025-12-10 18:06:24,billing,high,4.29,3,closed
TCK-000388,CUST-00237,2026-05-04 09:27:00,2026-05-05 00:36:00,technical_issue,medium,15.15,5,closed
TCK-000389,CUST-00237,2026-08-19 13:17:00,2026-08-19 16:30:48,feature_request,medium,3.23,1,closed
TCK-000390,CUST-00239,2025-02-21 16:14:00,2025-02-22 06:45:12,account_access,urgent,14.52,1,closed
TCK-000391,CUST-00239,2025-04-09 19:05:00,2025-04-09 20:37:24,account_access,high,1.54,3,closed
TCK-000392,CUST-00239,2025-08-25 17:45:00,2025-08-26 21:17:24,billing,high,27.54,2,closed
TCK-000393,CUST-00239,2025-07-09 15:23:00,2025-07-11 09:30:12,billing,high,42.12,2,closed
TCK-000394,CUST-00239,2025-05-17 19:38:00,2025-05-19 15:26:36,feature_request,high,43.81,1,closed
TCK-000395,CUST-00240,2025-07-30 08:20:00,2025-08-01 01:41:36,cancellation_request,medium,41.36,2,closed
TCK-000396,CUST-00240,2025-07-25 11:44:00,2025-07-26 08:34:24,billing,medium,20.84,2,closed
TCK-000397,CUST-00240,2025-07-06 09:32:00,2025-07-06 13:10:24,technical_issue,urgent,3.64,2,closed
TCK-000398,CUST-00240,2025-07-07 16:45:00,2025-07-07 17:20:24,billing,high,0.59,1,closed
TCK-000399,CUST-00242,2026-06-18 08:10:00,2026-06-18 21:31:00,technical_issue,urgent,13.35,2,closed
TCK-000400,CUST-00242,2026-06-11 14:04:00,2026-06-12 01:25:36,billing,medium,11.36,2,closed
TCK-000401,CUST-00242,2026-04-17 17:30:00,2026-04-18 01:48:00,cancellation_request,urgent,8.3,3,closed
TCK-000402,CUST-00243,2025-08-22 09:18:00,2025-08-23 09:54:36,technical_issue,high,24.61,3,closed
TCK-000403,CUST-00243,2025-04-24 16:39:00,2025-04-25 19:25:12,cancellation_request,low,26.77,3,closed
TCK-000404,CUST-00245,2026-04-16 11:52:00,2026-04-17 01:06:24,technical_issue,medium,13.24,5,closed
TCK-000405,CUST-00246,2025-08-03 11:32:00,2025-08-04 03:10:24,technical_issue,medium,15.64,1,closed
TCK-000406,CUST-00246,2025-03-09 15:16:00,2025-03-09 23:29:12,technical_issue,medium,8.22,1,closed
TCK-000407,CUST-00246,2025-04-22 15:54:00,2025-04-23 01:18:36,technical_issue,high,9.41,2,closed
TCK-000408,CUST-00246,2025-06-26 10:31:00,2025-06-27 20:13:36,billing,medium,33.71,3,closed
TCK-000409,CUST-00246,2025-03-30 08:49:00,2025-03-30 18:19:00,cancellation_request,urgent,9.5,2,closed
TCK-000410,CUST-00248,2025-12-03 08:28:00,2025-12-03 23:23:12,cancellation_request,medium,14.92,2,closed
TCK-000411,CUST-00248,2025-08-31 20:34:00,2025-09-01 06:10:36,technical_issue,high,9.61,3,closed
TCK-000412,CUST-00249,2026-03-14 15:10:00,2026-03-14 17:37:00,billing,low,2.45,5,closed
TCK-000413,CUST-00249,2026-07-08 11:52:00,2026-07-08 16:29:48,technical_issue,high,4.63,2,closed
TCK-000414,CUST-00250,2026-05-06 18:37:00,2026-05-06 19:45:24,feature_request,medium,1.14,4,closed
TCK-000415,CUST-00251,2026-01-04 14:48:00,2026-01-04 23:57:36,billing,medium,9.16,2,closed
TCK-000416,CUST-00251,2026-05-07 10:54:00,2026-05-07 16:43:48,billing,medium,5.83,4,closed
TCK-000417,CUST-00253,2026-05-13 16:50:00,2026-05-14 15:05:00,billing,medium,22.25,3,closed
TCK-000418,CUST-00253,2026-04-27 08:21:00,2026-04-27 16:10:12,technical_issue,medium,7.82,2,closed
TCK-000419,CUST-00255,2025-07-23 12:55:00,2025-07-24 18:28:36,feature_request,urgent,29.56,3,closed
TCK-000420,CUST-00255,2025-12-18 09:45:00,2025-12-19 06:19:48,account_access,urgent,20.58,1,closed
TCK-000421,CUST-00255,2025-12-19 15:29:00,2025-12-19 20:01:24,technical_issue,urgent,4.54,1,closed
TCK-000422,CUST-00255,2025-09-13 10:27:00,2025-09-14 20:52:48,account_access,high,34.43,1,closed
TCK-000423,CUST-00255,2025-09-28 12:27:00,2025-09-29 06:25:48,billing,urgent,17.98,1,closed
TCK-000424,CUST-00255,2025-10-20 11:29:00,2025-10-21 05:07:24,technical_issue,high,17.64,3,closed
TCK-000425,CUST-00256,2026-08-13 16:15:00,2026-08-13 17:48:36,technical_issue,medium,1.56,5,closed
TCK-000426,CUST-00256,2026-07-20 18:24:00,2026-07-22 02:54:36,cancellation_request,high,32.51,5,closed
TCK-000427,CUST-00256,2026-08-23 17:46:00,2026-08-23 20:18:24,feature_request,medium,2.54,5,closed
TCK-000428,CUST-00257,2025-08-07 20:38:00,2025-08-08 08:23:36,billing,urgent,11.76,2,closed
TCK-000429,CUST-00257,2025-08-14 13:14:00,2025-08-15 05:37:24,technical_issue,medium,16.39,1,closed
TCK-000430,CUST-00258,2024-08-02 08:50:00,2024-08-03 14:54:12,technical_issue,medium,30.07,1,closed
TCK-000431,CUST-00258,2024-07-12 14:19:00,2024-07-13 12:26:48,technical_issue,medium,22.13,2,closed
TCK-000432,CUST-00260,2026-01-05 20:41:00,2026-01-05 23:26:36,account_access,medium,2.76,3,closed
TCK-000433,CUST-00260,2025-10-31 12:33:00,2025-10-31 23:52:48,technical_issue,high,11.33,3,closed
TCK-000434,CUST-00260,2025-11-15 16:49:00,2025-11-16 03:38:12,billing,medium,10.82,1,closed
TCK-000435,CUST-00262,2025-05-01 12:18:00,2025-05-01 22:39:36,account_access,urgent,10.36,3,closed
TCK-000436,CUST-00262,2025-03-21 16:43:00,2025-03-22 08:29:12,technical_issue,medium,15.77,1,closed
TCK-000437,CUST-00262,2025-04-24 20:44:00,2025-04-25 07:40:24,cancellation_request,urgent,10.94,3,closed
TCK-000438,CUST-00263,2026-07-15 12:54:00,2026-07-15 13:57:36,feature_request,medium,1.06,4,closed
TCK-000439,CUST-00268,2025-07-27 19:16:00,2025-07-27 19:23:48,feature_request,medium,0.13,4,closed
TCK-000440,CUST-00268,2025-10-03 11:57:00,2025-10-03 22:10:12,cancellation_request,medium,10.22,3,closed
TCK-000441,CUST-00269,2025-09-02 18:09:00,2025-09-02 20:20:24,cancellation_request,low,2.19,3,closed
TCK-000442,CUST-00269,2025-11-27 08:56:00,2025-11-28 21:24:12,technical_issue,medium,36.47,1,closed
TCK-000443,CUST-00269,2025-10-29 11:57:00,2025-10-30 02:31:48,billing,medium,14.58,2,closed
TCK-000444,CUST-00269,2025-10-06 16:39:00,2025-10-07 01:38:24,account_access,high,8.99,4,closed
TCK-000445,CUST-00271,2026-01-25 17:34:00,2026-01-25 21:32:48,billing,medium,3.98,4,closed
TCK-000446,CUST-00271,2025-12-09 09:09:00,2025-12-09 11:04:48,feature_request,medium,1.93,4,closed
TCK-000447,CUST-00272,2025-10-27 15:10:00,2025-10-28 06:40:36,billing,high,15.51,2,closed
TCK-000448,CUST-00273,2026-06-27 18:37:00,2026-06-27 18:47:48,technical_issue,urgent,0.18,3,closed
TCK-000449,CUST-00274,2024-12-13 18:32:00,2024-12-14 03:35:36,technical_issue,high,9.06,1,closed
TCK-000450,CUST-00274,2024-12-16 13:51:00,2024-12-17 13:19:12,billing,urgent,23.47,3,closed
TCK-000451,CUST-00274,2024-12-23 14:15:00,2024-12-24 02:54:00,technical_issue,high,12.65,1,closed
TCK-000452,CUST-00274,2024-12-08 17:05:00,2024-12-09 03:46:24,technical_issue,medium,10.69,2,closed
TCK-000453,CUST-00275,2025-01-09 16:17:00,2025-01-09 21:33:48,billing,high,5.28,2,closed
TCK-000454,CUST-00277,2026-02-16 20:38:00,2026-02-17 00:23:00,billing,medium,3.75,5,closed
TCK-000455,CUST-00279,2025-03-11 17:02:00,2025-03-12 00:36:48,account_access,low,7.58,3,closed
TCK-000456,CUST-00279,2025-04-21 08:22:00,2025-04-21 11:22:00,feature_request,medium,3.0,3,closed
TCK-000457,CUST-00279,2026-07-26 13:19:00,2026-07-26 23:27:24,account_access,high,10.14,4,closed
TCK-000458,CUST-00279,2024-08-22 18:11:00,2024-08-23 09:43:24,feature_request,high,15.54,2,closed
TCK-000459,CUST-00280,2026-05-20 10:22:00,2026-05-21 03:22:00,billing,medium,17.0,4,closed
TCK-000460,CUST-00280,2026-05-06 17:51:00,2026-05-06 18:08:24,feature_request,medium,0.29,5,closed
TCK-000461,CUST-00281,2026-02-22 19:29:00,2026-02-23 11:48:48,account_access,high,16.33,2,closed
TCK-000462,CUST-00281,2026-03-07 13:48:00,2026-03-08 20:11:24,cancellation_request,high,30.39,2,closed
TCK-000463,CUST-00281,2026-02-14 12:12:00,2026-02-14 21:08:24,cancellation_request,medium,8.94,4,closed
TCK-000464,CUST-00282,2026-01-11 09:06:00,2026-01-12 17:03:36,account_access,high,31.96,4,closed
TCK-000465,CUST-00282,2026-08-25 16:36:00,2026-08-26 06:07:48,account_access,medium,13.53,5,closed
TCK-000466,CUST-00282,2025-11-23 11:07:00,2025-11-24 07:34:00,technical_issue,medium,20.45,3,closed
TCK-000467,CUST-00283,2025-09-01 08:54:00,2025-09-01 15:59:24,billing,high,7.09,1,closed
TCK-000468,CUST-00284,2026-07-10 14:50:00,2026-07-11 01:42:12,billing,high,10.87,1,closed
TCK-000469,CUST-00286,2026-02-22 15:31:00,2026-02-22 21:23:12,billing,medium,5.87,1,closed
TCK-000470,CUST-00286,2026-03-01 12:52:00,2026-03-01 15:23:12,feature_request,medium,2.52,4,closed
TCK-000471,CUST-00286,2026-04-25 16:59:00,2026-04-26 04:40:24,feature_request,low,11.69,5,closed
TCK-000472,CUST-00287,2026-08-21 16:47:00,2026-08-22 01:35:36,technical_issue,high,8.81,2,closed
TCK-000473,CUST-00287,2026-05-16 18:13:00,2026-05-17 02:04:00,feature_request,high,7.85,3,closed
TCK-000474,CUST-00287,2026-08-27 16:56:00,2026-08-27 22:39:12,technical_issue,medium,5.72,4,closed
TCK-000475,CUST-00287,2026-06-17 14:38:00,2026-06-18 15:15:12,technical_issue,urgent,24.62,1,closed
TCK-000476,CUST-00288,2025-12-13 19:14:00,2025-12-14 08:17:00,technical_issue,medium,13.05,4,closed
TCK-000477,CUST-00288,2026-01-14 15:07:00,2026-01-14 17:42:24,account_access,low,2.59,1,closed
TCK-000478,CUST-00290,2025-09-19 19:08:00,2025-09-20 04:06:12,technical_issue,low,8.97,1,closed
TCK-000479,CUST-00290,2025-10-25 08:14:00,2025-10-27 18:33:12,cancellation_request,high,58.32,1,closed
TCK-000480,CUST-00290,2025-11-12 12:54:00,2025-11-12 14:05:24,technical_issue,high,1.19,1,closed
TCK-000481,CUST-00290,2025-09-12 08:48:00,2025-09-12 09:01:12,billing,low,0.22,4,closed
TCK-000482,CUST-00292,2025-03-12 12:13:00,2025-03-12 13:48:24,feature_request,low,1.59,4,closed
TCK-000483,CUST-00292,2025-01-31 10:14:00,2025-01-31 17:34:24,billing,medium,7.34,1,closed
TCK-000484,CUST-00294,2026-08-11 18:27:00,2026-08-11 18:36:36,feature_request,low,0.16,5,closed
TCK-000485,CUST-00296,2025-05-02 18:01:00,2025-05-03 03:46:00,cancellation_request,medium,9.75,3,closed
TCK-000486,CUST-00296,2025-03-25 08:23:00,2025-03-26 06:09:48,billing,low,21.78,1,closed
TCK-000487,CUST-00296,2025-04-30 09:03:00,2025-04-30 23:30:00,technical_issue,high,14.45,4,closed
TCK-000488,CUST-00296,2025-05-07 20:52:00,2025-05-09 07:14:48,billing,high,34.38,2,closed
TCK-000489,CUST-00298,2025-01-27 16:11:00,2025-01-29 00:50:00,technical_issue,urgent,32.65,3,closed
TCK-000490,CUST-00298,2025-03-01 19:59:00,2025-03-02 18:27:48,billing,high,22.48,1,closed
TCK-000491,CUST-00298,2026-02-17 11:51:00,2026-02-18 03:45:00,billing,high,15.9,1,closed
TCK-000492,CUST-00298,2025-06-30 13:09:00,2025-06-30 13:27:36,cancellation_request,low,0.31,3,closed
TCK-000493,CUST-00299,2026-08-28 19:02:00,2026-08-29 00:46:24,billing,low,5.74,4,closed
TCK-000494,CUST-00300,2026-02-20 12:23:00,2026-02-21 12:44:36,billing,high,24.36,2,closed
TCK-000495,CUST-00301,2026-02-26 09:14:00,2026-03-01 19:44:36,technical_issue,high,82.51,1,closed
TCK-000496,CUST-00301,2026-03-27 15:13:00,2026-03-28 13:43:36,account_access,urgent,22.51,1,closed
TCK-000497,CUST-00301,2026-02-08 09:59:00,2026-02-09 03:19:24,cancellation_request,high,17.34,3,closed
TCK-000498,CUST-00301,2026-03-16 09:51:00,2026-03-16 19:38:24,billing,urgent,9.79,1,closed
TCK-000499,CUST-00301,2026-02-20 12:30:00,2026-02-22 09:24:00,feature_request,medium,44.9,1,closed
TCK-000500,CUST-00302,2026-06-13 17:53:00,2026-06-13 20:54:12,feature_request,urgent,3.02,4,closed
TCK-000501,CUST-00304,2025-11-01 09:56:00,2025-11-01 13:40:24,technical_issue,low,3.74,3,closed
TCK-000502,CUST-00305,2026-04-24 09:31:00,2026-04-24 21:01:00,technical_issue,urgent,11.5,3,closed
TCK-000503,CUST-00305,2026-08-11 17:06:00,2026-08-12 03:46:48,account_access,high,10.68,2,closed
TCK-000504,CUST-00307,2025-04-08 18:15:00,2025-04-09 11:52:12,feature_request,low,17.62,4,closed
TCK-000505,CUST-00308,2026-05-01 13:48:00,2026-05-01 14:27:00,technical_issue,high,0.65,5,closed
TCK-000506,CUST-00309,2026-08-16 19:38:00,2026-08-16 21:14:00,feature_request,low,1.6,3,closed
TCK-000507,CUST-00309,2026-06-14 08:00:00,2026-06-14 12:40:12,technical_issue,medium,4.67,5,closed
TCK-000508,CUST-00310,2026-05-30 13:59:00,2026-05-30 23:43:24,account_access,low,9.74,4,closed
TCK-000509,CUST-00311,2026-03-30 09:33:00,2026-03-30 10:21:36,cancellation_request,medium,0.81,4,closed
TCK-000510,CUST-00312,2026-07-12 08:41:00,2026-07-12 09:48:48,feature_request,high,1.13,4,closed
TCK-000511,CUST-00313,2026-03-27 08:58:00,2026-03-27 15:13:36,feature_request,low,6.26,1,closed
TCK-000512,CUST-00313,2026-04-18 11:39:00,2026-04-20 01:57:36,feature_request,medium,38.31,4,closed
TCK-000513,CUST-00315,2025-11-13 10:13:00,2025-11-13 11:34:00,technical_issue,urgent,1.35,1,closed
TCK-000514,CUST-00315,2026-02-19 15:37:00,2026-02-19 21:50:12,billing,high,6.22,1,closed
TCK-000515,CUST-00315,2025-11-14 19:28:00,2025-11-15 11:29:12,account_access,high,16.02,1,closed
TCK-000516,CUST-00315,2025-05-15 10:23:00,2025-05-18 08:06:12,cancellation_request,high,69.72,2,closed
TCK-000517,CUST-00315,2025-11-06 12:14:00,2025-11-09 06:33:48,technical_issue,low,66.33,3,closed
TCK-000518,CUST-00318,2026-03-26 14:37:00,2026-03-26 14:53:12,feature_request,medium,0.27,4,closed
TCK-000519,CUST-00319,2024-12-13 14:14:00,2024-12-13 14:37:24,billing,high,0.39,1,closed
TCK-000520,CUST-00319,2024-10-21 12:55:00,2024-10-21 22:43:00,cancellation_request,medium,9.8,4,closed
TCK-000521,CUST-00319,2025-01-08 08:26:00,2025-01-09 03:24:12,billing,medium,18.97,1,closed
TCK-000522,CUST-00320,2026-05-12 20:21:00,2026-05-13 12:30:00,technical_issue,high,16.15,4,closed
TCK-000523,CUST-00320,2026-06-07 14:43:00,2026-06-07 15:41:12,feature_request,high,0.97,4,closed
TCK-000524,CUST-00322,2026-06-20 18:32:00,2026-06-20 23:02:00,technical_issue,medium,4.5,5,closed
TCK-000525,CUST-00324,2025-10-15 10:44:00,2025-10-15 16:12:48,feature_request,medium,5.48,2,closed
TCK-000526,CUST-00324,2025-05-26 13:40:00,2025-05-27 01:58:36,cancellation_request,high,12.31,1,closed
TCK-000527,CUST-00324,2025-11-13 08:36:00,2025-11-14 11:21:00,billing,urgent,26.75,1,closed
TCK-000528,CUST-00324,2026-07-10 15:52:00,2026-07-10 19:02:48,billing,medium,3.18,1,closed
TCK-000529,CUST-00325,2026-04-04 08:11:00,2026-04-04 08:47:36,feature_request,low,0.61,3,closed
TCK-000530,CUST-00327,2024-06-26 20:38:00,2024-06-27 15:53:36,billing,medium,19.26,4,closed
TCK-000531,CUST-00327,2025-11-29 20:33:00,2025-11-30 06:18:36,technical_issue,low,9.76,1,closed
TCK-000532,CUST-00327,2024-10-27 16:38:00,2024-10-29 20:52:24,account_access,high,52.24,1,closed
TCK-000533,CUST-00327,2026-03-21 11:49:00,2026-03-22 11:37:36,billing,urgent,23.81,1,closed
TCK-000534,CUST-00327,2026-03-06 15:09:00,2026-03-08 08:40:48,cancellation_request,urgent,41.53,3,closed
TCK-000535,CUST-00330,2024-08-03 14:55:00,2024-08-03 15:34:36,billing,medium,0.66,1,closed
TCK-000536,CUST-00332,2026-05-18 09:34:00,2026-05-18 23:44:48,feature_request,medium,14.18,4,closed
TCK-000537,CUST-00333,2026-04-16 10:05:00,2026-04-16 12:09:12,feature_request,medium,2.07,4,closed
TCK-000538,CUST-00333,2025-03-13 18:21:00,2025-03-13 20:51:00,billing,high,2.5,4,closed
TCK-000539,CUST-00334,2025-12-05 19:46:00,2025-12-06 16:35:48,billing,high,20.83,1,closed
TCK-000540,CUST-00334,2025-06-02 08:40:00,2025-06-04 05:08:48,technical_issue,urgent,44.48,1,closed
TCK-000541,CUST-00336,2025-12-04 16:58:00,2025-12-05 00:04:00,account_access,medium,7.1,1,closed
TCK-000542,CUST-00336,2026-07-09 14:02:00,2026-07-09 18:00:12,billing,high,3.97,2,closed
TCK-000543,CUST-00336,2025-06-29 11:40:00,2025-06-30 09:38:48,account_access,high,21.98,2,closed
TCK-000544,CUST-00336,2026-05-27 18:50:00,2026-05-28 07:45:12,billing,medium,12.92,3,closed
TCK-000545,CUST-00336,2025-05-11 13:04:00,2025-05-13 00:24:24,billing,urgent,35.34,5,closed
TCK-000546,CUST-00336,2025-10-24 11:47:00,2025-10-26 17:06:48,billing,urgent,53.33,2,closed
TCK-000547,CUST-00337,2026-03-15 17:49:00,2026-03-15 20:43:00,cancellation_request,high,2.9,2,closed
TCK-000548,CUST-00337,2026-03-12 10:25:00,2026-03-14 00:53:48,account_access,medium,38.48,2,closed
TCK-000549,CUST-00337,2026-01-25 16:25:00,2026-01-26 04:22:00,billing,urgent,11.95,1,closed
TCK-000550,CUST-00337,2026-03-24 09:32:00,2026-03-25 04:27:48,billing,urgent,18.93,4,closed
TCK-000551,CUST-00339,2026-07-17 19:27:00,2026-07-18 05:48:00,account_access,medium,10.35,5,closed
TCK-000552,CUST-00341,2026-03-19 15:45:00,2026-03-20 00:23:24,account_access,high,8.64,3,closed
TCK-000553,CUST-00342,2026-08-13 19:52:00,2026-08-14 01:56:12,feature_request,medium,6.07,5,closed
TCK-000554,CUST-00342,2026-04-08 16:33:00,2026-04-08 22:49:12,billing,low,6.27,4,closed
TCK-000555,CUST-00343,2026-03-28 08:30:00,2026-03-28 11:15:00,billing,low,2.75,1,closed
TCK-000556,CUST-00343,2025-10-04 10:55:00,2025-10-05 07:50:12,technical_issue,high,20.92,2,closed
TCK-000557,CUST-00343,2025-10-17 15:39:00,2025-10-17 15:54:36,billing,high,0.26,2,closed
TCK-000558,CUST-00344,2026-05-19 08:33:00,2026-05-19 19:10:12,feature_request,urgent,10.62,5,closed
TCK-000559,CUST-00345,2026-08-06 11:44:00,2026-08-06 19:49:24,technical_issue,low,8.09,5,closed
TCK-000560,CUST-00346,2024-11-08 17:03:00,2024-11-09 00:17:24,billing,medium,7.24,3,closed
TCK-000561,CUST-00347,2026-03-05 09:27:00,2026-03-05 14:49:12,technical_issue,urgent,5.37,1,closed
TCK-000562,CUST-00347,2026-01-25 11:34:00,2026-01-26 17:18:24,technical_issue,high,29.74,3,closed
TCK-000563,CUST-00347,2026-02-21 12:01:00,2026-02-22 16:16:00,technical_issue,high,28.25,4,closed
TCK-000564,CUST-00348,2026-02-15 12:17:00,2026-02-15 22:24:12,billing,urgent,10.12,2,closed
TCK-000565,CUST-00348,2026-03-13 12:14:00,2026-03-14 15:03:48,technical_issue,medium,26.83,1,closed
TCK-000566,CUST-00348,2026-04-08 12:27:00,2026-04-10 01:50:24,cancellation_request,high,37.39,1,closed
TCK-000567,CUST-00348,2026-03-04 14:40:00,2026-03-05 16:31:00,technical_issue,medium,25.85,2,closed
TCK-000568,CUST-00349,2025-12-29 18:07:00,2025-12-31 06:51:24,billing,urgent,36.74,2,closed
TCK-000569,CUST-00349,2026-02-20 14:06:00,2026-02-21 06:55:48,feature_request,high,16.83,3,closed
TCK-000570,CUST-00349,2026-01-21 09:54:00,2026-01-24 09:22:12,feature_request,urgent,71.47,2,closed
TCK-000571,CUST-00349,2026-04-11 16:26:00,2026-04-11 23:41:36,cancellation_request,medium,7.26,1,closed
TCK-000572,CUST-00350,2024-09-04 12:45:00,2024-09-04 17:15:00,technical_issue,medium,4.5,1,closed
TCK-000573,CUST-00351,2026-01-07 09:32:00,2026-01-07 18:59:36,account_access,urgent,9.46,2,closed
TCK-000574,CUST-00351,2025-11-02 08:14:00,2025-11-02 09:06:12,feature_request,medium,0.87,1,closed
TCK-000575,CUST-00351,2025-12-09 16:11:00,2025-12-10 06:02:00,billing,medium,13.85,2,closed
TCK-000576,CUST-00351,2026-02-01 15:10:00,2026-02-02 20:58:00,account_access,medium,29.8,1,closed
TCK-000577,CUST-00352,2026-05-28 11:50:00,2026-05-28 19:47:00,account_access,high,7.95,4,closed
TCK-000578,CUST-00354,2025-06-21 13:28:00,2025-06-21 19:20:48,account_access,medium,5.88,4,closed
TCK-000579,CUST-00355,2025-12-25 18:30:00,2025-12-26 06:57:36,technical_issue,medium,12.46,1,closed
TCK-000580,CUST-00355,2025-11-19 20:38:00,2025-11-20 01:40:24,cancellation_request,medium,5.04,2,closed
TCK-000581,CUST-00357,2024-12-28 08:26:00,2024-12-28 12:03:12,feature_request,low,3.62,4,closed
TCK-000582,CUST-00358,2025-03-04 10:00:00,2025-03-06 03:49:12,account_access,low,41.82,5,closed
TCK-000583,CUST-00360,2026-08-24 19:23:00,2026-08-24 23:50:00,technical_issue,medium,4.45,3,closed
TCK-000584,CUST-00361,2025-07-30 19:22:00,2025-07-31 09:55:36,technical_issue,urgent,14.56,3,closed
TCK-000585,CUST-00361,2025-12-15 16:56:00,2025-12-15 23:32:36,technical_issue,high,6.61,3,closed
TCK-000586,CUST-00361,2025-11-06 18:32:00,2025-11-07 05:07:24,billing,low,10.59,2,closed
TCK-000587,CUST-00361,2025-08-19 10:38:00,2025-08-20 14:18:48,billing,low,27.68,1,closed
TCK-000588,CUST-00361,2025-08-26 11:32:00,2025-08-26 14:14:36,technical_issue,medium,2.71,1,closed
TCK-000589,CUST-00361,2025-08-31 20:54:00,2025-09-01 02:54:00,billing,high,6.0,1,closed
TCK-000590,CUST-00363,2025-11-23 08:14:00,2025-11-23 15:25:24,feature_request,medium,7.19,4,closed
TCK-000591,CUST-00366,2026-08-26 18:28:00,2026-08-27 13:41:48,billing,urgent,19.23,4,closed
TCK-000592,CUST-00366,2025-04-19 09:43:00,2025-04-19 21:35:48,account_access,medium,11.88,4,closed
TCK-000593,CUST-00368,2025-05-28 17:10:00,2025-05-29 03:56:48,technical_issue,high,10.78,1,closed
TCK-000594,CUST-00368,2025-07-23 14:01:00,2025-07-23 14:55:00,technical_issue,high,0.9,4,closed
TCK-000595,CUST-00368,2024-09-19 16:42:00,2024-09-19 21:39:36,cancellation_request,high,4.96,3,closed
TCK-000596,CUST-00368,2024-12-07 13:58:00,2024-12-08 03:04:36,technical_issue,low,13.11,2,closed
TCK-000597,CUST-00368,2025-02-25 20:13:00,2025-02-26 09:22:36,billing,urgent,13.16,2,closed
TCK-000598,CUST-00368,2024-09-29 10:47:00,2024-09-29 13:51:12,technical_issue,medium,3.07,1,closed
TCK-000599,CUST-00369,2025-11-30 16:17:00,2025-12-01 07:38:00,billing,urgent,15.35,2,closed
TCK-000600,CUST-00369,2025-07-19 15:58:00,2025-07-20 11:13:00,feature_request,medium,19.25,1,closed
TCK-000601,CUST-00371,2025-09-18 18:09:00,2025-09-20 00:30:00,billing,high,30.35,3,closed
TCK-000602,CUST-00371,2025-10-21 08:37:00,2025-10-22 20:16:36,technical_issue,medium,35.66,1,closed
TCK-000603,CUST-00371,2025-10-21 11:58:00,2025-10-21 17:11:12,technical_issue,low,5.22,2,closed
TCK-000604,CUST-00372,2026-07-13 11:39:00,2026-07-13 12:12:00,feature_request,medium,0.55,2,closed
TCK-000605,CUST-00373,2026-07-07 12:13:00,2026-07-07 14:41:12,feature_request,medium,2.47,3,closed
TCK-000606,CUST-00373,2026-06-06 16:56:00,2026-06-07 05:50:00,billing,medium,12.9,4,closed
TCK-000607,CUST-00374,2025-03-04 10:41:00,2025-03-05 00:57:12,account_access,medium,14.27,1,closed
TCK-000608,CUST-00375,2024-11-29 15:58:00,2024-11-29 20:51:24,account_access,high,4.89,3,closed
TCK-000609,CUST-00376,2026-03-18 19:55:00,2026-03-18 22:59:12,feature_request,high,3.07,3,closed
TCK-000610,CUST-00376,2026-03-23 13:29:00,2026-03-23 14:10:24,technical_issue,low,0.69,4,closed
TCK-000611,CUST-00376,2026-05-20 14:48:00,2026-05-20 18:31:12,account_access,medium,3.72,3,closed
TCK-000612,CUST-00377,2026-06-06 16:58:00,2026-06-07 00:07:36,account_access,high,7.16,4,closed
TCK-000613,CUST-00378,2026-03-13 15:31:00,2026-03-13 16:42:24,billing,medium,1.19,4,closed
TCK-000614,CUST-00378,2026-03-14 17:59:00,2026-03-15 05:15:48,technical_issue,high,11.28,2,closed
TCK-000615,CUST-00378,2026-01-03 20:14:00,2026-01-03 21:09:48,billing,high,0.93,2,closed
TCK-000616,CUST-00380,2026-07-26 15:01:00,2026-07-26 15:29:48,billing,medium,0.48,5,closed
TCK-000617,CUST-00380,2026-08-09 18:30:00,2026-08-09 21:27:00,technical_issue,medium,2.95,4,closed
TCK-000618,CUST-00383,2025-06-01 12:33:00,2025-06-01 23:19:12,cancellation_request,medium,10.77,1,closed
TCK-000619,CUST-00383,2025-04-19 11:41:00,2025-04-21 17:54:48,technical_issue,high,54.23,2,closed
TCK-000620,CUST-00383,2025-06-13 09:06:00,2025-06-18 16:24:36,billing,medium,127.31,2,closed
TCK-000621,CUST-00384,2025-10-23 11:57:00,2025-10-23 15:00:36,technical_issue,high,3.06,1,closed
TCK-000622,CUST-00385,2024-08-25 20:40:00,2024-08-26 03:47:12,technical_issue,high,7.12,3,closed
TCK-000623,CUST-00386,2025-01-25 13:55:00,2025-01-25 15:05:12,billing,high,1.17,1,closed
TCK-000624,CUST-00386,2025-04-06 12:58:00,2025-04-06 21:17:48,feature_request,high,8.33,1,closed
TCK-000625,CUST-00386,2025-02-14 12:32:00,2025-02-15 04:55:24,billing,medium,16.39,3,closed
TCK-000626,CUST-00386,2025-05-13 13:27:00,2025-05-13 23:41:24,billing,high,10.24,2,closed
TCK-000627,CUST-00386,2025-01-25 19:21:00,2025-01-27 01:46:48,technical_issue,urgent,30.43,1,closed
TCK-000628,CUST-00387,2025-04-12 10:55:00,2025-04-12 15:34:00,cancellation_request,high,4.65,2,closed
TCK-000629,CUST-00387,2025-04-10 16:13:00,2025-04-11 10:20:48,cancellation_request,high,18.13,2,closed
TCK-000630,CUST-00388,2025-06-10 15:40:00,2025-06-11 10:26:48,billing,urgent,18.78,1,closed
TCK-000631,CUST-00389,2026-05-28 11:45:00,2026-05-28 23:02:24,account_access,urgent,11.29,4,closed
TCK-000632,CUST-00390,2025-06-05 18:10:00,2025-06-05 19:59:12,technical_issue,low,1.82,5,closed
TCK-000633,CUST-00390,2025-07-23 17:16:00,2025-07-23 18:15:24,technical_issue,low,0.99,3,closed
TCK-000634,CUST-00390,2026-03-09 15:52:00,2026-03-09 20:06:24,technical_issue,medium,4.24,5,closed
TCK-000635,CUST-00391,2026-05-15 15:00:00,2026-05-15 22:48:00,technical_issue,medium,7.8,5,closed
TCK-000636,CUST-00392,2026-07-04 11:30:00,2026-07-04 14:01:48,feature_request,high,2.53,4,closed
TCK-000637,CUST-00392,2026-05-16 15:09:00,2026-05-16 22:06:36,technical_issue,medium,6.96,2,closed
TCK-000638,CUST-00393,2026-03-07 15:45:00,2026-03-08 19:09:00,technical_issue,medium,27.4,4,closed
TCK-000639,CUST-00394,2025-02-12 19:54:00,2025-02-14 06:25:12,technical_issue,urgent,34.52,5,closed
TCK-000640,CUST-00394,2024-12-18 19:49:00,2024-12-20 05:49:00,technical_issue,high,34.0,3,closed
TCK-000641,CUST-00395,2026-02-27 20:10:00,2026-02-28 02:31:00,account_access,high,6.35,2,closed
TCK-000642,CUST-00395,2026-02-14 14:39:00,2026-02-16 07:34:48,technical_issue,high,40.93,1,closed
TCK-000643,CUST-00395,2026-02-25 14:03:00,2026-02-26 16:08:24,cancellation_request,low,26.09,4,closed
TCK-000644,CUST-00397,2025-10-29 13:26:00,2025-10-30 18:09:12,billing,urgent,28.72,3,closed
TCK-000645,CUST-00397,2025-11-13 10:05:00,2025-11-13 16:42:48,technical_issue,medium,6.63,2,closed
TCK-000646,CUST-00397,2025-10-20 19:00:00,2025-10-20 19:55:12,cancellation_request,low,0.92,3,closed
TCK-000647,CUST-00397,2025-12-18 14:45:00,2025-12-18 15:02:24,technical_issue,high,0.29,3,closed
TCK-000648,CUST-00397,2025-10-20 12:54:00,2025-10-21 07:35:24,technical_issue,medium,18.69,1,closed
TCK-000649,CUST-00400,2026-04-21 17:35:00,2026-04-21 18:57:48,cancellation_request,low,1.38,1,closed
TCK-000650,CUST-00400,2026-03-02 13:14:00,2026-03-03 00:59:36,technical_issue,medium,11.76,1,closed
TCK-000651,CUST-00400,2026-02-26 13:40:00,2026-02-26 21:14:12,feature_request,urgent,7.57,3,closed
TCK-000652,CUST-00401,2025-10-02 16:04:00,2025-10-02 16:06:24,feature_request,low,0.04,4,closed
TCK-000653,CUST-00403,2025-11-21 12:44:00,2025-11-21 15:44:36,feature_request,low,3.01,4,closed
TCK-000654,CUST-00403,2026-02-15 10:56:00,2026-02-15 12:32:00,feature_request,medium,1.6,4,closed
TCK-000655,CUST-00403,2026-01-27 16:27:00,2026-01-28 03:01:12,technical_issue,high,10.57,5,closed
TCK-000656,CUST-00404,2026-03-03 15:15:00,2026-03-03 17:25:12,feature_request,low,2.17,5,closed
TCK-000657,CUST-00405,2026-08-21 17:38:00,2026-08-21 19:25:24,technical_issue,medium,1.79,4,closed
TCK-000658,CUST-00405,2026-04-30 09:54:00,2026-04-30 11:30:36,feature_request,high,1.61,3,closed
TCK-000659,CUST-00406,2025-07-03 19:36:00,2025-07-04 14:33:00,technical_issue,high,18.95,1,closed
TCK-000660,CUST-00407,2025-06-27 15:47:00,2025-06-28 17:46:24,account_access,high,25.99,1,closed
TCK-000661,CUST-00407,2025-08-06 08:37:00,2025-08-07 04:02:48,account_access,urgent,19.43,3,closed
TCK-000662,CUST-00408,2026-05-17 15:09:00,2026-05-17 15:54:00,technical_issue,medium,0.75,1,closed
TCK-000663,CUST-00408,2026-06-10 14:23:00,2026-06-10 15:41:36,technical_issue,low,1.31,5,closed
TCK-000664,CUST-00409,2024-12-08 14:56:00,2024-12-10 00:05:00,cancellation_request,low,33.15,1,closed
TCK-000665,CUST-00410,2026-07-03 08:00:00,2026-07-03 09:48:36,feature_request,medium,1.81,5,closed
TCK-000666,CUST-00412,2026-05-04 08:15:00,2026-05-04 10:40:48,technical_issue,low,2.43,5,closed
TCK-000667,CUST-00414,2026-04-03 09:01:00,2026-04-03 16:02:48,account_access,low,7.03,1,closed
TCK-000668,CUST-00414,2026-01-04 13:11:00,2026-01-04 18:39:48,feature_request,low,5.48,4,closed
TCK-000669,CUST-00414,2026-03-29 14:44:00,2026-03-29 15:45:12,technical_issue,medium,1.02,2,closed
TCK-000670,CUST-00415,2025-01-21 09:44:00,2025-01-23 17:52:24,technical_issue,high,56.14,3,closed
TCK-000671,CUST-00415,2025-05-25 11:53:00,2025-05-25 15:27:12,cancellation_request,high,3.57,1,closed
TCK-000672,CUST-00415,2025-02-25 13:43:00,2025-02-26 21:08:48,billing,medium,31.43,2,closed
TCK-000673,CUST-00415,2025-04-02 15:55:00,2025-04-02 19:14:48,billing,high,3.33,2,closed
TCK-000674,CUST-00416,2026-05-30 18:05:00,2026-06-01 02:08:00,billing,medium,32.05,1,closed
TCK-000675,CUST-00416,2026-05-30 20:32:00,2026-06-01 15:37:24,technical_issue,medium,43.09,2,closed
TCK-000676,CUST-00416,2026-04-20 13:58:00,2026-04-21 19:51:24,technical_issue,urgent,29.89,1,closed
TCK-000677,CUST-00416,2026-04-25 14:47:00,2026-04-26 08:45:12,account_access,medium,17.97,2,closed
TCK-000678,CUST-00418,2026-07-20 14:30:00,2026-07-21 02:09:36,technical_issue,low,11.66,4,closed
TCK-000679,CUST-00419,2025-05-30 17:30:00,2025-05-30 18:39:00,feature_request,high,1.15,3,closed
TCK-000680,CUST-00420,2025-08-17 12:42:00,2025-08-19 01:46:12,billing,high,37.07,1,closed
TCK-000681,CUST-00421,2024-08-03 16:19:00,2024-08-04 15:39:24,technical_issue,medium,23.34,2,closed
TCK-000682,CUST-00421,2024-04-15 16:16:00,2024-04-16 19:15:24,billing,high,26.99,5,closed
TCK-000683,CUST-00423,2025-12-24 08:52:00,2025-12-25 14:36:24,cancellation_request,medium,29.74,4,closed
TCK-000684,CUST-00423,2026-04-18 20:01:00,2026-04-19 00:43:36,account_access,low,4.71,5,closed
TCK-000685,CUST-00423,2025-06-19 18:39:00,2025-06-19 19:24:00,feature_request,medium,0.75,5,closed
TCK-000686,CUST-00423,2026-07-05 09:41:00,2026-07-05 10:19:24,technical_issue,low,0.64,4,closed
TCK-000687,CUST-00424,2026-06-09 20:46:00,2026-06-10 22:02:12,account_access,medium,25.27,4,closed
TCK-000688,CUST-00425,2026-03-12 18:14:00,2026-03-12 22:23:36,technical_issue,high,4.16,1,closed
TCK-000689,CUST-00426,2025-07-07 16:43:00,2025-07-08 18:44:48,billing,urgent,26.03,2,closed
TCK-000690,CUST-00426,2025-04-26 13:56:00,2025-04-26 17:15:48,billing,urgent,3.33,1,closed
TCK-000691,CUST-00427,2025-09-21 18:48:00,2025-09-22 06:37:48,feature_request,medium,11.83,3,closed
TCK-000692,CUST-00427,2026-06-11 12:43:00,2026-06-11 15:31:36,technical_issue,low,2.81,5,closed
TCK-000693,CUST-00428,2026-05-23 20:10:00,2026-05-23 22:45:24,billing,medium,2.59,3,closed
TCK-000694,CUST-00429,2026-08-05 15:24:00,2026-08-05 20:37:48,technical_issue,medium,5.23,5,closed
TCK-000695,CUST-00429,2026-05-19 09:06:00,2026-05-19 20:48:36,billing,medium,11.71,3,closed
TCK-000696,CUST-00431,2026-05-19 13:10:00,2026-05-20 07:31:36,account_access,urgent,18.36,1,closed
TCK-000697,CUST-00431,2026-08-13 15:10:00,2026-08-14 00:23:12,billing,high,9.22,2,closed
TCK-000698,CUST-00432,2026-01-05 11:47:00,2026-01-05 13:32:00,technical_issue,medium,1.75,3,closed
TCK-000699,CUST-00433,2025-01-30 09:36:00,2025-01-30 13:54:00,account_access,medium,4.3,4,closed
TCK-000700,CUST-00434,2025-08-11 10:28:00,2025-08-11 22:01:00,technical_issue,high,11.55,3,closed
TCK-000701,CUST-00434,2025-02-03 09:18:00,2025-02-03 10:28:48,cancellation_request,low,1.18,1,closed
TCK-000702,CUST-00434,2025-02-02 19:03:00,2025-02-02 22:14:24,billing,high,3.19,2,closed
TCK-000703,CUST-00436,2026-07-15 17:38:00,2026-07-16 03:04:24,billing,low,9.44,4,closed
TCK-000704,CUST-00436,2025-05-28 14:05:00,2025-05-28 20:56:36,billing,low,6.86,3,closed
TCK-000705,CUST-00437,2026-04-18 08:24:00,2026-04-19 21:34:48,account_access,medium,37.18,3,closed
TCK-000706,CUST-00440,2024-11-08 11:28:00,2024-11-09 04:01:00,account_access,medium,16.55,4,closed
TCK-000707,CUST-00441,2025-11-10 20:53:00,2025-11-11 03:02:00,billing,medium,6.15,1,closed
TCK-000708,CUST-00441,2025-04-30 19:02:00,2025-05-01 16:06:48,billing,high,21.08,2,closed
TCK-000709,CUST-00442,2026-05-15 11:00:00,2026-05-16 04:03:00,account_access,medium,17.05,4,closed
TCK-000710,CUST-00443,2026-07-22 15:15:00,2026-07-23 01:18:36,billing,low,10.06,2,closed
TCK-000711,CUST-00444,2026-04-26 13:56:00,2026-04-26 15:20:00,feature_request,low,1.4,4,closed
TCK-000712,CUST-00445,2026-02-05 18:40:00,2026-02-05 21:56:48,technical_issue,medium,3.28,3,closed
TCK-000713,CUST-00445,2026-04-28 13:44:00,2026-04-28 18:11:36,feature_request,medium,4.46,4,closed
TCK-000714,CUST-00446,2026-04-24 12:43:00,2026-04-24 14:59:12,billing,medium,2.27,4,closed
TCK-000715,CUST-00447,2026-01-26 20:25:00,2026-01-26 21:23:48,billing,high,0.98,3,closed
TCK-000716,CUST-00447,2026-02-06 08:45:00,2026-02-06 22:00:00,account_access,low,13.25,4,closed
TCK-000717,CUST-00448,2026-04-24 10:31:00,2026-04-25 03:04:00,billing,urgent,16.55,1,closed
TCK-000718,CUST-00448,2026-04-12 20:57:00,2026-04-14 08:11:24,technical_issue,medium,35.24,2,closed
TCK-000719,CUST-00449,2026-05-31 13:10:00,2026-05-31 16:18:24,billing,low,3.14,5,closed
TCK-000720,CUST-00449,2026-07-12 16:02:00,2026-07-12 17:43:24,feature_request,low,1.69,3,closed
TCK-000721,CUST-00449,2026-04-24 09:50:00,2026-04-25 07:53:00,technical_issue,medium,22.05,2,closed
TCK-000722,CUST-00450,2025-10-16 11:13:00,2025-10-16 11:45:24,account_access,low,0.54,5,closed
TCK-000723,CUST-00452,2026-03-20 16:52:00,2026-03-20 18:58:00,feature_request,high,2.1,3,closed
TCK-000724,CUST-00452,2026-03-10 16:07:00,2026-03-10 21:49:00,billing,medium,5.7,4,closed
TCK-000725,CUST-00453,2026-04-18 13:59:00,2026-04-18 15:59:00,billing,medium,2.0,3,closed
TCK-000726,CUST-00453,2026-01-16 18:54:00,2026-01-17 12:55:48,feature_request,high,18.03,3,closed
TCK-000727,CUST-00453,2026-03-05 09:00:00,2026-03-06 01:23:24,technical_issue,medium,16.39,4,closed
TCK-000728,CUST-00454,2026-08-26 17:06:00,2026-08-26 20:31:12,account_access,medium,3.42,4,closed
TCK-000729,CUST-00456,2025-02-21 15:24:00,2025-02-21 18:37:48,account_access,high,3.23,1,closed
TCK-000730,CUST-00456,2025-02-08 14:11:00,2025-02-11 02:20:00,billing,urgent,60.15,1,closed
TCK-000731,CUST-00456,2025-01-17 20:43:00,2025-01-18 13:14:12,cancellation_request,high,16.52,1,closed
TCK-000732,CUST-00456,2025-01-03 15:07:00,2025-01-04 11:16:00,account_access,high,20.15,1,closed
TCK-000733,CUST-00457,2026-03-28 09:16:00,2026-03-28 20:20:12,technical_issue,high,11.07,4,closed
TCK-000734,CUST-00458,2026-07-01 19:10:00,2026-07-01 19:57:24,feature_request,medium,0.79,5,closed
TCK-000735,CUST-00461,2025-10-03 20:33:00,2025-10-05 00:10:48,account_access,medium,27.63,4,closed
TCK-000736,CUST-00462,2025-12-26 16:46:00,2025-12-27 03:03:24,technical_issue,urgent,10.29,1,closed
TCK-000737,CUST-00462,2026-01-07 12:37:00,2026-01-08 02:22:36,account_access,high,13.76,1,closed
TCK-000738,CUST-00463,2026-06-25 19:11:00,2026-06-25 19:20:00,billing,medium,0.15,5,closed
TCK-000739,CUST-00463,2026-08-20 11:33:00,2026-08-20 13:57:36,feature_request,low,2.41,5,closed
TCK-000740,CUST-00464,2024-12-08 08:25:00,2024-12-08 16:01:00,cancellation_request,medium,7.6,2,closed
TCK-000741,CUST-00464,2024-12-13 09:01:00,2024-12-13 15:54:24,technical_issue,urgent,6.89,1,closed
TCK-000742,CUST-00465,2026-04-17 10:03:00,2026-04-17 13:39:36,technical_issue,low,3.61,5,closed
TCK-000743,CUST-00466,2025-10-04 15:26:00,2025-10-05 09:05:00,billing,medium,17.65,1,closed
TCK-000744,CUST-00467,2025-07-06 17:34:00,2025-07-06 21:11:48,feature_request,high,3.63,2,closed
TCK-000745,CUST-00471,2025-11-24 14:30:00,2025-11-24 21:54:36,technical_issue,medium,7.41,2,closed
TCK-000746,CUST-00471,2026-01-01 12:06:00,2026-01-01 17:29:24,billing,medium,5.39,4,closed
TCK-000747,CUST-00472,2026-05-03 08:11:00,2026-05-03 11:08:00,billing,medium,2.95,3,closed
TCK-000748,CUST-00473,2025-07-13 16:16:00,2025-07-14 07:10:36,cancellation_request,medium,14.91,3,closed
TCK-000749,CUST-00473,2025-07-12 13:24:00,2025-07-12 23:42:00,billing,high,10.3,2,closed
TCK-000750,CUST-00475,2026-03-30 08:23:00,2026-03-30 12:35:36,feature_request,medium,4.21,1,closed
TCK-000751,CUST-00476,2026-05-20 12:08:00,2026-05-20 19:24:12,technical_issue,low,7.27,1,closed
TCK-000752,CUST-00476,2026-08-15 19:23:00,2026-08-15 19:29:00,technical_issue,low,0.1,5,closed
TCK-000753,CUST-00480,2026-02-09 19:26:00,2026-02-09 22:37:24,technical_issue,high,3.19,3,closed
TCK-000754,CUST-00480,2026-02-28 11:42:00,2026-02-28 14:15:00,billing,medium,2.55,1,closed
TCK-000755,CUST-00480,2026-01-21 20:27:00,2026-01-22 15:47:24,billing,medium,19.34,2,closed
TCK-000756,CUST-00481,2026-01-08 16:42:00,2026-01-09 07:33:36,account_access,medium,14.86,1,closed
TCK-000757,CUST-00481,2026-01-12 19:33:00,2026-01-14 16:59:24,technical_issue,high,45.44,1,closed
TCK-000758,CUST-00481,2026-01-10 11:51:00,2026-01-10 17:37:48,technical_issue,urgent,5.78,2,closed
TCK-000759,CUST-00481,2025-12-09 14:12:00,2025-12-11 19:45:36,account_access,high,53.56,2,closed
TCK-000760,CUST-00483,2026-05-02 11:25:00,2026-05-02 20:03:24,technical_issue,high,8.64,3,closed
TCK-000761,CUST-00483,2026-07-27 09:17:00,2026-07-28 10:54:48,technical_issue,high,25.63,2,closed
TCK-000762,CUST-00483,2026-06-22 08:29:00,2026-06-23 10:38:36,billing,urgent,26.16,1,closed
TCK-000763,CUST-00484,2026-05-10 10:12:00,2026-05-10 12:31:12,feature_request,low,2.32,1,closed
TCK-000764,CUST-00484,2026-07-04 14:51:00,2026-07-05 11:25:48,technical_issue,medium,20.58,3,closed
TCK-000765,CUST-00485,2025-04-22 15:23:00,2025-04-22 22:29:00,technical_issue,medium,7.1,3,closed
TCK-000766,CUST-00486,2026-08-31 20:21:00,2026-08-31 23:21:00,account_access,low,3.0,2,closed
TCK-000767,CUST-00487,2026-02-09 17:42:00,2026-02-10 03:45:36,technical_issue,medium,10.06,4,closed
TCK-000768,CUST-00487,2026-07-06 10:07:00,2026-07-06 14:01:36,technical_issue,medium,3.91,3,closed
TCK-000769,CUST-00488,2026-03-21 09:13:00,2026-03-21 12:01:00,cancellation_request,medium,2.8,3,closed
TCK-000770,CUST-00489,2026-04-28 10:02:00,2026-04-28 11:03:48,technical_issue,high,1.03,3,closed
TCK-000771,CUST-00489,2026-07-31 16:00:00,2026-07-31 16:44:24,feature_request,medium,0.74,5,closed
TCK-000772,CUST-00491,2025-03-11 16:45:00,2025-03-12 07:50:24,cancellation_request,high,15.09,2,closed
TCK-000773,CUST-00491,2025-03-06 09:50:00,2025-03-06 14:20:36,technical_issue,high,4.51,5,closed
TCK-000774,CUST-00491,2025-03-07 08:16:00,2025-03-07 23:56:12,technical_issue,urgent,15.67,5,closed
TCK-000775,CUST-00493,2026-08-01 19:21:00,2026-08-01 19:57:00,billing,low,0.6,2,closed
TCK-000776,CUST-00493,2026-07-21 08:13:00,2026-07-21 11:53:12,technical_issue,medium,3.67,3,closed
TCK-000777,CUST-00494,2025-05-14 15:04:00,2025-05-17 05:56:48,technical_issue,high,62.88,3,closed
TCK-000778,CUST-00494,2025-07-21 20:16:00,2025-07-22 09:55:00,account_access,urgent,13.65,2,closed
TCK-000779,CUST-00494,2025-09-02 12:14:00,2025-09-02 12:30:12,technical_issue,urgent,0.27,1,closed
TCK-000780,CUST-00494,2025-07-01 16:58:00,2025-07-01 19:54:24,technical_issue,high,2.94,3,closed
TCK-000781,CUST-00497,2026-04-13 13:31:00,2026-04-13 17:23:48,billing,low,3.88,1,closed
TCK-000782,CUST-00499,2025-11-20 15:08:00,2025-11-20 23:03:12,account_access,medium,7.92,4,closed
TCK-000783,CUST-00500,2026-07-24 16:53:00,2026-07-25 14:42:48,technical_issue,high,21.83,2,closed
TCK-000784,CUST-00501,2025-06-12 09:20:00,2025-06-12 16:29:36,technical_issue,urgent,7.16,1,closed
TCK-000785,CUST-00501,2025-06-25 19:40:00,2025-06-26 15:59:48,billing,high,20.33,1,closed
TCK-000786,CUST-00502,2026-02-22 10:40:00,2026-02-22 15:13:36,billing,high,4.56,1,closed
TCK-000787,CUST-00502,2026-02-22 17:22:00,2026-02-23 12:06:24,feature_request,urgent,18.74,2,closed
TCK-000788,CUST-00502,2026-03-08 13:37:00,2026-03-10 19:16:00,billing,high,53.65,1,closed
TCK-000789,CUST-00503,2025-10-12 08:19:00,2025-10-12 19:06:24,cancellation_request,high,10.79,2,closed
TCK-000790,CUST-00503,2025-06-22 16:45:00,2025-06-22 19:23:24,cancellation_request,high,2.64,4,closed
TCK-000791,CUST-00506,2026-06-23 13:47:00,2026-06-23 14:29:36,feature_request,low,0.71,1,closed
TCK-000792,CUST-00507,2026-01-11 11:35:00,2026-01-11 18:18:12,feature_request,urgent,6.72,2,closed
TCK-000793,CUST-00507,2026-01-07 18:10:00,2026-01-08 09:49:00,cancellation_request,high,15.65,1,closed
TCK-000794,CUST-00507,2026-02-21 13:05:00,2026-02-22 06:41:36,cancellation_request,high,17.61,1,closed
TCK-000795,CUST-00508,2026-05-05 11:06:00,2026-05-06 10:42:36,technical_issue,medium,23.61,5,closed
TCK-000796,CUST-00508,2026-06-12 15:42:00,2026-06-13 02:54:36,feature_request,medium,11.21,4,closed
TCK-000797,CUST-00508,2026-03-31 12:49:00,2026-03-31 19:44:12,account_access,high,6.92,5,closed
TCK-000798,CUST-00509,2026-04-16 09:50:00,2026-04-17 02:17:36,billing,urgent,16.46,1,closed
TCK-000799,CUST-00509,2025-12-02 18:54:00,2025-12-03 02:31:48,technical_issue,urgent,7.63,2,closed
TCK-000800,CUST-00509,2025-11-11 19:57:00,2025-11-11 21:50:24,cancellation_request,high,1.89,2,closed
TCK-000801,CUST-00509,2025-08-18 12:48:00,2025-08-19 00:08:24,technical_issue,low,11.34,1,closed
TCK-000802,CUST-00509,2026-03-12 19:35:00,2026-03-13 00:21:48,technical_issue,urgent,4.78,2,closed
TCK-000803,CUST-00510,2026-08-05 10:54:00,2026-08-05 13:08:24,technical_issue,medium,2.24,1,closed
TCK-000804,CUST-00510,2026-03-31 13:49:00,2026-03-31 18:57:24,billing,low,5.14,3,closed
TCK-000805,CUST-00511,2026-03-30 11:06:00,2026-03-30 14:01:48,cancellation_request,medium,2.93,4,closed
TCK-000806,CUST-00511,2026-05-31 20:14:00,2026-05-31 22:17:36,feature_request,medium,2.06,5,closed
TCK-000807,CUST-00512,2025-11-09 10:08:00,2025-11-10 10:14:00,technical_issue,low,24.1,4,closed
TCK-000808,CUST-00513,2025-06-14 10:03:00,2025-06-14 16:50:24,feature_request,medium,6.79,3,closed
TCK-000809,CUST-00515,2026-03-16 15:18:00,2026-03-19 00:32:24,technical_issue,urgent,57.24,1,closed
TCK-000810,CUST-00515,2025-07-21 17:59:00,2025-07-22 22:45:48,billing,medium,28.78,2,closed
TCK-000811,CUST-00515,2025-10-29 20:21:00,2025-10-29 23:39:00,technical_issue,low,3.3,2,closed
TCK-000812,CUST-00515,2025-11-01 14:15:00,2025-11-03 04:41:24,technical_issue,high,38.44,3,closed
TCK-000813,CUST-00515,2026-02-24 12:40:00,2026-02-24 15:56:48,technical_issue,medium,3.28,2,closed
TCK-000814,CUST-00517,2025-11-14 19:08:00,2025-11-14 19:55:24,billing,medium,0.79,1,closed
TCK-000815,CUST-00517,2026-04-16 15:45:00,2026-04-16 18:18:36,technical_issue,medium,2.56,2,closed
TCK-000816,CUST-00518,2026-03-21 18:48:00,2026-03-22 00:54:36,feature_request,medium,6.11,2,closed
TCK-000817,CUST-00518,2025-05-24 10:36:00,2025-05-24 21:53:24,feature_request,urgent,11.29,4,closed
TCK-000818,CUST-00519,2026-06-02 17:13:00,2026-06-03 11:59:48,account_access,low,18.78,4,closed
TCK-000819,CUST-00520,2025-05-09 11:52:00,2025-05-10 14:16:00,billing,urgent,26.4,3,closed
TCK-000820,CUST-00520,2025-04-22 11:09:00,2025-04-23 19:13:12,billing,urgent,32.07,1,closed
TCK-000821,CUST-00520,2025-05-09 15:48:00,2025-05-11 15:05:24,billing,high,47.29,4,closed
TCK-000822,CUST-00522,2026-07-25 18:51:00,2026-07-25 23:29:24,feature_request,medium,4.64,5,closed
TCK-000823,CUST-00523,2026-05-05 14:59:00,2026-05-05 15:23:00,billing,medium,0.4,5,closed
TCK-000824,CUST-00525,2026-02-19 15:07:00,2026-02-20 00:48:24,billing,medium,9.69,5,closed
TCK-000825,CUST-00526,2025-07-15 20:20:00,2025-07-15 22:45:12,billing,medium,2.42,2,closed
TCK-000826,CUST-00526,2025-10-20 13:25:00,2025-10-21 07:46:00,billing,urgent,18.35,2,closed
TCK-000827,CUST-00526,2025-10-09 18:57:00,2025-10-12 00:02:24,feature_request,high,53.09,3,closed
TCK-000828,CUST-00527,2025-10-22 19:18:00,2025-10-23 15:43:12,billing,medium,20.42,2,closed
TCK-000829,CUST-00527,2026-04-28 11:11:00,2026-04-29 00:42:12,technical_issue,urgent,13.52,2,closed
TCK-000830,CUST-00530,2026-06-23 15:07:00,2026-06-23 17:43:36,feature_request,medium,2.61,4,closed
TCK-000831,CUST-00532,2026-01-11 10:44:00,2026-01-11 19:27:12,billing,medium,8.72,1,closed
TCK-000832,CUST-00532,2026-06-13 18:35:00,2026-06-14 00:00:48,billing,medium,5.43,4,closed
TCK-000833,CUST-00532,2025-12-25 14:06:00,2025-12-26 07:06:36,billing,low,17.01,5,closed
TCK-000834,CUST-00534,2026-04-28 10:36:00,2026-04-28 12:40:48,feature_request,high,2.08,4,closed
TCK-000835,CUST-00534,2026-08-18 14:25:00,2026-08-18 19:04:00,technical_issue,medium,4.65,4,closed
TCK-000836,CUST-00536,2026-08-19 15:24:00,2026-08-19 15:38:24,feature_request,medium,0.24,4,closed
TCK-000837,CUST-00539,2024-08-13 16:54:00,2024-08-13 18:24:36,account_access,medium,1.51,3,closed
TCK-000838,CUST-00539,2024-05-16 15:15:00,2024-05-17 05:25:12,billing,high,14.17,1,closed
TCK-000839,CUST-00540,2026-03-04 19:00:00,2026-03-06 00:40:48,technical_issue,medium,29.68,4,closed
TCK-000840,CUST-00540,2026-08-20 14:25:00,2026-08-20 18:49:36,technical_issue,low,4.41,4,closed
TCK-000841,CUST-00541,2026-05-13 16:44:00,2026-05-14 22:26:00,account_access,low,29.7,1,closed
TCK-000842,CUST-00542,2025-04-13 16:45:00,2025-04-13 17:49:48,technical_issue,urgent,1.08,2,closed
TCK-000843,CUST-00544,2025-12-29 18:01:00,2025-12-30 00:13:00,account_access,low,6.2,3,closed
TCK-000844,CUST-00545,2025-05-02 18:58:00,2025-05-02 23:08:12,billing,urgent,4.17,1,closed
TCK-000845,CUST-00547,2024-11-19 08:03:00,2024-11-19 14:52:48,technical_issue,low,6.83,3,closed
TCK-000846,CUST-00547,2026-07-22 14:37:00,2026-07-22 23:11:48,feature_request,medium,8.58,5,closed
TCK-000847,CUST-00547,2024-11-01 16:56:00,2024-11-02 01:42:48,technical_issue,high,8.78,3,closed
TCK-000848,CUST-00548,2025-02-07 11:17:00,2025-02-07 15:19:24,billing,medium,4.04,1,closed
TCK-000849,CUST-00548,2025-06-10 11:30:00,2025-06-10 17:27:00,billing,high,5.95,2,closed
TCK-000850,CUST-00549,2026-06-05 17:53:00,2026-06-05 21:18:48,feature_request,medium,3.43,5,closed
TCK-000851,CUST-00550,2025-08-01 20:56:00,2025-08-01 20:58:24,feature_request,medium,0.04,3,closed
TCK-000852,CUST-00551,2026-01-08 11:41:00,2026-01-09 08:08:36,account_access,high,20.46,2,closed
TCK-000853,CUST-00551,2025-12-27 17:37:00,2025-12-28 19:58:00,billing,high,26.35,2,closed
TCK-000854,CUST-00551,2026-02-21 12:32:00,2026-02-21 17:39:12,account_access,high,5.12,1,closed
TCK-000855,CUST-00551,2025-07-23 18:27:00,2025-07-24 03:00:36,billing,high,8.56,4,closed
TCK-000856,CUST-00553,2025-10-19 10:55:00,2025-10-19 17:49:36,technical_issue,medium,6.91,5,closed
TCK-000857,CUST-00554,2025-09-21 09:34:00,2025-09-21 10:01:36,technical_issue,urgent,0.46,3,closed
TCK-000858,CUST-00554,2025-10-31 10:10:00,2025-10-31 21:50:12,technical_issue,low,11.67,3,closed
TCK-000859,CUST-00554,2025-09-17 16:40:00,2025-09-19 03:08:12,cancellation_request,high,34.47,1,closed
TCK-000860,CUST-00554,2025-11-27 17:36:00,2025-11-28 02:46:48,technical_issue,low,9.18,2,closed
TCK-000861,CUST-00554,2025-09-17 17:39:00,2025-09-18 06:28:48,technical_issue,low,12.83,5,closed
TCK-000862,CUST-00555,2026-06-21 20:22:00,2026-06-22 01:37:36,account_access,medium,5.26,5,closed
TCK-000863,CUST-00556,2026-04-12 11:34:00,2026-04-12 15:11:48,account_access,medium,3.63,4,closed
TCK-000864,CUST-00556,2026-04-28 11:41:00,2026-04-28 13:34:24,feature_request,medium,1.89,4,closed
TCK-000865,CUST-00557,2026-08-07 17:00:00,2026-08-07 20:25:12,account_access,low,3.42,3,closed
TCK-000866,CUST-00559,2026-07-29 10:59:00,2026-07-29 14:02:36,billing,medium,3.06,5,closed
TCK-000867,CUST-00559,2026-07-20 11:53:00,2026-07-20 17:30:12,feature_request,high,5.62,5,closed
TCK-000868,CUST-00559,2026-07-04 10:20:00,2026-07-04 16:56:36,technical_issue,low,6.61,5,closed
TCK-000869,CUST-00560,2025-06-28 14:25:00,2025-06-28 16:15:24,billing,low,1.84,2,closed
TCK-000870,CUST-00560,2025-06-25 12:05:00,2025-06-26 00:39:48,feature_request,low,12.58,4,closed
TCK-000871,CUST-00560,2026-04-20 10:36:00,2026-04-20 10:43:48,billing,low,0.13,2,closed
TCK-000872,CUST-00561,2025-10-05 20:44:00,2025-10-05 21:40:24,feature_request,urgent,0.94,4,closed
TCK-000873,CUST-00561,2026-01-03 18:23:00,2026-01-03 19:02:00,account_access,low,0.65,5,closed
TCK-000874,CUST-00562,2025-10-15 19:08:00,2025-10-16 00:26:36,billing,low,5.31,1,closed
TCK-000875,CUST-00562,2025-11-13 20:10:00,2025-11-15 00:01:00,cancellation_request,high,27.85,2,closed
TCK-000876,CUST-00562,2026-05-03 19:31:00,2026-05-05 01:19:36,billing,high,29.81,3,closed
TCK-000877,CUST-00562,2025-11-17 20:51:00,2025-11-18 02:54:00,cancellation_request,medium,6.05,1,closed
TCK-000878,CUST-00566,2025-11-14 19:32:00,2025-11-15 15:56:00,billing,high,20.4,1,closed
TCK-000879,CUST-00566,2026-06-27 17:17:00,2026-06-30 11:39:48,technical_issue,urgent,66.38,2,closed
TCK-000880,CUST-00566,2026-01-07 17:56:00,2026-01-09 01:20:00,technical_issue,medium,31.4,1,closed
TCK-000881,CUST-00566,2026-04-27 14:34:00,2026-04-28 06:19:00,billing,high,15.75,2,closed
TCK-000882,CUST-00566,2026-04-30 19:34:00,2026-05-01 07:47:12,account_access,high,12.22,1,closed
TCK-000883,CUST-00567,2025-11-21 12:54:00,2025-11-22 06:00:00,billing,high,17.1,1,closed
TCK-000884,CUST-00567,2025-10-07 19:44:00,2025-10-08 04:57:12,technical_issue,high,9.22,2,closed
TCK-000885,CUST-00567,2025-11-12 20:15:00,2025-11-13 08:54:36,billing,medium,12.66,1,closed
TCK-000886,CUST-00567,2025-11-11 14:42:00,2025-11-11 16:59:24,billing,urgent,2.29,1,closed
TCK-000887,CUST-00568,2026-03-07 11:56:00,2026-03-07 19:08:00,technical_issue,medium,7.2,3,closed
TCK-000888,CUST-00568,2026-04-01 09:32:00,2026-04-01 22:00:12,billing,medium,12.47,5,closed
TCK-000889,CUST-00568,2026-04-10 18:14:00,2026-04-10 23:52:24,billing,urgent,5.64,3,closed
TCK-000890,CUST-00569,2026-07-14 11:06:00,2026-07-14 11:08:24,technical_issue,low,0.04,4,closed
TCK-000891,CUST-00570,2026-06-28 12:39:00,2026-06-28 17:09:36,feature_request,medium,4.51,4,closed
TCK-000892,CUST-00571,2024-12-16 11:07:00,2024-12-18 04:10:36,billing,low,41.06,2,closed
TCK-000893,CUST-00571,2026-08-05 18:53:00,2026-08-06 01:57:12,technical_issue,medium,7.07,1,closed
TCK-000894,CUST-00573,2024-09-25 20:32:00,2024-09-26 09:29:00,technical_issue,medium,12.95,4,closed
TCK-000895,CUST-00574,2025-12-04 11:14:00,2025-12-05 15:22:24,billing,urgent,28.14,1,closed
TCK-000896,CUST-00574,2025-11-09 12:31:00,2025-11-11 08:10:00,cancellation_request,high,43.65,3,closed
TCK-000897,CUST-00574,2025-11-02 19:00:00,2025-11-03 20:37:48,technical_issue,high,25.63,1,closed
TCK-000898,CUST-00574,2025-11-15 15:52:00,2025-11-16 17:04:36,technical_issue,medium,25.21,5,closed
TCK-000899,CUST-00574,2025-10-30 20:46:00,2025-10-30 23:00:24,account_access,low,2.24,1,closed
TCK-000900,CUST-00574,2025-10-29 11:15:00,2025-10-30 01:15:00,billing,medium,14.0,1,closed
TCK-000901,CUST-00576,2025-09-02 15:08:00,2025-09-02 19:33:12,cancellation_request,high,4.42,3,closed
TCK-000902,CUST-00577,2026-08-16 15:48:00,2026-08-16 19:38:24,technical_issue,low,3.84,1,closed
TCK-000903,CUST-00578,2026-04-28 12:42:00,2026-04-28 15:13:12,feature_request,medium,2.52,4,closed
TCK-000904,CUST-00578,2026-05-26 20:36:00,2026-05-27 03:40:48,technical_issue,low,7.08,5,closed
TCK-000905,CUST-00580,2026-03-04 15:25:00,2026-03-04 18:50:48,technical_issue,medium,3.43,4,closed
TCK-000906,CUST-00580,2026-05-18 15:31:00,2026-05-18 18:16:00,feature_request,low,2.75,4,closed
TCK-000907,CUST-00582,2025-10-02 09:19:00,2025-10-02 20:18:24,technical_issue,medium,10.99,2,closed
TCK-000908,CUST-00585,2026-04-24 13:14:00,2026-04-24 18:29:36,cancellation_request,high,5.26,2,closed
TCK-000909,CUST-00585,2026-06-27 17:08:00,2026-06-27 22:50:00,cancellation_request,high,5.7,1,closed
TCK-000910,CUST-00585,2026-07-18 16:23:00,2026-07-18 18:20:00,feature_request,urgent,1.95,2,closed
TCK-000911,CUST-00586,2025-07-04 18:31:00,2025-07-05 16:47:48,billing,high,22.28,1,closed
TCK-000912,CUST-00586,2025-08-27 09:39:00,2025-08-27 14:04:12,cancellation_request,urgent,4.42,4,closed
TCK-000913,CUST-00586,2025-10-23 10:55:00,2025-10-23 13:55:36,technical_issue,medium,3.01,1,closed
TCK-000914,CUST-00587,2025-06-25 12:04:00,2025-06-26 17:14:48,technical_issue,high,29.18,1,closed
TCK-000915,CUST-00588,2026-02-22 11:10:00,2026-02-22 12:23:12,billing,high,1.22,4,closed
TCK-000916,CUST-00589,2024-07-25 18:18:00,2024-07-26 03:00:00,billing,medium,8.7,2,closed
TCK-000917,CUST-00589,2024-08-31 16:28:00,2024-08-31 21:41:48,billing,medium,5.23,1,closed
TCK-000918,CUST-00589,2024-10-20 15:23:00,2024-10-21 17:50:36,billing,urgent,26.46,1,closed
TCK-000919,CUST-00589,2024-12-01 18:57:00,2024-12-02 11:55:48,billing,low,16.98,1,closed
TCK-000920,CUST-00590,2025-03-10 10:39:00,2025-03-13 00:50:24,feature_request,low,62.19,2,closed
TCK-000921,CUST-00591,2026-08-28 08:07:00,2026-08-28 15:14:12,feature_request,low,7.12,4,closed
TCK-000922,CUST-00591,2025-10-09 09:06:00,2025-10-09 11:30:36,billing,low,2.41,5,closed
TCK-000923,CUST-00592,2026-08-25 10:37:00,2026-08-25 14:49:36,account_access,medium,4.21,5,closed
TCK-000924,CUST-00592,2026-05-15 20:55:00,2026-05-16 00:22:36,cancellation_request,urgent,3.46,5,closed
TCK-000925,CUST-00592,2025-10-01 14:59:00,2025-10-01 18:00:48,account_access,high,3.03,5,closed
TCK-000926,CUST-00593,2025-10-16 09:23:00,2025-10-16 13:11:00,account_access,medium,3.8,4,closed
TCK-000927,CUST-00594,2025-11-07 12:09:00,2025-11-07 22:00:36,billing,low,9.86,1,closed
TCK-000928,CUST-00594,2026-07-20 12:29:00,2026-07-21 02:59:00,cancellation_request,medium,14.5,1,closed
TCK-000929,CUST-00594,2026-04-11 08:53:00,2026-04-12 15:51:48,billing,urgent,30.98,1,closed
TCK-000930,CUST-00595,2026-03-15 15:16:00,2026-03-16 15:28:36,billing,medium,24.21,3,closed
TCK-000931,CUST-00595,2026-01-10 14:05:00,2026-01-10 19:59:36,technical_issue,medium,5.91,4,closed
TCK-000932,CUST-00597,2026-07-02 19:46:00,2026-07-02 20:13:36,technical_issue,medium,0.46,5,closed
TCK-000933,CUST-00597,2026-08-25 11:31:00,2026-08-26 00:47:48,billing,medium,13.28,5,closed
TCK-000934,CUST-00598,2026-03-19 15:13:00,2026-03-19 19:43:36,feature_request,low,4.51,5,closed
TCK-000935,CUST-00600,2026-05-29 20:53:00,2026-05-29 21:09:12,feature_request,high,0.27,3,closed
TCK-000936,CUST-00602,2025-08-24 13:38:00,2025-08-24 14:49:24,account_access,medium,1.19,5,closed
TCK-000937,CUST-00604,2026-07-09 12:28:00,2026-07-09 12:34:00,technical_issue,medium,0.1,4,closed
TCK-000938,CUST-00605,2025-04-03 13:44:00,2025-04-03 14:33:12,technical_issue,medium,0.82,2,closed
TCK-000939,CUST-00605,2025-04-08 14:31:00,2025-04-09 03:49:36,cancellation_request,high,13.31,1,closed
TCK-000940,CUST-00606,2026-04-18 12:57:00,2026-04-18 13:11:24,feature_request,high,0.24,4,closed
TCK-000941,CUST-00606,2025-11-30 13:46:00,2025-11-30 18:56:48,technical_issue,high,5.18,4,closed
TCK-000942,CUST-00609,2025-05-14 10:25:00,2025-05-18 17:17:48,cancellation_request,urgent,102.88,2,closed
TCK-000943,CUST-00609,2025-07-06 13:24:00,2025-07-07 08:48:36,billing,urgent,19.41,1,closed
TCK-000944,CUST-00609,2025-11-24 20:16:00,2025-11-24 23:26:12,billing,urgent,3.17,2,closed
TCK-000945,CUST-00610,2026-03-28 20:44:00,2026-03-28 20:59:00,account_access,low,0.25,4,closed
TCK-000946,CUST-00612,2026-05-29 19:28:00,2026-05-30 01:42:24,account_access,low,6.24,5,closed
TCK-000947,CUST-00613,2025-07-04 08:35:00,2025-07-05 21:34:24,cancellation_request,high,36.99,3,closed
TCK-000948,CUST-00613,2025-05-31 19:20:00,2025-06-02 09:48:12,technical_issue,medium,38.47,3,closed
TCK-000949,CUST-00613,2025-05-18 18:11:00,2025-05-20 15:06:48,billing,high,44.93,3,closed
TCK-000950,CUST-00613,2025-08-21 12:26:00,2025-08-22 08:04:24,billing,urgent,19.64,2,closed
TCK-000951,CUST-00614,2026-07-03 09:28:00,2026-07-03 12:28:36,feature_request,low,3.01,4,closed
TCK-000952,CUST-00614,2026-02-28 10:30:00,2026-03-01 13:25:48,technical_issue,urgent,26.93,4,closed
TCK-000953,CUST-00615,2025-12-30 11:24:00,2025-12-30 15:21:36,feature_request,low,3.96,5,closed
TCK-000954,CUST-00615,2025-09-21 16:59:00,2025-09-21 19:38:36,feature_request,low,2.66,3,closed
TCK-000955,CUST-00616,2026-07-02 12:45:00,2026-07-02 13:59:24,technical_issue,medium,1.24,3,closed
TCK-000956,CUST-00617,2025-04-25 18:46:00,2025-04-25 21:25:36,feature_request,high,2.66,4,closed
TCK-000957,CUST-00619,2026-08-19 12:28:00,2026-08-19 14:53:48,feature_request,medium,2.43,1,closed
TCK-000958,CUST-00619,2026-02-26 20:49:00,2026-02-26 21:53:48,billing,low,1.08,2,closed
TCK-000959,CUST-00619,2026-04-16 13:54:00,2026-04-16 16:17:24,feature_request,medium,2.39,5,closed
TCK-000960,CUST-00619,2026-08-01 10:14:00,2026-08-01 12:15:48,technical_issue,low,2.03,4,closed
TCK-000961,CUST-00622,2026-07-04 14:06:00,2026-07-05 12:22:48,technical_issue,medium,22.28,3,closed
TCK-000962,CUST-00622,2026-04-18 11:43:00,2026-04-18 14:13:00,account_access,medium,2.5,2,closed
TCK-000963,CUST-00622,2026-04-07 16:40:00,2026-04-08 10:29:48,technical_issue,low,17.83,5,closed
TCK-000964,CUST-00623,2026-01-30 16:15:00,2026-01-31 10:04:12,cancellation_request,medium,17.82,1,closed
TCK-000965,CUST-00623,2026-01-26 19:26:00,2026-01-26 23:47:36,feature_request,medium,4.36,2,closed
TCK-000966,CUST-00623,2026-03-01 16:54:00,2026-03-02 22:10:48,billing,high,29.28,1,closed
TCK-000967,CUST-00626,2026-05-31 18:51:00,2026-05-31 23:21:00,technical_issue,medium,4.5,3,closed
TCK-000968,CUST-00626,2026-05-14 10:11:00,2026-05-16 11:16:24,technical_issue,medium,49.09,3,closed
TCK-000969,CUST-00626,2026-05-15 12:02:00,2026-05-18 07:38:36,billing,high,67.61,1,closed
TCK-000970,CUST-00626,2026-06-30 10:15:00,2026-07-01 01:18:00,technical_issue,medium,15.05,1,closed
TCK-000971,CUST-00628,2026-07-04 09:26:00,2026-07-04 22:15:48,feature_request,high,12.83,1,closed
TCK-000972,CUST-00628,2026-04-27 17:49:00,2026-04-29 04:50:48,technical_issue,high,35.03,4,closed
TCK-000973,CUST-00628,2026-07-17 10:03:00,2026-07-19 04:23:24,technical_issue,high,42.34,5,closed
TCK-000974,CUST-00628,2026-07-01 13:32:00,2026-07-03 02:53:36,account_access,medium,37.36,2,closed
TCK-000975,CUST-00628,2026-03-17 14:07:00,2026-03-18 18:34:36,technical_issue,high,28.46,3,closed
TCK-000976,CUST-00629,2026-06-08 11:19:00,2026-06-08 17:39:24,billing,low,6.34,3,closed
TCK-000977,CUST-00629,2026-06-13 10:22:00,2026-06-13 12:29:12,technical_issue,medium,2.12,4,closed
TCK-000978,CUST-00629,2026-07-29 11:35:00,2026-07-29 13:44:00,feature_request,medium,2.15,4,closed
TCK-000979,CUST-00629,2026-08-05 13:23:00,2026-08-05 15:44:00,billing,medium,2.35,4,closed
TCK-000980,CUST-00630,2025-11-25 12:28:00,2025-11-26 00:05:12,technical_issue,low,11.62,4,closed
TCK-000981,CUST-00633,2025-12-04 20:36:00,2025-12-05 17:17:24,cancellation_request,low,20.69,4,closed
TCK-000982,CUST-00633,2025-07-05 09:21:00,2025-07-06 07:48:00,billing,high,22.45,2,closed
TCK-000983,CUST-00635,2026-05-24 16:42:00,2026-05-24 18:12:00,technical_issue,medium,1.5,4,closed
TCK-000984,CUST-00636,2024-08-13 19:49:00,2024-08-14 16:56:48,billing,urgent,21.13,2,closed
TCK-000985,CUST-00636,2025-11-02 18:39:00,2025-11-03 08:53:24,billing,high,14.24,5,closed
TCK-000986,CUST-00637,2026-05-12 19:42:00,2026-05-12 20:51:36,technical_issue,medium,1.16,5,closed
TCK-000987,CUST-00637,2026-08-11 17:29:00,2026-08-11 19:23:36,technical_issue,low,1.91,4,closed
TCK-000988,CUST-00638,2026-06-29 08:24:00,2026-06-29 10:27:36,account_access,medium,2.06,2,closed
TCK-000989,CUST-00638,2026-07-19 09:23:00,2026-07-19 19:42:12,account_access,medium,10.32,4,closed
TCK-000990,CUST-00639,2026-08-23 13:36:00,2026-08-24 10:06:00,billing,high,20.5,5,closed
TCK-000991,CUST-00639,2025-11-06 10:57:00,2025-11-06 23:56:24,account_access,medium,12.99,5,closed
TCK-000992,CUST-00640,2024-12-22 12:04:00,2024-12-23 12:55:36,feature_request,high,24.86,1,closed
TCK-000993,CUST-00641,2025-03-21 17:02:00,2025-03-22 03:47:36,technical_issue,low,10.76,5,closed
TCK-000994,CUST-00641,2025-04-19 15:11:00,2025-04-19 17:12:12,account_access,medium,2.02,5,closed
TCK-000995,CUST-00641,2025-04-20 17:40:00,2025-04-21 15:14:12,account_access,high,21.57,3,closed
TCK-000996,CUST-00641,2025-02-17 13:23:00,2025-02-18 07:27:48,billing,medium,18.08,4,closed
TCK-000997,CUST-00641,2025-03-07 12:23:00,2025-03-09 09:39:12,cancellation_request,urgent,45.27,2,closed
TCK-000998,CUST-00643,2026-01-09 10:18:00,2026-01-09 14:43:48,billing,high,4.43,3,closed
TCK-000999,CUST-00643,2025-11-23 17:01:00,2025-11-23 19:43:36,technical_issue,urgent,2.71,1,closed
TCK-001000,CUST-00643,2025-12-08 17:00:00,2025-12-09 14:25:48,cancellation_request,high,21.43,2,closed
TCK-001001,CUST-00644,2026-07-12 10:51:00,2026-07-12 11:34:12,technical_issue,medium,0.72,3,closed
TCK-001002,CUST-00646,2026-06-10 20:23:00,2026-06-10 20:44:00,account_access,medium,0.35,4,closed
TCK-001003,CUST-00648,2025-02-24 09:10:00,2025-02-25 00:13:00,cancellation_request,medium,15.05,1,closed
TCK-001004,CUST-00649,2025-12-19 20:38:00,2025-12-19 22:23:36,technical_issue,high,1.76,2,closed
TCK-001005,CUST-00649,2026-04-14 18:16:00,2026-04-14 21:11:12,technical_issue,urgent,2.92,2,closed
TCK-001006,CUST-00650,2025-12-09 08:03:00,2025-12-09 14:24:00,feature_request,medium,6.35,4,closed
TCK-001007,CUST-00650,2026-04-05 11:10:00,2026-04-05 11:55:36,technical_issue,low,0.76,4,closed
TCK-001008,CUST-00651,2026-05-20 14:45:00,2026-05-21 02:09:00,account_access,medium,11.4,3,closed
TCK-001009,CUST-00653,2026-07-14 11:23:00,2026-07-14 11:39:48,cancellation_request,medium,0.28,1,closed
TCK-001010,CUST-00655,2026-01-14 20:28:00,2026-01-14 20:59:12,technical_issue,low,0.52,1,closed
TCK-001011,CUST-00655,2026-03-19 09:34:00,2026-03-19 14:31:36,technical_issue,high,4.96,3,closed
TCK-001012,CUST-00656,2026-08-19 13:10:00,2026-08-19 14:44:48,feature_request,high,1.58,4,closed
TCK-001013,CUST-00657,2026-01-20 17:09:00,2026-01-21 03:20:24,technical_issue,medium,10.19,5,closed
TCK-001014,CUST-00660,2026-06-21 11:41:00,2026-06-21 16:08:00,cancellation_request,urgent,4.45,3,closed
TCK-001015,CUST-00660,2026-07-07 08:38:00,2026-07-08 04:17:00,technical_issue,high,19.65,3,closed
TCK-001016,CUST-00660,2026-08-28 20:28:00,2026-08-29 00:42:24,technical_issue,high,4.24,5,closed
TCK-001017,CUST-00661,2026-06-22 09:22:00,2026-06-22 20:05:12,technical_issue,urgent,10.72,2,closed
TCK-001018,CUST-00662,2026-02-26 10:21:00,2026-02-26 13:23:24,account_access,low,3.04,5,closed
TCK-001019,CUST-00662,2025-08-28 13:28:00,2025-08-29 00:31:36,account_access,medium,11.06,5,closed
TCK-001020,CUST-00662,2026-08-11 12:23:00,2026-08-11 14:25:24,feature_request,medium,2.04,5,closed
TCK-001021,CUST-00663,2025-10-02 09:16:00,2025-10-02 10:37:36,technical_issue,medium,1.36,4,closed
TCK-001022,CUST-00664,2025-12-21 18:33:00,2025-12-23 17:07:12,account_access,medium,46.57,1,closed
TCK-001023,CUST-00664,2026-01-19 16:23:00,2026-01-19 18:57:48,billing,high,2.58,4,closed
TCK-001024,CUST-00664,2025-11-09 16:33:00,2025-11-11 00:36:00,billing,high,32.05,1,closed
TCK-001025,CUST-00664,2025-10-12 14:41:00,2025-10-12 16:27:12,technical_issue,medium,1.77,1,closed
TCK-001026,CUST-00665,2026-07-27 09:50:00,2026-07-27 13:03:12,billing,medium,3.22,5,closed
TCK-001027,CUST-00666,2026-08-04 09:09:00,2026-08-04 13:49:12,billing,medium,4.67,5,closed
TCK-001028,CUST-00667,2026-02-12 16:36:00,2026-02-12 16:50:24,account_access,low,0.24,5,closed
TCK-001029,CUST-00667,2026-07-26 13:17:00,2026-07-26 13:20:00,feature_request,medium,0.05,3,closed
TCK-001030,CUST-00668,2026-05-13 17:47:00,2026-05-13 21:48:48,feature_request,high,4.03,4,closed
TCK-001031,CUST-00668,2026-04-03 08:04:00,2026-04-03 08:07:36,account_access,medium,0.06,3,closed
TCK-001032,CUST-00669,2026-02-27 10:07:00,2026-02-27 11:56:12,billing,medium,1.82,4,closed
TCK-001033,CUST-00669,2026-07-28 19:10:00,2026-07-29 00:10:00,technical_issue,medium,5.0,4,closed
TCK-001034,CUST-00669,2026-07-25 12:49:00,2026-07-25 22:41:48,account_access,medium,9.88,3,closed
TCK-001035,CUST-00670,2026-07-07 16:04:00,2026-07-07 16:45:24,account_access,low,0.69,4,closed
TCK-001036,CUST-00671,2026-08-15 08:37:00,2026-08-15 09:31:00,account_access,low,0.9,3,closed
TCK-001037,CUST-00672,2026-08-02 10:23:00,2026-08-02 11:18:12,cancellation_request,high,0.92,4,closed
TCK-001038,CUST-00673,2026-01-03 16:36:00,2026-01-04 13:34:12,feature_request,low,20.97,4,closed
TCK-001039,CUST-00674,2026-05-13 09:09:00,2026-05-13 12:45:00,billing,low,3.6,4,closed
TCK-001040,CUST-00674,2026-04-13 13:20:00,2026-04-13 23:11:00,technical_issue,medium,9.85,3,closed
TCK-001041,CUST-00675,2025-06-05 14:14:00,2025-06-06 22:05:36,technical_issue,urgent,31.86,3,closed
TCK-001042,CUST-00675,2025-05-12 10:40:00,2025-05-12 17:06:24,billing,high,6.44,3,closed
TCK-001043,CUST-00677,2025-12-28 12:12:00,2025-12-28 13:52:48,billing,urgent,1.68,4,closed
TCK-001044,CUST-00681,2025-10-05 19:19:00,2025-10-05 23:20:48,billing,medium,4.03,2,closed
TCK-001045,CUST-00681,2026-01-14 12:53:00,2026-01-15 05:36:12,technical_issue,low,16.72,2,closed
TCK-001046,CUST-00681,2025-10-11 15:49:00,2025-10-12 18:11:12,technical_issue,low,26.37,1,closed
TCK-001047,CUST-00681,2025-08-28 10:51:00,2025-08-28 18:22:48,technical_issue,high,7.53,1,closed
TCK-001048,CUST-00682,2024-09-30 14:41:00,2024-10-01 14:50:36,account_access,medium,24.16,1,closed
TCK-001049,CUST-00684,2026-08-09 18:31:00,2026-08-09 21:56:48,billing,medium,3.43,2,closed
TCK-001050,CUST-00686,2025-11-17 19:19:00,2025-11-18 01:01:00,account_access,medium,5.7,4,closed
TCK-001051,CUST-00687,2026-05-17 15:31:00,2026-05-18 11:59:12,account_access,medium,20.47,5,closed
TCK-001052,CUST-00689,2026-05-30 10:49:00,2026-05-30 17:22:00,account_access,urgent,6.55,1,closed
TCK-001053,CUST-00689,2025-09-02 17:56:00,2025-09-02 22:24:12,technical_issue,high,4.47,4,closed
TCK-001054,CUST-00689,2025-09-03 17:15:00,2025-09-04 13:38:24,technical_issue,medium,20.39,2,closed
TCK-001055,CUST-00690,2026-04-26 19:36:00,2026-04-27 00:00:36,account_access,urgent,4.41,3,closed
TCK-001056,CUST-00690,2026-06-06 08:01:00,2026-06-06 11:05:48,technical_issue,high,3.08,2,closed
TCK-001057,CUST-00692,2024-09-04 15:16:00,2024-09-09 14:17:48,technical_issue,medium,119.03,1,closed
TCK-001058,CUST-00692,2024-09-12 20:34:00,2024-09-13 14:22:36,billing,high,17.81,1,closed
TCK-001059,CUST-00694,2024-08-26 11:12:00,2024-08-26 13:03:00,technical_issue,high,1.85,4,closed
TCK-001060,CUST-00694,2024-11-01 18:21:00,2024-11-01 22:33:36,cancellation_request,low,4.21,1,closed
TCK-001061,CUST-00694,2025-05-12 12:35:00,2025-05-12 19:30:12,technical_issue,urgent,6.92,2,closed
TCK-001062,CUST-00694,2024-11-15 20:55:00,2024-11-16 13:50:48,technical_issue,medium,16.93,3,closed
TCK-001063,CUST-00694,2024-09-20 08:29:00,2024-09-22 04:33:12,technical_issue,medium,44.07,2,closed
TCK-001064,CUST-00695,2025-12-21 16:41:00,2025-12-22 11:14:36,technical_issue,high,18.56,1,closed
TCK-001065,CUST-00695,2024-11-19 10:18:00,2024-11-19 13:09:00,cancellation_request,urgent,2.85,3,closed
TCK-001066,CUST-00695,2025-05-30 20:25:00,2025-05-30 22:26:48,account_access,medium,2.03,2,closed
TCK-001067,CUST-00695,2025-05-25 10:03:00,2025-05-27 09:11:24,billing,high,47.14,2,closed
TCK-001068,CUST-00697,2025-02-26 12:27:00,2025-02-26 12:50:24,technical_issue,high,0.39,1,closed
TCK-001069,CUST-00697,2025-02-19 19:41:00,2025-02-21 08:22:24,technical_issue,high,36.69,2,closed
TCK-001070,CUST-00697,2025-05-09 08:28:00,2025-05-09 13:45:24,cancellation_request,urgent,5.29,2,closed
TCK-001071,CUST-00697,2024-12-25 16:24:00,2024-12-26 17:18:00,technical_issue,urgent,24.9,1,closed
TCK-001072,CUST-00698,2025-07-04 08:00:00,2025-07-04 18:57:36,billing,high,10.96,2,closed
TCK-001073,CUST-00698,2025-01-29 16:53:00,2025-01-30 01:14:36,account_access,high,8.36,1,closed
TCK-001074,CUST-00699,2026-04-03 14:15:00,2026-04-04 01:13:48,billing,medium,10.98,2,closed
TCK-001075,CUST-00699,2026-01-08 17:12:00,2026-01-10 14:51:00,billing,medium,45.65,1,closed
TCK-001076,CUST-00699,2025-12-29 18:23:00,2025-12-30 01:45:12,cancellation_request,high,7.37,1,closed
TCK-001077,CUST-00700,2026-01-14 18:34:00,2026-01-14 21:57:24,technical_issue,medium,3.39,4,closed
TCK-001078,CUST-00700,2026-01-02 09:38:00,2026-01-02 19:35:36,billing,low,9.96,4,closed
TCK-001079,CUST-00701,2026-05-31 18:50:00,2026-06-01 02:27:48,technical_issue,medium,7.63,2,closed
TCK-001080,CUST-00701,2026-06-11 18:30:00,2026-06-11 20:58:48,account_access,high,2.48,2,closed
TCK-001081,CUST-00702,2025-06-20 18:19:00,2025-06-20 19:56:48,technical_issue,medium,1.63,3,closed
TCK-001082,CUST-00702,2025-08-28 08:00:00,2025-08-28 09:54:36,billing,low,1.91,3,closed
TCK-001083,CUST-00703,2026-06-21 20:40:00,2026-06-22 06:13:00,cancellation_request,medium,9.55,3,closed
TCK-001084,CUST-00705,2025-06-13 20:06:00,2025-06-14 05:28:12,account_access,high,9.37,5,closed
TCK-001085,CUST-00705,2025-07-22 17:10:00,2025-07-22 17:18:24,cancellation_request,medium,0.14,5,closed
TCK-001086,CUST-00708,2026-06-12 19:18:00,2026-06-13 15:03:36,account_access,medium,19.76,4,closed
TCK-001087,CUST-00708,2026-07-30 08:57:00,2026-07-30 16:52:48,billing,high,7.93,2,closed
TCK-001088,CUST-00708,2026-07-02 08:01:00,2026-07-02 10:36:24,account_access,low,2.59,4,closed
TCK-001089,CUST-00710,2025-08-18 20:28:00,2025-08-19 04:44:12,technical_issue,medium,8.27,2,closed
TCK-001090,CUST-00710,2025-08-15 16:30:00,2025-08-17 03:12:00,technical_issue,urgent,34.7,4,closed
TCK-001091,CUST-00712,2026-04-04 12:29:00,2026-04-07 06:14:36,technical_issue,medium,65.76,1,closed
TCK-001092,CUST-00712,2026-03-03 08:02:00,2026-03-03 12:12:48,billing,medium,4.18,4,closed
TCK-001093,CUST-00712,2026-01-18 17:38:00,2026-01-20 12:18:48,billing,low,42.68,3,closed
TCK-001094,CUST-00712,2026-04-28 17:02:00,2026-04-29 00:32:00,account_access,urgent,7.5,4,closed
TCK-001095,CUST-00712,2026-03-16 12:31:00,2026-03-16 16:43:36,billing,high,4.21,1,closed
TCK-001096,CUST-00714,2025-09-12 16:26:00,2025-09-12 23:36:48,technical_issue,low,7.18,3,closed
TCK-001097,CUST-00714,2025-08-04 15:26:00,2025-08-05 11:26:00,billing,high,20.0,4,closed
TCK-001098,CUST-00714,2025-03-10 09:45:00,2025-03-10 21:21:36,technical_issue,high,11.61,1,closed
TCK-001099,CUST-00715,2025-07-18 09:04:00,2025-07-18 17:38:48,billing,medium,8.58,3,closed
TCK-001100,CUST-00716,2026-06-24 14:54:00,2026-06-25 08:21:00,billing,high,17.45,1,closed
TCK-001101,CUST-00716,2026-05-19 15:33:00,2026-05-20 01:11:24,account_access,medium,9.64,1,closed
TCK-001102,CUST-00717,2026-05-13 14:49:00,2026-05-13 15:58:36,technical_issue,high,1.16,5,closed
TCK-001103,CUST-00718,2026-06-08 08:56:00,2026-06-08 19:51:12,account_access,high,10.92,1,closed
TCK-001104,CUST-00718,2026-08-16 17:47:00,2026-08-16 23:10:24,billing,medium,5.39,3,closed
TCK-001105,CUST-00718,2025-10-16 14:08:00,2025-10-16 18:30:48,cancellation_request,low,4.38,3,closed
TCK-001106,CUST-00718,2025-12-08 10:03:00,2025-12-09 01:18:00,technical_issue,high,15.25,1,closed
TCK-001107,CUST-00721,2026-06-10 12:03:00,2026-06-10 13:39:36,feature_request,urgent,1.61,5,closed
TCK-001108,CUST-00721,2026-07-08 19:23:00,2026-07-08 21:50:36,account_access,low,2.46,4,closed
TCK-001109,CUST-00721,2026-07-26 15:05:00,2026-07-26 15:34:24,technical_issue,medium,0.49,4,closed
TCK-001110,CUST-00722,2026-02-16 14:25:00,2026-02-16 16:47:12,account_access,medium,2.37,4,closed
TCK-001111,CUST-00723,2024-08-11 16:22:00,2024-08-11 17:43:36,billing,high,1.36,4,closed
TCK-001112,CUST-00723,2024-10-18 17:53:00,2024-10-18 18:16:24,billing,high,0.39,2,closed
TCK-001113,CUST-00724,2024-08-15 14:03:00,2024-08-18 15:42:00,technical_issue,medium,73.65,1,closed
TCK-001114,CUST-00724,2024-09-06 19:50:00,2024-09-09 08:40:24,cancellation_request,medium,60.84,3,closed
TCK-001115,CUST-00725,2025-02-14 09:47:00,2025-02-16 20:54:12,technical_issue,high,59.12,1,closed
TCK-001116,CUST-00726,2026-06-10 19:58:00,2026-06-11 00:51:24,account_access,medium,4.89,5,closed
TCK-001117,CUST-00727,2026-08-18 17:55:00,2026-08-18 19:37:36,billing,low,1.71,5,closed
TCK-001118,CUST-00727,2026-04-04 13:39:00,2026-04-04 22:31:48,billing,low,8.88,2,closed
TCK-001119,CUST-00728,2024-11-11 12:22:00,2024-11-12 17:28:00,technical_issue,medium,29.1,4,closed
TCK-001120,CUST-00728,2025-10-01 13:17:00,2025-10-01 18:10:24,billing,urgent,4.89,1,closed
TCK-001121,CUST-00728,2025-08-29 08:11:00,2025-08-30 05:23:36,cancellation_request,urgent,21.21,4,closed
TCK-001122,CUST-00728,2025-06-20 18:18:00,2025-06-21 01:13:12,technical_issue,medium,6.92,2,closed
TCK-001123,CUST-00729,2025-06-27 14:38:00,2025-06-27 16:23:00,feature_request,medium,1.75,3,closed
TCK-001124,CUST-00730,2026-02-24 15:51:00,2026-02-28 14:42:36,account_access,urgent,94.86,1,closed
TCK-001125,CUST-00730,2025-10-14 14:05:00,2025-10-14 16:32:36,technical_issue,medium,2.46,4,closed
TCK-001126,CUST-00730,2025-12-29 08:07:00,2025-12-29 21:54:24,billing,high,13.79,2,closed
TCK-001127,CUST-00734,2024-12-31 11:11:00,2024-12-31 13:11:00,account_access,medium,2.0,5,closed
TCK-001128,CUST-00734,2025-06-07 09:32:00,2025-06-07 09:32:36,technical_issue,low,0.01,4,closed
TCK-001129,CUST-00734,2025-06-29 20:05:00,2025-06-30 00:30:48,billing,medium,4.43,5,closed
TCK-001130,CUST-00735,2026-07-30 09:55:00,2026-07-30 12:28:36,billing,medium,2.56,5,closed
TCK-001131,CUST-00735,2026-04-05 14:36:00,2026-04-05 18:55:48,feature_request,low,4.33,1,closed
TCK-001132,CUST-00736,2025-12-10 09:04:00,2025-12-10 15:58:36,account_access,low,6.91,4,closed
TCK-001133,CUST-00738,2025-12-08 08:31:00,2025-12-09 15:44:48,billing,high,31.23,2,closed
TCK-001134,CUST-00738,2026-01-17 12:06:00,2026-01-18 14:07:48,technical_issue,medium,26.03,2,closed
TCK-001135,CUST-00738,2026-01-17 10:27:00,2026-01-18 11:57:36,technical_issue,high,25.51,1,closed
TCK-001136,CUST-00738,2025-08-15 12:38:00,2025-08-16 06:28:24,billing,medium,17.84,1,closed
TCK-001137,CUST-00738,2026-02-08 13:31:00,2026-02-09 04:00:24,account_access,urgent,14.49,4,closed
TCK-001138,CUST-00739,2025-04-07 12:22:00,2025-04-09 05:25:00,billing,high,41.05,1,closed
TCK-001139,CUST-00740,2024-12-08 19:54:00,2024-12-08 22:07:12,cancellation_request,high,2.22,3,closed
TCK-001140,CUST-00741,2025-09-09 09:43:00,2025-09-10 11:37:00,account_access,medium,25.9,2,closed
TCK-001141,CUST-00742,2025-09-05 11:53:00,2025-09-05 19:16:24,technical_issue,medium,7.39,2,closed
TCK-001142,CUST-00742,2025-04-08 16:38:00,2025-04-09 01:27:48,technical_issue,medium,8.83,2,closed
TCK-001143,CUST-00742,2026-03-22 17:37:00,2026-03-23 08:38:12,technical_issue,medium,15.02,3,closed
TCK-001144,CUST-00742,2025-08-25 12:37:00,2025-08-25 13:25:36,technical_issue,high,0.81,3,closed
TCK-001145,CUST-00743,2025-05-28 14:08:00,2025-05-28 14:11:00,billing,medium,0.05,3,closed
TCK-001146,CUST-00747,2024-06-07 16:19:00,2024-06-07 18:15:24,billing,medium,1.94,2,closed
TCK-001147,CUST-00749,2026-06-14 09:25:00,2026-06-16 13:37:36,billing,urgent,52.21,3,closed
TCK-001148,CUST-00749,2026-06-03 13:30:00,2026-06-03 15:42:00,technical_issue,urgent,2.2,2,closed
TCK-001149,CUST-00749,2025-11-13 08:21:00,2025-11-13 12:57:36,account_access,medium,4.61,1,closed
TCK-001150,CUST-00749,2025-07-11 15:42:00,2025-07-12 02:45:36,billing,medium,11.06,2,closed
TCK-001151,CUST-00750,2025-01-15 17:35:00,2025-01-17 08:57:48,billing,high,39.38,3,closed
TCK-001152,CUST-00752,2026-07-27 09:04:00,2026-07-27 10:01:36,technical_issue,medium,0.96,4,closed
TCK-001153,CUST-00753,2026-07-22 12:10:00,2026-07-22 14:29:12,feature_request,low,2.32,4,closed
TCK-001154,CUST-00754,2024-08-10 18:38:00,2024-08-11 01:26:00,technical_issue,high,6.8,1,closed
TCK-001155,CUST-00756,2025-05-05 10:34:00,2025-05-06 01:18:24,account_access,urgent,14.74,2,closed
TCK-001156,CUST-00756,2025-10-24 11:41:00,2025-10-24 18:17:36,account_access,high,6.61,2,closed
TCK-001157,CUST-00759,2025-12-07 15:21:00,2025-12-07 19:57:36,billing,medium,4.61,4,closed
TCK-001158,CUST-00759,2026-08-07 18:53:00,2026-08-07 22:09:48,feature_request,low,3.28,5,closed
TCK-001159,CUST-00759,2026-05-08 11:15:00,2026-05-09 04:13:48,technical_issue,urgent,16.98,5,closed
TCK-001160,CUST-00761,2026-04-07 15:31:00,2026-04-08 15:06:24,billing,high,23.59,1,closed
TCK-001161,CUST-00761,2026-03-17 17:08:00,2026-03-19 02:49:24,cancellation_request,urgent,33.69,3,closed
TCK-001162,CUST-00761,2026-02-09 20:36:00,2026-02-10 12:10:12,cancellation_request,medium,15.57,3,closed
TCK-001163,CUST-00761,2026-01-01 08:34:00,2026-01-02 18:30:24,cancellation_request,high,33.94,3,closed
TCK-001164,CUST-00763,2026-05-11 19:13:00,2026-05-13 06:05:12,cancellation_request,high,34.87,2,closed
TCK-001165,CUST-00763,2026-05-27 08:05:00,2026-05-27 08:26:36,technical_issue,high,0.36,4,closed
TCK-001166,CUST-00764,2026-06-15 09:22:00,2026-06-15 11:13:36,account_access,medium,1.86,4,closed
TCK-001167,CUST-00765,2025-07-06 20:17:00,2025-07-07 21:06:48,technical_issue,medium,24.83,3,closed
TCK-001168,CUST-00766,2025-01-16 20:46:00,2025-01-18 12:20:12,technical_issue,high,39.57,2,closed
TCK-001169,CUST-00766,2025-10-31 17:48:00,2025-11-01 04:01:12,technical_issue,medium,10.22,1,closed
TCK-001170,CUST-00768,2025-04-14 15:52:00,2025-04-14 21:35:48,account_access,high,5.73,3,closed
TCK-001171,CUST-00769,2026-01-01 17:38:00,2026-01-02 11:11:00,cancellation_request,urgent,17.55,3,closed
TCK-001172,CUST-00769,2026-07-12 19:57:00,2026-07-14 00:13:12,billing,medium,28.27,2,closed
TCK-001173,CUST-00770,2026-01-01 13:31:00,2026-01-01 14:54:24,feature_request,low,1.39,5,closed
TCK-001174,CUST-00770,2026-05-15 16:32:00,2026-05-15 17:20:36,technical_issue,medium,0.81,3,closed
TCK-001175,CUST-00771,2026-08-01 08:00:00,2026-08-01 08:56:24,account_access,medium,0.94,4,closed
TCK-001176,CUST-00771,2026-08-19 15:20:00,2026-08-19 20:13:24,cancellation_request,low,4.89,3,closed
TCK-001177,CUST-00772,2026-04-23 12:53:00,2026-04-24 05:19:24,technical_issue,medium,16.44,1,closed
TCK-001178,CUST-00772,2026-05-05 15:45:00,2026-05-05 21:07:48,billing,medium,5.38,2,closed
TCK-001179,CUST-00772,2025-02-09 15:17:00,2025-02-09 23:54:48,cancellation_request,high,8.63,1,closed
TCK-001180,CUST-00773,2026-03-30 09:56:00,2026-03-30 14:44:36,feature_request,medium,4.81,3,closed
TCK-001181,CUST-00773,2026-02-14 13:35:00,2026-02-15 02:17:36,technical_issue,medium,12.71,4,closed
TCK-001182,CUST-00775,2026-08-15 12:30:00,2026-08-15 14:43:12,technical_issue,urgent,2.22,1,closed
TCK-001183,CUST-00778,2025-07-25 20:37:00,2025-07-25 22:40:00,billing,low,2.05,4,closed
TCK-001184,CUST-00778,2025-12-23 16:51:00,2025-12-23 16:51:36,account_access,medium,0.01,5,closed
TCK-001185,CUST-00780,2025-06-05 12:44:00,2025-06-05 14:11:36,account_access,high,1.46,2,closed
TCK-001186,CUST-00780,2025-09-01 08:37:00,2025-09-04 05:53:48,cancellation_request,urgent,69.28,1,closed
TCK-001187,CUST-00780,2025-10-02 14:10:00,2025-10-03 21:50:48,billing,low,31.68,1,closed
TCK-001188,CUST-00781,2026-03-31 09:08:00,2026-03-31 09:52:24,technical_issue,medium,0.74,4,closed
TCK-001189,CUST-00781,2026-03-14 18:54:00,2026-03-14 18:57:36,technical_issue,high,0.06,4,closed
TCK-001190,CUST-00782,2026-03-01 13:06:00,2026-03-02 09:03:00,account_access,low,19.95,2,closed
TCK-001191,CUST-00782,2026-03-09 18:41:00,2026-03-13 04:08:00,account_access,medium,81.45,3,closed
TCK-001192,CUST-00782,2026-04-07 17:37:00,2026-04-08 16:55:00,technical_issue,urgent,23.3,2,closed
TCK-001193,CUST-00784,2025-11-20 16:08:00,2025-11-21 19:43:24,feature_request,medium,27.59,5,closed
TCK-001194,CUST-00784,2025-07-09 15:23:00,2025-07-09 17:35:36,technical_issue,medium,2.21,5,closed
TCK-001195,CUST-00785,2026-04-01 10:48:00,2026-04-01 11:55:48,billing,medium,1.13,5,closed
TCK-001196,CUST-00785,2026-05-28 08:29:00,2026-05-28 09:43:24,feature_request,medium,1.24,4,closed
TCK-001197,CUST-00786,2026-08-20 08:46:00,2026-08-20 16:11:12,feature_request,medium,7.42,4,closed
TCK-001198,CUST-00788,2026-07-02 20:13:00,2026-07-03 01:31:00,feature_request,urgent,5.3,4,closed
TCK-001199,CUST-00788,2025-06-01 14:55:00,2025-06-01 15:45:24,technical_issue,high,0.84,5,closed
TCK-001200,CUST-00788,2026-01-05 18:09:00,2026-01-05 21:04:12,feature_request,low,2.92,1,closed
TCK-001201,CUST-00789,2024-06-20 12:24:00,2024-06-21 05:49:48,billing,high,17.43,1,closed
TCK-001202,CUST-00789,2025-06-21 11:35:00,2025-06-23 00:03:12,feature_request,high,36.47,3,closed
TCK-001203,CUST-00789,2024-09-25 20:57:00,2024-09-27 05:33:36,cancellation_request,medium,32.61,5,closed
TCK-001204,CUST-00789,2025-11-10 16:11:00,2025-11-10 20:19:24,cancellation_request,high,4.14,5,closed
TCK-001205,CUST-00790,2025-09-10 09:59:00,2025-09-10 17:18:12,feature_request,low,7.32,3,closed
TCK-001206,CUST-00790,2025-07-03 12:13:00,2025-07-03 22:23:48,technical_issue,medium,10.18,4,closed
TCK-001207,CUST-00790,2026-04-20 15:42:00,2026-04-20 18:16:12,account_access,medium,2.57,5,closed
TCK-001208,CUST-00791,2025-08-14 20:12:00,2025-08-14 20:33:36,account_access,high,0.36,5,closed
TCK-001209,CUST-00791,2026-07-30 11:07:00,2026-07-30 11:59:48,feature_request,medium,0.88,1,closed
TCK-001210,CUST-00792,2026-04-27 12:20:00,2026-04-27 13:53:00,account_access,low,1.55,3,closed
TCK-001211,CUST-00792,2026-08-14 13:19:00,2026-08-14 18:56:48,technical_issue,high,5.63,3,closed
TCK-001212,CUST-00792,2026-04-27 11:14:00,2026-04-27 18:23:00,feature_request,medium,7.15,4,closed
TCK-001213,CUST-00792,2026-04-08 11:15:00,2026-04-08 11:21:00,technical_issue,medium,0.1,5,closed
TCK-001214,CUST-00793,2026-06-24 17:51:00,2026-06-24 21:27:36,technical_issue,medium,3.61,5,closed
TCK-001215,CUST-00793,2026-07-10 17:05:00,2026-07-10 18:18:12,feature_request,medium,1.22,2,closed
TCK-001216,CUST-00795,2026-08-24 14:06:00,2026-08-24 15:04:48,account_access,high,0.98,2,closed
TCK-001217,CUST-00795,2026-04-04 19:09:00,2026-04-04 21:50:24,technical_issue,high,2.69,3,closed
TCK-001218,CUST-00797,2026-08-09 18:01:00,2026-08-09 22:52:00,billing,high,4.85,3,closed
TCK-001219,CUST-00798,2026-08-04 11:36:00,2026-08-04 14:52:48,technical_issue,low,3.28,3,closed
TCK-001220,CUST-00798,2026-08-07 16:41:00,2026-08-07 17:31:24,technical_issue,medium,0.84,1,closed
TCK-001221,CUST-00798,2026-07-15 10:36:00,2026-07-15 15:48:00,feature_request,low,5.2,5,closed
TCK-001222,CUST-00800,2026-01-26 09:07:00,2026-01-28 21:43:36,billing,urgent,60.61,2,closed
TCK-001223,CUST-00800,2026-01-10 17:35:00,2026-01-10 18:27:48,technical_issue,low,0.88,1,closed
TCK-001224,CUST-00800,2026-02-12 20:45:00,2026-02-15 20:18:36,billing,high,71.56,1,closed
TCK-001225,CUST-00800,2026-01-28 08:19:00,2026-01-28 09:04:36,technical_issue,medium,0.76,1,closed
TCK-001226,CUST-00805,2026-06-21 08:22:00,2026-06-21 09:29:12,account_access,high,1.12,1,closed
TCK-001227,CUST-00805,2026-06-17 16:38:00,2026-06-18 07:07:24,billing,high,14.49,1,closed
TCK-001228,CUST-00807,2026-05-08 15:30:00,2026-05-08 21:15:36,technical_issue,medium,5.76,1,closed
TCK-001229,CUST-00808,2025-11-20 11:11:00,2025-11-20 14:28:24,billing,medium,3.29,4,closed
TCK-001230,CUST-00810,2026-05-04 12:49:00,2026-05-04 20:30:24,technical_issue,medium,7.69,4,closed
TCK-001231,CUST-00811,2026-04-01 11:13:00,2026-04-02 16:23:12,technical_issue,urgent,29.17,1,closed
TCK-001232,CUST-00811,2026-04-23 09:07:00,2026-04-23 09:44:12,billing,medium,0.62,1,closed
TCK-001233,CUST-00811,2026-03-10 18:43:00,2026-03-10 20:31:00,technical_issue,high,1.8,2,closed
TCK-001234,CUST-00812,2026-07-27 20:12:00,2026-07-27 20:49:48,technical_issue,low,0.63,3,closed
TCK-001235,CUST-00814,2025-03-08 08:53:00,2025-03-08 08:59:36,account_access,medium,0.11,4,closed
TCK-001236,CUST-00816,2025-09-22 14:53:00,2025-09-22 22:18:48,billing,urgent,7.43,3,closed
TCK-001237,CUST-00816,2025-03-21 19:07:00,2025-03-22 11:56:48,technical_issue,urgent,16.83,1,closed
TCK-001238,CUST-00816,2025-06-28 18:20:00,2025-06-29 03:28:24,billing,medium,9.14,5,closed
TCK-001239,CUST-00817,2025-05-28 18:00:00,2025-05-28 18:03:00,billing,high,0.05,5,closed
TCK-001240,CUST-00817,2025-05-18 11:07:00,2025-05-18 13:48:24,billing,high,2.69,5,closed
TCK-001241,CUST-00817,2025-05-01 13:15:00,2025-05-03 02:27:00,cancellation_request,high,37.2,1,closed
TCK-001242,CUST-00817,2025-05-12 18:57:00,2025-05-13 19:41:24,feature_request,high,24.74,2,closed
TCK-001243,CUST-00818,2026-05-01 17:37:00,2026-05-01 17:51:24,cancellation_request,medium,0.24,4,closed
TCK-001244,CUST-00818,2026-05-12 08:28:00,2026-05-12 14:04:00,feature_request,medium,5.6,4,closed
TCK-001245,CUST-00820,2026-01-08 15:07:00,2026-01-08 15:32:48,technical_issue,low,0.43,5,closed
TCK-001246,CUST-00820,2025-12-23 10:30:00,2025-12-24 09:31:48,feature_request,high,23.03,4,closed
TCK-001247,CUST-00821,2025-04-06 11:10:00,2025-04-06 13:44:12,technical_issue,low,2.57,4,closed
TCK-001248,CUST-00822,2025-07-05 11:59:00,2025-07-06 01:57:12,billing,urgent,13.97,1,closed
TCK-001249,CUST-00822,2025-07-30 09:12:00,2025-07-30 23:57:00,feature_request,low,14.75,1,closed
TCK-001250,CUST-00822,2025-08-26 17:33:00,2025-08-27 13:28:48,cancellation_request,medium,19.93,1,closed
TCK-001251,CUST-00823,2026-01-29 18:37:00,2026-01-30 00:05:48,technical_issue,medium,5.48,1,closed
TCK-001252,CUST-00823,2025-09-07 11:02:00,2025-09-07 16:53:36,billing,urgent,5.86,5,closed
TCK-001253,CUST-00823,2025-11-10 12:30:00,2025-11-11 00:30:00,billing,medium,12.0,3,closed
TCK-001254,CUST-00824,2026-05-07 08:02:00,2026-05-08 01:42:48,billing,urgent,17.68,1,closed
TCK-001255,CUST-00824,2026-05-19 13:34:00,2026-05-22 00:16:00,technical_issue,medium,58.7,5,closed
TCK-001256,CUST-00824,2026-05-28 12:05:00,2026-05-29 02:42:48,billing,high,14.63,1,closed
TCK-001257,CUST-00825,2026-06-09 09:29:00,2026-06-09 14:29:36,feature_request,low,5.01,3,closed
TCK-001258,CUST-00825,2026-05-05 18:53:00,2026-05-06 00:44:00,billing,low,5.85,4,closed
TCK-001259,CUST-00828,2025-11-15 09:10:00,2025-11-15 10:42:24,billing,medium,1.54,5,closed
TCK-001260,CUST-00828,2025-05-26 17:19:00,2025-05-26 23:41:12,billing,medium,6.37,3,closed
TCK-001261,CUST-00829,2026-01-16 15:40:00,2026-01-17 05:58:00,technical_issue,medium,14.3,1,closed
TCK-001262,CUST-00829,2025-11-19 18:42:00,2025-11-20 04:28:48,billing,medium,9.78,3,closed
TCK-001263,CUST-00831,2026-02-01 11:40:00,2026-02-02 16:23:48,technical_issue,medium,28.73,4,closed
TCK-001264,CUST-00831,2026-04-16 12:05:00,2026-04-16 16:06:12,feature_request,medium,4.02,5,closed
TCK-001265,CUST-00833,2026-05-19 13:38:00,2026-05-19 21:06:12,feature_request,medium,7.47,1,closed
TCK-001266,CUST-00833,2025-11-28 10:41:00,2025-11-28 15:07:24,technical_issue,medium,4.44,4,closed
TCK-001267,CUST-00834,2026-08-09 13:33:00,2026-08-09 14:55:48,technical_issue,medium,1.38,4,closed
TCK-001268,CUST-00835,2026-02-03 09:43:00,2026-02-04 00:18:24,feature_request,urgent,14.59,2,closed
TCK-001269,CUST-00835,2025-12-14 10:56:00,2025-12-15 10:18:48,technical_issue,medium,23.38,1,closed
TCK-001270,CUST-00836,2026-05-01 19:08:00,2026-05-02 09:18:48,feature_request,low,14.18,3,closed
TCK-001271,CUST-00836,2026-02-17 17:10:00,2026-02-19 19:29:12,technical_issue,urgent,50.32,1,closed
TCK-001272,CUST-00836,2026-03-15 15:50:00,2026-03-18 16:52:24,billing,high,73.04,1,closed
TCK-001273,CUST-00836,2025-08-29 18:08:00,2025-08-30 22:18:48,technical_issue,medium,28.18,1,closed
TCK-001274,CUST-00838,2026-05-27 14:54:00,2026-05-27 15:34:12,feature_request,low,0.67,4,closed
TCK-001275,CUST-00840,2026-08-16 14:05:00,2026-08-17 02:45:12,account_access,medium,12.67,3,closed
TCK-001276,CUST-00840,2026-05-08 17:50:00,2026-05-09 02:26:36,technical_issue,low,8.61,2,closed
TCK-001277,CUST-00841,2025-04-11 08:58:00,2025-04-11 20:31:36,technical_issue,medium,11.56,2,closed
TCK-001278,CUST-00842,2026-04-16 13:35:00,2026-04-16 13:43:24,technical_issue,high,0.14,5,closed
TCK-001279,CUST-00843,2026-08-14 18:42:00,2026-08-15 05:06:36,billing,low,10.41,4,closed
TCK-001280,CUST-00844,2026-03-27 10:37:00,2026-03-27 11:16:00,feature_request,medium,0.65,1,closed
TCK-001281,CUST-00844,2026-06-20 10:45:00,2026-06-20 17:18:00,feature_request,medium,6.55,4,closed
TCK-001282,CUST-00844,2026-08-11 08:13:00,2026-08-11 16:01:36,feature_request,high,7.81,5,closed
TCK-001283,CUST-00844,2026-05-29 15:55:00,2026-05-30 01:16:00,feature_request,low,9.35,5,closed
TCK-001284,CUST-00845,2026-08-02 15:31:00,2026-08-02 22:01:36,technical_issue,medium,6.51,1,closed
TCK-001285,CUST-00845,2026-04-30 19:01:00,2026-05-01 07:34:00,feature_request,low,12.55,4,closed
TCK-001286,CUST-00845,2026-09-01 08:44:00,2026-09-01 09:07:24,billing,medium,0.39,4,closed
TCK-001287,CUST-00845,2026-09-01 17:12:00,2026-09-02 00:45:36,billing,low,7.56,5,closed
TCK-001288,CUST-00849,2026-03-17 18:14:00,2026-03-17 22:45:12,technical_issue,high,4.52,5,closed
TCK-001289,CUST-00849,2026-04-18 19:09:00,2026-04-21 08:21:00,technical_issue,low,61.2,3,closed
TCK-001290,CUST-00849,2026-02-09 08:20:00,2026-02-09 10:11:00,technical_issue,high,1.85,2,closed
TCK-001291,CUST-00850,2026-01-02 13:55:00,2026-01-03 02:12:24,billing,high,12.29,1,closed
TCK-001292,CUST-00850,2025-08-22 09:13:00,2025-08-23 01:25:36,cancellation_request,high,16.21,2,closed
TCK-001293,CUST-00851,2026-07-05 18:02:00,2026-07-05 19:23:36,feature_request,medium,1.36,5,closed
TCK-001294,CUST-00851,2026-07-17 11:50:00,2026-07-17 12:31:24,account_access,high,0.69,5,closed
TCK-001295,CUST-00851,2026-07-07 13:29:00,2026-07-07 18:14:36,account_access,low,4.76,5,closed
TCK-001296,CUST-00852,2025-11-05 09:49:00,2025-11-06 02:23:12,technical_issue,medium,16.57,1,closed
TCK-001297,CUST-00853,2024-09-24 14:24:00,2024-09-25 19:53:24,technical_issue,high,29.49,2,closed
TCK-001298,CUST-00853,2024-08-19 15:40:00,2024-08-19 20:20:48,billing,high,4.68,2,closed
TCK-001299,CUST-00853,2024-10-10 12:50:00,2024-10-10 18:27:12,account_access,high,5.62,2,closed
TCK-001300,CUST-00854,2025-02-18 18:35:00,2025-02-20 00:47:00,technical_issue,medium,30.2,1,closed
TCK-001301,CUST-00854,2024-11-25 16:16:00,2024-11-25 19:04:00,technical_issue,high,2.8,2,closed
TCK-001302,CUST-00854,2025-02-26 15:27:00,2025-02-26 16:42:36,billing,urgent,1.26,1,closed
TCK-001303,CUST-00854,2025-01-06 19:04:00,2025-01-07 03:14:48,cancellation_request,high,8.18,3,closed
TCK-001304,CUST-00855,2026-06-27 18:42:00,2026-06-27 22:31:12,technical_issue,high,3.82,4,closed
TCK-001305,CUST-00856,2024-11-21 08:15:00,2024-11-21 20:15:00,billing,high,12.0,3,closed
TCK-001306,CUST-00856,2025-02-18 10:03:00,2025-02-19 20:08:24,billing,urgent,34.09,1,closed
TCK-001307,CUST-00856,2025-03-21 16:46:00,2025-03-23 07:05:48,billing,medium,38.33,1,closed
TCK-001308,CUST-00857,2026-06-20 17:15:00,2026-06-20 18:00:00,technical_issue,medium,0.75,4,closed
TCK-001309,CUST-00857,2026-06-08 09:52:00,2026-06-09 03:37:36,technical_issue,medium,17.76,5,closed
TCK-001310,CUST-00859,2026-02-13 17:22:00,2026-02-13 18:26:12,billing,medium,1.07,1,closed
TCK-001311,CUST-00859,2026-07-05 11:24:00,2026-07-06 19:38:24,technical_issue,medium,32.24,2,closed
TCK-001312,CUST-00859,2026-04-17 14:36:00,2026-04-17 21:26:24,billing,high,6.84,2,closed
TCK-001313,CUST-00859,2026-03-03 12:55:00,2026-03-04 13:55:36,billing,high,25.01,3,closed
TCK-001314,CUST-00860,2026-04-19 09:05:00,2026-04-20 03:35:36,feature_request,medium,18.51,4,closed
TCK-001315,CUST-00860,2026-01-08 15:34:00,2026-01-08 23:42:24,billing,medium,8.14,4,closed
TCK-001316,CUST-00862,2025-02-05 11:44:00,2025-02-05 11:54:12,billing,high,0.17,3,closed
TCK-001317,CUST-00862,2026-04-29 16:10:00,2026-04-30 01:52:00,account_access,medium,9.7,3,closed
TCK-001318,CUST-00862,2025-01-16 20:31:00,2025-01-16 21:22:00,technical_issue,high,0.85,1,closed
TCK-001319,CUST-00862,2025-02-23 18:08:00,2025-02-27 03:44:00,billing,urgent,81.6,2,closed
TCK-001320,CUST-00863,2025-04-08 12:42:00,2025-04-09 20:08:24,billing,high,31.44,1,closed
TCK-001321,CUST-00863,2025-03-23 09:36:00,2025-03-23 11:23:24,billing,low,1.79,2,closed
TCK-001322,CUST-00864,2025-07-22 08:10:00,2025-07-22 12:14:12,feature_request,low,4.07,5,closed
TCK-001323,CUST-00865,2025-06-28 14:00:00,2025-06-28 23:23:24,technical_issue,low,9.39,1,closed
TCK-001324,CUST-00865,2025-06-15 12:01:00,2025-06-16 02:52:00,account_access,urgent,14.85,2,closed
TCK-001325,CUST-00865,2025-06-21 11:18:00,2025-06-21 11:39:36,technical_issue,urgent,0.36,5,closed
TCK-001326,CUST-00866,2026-06-12 09:40:00,2026-06-12 14:16:00,feature_request,medium,4.6,4,closed
TCK-001327,CUST-00867,2026-01-26 09:48:00,2026-01-27 04:40:12,billing,high,18.87,5,closed
TCK-001328,CUST-00867,2026-03-05 09:44:00,2026-03-06 03:38:36,cancellation_request,urgent,17.91,2,closed
TCK-001329,CUST-00867,2026-03-18 14:33:00,2026-03-18 17:45:36,account_access,medium,3.21,5,closed
TCK-001330,CUST-00867,2026-01-28 09:29:00,2026-01-29 15:26:36,billing,medium,29.96,3,closed
TCK-001331,CUST-00867,2026-02-01 08:08:00,2026-02-01 12:20:00,cancellation_request,low,4.2,2,closed
TCK-001332,CUST-00867,2026-02-19 17:16:00,2026-02-21 01:10:36,feature_request,high,31.91,4,closed
TCK-001333,CUST-00868,2025-07-07 08:00:00,2025-07-08 06:02:24,technical_issue,high,22.04,2,closed
TCK-001334,CUST-00868,2025-05-07 17:07:00,2025-05-08 20:03:24,billing,medium,26.94,2,closed
TCK-001335,CUST-00868,2025-06-29 18:54:00,2025-06-30 15:53:24,billing,high,20.99,4,closed
TCK-001336,CUST-00868,2024-11-06 12:24:00,2024-11-07 19:37:12,account_access,high,31.22,2,closed
TCK-001337,CUST-00870,2026-02-07 17:55:00,2026-02-07 22:44:12,billing,urgent,4.82,5,closed
TCK-001338,CUST-00871,2026-06-14 10:48:00,2026-06-15 00:06:36,technical_issue,low,13.31,4,closed
TCK-001339,CUST-00871,2026-08-16 13:52:00,2026-08-17 05:35:48,feature_request,urgent,15.73,4,closed
TCK-001340,CUST-00871,2026-06-11 08:48:00,2026-06-11 12:24:36,technical_issue,medium,3.61,4,closed
TCK-001341,CUST-00872,2026-06-01 12:33:00,2026-06-02 10:10:12,feature_request,low,21.62,4,closed
TCK-001342,CUST-00873,2025-09-07 16:44:00,2025-09-08 06:47:36,technical_issue,medium,14.06,5,closed
TCK-001343,CUST-00874,2025-03-20 08:38:00,2025-03-22 11:02:36,account_access,medium,50.41,1,closed
TCK-001344,CUST-00874,2025-04-03 17:47:00,2025-04-05 01:37:24,technical_issue,medium,31.84,2,closed
TCK-001345,CUST-00874,2025-02-18 15:32:00,2025-02-18 19:58:24,technical_issue,low,4.44,1,closed
TCK-001346,CUST-00875,2025-07-23 15:42:00,2025-07-23 18:17:24,billing,medium,2.59,3,closed
TCK-001347,CUST-00875,2025-10-13 14:18:00,2025-10-13 18:24:00,technical_issue,low,4.1,4,closed
TCK-001348,CUST-00875,2026-06-28 18:25:00,2026-06-29 01:07:00,feature_request,low,6.7,4,closed
TCK-001349,CUST-00877,2026-03-22 13:01:00,2026-03-22 22:41:48,technical_issue,medium,9.68,2,closed
TCK-001350,CUST-00877,2025-10-04 18:21:00,2025-10-05 08:11:24,cancellation_request,high,13.84,1,closed
TCK-001351,CUST-00878,2026-08-20 12:40:00,2026-08-20 14:53:12,account_access,medium,2.22,5,closed
TCK-001352,CUST-00879,2026-04-22 10:54:00,2026-04-22 11:27:00,feature_request,low,0.55,4,closed
TCK-001353,CUST-00881,2024-12-29 12:01:00,2024-12-30 15:13:36,technical_issue,medium,27.21,3,closed
TCK-001354,CUST-00881,2024-11-30 08:46:00,2024-11-30 15:34:36,billing,high,6.81,1,closed
TCK-001355,CUST-00881,2024-12-30 13:16:00,2025-01-02 09:34:00,technical_issue,high,68.3,1,closed
TCK-001356,CUST-00881,2024-12-18 18:13:00,2024-12-18 19:16:00,cancellation_request,medium,1.05,3,closed
TCK-001357,CUST-00882,2026-04-01 18:33:00,2026-04-02 09:36:36,technical_issue,high,15.06,1,closed
TCK-001358,CUST-00882,2026-06-15 16:43:00,2026-06-15 19:33:24,billing,low,2.84,1,closed
TCK-001359,CUST-00882,2026-07-04 17:09:00,2026-07-05 22:09:36,billing,high,29.01,3,closed
TCK-001360,CUST-00882,2026-06-13 16:25:00,2026-06-13 20:27:24,technical_issue,medium,4.04,2,closed
TCK-001361,CUST-00882,2026-05-16 19:03:00,2026-05-19 19:27:00,technical_issue,medium,72.4,1,closed
TCK-001362,CUST-00883,2025-11-24 13:41:00,2025-11-24 15:37:24,cancellation_request,low,1.94,4,closed
TCK-001363,CUST-00884,2024-06-19 09:37:00,2024-06-19 14:35:48,billing,high,4.98,1,closed
TCK-001364,CUST-00884,2024-09-15 17:18:00,2024-09-15 21:36:36,technical_issue,urgent,4.31,2,closed
TCK-001365,CUST-00886,2025-09-25 14:46:00,2025-09-25 16:06:24,account_access,low,1.34,4,closed
TCK-001366,CUST-00886,2025-12-31 20:09:00,2025-12-31 20:44:24,account_access,medium,0.59,5,closed
TCK-001367,CUST-00886,2026-04-03 15:17:00,2026-04-03 17:17:00,technical_issue,medium,2.0,1,closed
TCK-001368,CUST-00887,2025-12-14 19:10:00,2025-12-16 23:58:00,cancellation_request,urgent,52.8,1,closed
TCK-001369,CUST-00887,2026-01-14 11:04:00,2026-01-15 15:52:36,technical_issue,urgent,28.81,2,closed
TCK-001370,CUST-00888,2026-06-13 09:43:00,2026-06-13 11:19:00,feature_request,low,1.6,5,closed
TCK-001371,CUST-00889,2026-08-21 18:05:00,2026-08-22 10:22:24,account_access,medium,16.29,2,closed
TCK-001372,CUST-00891,2026-03-11 09:06:00,2026-03-11 12:26:24,cancellation_request,low,3.34,4,closed
TCK-001373,CUST-00892,2025-08-18 09:31:00,2025-08-18 22:35:48,billing,high,13.08,1,closed
TCK-001374,CUST-00892,2025-09-09 20:49:00,2025-09-10 01:46:00,billing,medium,4.95,3,closed
TCK-001375,CUST-00892,2026-04-15 17:46:00,2026-04-17 10:57:24,billing,medium,41.19,3,closed
TCK-001376,CUST-00892,2026-05-23 08:10:00,2026-05-27 06:14:48,technical_issue,high,94.08,2,closed
TCK-001377,CUST-00892,2025-11-13 15:45:00,2025-11-14 04:25:48,technical_issue,urgent,12.68,4,closed
TCK-001378,CUST-00892,2026-03-11 16:06:00,2026-03-12 03:37:48,cancellation_request,high,11.53,1,closed
TCK-001379,CUST-00892,2025-06-03 15:58:00,2025-06-04 01:46:00,technical_issue,medium,9.8,1,closed
TCK-001380,CUST-00893,2026-02-15 18:21:00,2026-02-16 13:18:00,account_access,high,18.95,1,closed
TCK-001381,CUST-00893,2026-03-11 15:26:00,2026-03-11 16:36:12,cancellation_request,medium,1.17,2,closed
TCK-001382,CUST-00893,2026-02-04 14:45:00,2026-02-05 11:52:48,cancellation_request,high,21.13,2,closed
TCK-001383,CUST-00893,2026-03-04 18:02:00,2026-03-04 23:12:12,technical_issue,medium,5.17,3,closed
TCK-001384,CUST-00894,2025-04-16 17:16:00,2025-04-17 07:38:48,technical_issue,high,14.38,3,closed
TCK-001385,CUST-00894,2025-05-14 09:43:00,2025-05-14 21:47:48,technical_issue,medium,12.08,1,closed
TCK-001386,CUST-00897,2025-07-21 18:01:00,2025-07-22 12:20:12,account_access,high,18.32,1,closed
TCK-001387,CUST-00897,2025-08-01 14:18:00,2025-08-03 08:27:00,billing,medium,42.15,1,closed
TCK-001388,CUST-00897,2025-08-15 19:23:00,2025-08-16 18:44:00,technical_issue,high,23.35,2,closed
TCK-001389,CUST-00897,2025-09-04 11:00:00,2025-09-05 09:12:00,technical_issue,medium,22.2,2,closed
TCK-001390,CUST-00897,2025-05-30 18:23:00,2025-06-02 20:14:00,cancellation_request,high,73.85,1,closed
TCK-001391,CUST-00897,2025-08-13 15:12:00,2025-08-14 11:40:12,technical_issue,urgent,20.47,2,closed
TCK-001392,CUST-00900,2026-07-11 08:01:00,2026-07-12 01:30:24,technical_issue,medium,17.49,5,closed
TCK-001393,CUST-00900,2026-04-19 10:18:00,2026-04-19 16:40:12,feature_request,low,6.37,2,closed
TCK-001394,CUST-00900,2026-06-21 08:18:00,2026-06-21 11:51:00,billing,low,3.55,4,closed
TCK-001395,CUST-00901,2026-05-14 13:48:00,2026-05-15 05:30:36,billing,low,15.71,1,closed
TCK-001396,CUST-00902,2025-11-01 09:57:00,2025-11-01 14:22:48,billing,urgent,4.43,3,closed
TCK-001397,CUST-00902,2026-08-29 19:30:00,2026-08-29 21:18:00,technical_issue,urgent,1.8,5,closed
TCK-001398,CUST-00902,2026-01-08 14:29:00,2026-01-08 18:03:12,account_access,medium,3.57,4,closed
TCK-001399,CUST-00903,2025-12-31 10:15:00,2025-12-31 10:23:24,technical_issue,medium,0.14,2,closed
TCK-001400,CUST-00903,2026-03-18 12:56:00,2026-03-19 18:19:24,technical_issue,medium,29.39,2,closed
TCK-001401,CUST-00903,2026-02-25 13:33:00,2026-02-26 04:37:48,billing,medium,15.08,2,closed
TCK-001402,CUST-00904,2026-06-16 13:30:00,2026-06-16 16:25:48,billing,medium,2.93,4,closed
TCK-001403,CUST-00904,2025-11-12 11:04:00,2025-11-13 13:51:24,account_access,medium,26.79,4,closed
TCK-001404,CUST-00904,2025-04-09 19:07:00,2025-04-10 03:25:36,technical_issue,medium,8.31,2,closed
TCK-001405,CUST-00905,2026-07-08 08:36:00,2026-07-08 13:57:36,feature_request,low,5.36,5,closed
TCK-001406,CUST-00905,2026-06-22 08:40:00,2026-06-22 12:38:12,feature_request,low,3.97,5,closed
TCK-001407,CUST-00905,2026-06-17 12:20:00,2026-06-18 03:23:36,feature_request,low,15.06,4,closed
TCK-001408,CUST-00905,2026-07-04 10:19:00,2026-07-04 10:43:36,billing,low,0.41,3,closed
TCK-001409,CUST-00907,2026-08-04 15:45:00,2026-08-05 08:29:24,technical_issue,high,16.74,4,closed
TCK-001410,CUST-00907,2026-07-20 12:38:00,2026-07-20 19:48:12,billing,urgent,7.17,5,closed
TCK-001411,CUST-00908,2026-02-22 14:51:00,2026-02-22 17:59:24,feature_request,medium,3.14,5,closed
TCK-001412,CUST-00909,2025-12-17 14:14:00,2025-12-17 14:29:36,technical_issue,medium,0.26,2,closed
TCK-001413,CUST-00911,2026-02-23 11:57:00,2026-02-23 21:36:00,billing,high,9.65,4,closed
TCK-001414,CUST-00911,2026-08-22 11:13:00,2026-08-22 16:09:24,feature_request,medium,4.94,4,closed
TCK-001415,CUST-00912,2026-06-22 14:38:00,2026-06-22 15:46:24,feature_request,low,1.14,3,closed
TCK-001416,CUST-00912,2025-12-01 10:11:00,2025-12-01 23:10:24,technical_issue,low,12.99,3,closed
TCK-001417,CUST-00913,2026-07-02 19:18:00,2026-07-03 01:34:48,technical_issue,medium,6.28,3,closed
TCK-001418,CUST-00914,2025-04-06 14:23:00,2025-04-09 02:40:24,billing,medium,60.29,1,closed
TCK-001419,CUST-00914,2025-03-18 19:38:00,2025-03-18 19:57:48,technical_issue,high,0.33,1,closed
TCK-001420,CUST-00916,2025-09-19 12:06:00,2025-09-19 21:10:12,technical_issue,medium,9.07,1,closed
TCK-001421,CUST-00916,2025-08-22 20:56:00,2025-08-24 17:08:36,feature_request,low,44.21,2,closed
TCK-001422,CUST-00918,2025-01-20 19:05:00,2025-01-21 19:15:12,billing,medium,24.17,2,closed
TCK-001423,CUST-00918,2025-02-15 09:12:00,2025-02-15 16:27:36,billing,high,7.26,3,closed
TCK-001424,CUST-00919,2025-06-11 20:04:00,2025-06-13 09:41:12,billing,urgent,37.62,3,closed
TCK-001425,CUST-00919,2025-02-14 14:20:00,2025-02-14 15:39:48,billing,high,1.33,2,closed
TCK-001426,CUST-00919,2025-04-17 16:42:00,2025-04-18 16:02:24,billing,high,23.34,2,closed
TCK-001427,CUST-00921,2025-12-31 18:45:00,2026-01-01 15:00:36,technical_issue,high,20.26,1,closed
TCK-001428,CUST-00921,2025-11-05 12:32:00,2025-11-05 18:18:12,billing,high,5.77,5,closed
TCK-001429,CUST-00921,2026-02-24 10:33:00,2026-02-25 04:00:00,cancellation_request,urgent,17.45,3,closed
TCK-001430,CUST-00922,2026-05-18 14:48:00,2026-05-18 16:30:36,feature_request,low,1.71,5,closed
TCK-001431,CUST-00922,2026-07-14 10:40:00,2026-07-14 15:44:48,billing,high,5.08,2,closed
TCK-001432,CUST-00923,2026-01-29 19:41:00,2026-01-30 04:13:24,account_access,high,8.54,2,closed
TCK-001433,CUST-00923,2026-01-08 11:52:00,2026-01-09 03:49:00,cancellation_request,low,15.95,4,closed
TCK-001434,CUST-00923,2025-10-03 11:16:00,2025-10-04 14:59:12,billing,high,27.72,4,closed
TCK-001435,CUST-00924,2026-01-17 12:15:00,2026-01-18 02:42:00,account_access,medium,14.45,4,closed
TCK-001436,CUST-00924,2025-07-22 12:33:00,2025-07-22 13:29:24,feature_request,high,0.94,5,closed
TCK-001437,CUST-00927,2026-06-09 20:08:00,2026-06-09 21:11:00,feature_request,medium,1.05,5,closed
TCK-001438,CUST-00928,2026-07-22 10:38:00,2026-07-22 14:32:00,feature_request,medium,3.9,3,closed
TCK-001439,CUST-00929,2025-09-02 18:38:00,2025-09-03 01:27:12,technical_issue,medium,6.82,3,closed
TCK-001440,CUST-00929,2025-06-08 12:00:00,2025-06-09 20:19:12,billing,urgent,32.32,2,closed
TCK-001441,CUST-00930,2026-06-19 11:12:00,2026-06-19 12:32:24,billing,medium,1.34,4,closed
TCK-001442,CUST-00930,2025-09-18 16:05:00,2025-09-18 17:01:24,technical_issue,low,0.94,4,closed
TCK-001443,CUST-00930,2025-08-25 10:25:00,2025-08-25 12:10:36,cancellation_request,low,1.76,4,closed
TCK-001444,CUST-00931,2026-06-18 10:48:00,2026-06-18 10:58:48,account_access,high,0.18,5,closed
TCK-001445,CUST-00931,2026-04-22 11:18:00,2026-04-22 12:26:24,cancellation_request,medium,1.14,5,closed
TCK-001446,CUST-00931,2026-02-04 13:16:00,2026-02-04 19:26:48,account_access,medium,6.18,4,closed
TCK-001447,CUST-00932,2024-09-26 10:16:00,2024-09-26 17:42:24,technical_issue,high,7.44,2,closed
TCK-001448,CUST-00933,2026-07-19 14:46:00,2026-07-19 17:47:12,technical_issue,urgent,3.02,2,closed
TCK-001449,CUST-00933,2026-07-16 13:24:00,2026-07-16 14:21:00,technical_issue,medium,0.95,1,closed
TCK-001450,CUST-00933,2026-07-22 19:14:00,2026-07-25 08:27:12,billing,low,61.22,3,closed
TCK-001451,CUST-00934,2026-08-30 19:34:00,2026-08-31 02:51:24,account_access,medium,7.29,4,closed
TCK-001452,CUST-00935,2026-05-15 12:05:00,2026-05-15 14:20:36,cancellation_request,low,2.26,3,closed
TCK-001453,CUST-00935,2026-04-09 12:32:00,2026-04-09 21:42:48,feature_request,low,9.18,2,closed
TCK-001454,CUST-00935,2026-04-15 15:10:00,2026-04-16 03:28:00,billing,medium,12.3,3,closed
TCK-001455,CUST-00936,2026-01-26 15:52:00,2026-01-26 18:41:12,technical_issue,medium,2.82,5,closed
TCK-001456,CUST-00936,2026-01-18 18:06:00,2026-01-19 06:34:48,feature_request,low,12.48,5,closed
TCK-001457,CUST-00937,2025-12-01 17:30:00,2025-12-02 04:24:36,billing,medium,10.91,5,closed
TCK-001458,CUST-00938,2025-12-25 15:43:00,2025-12-25 16:08:48,billing,high,0.43,1,closed
TCK-001459,CUST-00938,2025-12-13 13:03:00,2025-12-14 08:07:12,technical_issue,low,19.07,1,closed
TCK-001460,CUST-00938,2025-12-19 16:11:00,2025-12-19 16:34:24,cancellation_request,high,0.39,3,closed
TCK-001461,CUST-00938,2025-11-21 18:21:00,2025-11-22 02:13:12,cancellation_request,high,7.87,3,closed
TCK-001462,CUST-00938,2025-12-07 15:57:00,2025-12-07 17:48:36,feature_request,medium,1.86,4,closed
TCK-001463,CUST-00940,2025-05-13 15:25:00,2025-05-13 21:46:36,cancellation_request,high,6.36,2,closed
TCK-001464,CUST-00940,2025-06-20 17:15:00,2025-06-21 01:56:24,cancellation_request,low,8.69,3,closed
TCK-001465,CUST-00940,2025-05-13 18:07:00,2025-05-14 04:48:24,cancellation_request,high,10.69,1,closed
TCK-001466,CUST-00943,2026-07-31 20:01:00,2026-08-01 05:43:00,account_access,urgent,9.7,4,closed
TCK-001467,CUST-00944,2026-04-10 10:09:00,2026-04-11 01:42:36,feature_request,high,15.56,5,closed
TCK-001468,CUST-00945,2026-02-25 13:35:00,2026-02-26 13:05:36,account_access,high,23.51,2,closed
TCK-001469,CUST-00945,2025-12-18 19:04:00,2025-12-18 20:52:00,technical_issue,urgent,1.8,1,closed
TCK-001470,CUST-00945,2026-02-05 14:16:00,2026-02-05 15:12:24,technical_issue,urgent,0.94,1,closed
TCK-001471,CUST-00945,2025-08-10 08:52:00,2025-08-10 21:57:24,feature_request,medium,13.09,1,closed
TCK-001472,CUST-00946,2026-05-05 12:10:00,2026-05-05 16:34:00,technical_issue,high,4.4,5,closed
TCK-001473,CUST-00946,2026-01-26 18:04:00,2026-01-27 10:47:48,account_access,high,16.73,4,closed
TCK-001474,CUST-00947,2025-07-27 13:33:00,2025-07-27 18:56:24,billing,medium,5.39,2,closed
TCK-001475,CUST-00947,2025-07-03 17:47:00,2025-07-03 18:18:12,billing,high,0.52,1,closed
TCK-001476,CUST-00947,2025-07-04 17:14:00,2025-07-04 22:50:36,cancellation_request,urgent,5.61,1,closed
TCK-001477,CUST-00949,2025-06-19 18:33:00,2025-06-21 08:28:48,billing,medium,37.93,3,closed
TCK-001478,CUST-00950,2025-11-21 13:12:00,2025-11-21 19:17:24,technical_issue,high,6.09,2,closed
TCK-001479,CUST-00950,2025-12-15 18:54:00,2025-12-16 17:16:48,technical_issue,urgent,22.38,1,closed
TCK-001480,CUST-00950,2026-02-11 13:19:00,2026-02-12 00:57:24,technical_issue,medium,11.64,3,closed
TCK-001481,CUST-00950,2026-01-05 15:50:00,2026-01-05 20:12:48,billing,high,4.38,1,closed
TCK-001482,CUST-00950,2025-10-30 20:44:00,2025-10-31 22:45:12,technical_issue,urgent,26.02,3,closed
TCK-001483,CUST-00950,2025-12-17 19:25:00,2025-12-18 11:04:00,billing,low,15.65,3,closed
TCK-001484,CUST-00951,2026-04-15 16:20:00,2026-04-15 19:45:48,technical_issue,medium,3.43,5,closed
TCK-001485,CUST-00951,2026-07-03 13:14:00,2026-07-04 03:50:36,technical_issue,medium,14.61,5,closed
TCK-001486,CUST-00951,2026-07-14 13:59:00,2026-07-14 22:59:00,cancellation_request,low,9.0,5,closed
TCK-001487,CUST-00952,2026-05-18 15:46:00,2026-05-18 20:20:12,account_access,high,4.57,3,closed
TCK-001488,CUST-00952,2026-01-17 19:04:00,2026-01-17 19:44:48,account_access,medium,0.68,4,closed
TCK-001489,CUST-00952,2026-02-19 08:18:00,2026-02-19 15:56:24,technical_issue,low,7.64,3,closed
TCK-001490,CUST-00953,2026-08-31 15:23:00,2026-09-01 05:48:48,account_access,medium,14.43,3,closed
TCK-001491,CUST-00953,2026-06-27 08:34:00,2026-06-27 10:37:36,billing,high,2.06,4,closed
TCK-001492,CUST-00955,2026-02-20 13:17:00,2026-02-20 18:20:36,feature_request,high,5.06,4,closed
TCK-001493,CUST-00955,2026-06-20 09:25:00,2026-06-20 16:03:24,billing,low,6.64,5,closed
TCK-001494,CUST-00955,2026-05-18 20:39:00,2026-05-19 00:48:36,feature_request,medium,4.16,3,closed
TCK-001495,CUST-00956,2026-04-23 17:41:00,2026-04-23 20:44:00,feature_request,low,3.05,3,closed
TCK-001496,CUST-00957,2026-05-20 14:17:00,2026-05-20 18:59:00,feature_request,low,4.7,1,closed
TCK-001497,CUST-00957,2026-05-11 09:23:00,2026-05-11 10:59:00,billing,medium,1.6,2,closed
TCK-001498,CUST-00959,2025-01-06 14:00:00,2025-01-06 18:28:48,technical_issue,medium,4.48,4,closed
TCK-001499,CUST-00960,2025-03-24 19:22:00,2025-03-24 23:41:48,billing,high,4.33,3,closed
TCK-001500,CUST-00960,2024-10-13 14:46:00,2024-10-13 23:39:24,cancellation_request,low,8.89,3,closed
TCK-001501,CUST-00961,2025-04-24 19:29:00,2025-04-25 05:08:36,billing,high,9.66,2,closed
TCK-001502,CUST-00961,2025-03-10 11:16:00,2025-03-13 06:35:48,cancellation_request,urgent,67.33,1,closed
TCK-001503,CUST-00961,2024-11-20 10:40:00,2024-11-22 05:01:36,billing,high,42.36,2,closed
TCK-001504,CUST-00962,2026-03-01 13:28:00,2026-03-01 14:25:00,feature_request,low,0.95,5,closed
TCK-001505,CUST-00962,2026-02-13 12:26:00,2026-02-13 15:42:12,billing,high,3.27,2,closed
TCK-001506,CUST-00962,2026-07-13 14:18:00,2026-07-13 21:00:00,billing,low,6.7,5,closed
TCK-001507,CUST-00962,2026-05-05 10:42:00,2026-05-05 19:14:24,account_access,low,8.54,3,closed
TCK-001508,CUST-00965,2024-09-06 18:53:00,2024-09-07 19:26:36,technical_issue,medium,24.56,4,closed
TCK-001509,CUST-00966,2026-04-24 13:35:00,2026-04-24 15:30:48,billing,low,1.93,3,closed
TCK-001510,CUST-00967,2025-05-09 14:35:00,2025-05-12 08:53:00,billing,urgent,66.3,5,closed
TCK-001511,CUST-00967,2025-05-13 08:31:00,2025-05-14 06:44:48,technical_issue,high,22.23,2,closed
TCK-001512,CUST-00968,2026-01-17 17:25:00,2026-01-18 06:38:48,billing,urgent,13.23,5,closed
TCK-001513,CUST-00968,2026-04-12 14:51:00,2026-04-12 16:21:36,cancellation_request,medium,1.51,4,closed
TCK-001514,CUST-00968,2025-11-07 19:23:00,2025-11-07 19:46:24,feature_request,medium,0.39,4,closed
TCK-001515,CUST-00969,2026-04-06 17:46:00,2026-04-07 04:56:12,billing,medium,11.17,5,closed
TCK-001516,CUST-00973,2026-04-17 14:24:00,2026-04-19 01:46:48,feature_request,low,35.38,1,closed
TCK-001517,CUST-00973,2026-05-22 08:09:00,2026-05-25 07:22:48,billing,medium,71.23,2,closed
TCK-001518,CUST-00973,2026-06-24 16:00:00,2026-06-24 17:21:00,feature_request,high,1.35,1,closed
TCK-001519,CUST-00974,2025-08-17 19:37:00,2025-08-17 19:37:36,billing,low,0.01,1,closed
TCK-001520,CUST-00974,2025-05-03 08:59:00,2025-05-03 18:25:24,billing,low,9.44,5,closed
TCK-001521,CUST-00975,2025-09-09 15:18:00,2025-09-09 19:34:48,billing,urgent,4.28,1,closed
TCK-001522,CUST-00975,2025-05-27 17:05:00,2025-05-27 21:22:24,technical_issue,urgent,4.29,2,closed
TCK-001523,CUST-00975,2025-07-03 20:25:00,2025-07-04 10:55:00,billing,urgent,14.5,1,closed
TCK-001524,CUST-00975,2025-11-07 15:55:00,2025-11-08 05:10:36,cancellation_request,high,13.26,1,closed
TCK-001525,CUST-00975,2025-03-20 20:13:00,2025-03-21 07:30:24,technical_issue,medium,11.29,3,closed
TCK-001526,CUST-00975,2025-12-05 16:23:00,2025-12-06 08:44:00,billing,medium,16.35,1,closed
TCK-001527,CUST-00978,2025-01-16 15:12:00,2025-01-17 06:48:36,technical_issue,high,15.61,2,closed
TCK-001528,CUST-00978,2025-02-22 14:29:00,2025-02-23 21:59:00,technical_issue,high,31.5,2,closed
TCK-001529,CUST-00978,2025-02-03 10:55:00,2025-02-03 16:43:00,billing,urgent,5.8,4,closed
TCK-001530,CUST-00979,2024-09-20 15:08:00,2024-09-20 21:24:12,technical_issue,high,6.27,4,closed
TCK-001531,CUST-00980,2025-12-26 18:32:00,2025-12-27 06:50:36,account_access,low,12.31,5,closed
TCK-001532,CUST-00980,2026-05-05 13:06:00,2026-05-05 14:51:00,technical_issue,low,1.75,4,closed
TCK-001533,CUST-00982,2025-01-27 11:04:00,2025-01-28 12:55:00,cancellation_request,medium,25.85,2,closed
TCK-001534,CUST-00982,2025-06-09 16:44:00,2025-06-10 08:39:12,technical_issue,high,15.92,1,closed
TCK-001535,CUST-00982,2025-07-24 19:40:00,2025-07-25 16:46:00,technical_issue,high,21.1,1,closed
TCK-001536,CUST-00984,2025-11-13 12:08:00,2025-11-13 21:27:12,billing,urgent,9.32,1,closed
TCK-001537,CUST-00984,2025-12-07 19:43:00,2025-12-08 20:29:12,cancellation_request,high,24.77,1,closed
TCK-001538,CUST-00984,2025-05-28 08:08:00,2025-05-28 18:24:48,feature_request,high,10.28,2,closed
TCK-001539,CUST-00984,2025-06-14 18:40:00,2025-06-15 03:52:36,billing,high,9.21,1,closed
TCK-001540,CUST-00984,2025-07-12 10:24:00,2025-07-12 14:51:36,technical_issue,medium,4.46,1,closed
TCK-001541,CUST-00984,2026-01-09 19:33:00,2026-01-12 12:59:24,technical_issue,high,65.44,1,closed
TCK-001542,CUST-00984,2025-11-07 16:07:00,2025-11-08 02:01:00,technical_issue,urgent,9.9,2,closed
TCK-001543,CUST-00986,2026-02-08 15:16:00,2026-02-08 16:26:12,feature_request,medium,1.17,5,closed
TCK-001544,CUST-00991,2026-08-22 09:00:00,2026-08-23 07:21:36,feature_request,medium,22.36,2,closed
TCK-001545,CUST-00992,2025-03-20 14:15:00,2025-03-23 21:01:48,billing,urgent,78.78,1,closed
TCK-001546,CUST-00992,2025-03-13 14:15:00,2025-03-14 09:24:00,technical_issue,medium,19.15,3,closed
TCK-001547,CUST-00992,2025-02-28 17:02:00,2025-02-28 21:23:00,technical_issue,high,4.35,3,closed
TCK-001548,CUST-00993,2026-07-29 16:17:00,2026-07-30 01:31:24,billing,medium,9.24,3,closed
TCK-001549,CUST-00993,2026-06-07 18:43:00,2026-06-08 03:45:24,billing,medium,9.04,2,closed
TCK-001550,CUST-00993,2026-07-11 17:21:00,2026-07-14 09:39:36,cancellation_request,medium,64.31,4,closed
TCK-001551,CUST-00994,2025-01-23 08:57:00,2025-01-23 11:48:00,account_access,medium,2.85,5,closed
TCK-001552,CUST-00995,2026-03-27 16:39:00,2026-03-28 21:28:12,cancellation_request,low,28.82,1,closed
TCK-001553,CUST-00995,2026-05-19 15:39:00,2026-05-20 12:29:24,billing,medium,20.84,1,closed
TCK-001554,CUST-00995,2026-04-13 11:23:00,2026-04-13 23:23:00,billing,high,12.0,3,closed
TCK-001555,CUST-00995,2026-04-13 15:52:00,2026-04-13 16:31:00,technical_issue,medium,0.65,2,closed
TCK-001556,CUST-00995,2026-06-23 16:35:00,2026-06-23 19:18:48,feature_request,medium,2.73,1,closed
TCK-001557,CUST-00995,2026-04-28 20:30:00,2026-04-29 20:55:48,billing,medium,24.43,2,closed
TCK-001558,CUST-00996,2024-04-12 13:43:00,2024-04-12 19:00:24,feature_request,low,5.29,4,closed
TCK-001559,CUST-00997,2025-12-25 09:24:00,2025-12-26 00:51:00,billing,high,15.45,3,closed
TCK-001560,CUST-00998,2026-05-09 10:43:00,2026-05-09 13:43:00,feature_request,low,3.0,5,closed
TCK-001561,CUST-00998,2026-07-27 09:38:00,2026-07-27 09:57:48,billing,urgent,0.33,5,closed
TCK-001562,CUST-00999,2025-06-27 10:49:00,2025-06-28 11:30:24,billing,medium,24.69,1,closed
TCK-001563,CUST-00999,2026-01-10 08:42:00,2026-01-10 09:15:00,feature_request,medium,0.55,4,closed
TCK-001564,CUST-00999,2026-04-15 08:21:00,2026-04-15 09:41:24,technical_issue,high,1.34,2,closed
TCK-001565,CUST-01000,2025-11-30 19:20:00,2025-12-01 03:50:00,billing,low,8.5,5,closed
TCK-001566,CUST-01000,2025-09-04 14:14:00,2025-09-04 14:35:00,technical_issue,high,0.35,5,closed
TCK-001567,CUST-01000,2025-07-14 20:20:00,2025-07-14 21:57:12,account_access,low,1.62,5,closed
TCK-001568,CUST-01001,2025-11-16 19:51:00,2025-11-17 03:38:24,cancellation_request,high,7.79,4,closed
TCK-001569,CUST-01002,2026-04-27 20:41:00,2026-04-28 01:27:48,account_access,medium,4.78,3,closed
TCK-001570,CUST-01003,2025-10-02 14:31:00,2025-10-03 01:12:24,technical_issue,urgent,10.69,3,closed
TCK-001571,CUST-01003,2025-07-20 10:40:00,2025-07-20 11:49:00,technical_issue,urgent,1.15,2,closed
TCK-001572,CUST-01003,2025-06-03 16:22:00,2025-06-04 05:32:48,cancellation_request,high,13.18,2,closed
TCK-001573,CUST-01004,2026-06-20 10:57:00,2026-06-20 13:00:36,technical_issue,low,2.06,3,closed
TCK-001574,CUST-01004,2026-06-27 19:55:00,2026-06-28 01:58:36,technical_issue,high,6.06,5,closed
TCK-001575,CUST-01005,2025-09-28 10:33:00,2025-09-29 15:05:24,technical_issue,medium,28.54,2,closed
TCK-001576,CUST-01005,2025-06-10 14:33:00,2025-06-13 19:03:36,billing,high,76.51,1,closed
TCK-001577,CUST-01005,2025-04-29 16:21:00,2025-05-01 15:09:36,technical_issue,high,46.81,3,closed
TCK-001578,CUST-01005,2025-06-20 17:33:00,2025-06-20 22:58:12,account_access,high,5.42,1,closed
TCK-001579,CUST-01005,2025-02-10 08:26:00,2025-02-10 20:16:24,billing,medium,11.84,2,closed
TCK-001580,CUST-01006,2025-08-21 20:15:00,2025-08-22 02:29:24,feature_request,medium,6.24,5,closed
TCK-001581,CUST-01006,2024-10-31 18:07:00,2024-10-31 22:26:12,cancellation_request,medium,4.32,1,closed
TCK-001582,CUST-01007,2024-06-28 08:16:00,2024-06-28 14:55:36,account_access,low,6.66,2,closed
TCK-001583,CUST-01009,2026-02-21 15:16:00,2026-02-21 20:36:24,cancellation_request,medium,5.34,2,closed
TCK-001584,CUST-01009,2025-12-19 11:18:00,2025-12-19 14:01:48,feature_request,medium,2.73,1,closed
TCK-001585,CUST-01009,2026-01-07 20:24:00,2026-01-08 06:40:12,cancellation_request,medium,10.27,5,closed
TCK-001586,CUST-01009,2026-03-21 11:26:00,2026-03-22 03:50:00,account_access,high,16.4,3,closed
TCK-001587,CUST-01009,2025-11-09 16:21:00,2025-11-10 03:49:48,billing,medium,11.48,5,closed
TCK-001588,CUST-01010,2026-08-09 19:55:00,2026-08-09 20:56:48,technical_issue,low,1.03,2,closed
TCK-001589,CUST-01011,2025-10-29 16:24:00,2025-10-30 19:18:00,technical_issue,high,26.9,1,closed
TCK-001590,CUST-01011,2024-11-09 16:59:00,2024-11-11 09:45:12,billing,urgent,40.77,3,closed
TCK-001591,CUST-01011,2025-07-20 18:54:00,2025-07-20 22:23:24,billing,high,3.49,3,closed
TCK-001592,CUST-01011,2025-06-22 18:50:00,2025-06-23 19:14:36,billing,high,24.41,1,closed
TCK-001593,CUST-01011,2026-06-09 15:48:00,2026-06-11 05:39:00,technical_issue,high,37.85,1,closed
TCK-001594,CUST-01011,2025-02-14 10:11:00,2025-02-14 13:29:00,billing,high,3.3,1,closed
TCK-001595,CUST-01011,2025-10-22 18:00:00,2025-10-22 22:40:48,billing,high,4.68,1,closed
TCK-001596,CUST-01011,2025-02-26 14:55:00,2025-02-28 23:51:24,billing,high,56.94,1,closed
TCK-001597,CUST-01013,2026-08-24 09:58:00,2026-08-24 13:32:48,account_access,high,3.58,5,closed
TCK-001598,CUST-01013,2025-05-14 13:03:00,2025-05-14 18:08:24,technical_issue,high,5.09,4,closed
TCK-001599,CUST-01013,2026-08-04 20:34:00,2026-08-05 00:55:36,billing,low,4.36,4,closed
TCK-001600,CUST-01013,2025-05-10 13:42:00,2025-05-10 15:27:00,feature_request,low,1.75,3,closed
TCK-001601,CUST-01014,2025-07-19 15:02:00,2025-07-20 21:02:00,technical_issue,high,30.0,4,closed
TCK-001602,CUST-01014,2024-12-20 09:21:00,2024-12-22 12:04:48,billing,high,50.73,2,closed
TCK-001603,CUST-01014,2024-09-13 13:47:00,2024-09-14 12:56:36,billing,low,23.16,2,closed
TCK-001604,CUST-01014,2025-06-06 08:00:00,2025-06-06 20:30:36,billing,medium,12.51,1,closed
TCK-001605,CUST-01014,2024-07-28 11:58:00,2024-07-29 21:22:36,technical_issue,medium,33.41,1,closed
TCK-001606,CUST-01016,2025-04-11 10:42:00,2025-04-11 11:35:24,technical_issue,medium,0.89,2,closed
TCK-001607,CUST-01017,2025-12-16 10:01:00,2025-12-16 10:07:00,account_access,low,0.1,3,closed
TCK-001608,CUST-01018,2026-07-03 11:51:00,2026-07-04 08:02:24,technical_issue,high,20.19,3,closed
TCK-001609,CUST-01020,2026-08-16 17:37:00,2026-08-17 02:03:24,account_access,low,8.44,5,closed
TCK-001610,CUST-01021,2026-01-16 12:43:00,2026-01-16 12:48:24,technical_issue,high,0.09,3,closed
TCK-001611,CUST-01022,2026-08-08 13:37:00,2026-08-08 14:38:12,technical_issue,urgent,1.02,5,closed
TCK-001612,CUST-01022,2026-08-28 12:54:00,2026-08-28 15:46:12,technical_issue,medium,2.87,3,closed
TCK-001613,CUST-01022,2026-08-11 10:06:00,2026-08-11 14:56:24,billing,medium,4.84,1,closed
TCK-001614,CUST-01023,2025-06-12 15:55:00,2025-06-13 02:32:48,account_access,low,10.63,3,closed
TCK-001615,CUST-01023,2025-06-15 09:51:00,2025-06-15 18:53:24,billing,high,9.04,2,closed
TCK-001616,CUST-01023,2025-07-03 18:23:00,2025-07-06 03:36:48,billing,medium,57.23,4,closed
TCK-001617,CUST-01025,2025-05-21 16:06:00,2025-05-23 03:10:48,feature_request,high,35.08,2,closed
TCK-001618,CUST-01025,2024-10-23 20:04:00,2024-10-23 21:36:24,cancellation_request,medium,1.54,1,closed
TCK-001619,CUST-01026,2025-03-20 19:06:00,2025-03-21 18:13:48,billing,medium,23.13,3,closed
TCK-001620,CUST-01026,2025-03-17 08:17:00,2025-03-17 12:33:12,billing,medium,4.27,2,closed
TCK-001621,CUST-01026,2025-04-14 16:31:00,2025-04-14 21:59:12,feature_request,medium,5.47,4,closed
TCK-001622,CUST-01026,2025-03-22 15:21:00,2025-03-23 17:42:36,billing,medium,26.36,2,closed
TCK-001623,CUST-01026,2025-03-25 11:57:00,2025-03-26 15:50:24,cancellation_request,urgent,27.89,1,closed
TCK-001624,CUST-01027,2026-07-06 12:59:00,2026-07-06 13:32:36,cancellation_request,low,0.56,4,closed
TCK-001625,CUST-01027,2026-07-04 09:30:00,2026-07-04 12:52:12,feature_request,medium,3.37,5,closed
TCK-001626,CUST-01029,2025-12-21 13:18:00,2025-12-21 13:21:00,account_access,high,0.05,5,closed
TCK-001627,CUST-01029,2025-10-25 20:06:00,2025-10-27 19:43:12,technical_issue,medium,47.62,2,closed
TCK-001628,CUST-01030,2026-04-29 12:46:00,2026-04-30 05:17:12,billing,medium,16.52,3,closed
TCK-001629,CUST-01030,2026-05-17 19:45:00,2026-05-18 07:45:36,technical_issue,high,12.01,1,closed
TCK-001630,CUST-01032,2026-05-29 20:47:00,2026-05-30 08:11:36,account_access,medium,11.41,5,closed
TCK-001631,CUST-01033,2025-09-21 09:13:00,2025-09-21 11:37:00,technical_issue,high,2.4,1,closed
TCK-001632,CUST-01033,2025-09-10 10:29:00,2025-09-11 00:29:36,technical_issue,high,14.01,2,closed
TCK-001633,CUST-01034,2024-12-14 18:46:00,2024-12-15 06:43:36,technical_issue,high,11.96,4,closed
TCK-001634,CUST-01038,2025-01-28 11:17:00,2025-01-28 16:26:36,account_access,high,5.16,1,closed
TCK-001635,CUST-01038,2025-02-05 10:52:00,2025-02-05 19:55:00,billing,medium,9.05,3,closed
TCK-001636,CUST-01039,2026-05-13 18:29:00,2026-05-14 03:43:24,feature_request,high,9.24,3,closed
TCK-001637,CUST-01039,2026-06-10 11:26:00,2026-06-10 11:54:48,technical_issue,medium,0.48,4,closed
TCK-001638,CUST-01040,2026-07-06 20:17:00,2026-07-06 23:03:48,billing,low,2.78,4,closed
TCK-001639,CUST-01041,2026-05-24 10:27:00,2026-05-24 19:48:00,account_access,low,9.35,5,closed
TCK-001640,CUST-01042,2026-07-02 10:42:00,2026-07-02 11:54:36,technical_issue,high,1.21,4,closed
TCK-001641,CUST-01043,2026-05-24 20:45:00,2026-05-25 00:15:36,account_access,medium,3.51,1,closed
TCK-001642,CUST-01044,2026-04-14 18:50:00,2026-04-14 21:36:48,feature_request,low,2.78,4,closed
TCK-001643,CUST-01044,2026-05-29 14:31:00,2026-05-29 21:06:24,account_access,medium,6.59,1,closed
TCK-001644,CUST-01045,2026-03-19 11:14:00,2026-03-19 16:20:00,account_access,medium,5.1,3,closed
TCK-001645,CUST-01045,2026-04-14 13:29:00,2026-04-14 13:53:36,feature_request,urgent,0.41,2,closed
TCK-001646,CUST-01046,2025-10-05 12:01:00,2025-10-05 14:08:48,feature_request,medium,2.13,3,closed
TCK-001647,CUST-01047,2026-02-14 12:10:00,2026-02-15 21:48:24,account_access,high,33.64,4,closed
TCK-001648,CUST-01047,2026-01-26 16:45:00,2026-01-26 21:10:48,billing,high,4.43,1,closed
TCK-001649,CUST-01047,2026-02-11 16:10:00,2026-02-11 18:58:36,feature_request,high,2.81,3,closed
TCK-001650,CUST-01047,2026-02-23 19:10:00,2026-02-24 01:10:36,billing,urgent,6.01,2,closed
TCK-001651,CUST-01047,2026-01-25 17:38:00,2026-01-25 19:43:24,billing,medium,2.09,3,closed
TCK-001652,CUST-01048,2026-02-22 09:31:00,2026-02-22 11:28:00,feature_request,high,1.95,5,closed
TCK-001653,CUST-01048,2026-03-22 19:44:00,2026-03-22 20:22:24,feature_request,low,0.64,4,closed
TCK-001654,CUST-01050,2025-06-02 17:25:00,2025-06-02 23:09:24,technical_issue,urgent,5.74,3,closed
TCK-001655,CUST-01050,2025-06-12 19:45:00,2025-06-12 20:00:00,technical_issue,high,0.25,4,closed
TCK-001656,CUST-01052,2024-12-10 14:45:00,2024-12-13 06:03:36,billing,high,63.31,4,closed
TCK-001657,CUST-01052,2024-10-27 19:22:00,2024-10-28 12:13:36,account_access,low,16.86,4,closed
TCK-001658,CUST-01052,2024-10-24 10:44:00,2024-10-24 17:23:00,billing,high,6.65,3,closed
TCK-001659,CUST-01053,2025-12-16 17:18:00,2025-12-17 13:36:36,billing,urgent,20.31,1,closed
TCK-001660,CUST-01053,2026-01-01 16:01:00,2026-01-02 13:18:24,cancellation_request,medium,21.29,1,closed
TCK-001661,CUST-01054,2025-10-31 15:23:00,2025-10-31 15:44:36,technical_issue,low,0.36,3,closed
TCK-001662,CUST-01054,2026-03-28 09:42:00,2026-03-28 10:03:36,cancellation_request,medium,0.36,3,closed
TCK-001663,CUST-01055,2025-12-29 11:59:00,2025-12-30 15:30:48,account_access,low,27.53,4,closed
TCK-001664,CUST-01056,2026-07-22 15:37:00,2026-07-22 18:56:48,account_access,low,3.33,3,closed
TCK-001665,CUST-01056,2026-09-01 12:29:00,2026-09-01 15:05:00,account_access,medium,2.6,5,closed
TCK-001666,CUST-01056,2026-05-11 13:29:00,2026-05-11 16:51:12,technical_issue,medium,3.37,5,closed
TCK-001667,CUST-01056,2026-08-07 14:06:00,2026-08-07 14:28:48,technical_issue,low,0.38,3,closed
TCK-001668,CUST-01056,2026-06-26 19:02:00,2026-06-27 16:27:48,account_access,high,21.43,2,closed
TCK-001669,CUST-01057,2026-02-01 14:31:00,2026-02-01 17:23:48,billing,medium,2.88,2,closed
TCK-001670,CUST-01057,2026-02-14 20:30:00,2026-02-15 09:01:12,billing,high,12.52,5,closed
TCK-001671,CUST-01058,2026-06-11 17:38:00,2026-06-11 22:18:12,billing,low,4.67,1,closed
TCK-001672,CUST-01058,2026-06-04 08:23:00,2026-06-04 15:31:24,cancellation_request,urgent,7.14,1,closed
TCK-001673,CUST-01061,2026-04-25 15:12:00,2026-04-26 05:10:12,technical_issue,high,13.97,1,closed
TCK-001674,CUST-01061,2026-05-05 14:14:00,2026-05-06 06:35:00,technical_issue,urgent,16.35,3,closed
TCK-001675,CUST-01062,2026-07-21 18:36:00,2026-07-21 21:51:36,feature_request,low,3.26,3,closed
TCK-001676,CUST-01062,2026-08-07 13:18:00,2026-08-08 03:02:24,technical_issue,low,13.74,4,closed
TCK-001677,CUST-01064,2025-07-27 17:14:00,2025-07-27 17:24:48,technical_issue,medium,0.18,3,closed
TCK-001678,CUST-01064,2026-06-30 16:41:00,2026-06-30 19:10:24,feature_request,high,2.49,2,closed
TCK-001679,CUST-01065,2026-03-31 11:02:00,2026-03-31 11:56:36,technical_issue,urgent,0.91,3,closed
TCK-001680,CUST-01067,2025-01-02 11:43:00,2025-01-02 11:53:12,billing,urgent,0.17,3,closed
TCK-001681,CUST-01067,2025-02-19 16:27:00,2025-02-19 17:37:48,cancellation_request,urgent,1.18,3,closed
TCK-001682,CUST-01067,2025-02-16 17:47:00,2025-02-17 02:15:48,cancellation_request,low,8.48,1,closed
TCK-001683,CUST-01067,2025-03-03 15:30:00,2025-03-03 19:25:48,account_access,urgent,3.93,1,closed
TCK-001684,CUST-01069,2025-10-12 13:59:00,2025-10-13 08:36:12,billing,medium,18.62,5,closed
TCK-001685,CUST-01071,2025-07-10 13:01:00,2025-07-10 18:41:12,technical_issue,high,5.67,3,closed
TCK-001686,CUST-01071,2025-07-03 20:36:00,2025-07-04 07:43:48,cancellation_request,urgent,11.13,2,closed
TCK-001687,CUST-01072,2025-12-20 08:36:00,2025-12-20 11:19:48,technical_issue,low,2.73,4,closed
TCK-001688,CUST-01073,2026-02-02 08:26:00,2026-02-03 03:33:48,billing,low,19.13,5,closed
TCK-001689,CUST-01074,2026-02-11 14:50:00,2026-02-12 19:03:48,cancellation_request,low,28.23,1,closed
TCK-001690,CUST-01075,2026-05-12 10:10:00,2026-05-13 10:46:00,billing,medium,24.6,2,closed
TCK-001691,CUST-01075,2026-04-28 08:30:00,2026-04-28 09:36:36,technical_issue,urgent,1.11,2,closed
TCK-001692,CUST-01077,2025-04-03 20:25:00,2025-04-05 09:28:00,technical_issue,medium,37.05,4,closed
TCK-001693,CUST-01077,2025-05-28 09:39:00,2025-05-29 05:03:36,cancellation_request,high,19.41,5,closed
TCK-001694,CUST-01077,2025-02-22 19:49:00,2025-02-23 02:17:48,billing,medium,6.48,3,closed
TCK-001695,CUST-01077,2025-05-03 08:08:00,2025-05-03 08:25:24,feature_request,urgent,0.29,2,closed
TCK-001696,CUST-01077,2025-01-18 08:07:00,2025-01-18 12:59:48,technical_issue,urgent,4.88,1,closed
TCK-001697,CUST-01077,2025-01-16 12:23:00,2025-01-17 07:55:24,cancellation_request,medium,19.54,2,closed
TCK-001698,CUST-01077,2025-02-05 10:21:00,2025-02-06 01:47:24,billing,high,15.44,2,closed
TCK-001699,CUST-01077,2025-03-09 17:47:00,2025-03-11 20:06:12,technical_issue,urgent,50.32,1,closed
TCK-001700,CUST-01080,2025-08-22 12:07:00,2025-08-22 12:23:48,account_access,medium,0.28,2,closed
TCK-001701,CUST-01080,2026-03-10 18:44:00,2026-03-11 05:12:12,technical_issue,high,10.47,1,closed
TCK-001702,CUST-01082,2025-01-26 10:33:00,2025-01-27 03:51:36,cancellation_request,medium,17.31,4,closed
TCK-001703,CUST-01082,2025-02-07 17:42:00,2025-02-08 10:14:24,technical_issue,high,16.54,1,closed
TCK-001704,CUST-01083,2025-10-16 17:41:00,2025-10-17 19:41:36,technical_issue,medium,26.01,2,closed
TCK-001705,CUST-01083,2025-10-07 15:02:00,2025-10-07 20:09:12,billing,medium,5.12,1,closed
TCK-001706,CUST-01083,2025-09-01 14:27:00,2025-09-02 18:13:12,technical_issue,high,27.77,1,closed
TCK-001707,CUST-01084,2026-04-15 20:15:00,2026-04-15 23:37:12,feature_request,urgent,3.37,1,closed
TCK-001708,CUST-01084,2026-03-12 12:58:00,2026-03-12 18:08:48,account_access,low,5.18,4,closed
TCK-001709,CUST-01084,2026-03-16 16:32:00,2026-03-16 19:47:36,technical_issue,urgent,3.26,5,closed
TCK-001710,CUST-01085,2026-07-26 14:32:00,2026-07-26 18:27:12,billing,high,3.92,5,closed
TCK-001711,CUST-01087,2026-07-17 19:04:00,2026-07-17 19:15:24,billing,high,0.19,5,closed
TCK-001712,CUST-01087,2026-04-05 20:30:00,2026-04-05 23:46:48,technical_issue,medium,3.28,4,closed
TCK-001713,CUST-01088,2026-06-27 16:58:00,2026-06-27 18:56:12,billing,medium,1.97,5,closed
TCK-001714,CUST-01088,2026-07-04 19:32:00,2026-07-04 22:57:12,technical_issue,low,3.42,1,closed
TCK-001715,CUST-01090,2026-01-14 14:00:00,2026-01-14 21:34:48,account_access,low,7.58,2,closed
TCK-001716,CUST-01091,2025-07-10 18:22:00,2025-07-10 20:15:24,account_access,medium,1.89,2,closed
TCK-001717,CUST-01092,2026-06-27 14:30:00,2026-06-28 01:06:36,account_access,low,10.61,4,closed
TCK-001718,CUST-01093,2026-06-13 19:32:00,2026-06-13 19:59:36,technical_issue,low,0.46,2,closed
TCK-001719,CUST-01093,2026-07-22 17:28:00,2026-07-24 10:40:36,feature_request,low,41.21,5,closed
TCK-001720,CUST-01094,2025-02-01 11:12:00,2025-02-01 14:59:24,billing,urgent,3.79,2,closed
TCK-001721,CUST-01095,2025-12-31 13:55:00,2025-12-31 14:43:00,account_access,low,0.8,4,closed
TCK-001722,CUST-01096,2026-08-31 17:34:00,2026-08-31 18:04:00,feature_request,medium,0.5,5,closed
TCK-001723,CUST-01096,2026-08-30 20:48:00,2026-08-30 21:12:36,feature_request,high,0.41,5,closed
TCK-001724,CUST-01097,2026-07-01 20:06:00,2026-07-01 22:48:36,technical_issue,high,2.71,5,closed
TCK-001725,CUST-01097,2026-03-05 10:57:00,2026-03-05 16:57:36,cancellation_request,urgent,6.01,3,closed
TCK-001726,CUST-01101,2026-08-05 19:34:00,2026-08-06 06:54:24,feature_request,low,11.34,5,closed
TCK-001727,CUST-01101,2025-05-27 11:47:00,2025-05-27 23:01:24,technical_issue,low,11.24,4,closed
TCK-001728,CUST-01101,2025-09-23 16:26:00,2025-09-24 09:54:48,account_access,low,17.48,3,closed
TCK-001729,CUST-01103,2026-04-07 11:29:00,2026-04-07 11:49:24,billing,high,0.34,2,closed
TCK-001730,CUST-01103,2026-07-31 14:15:00,2026-07-31 16:21:00,feature_request,low,2.1,2,closed
TCK-001731,CUST-01104,2026-08-26 20:38:00,2026-08-26 21:44:00,feature_request,medium,1.1,5,closed
TCK-001732,CUST-01105,2026-05-21 15:44:00,2026-05-21 15:56:36,billing,medium,0.21,3,closed
TCK-001733,CUST-01107,2025-02-13 16:02:00,2025-02-14 08:05:00,cancellation_request,low,16.05,4,closed
TCK-001734,CUST-01107,2024-08-14 15:57:00,2024-08-15 07:24:00,feature_request,high,15.45,3,closed
TCK-001735,CUST-01107,2025-09-15 12:27:00,2025-09-15 13:03:36,cancellation_request,urgent,0.61,1,closed
TCK-001736,CUST-01107,2025-07-07 19:08:00,2025-07-07 23:33:48,billing,medium,4.43,1,closed
TCK-001737,CUST-01107,2025-10-21 09:18:00,2025-10-22 18:28:48,billing,high,33.18,2,closed
TCK-001738,CUST-01107,2025-05-17 11:05:00,2025-05-18 06:24:48,cancellation_request,medium,19.33,1,closed
TCK-001739,CUST-01108,2026-04-23 10:11:00,2026-04-23 11:33:48,account_access,medium,1.38,4,closed
TCK-001740,CUST-01108,2026-02-27 13:17:00,2026-02-27 18:06:12,billing,low,4.82,5,closed
TCK-001741,CUST-01110,2025-11-01 15:06:00,2025-11-01 20:12:36,billing,low,5.11,5,closed
TCK-001742,CUST-01111,2026-05-19 14:38:00,2026-05-19 17:14:36,technical_issue,medium,2.61,3,closed
TCK-001743,CUST-01112,2026-04-26 10:20:00,2026-04-26 10:48:48,account_access,low,0.48,4,closed
TCK-001744,CUST-01113,2026-02-09 09:30:00,2026-02-10 00:22:12,technical_issue,medium,14.87,2,closed
TCK-001745,CUST-01113,2026-01-01 13:05:00,2026-01-01 22:05:00,cancellation_request,high,9.0,1,closed
TCK-001746,CUST-01114,2026-03-28 14:44:00,2026-03-28 16:15:48,billing,low,1.53,5,closed
TCK-001747,CUST-01115,2026-07-23 16:36:00,2026-07-25 07:01:48,technical_issue,medium,38.43,5,closed
TCK-001748,CUST-01115,2026-07-26 15:34:00,2026-07-27 11:08:48,technical_issue,high,19.58,3,closed
TCK-001749,CUST-01117,2026-04-10 16:45:00,2026-04-10 21:49:48,feature_request,medium,5.08,4,closed
TCK-001750,CUST-01117,2025-09-13 12:08:00,2025-09-13 19:21:48,technical_issue,medium,7.23,3,closed
TCK-001751,CUST-01117,2025-10-06 15:54:00,2025-10-07 00:07:48,billing,medium,8.23,4,closed
TCK-001752,CUST-01119,2026-08-07 15:02:00,2026-08-07 20:35:00,billing,low,5.55,5,closed
TCK-001753,CUST-01120,2026-07-27 18:25:00,2026-07-28 01:40:00,billing,medium,7.25,4,closed
TCK-001754,CUST-01121,2025-07-26 13:20:00,2025-07-26 23:45:12,technical_issue,high,10.42,2,closed
TCK-001755,CUST-01122,2026-05-01 16:35:00,2026-05-02 02:56:36,cancellation_request,urgent,10.36,1,closed
TCK-001756,CUST-01122,2026-03-01 09:05:00,2026-03-02 11:16:24,technical_issue,high,26.19,1,closed
TCK-001757,CUST-01122,2026-03-07 09:54:00,2026-03-07 19:42:36,billing,low,9.81,2,closed
TCK-001758,CUST-01122,2026-06-26 19:56:00,2026-06-27 15:12:12,technical_issue,high,19.27,4,closed
TCK-001759,CUST-01123,2026-05-18 18:12:00,2026-05-19 02:43:12,account_access,medium,8.52,4,closed
TCK-001760,CUST-01124,2025-04-27 16:08:00,2025-04-28 00:17:00,billing,high,8.15,2,closed
TCK-001761,CUST-01124,2025-04-08 13:31:00,2025-04-09 09:35:48,billing,urgent,20.08,3,closed
TCK-001762,CUST-01124,2025-06-03 14:49:00,2025-06-03 20:32:48,feature_request,urgent,5.73,1,closed
TCK-001763,CUST-01125,2025-02-15 16:30:00,2025-02-15 21:41:24,billing,urgent,5.19,4,closed
TCK-001764,CUST-01125,2025-03-07 19:39:00,2025-03-09 23:22:48,billing,medium,51.73,1,closed
TCK-001765,CUST-01126,2026-07-22 12:39:00,2026-07-22 19:12:00,feature_request,low,6.55,4,closed
TCK-001766,CUST-01127,2026-08-09 11:15:00,2026-08-09 21:36:00,billing,high,10.35,1,closed
TCK-001767,CUST-01127,2026-04-18 12:47:00,2026-04-18 23:43:24,account_access,low,10.94,4,closed
TCK-001768,CUST-01128,2026-07-17 09:32:00,2026-07-17 15:54:12,feature_request,low,6.37,4,closed
TCK-001769,CUST-01129,2026-07-12 13:44:00,2026-07-13 15:01:24,feature_request,medium,25.29,3,closed
TCK-001770,CUST-01130,2026-05-10 15:51:00,2026-05-11 11:58:12,billing,high,20.12,1,closed
TCK-001771,CUST-01130,2026-04-11 08:13:00,2026-04-13 08:01:36,account_access,urgent,47.81,3,closed
TCK-001772,CUST-01130,2026-04-23 10:08:00,2026-04-23 19:03:12,cancellation_request,high,8.92,3,closed
TCK-001773,CUST-01134,2025-10-20 10:30:00,2025-10-21 03:46:12,cancellation_request,medium,17.27,1,closed
TCK-001774,CUST-01134,2025-11-23 20:18:00,2025-11-24 01:18:36,technical_issue,urgent,5.01,3,closed
TCK-001775,CUST-01136,2026-08-21 17:05:00,2026-08-21 22:57:12,account_access,low,5.87,4,closed
TCK-001776,CUST-01136,2026-05-05 19:20:00,2026-05-05 21:09:12,billing,medium,1.82,5,closed
TCK-001777,CUST-01136,2026-04-12 14:59:00,2026-04-12 15:09:12,technical_issue,medium,0.17,3,closed
TCK-001778,CUST-01137,2026-07-01 20:41:00,2026-07-01 21:35:00,billing,high,0.9,5,closed
TCK-001779,CUST-01137,2026-08-02 18:22:00,2026-08-02 20:38:48,feature_request,low,2.28,4,closed
TCK-001780,CUST-01139,2026-06-08 20:49:00,2026-06-09 16:32:48,account_access,medium,19.73,1,closed
TCK-001781,CUST-01139,2026-03-04 08:23:00,2026-03-04 12:21:12,billing,urgent,3.97,1,closed
TCK-001782,CUST-01139,2025-06-07 11:15:00,2025-06-07 12:15:00,technical_issue,medium,1.0,1,closed
TCK-001783,CUST-01139,2025-07-09 15:53:00,2025-07-10 03:15:48,billing,high,11.38,2,closed
TCK-001784,CUST-01140,2026-07-20 11:59:00,2026-07-20 13:56:00,account_access,low,1.95,3,closed
TCK-001785,CUST-01140,2026-08-14 08:17:00,2026-08-14 09:26:36,billing,medium,1.16,2,closed
TCK-001786,CUST-01141,2026-07-05 09:40:00,2026-07-05 10:21:24,billing,high,0.69,2,closed
TCK-001787,CUST-01142,2026-05-30 09:28:00,2026-05-30 11:56:48,billing,medium,2.48,5,closed
TCK-001788,CUST-01142,2026-03-16 10:40:00,2026-03-16 15:23:48,billing,high,4.73,4,closed
TCK-001789,CUST-01144,2026-07-06 10:27:00,2026-07-06 22:45:00,feature_request,low,12.3,4,closed
TCK-001790,CUST-01144,2026-06-27 13:12:00,2026-06-27 13:33:36,technical_issue,medium,0.36,4,closed
TCK-001791,CUST-01145,2025-09-08 18:43:00,2025-09-09 00:11:12,billing,low,5.47,4,closed
TCK-001792,CUST-01145,2025-09-09 19:07:00,2025-09-10 03:08:12,feature_request,high,8.02,5,closed
TCK-001793,CUST-01145,2025-09-14 18:26:00,2025-09-17 13:17:36,billing,high,66.86,1,closed
TCK-001794,CUST-01145,2025-09-25 19:49:00,2025-09-25 22:02:48,billing,high,2.23,2,closed
TCK-001795,CUST-01146,2025-03-28 08:30:00,2025-03-28 10:30:36,feature_request,urgent,2.01,4,closed
TCK-001796,CUST-01146,2026-07-08 11:22:00,2026-07-09 09:29:12,technical_issue,urgent,22.12,1,closed
TCK-001797,CUST-01146,2025-03-30 15:59:00,2025-03-31 19:19:24,technical_issue,medium,27.34,1,closed
TCK-001798,CUST-01146,2026-06-01 12:43:00,2026-06-02 08:57:24,account_access,high,20.24,3,closed
TCK-001799,CUST-01146,2026-05-16 20:58:00,2026-05-18 15:16:00,billing,medium,42.3,2,closed
TCK-001800,CUST-01150,2026-08-18 11:22:00,2026-08-18 15:12:24,account_access,urgent,3.84,5,closed
TCK-001801,CUST-01151,2025-05-19 13:19:00,2025-05-19 19:19:00,technical_issue,medium,6.0,1,closed
TCK-001802,CUST-01152,2026-03-10 10:16:00,2026-03-12 18:56:12,billing,urgent,56.67,3,closed
TCK-001803,CUST-01152,2026-05-12 11:35:00,2026-05-14 21:16:24,billing,medium,57.69,2,closed
TCK-001804,CUST-01154,2025-08-06 11:01:00,2025-08-06 13:59:48,cancellation_request,medium,2.98,4,closed
TCK-001805,CUST-01154,2026-06-14 09:04:00,2026-06-14 19:08:48,billing,medium,10.08,3,closed
TCK-001806,CUST-01155,2025-12-07 16:21:00,2025-12-07 23:30:00,technical_issue,medium,7.15,4,closed
TCK-001807,CUST-01155,2025-05-11 16:02:00,2025-05-11 16:50:00,feature_request,low,0.8,5,closed
TCK-001808,CUST-01155,2025-08-10 12:56:00,2025-08-10 17:50:00,account_access,high,4.9,4,closed
TCK-001809,CUST-01156,2025-07-06 08:56:00,2025-07-06 22:08:36,billing,medium,13.21,2,closed
TCK-001810,CUST-01157,2025-08-23 16:49:00,2025-08-23 20:01:00,billing,high,3.2,5,closed
TCK-001811,CUST-01158,2025-07-30 09:15:00,2025-07-31 04:49:48,billing,urgent,19.58,3,closed
TCK-001812,CUST-01158,2025-07-24 19:05:00,2025-07-26 23:02:36,technical_issue,medium,51.96,5,closed
TCK-001813,CUST-01158,2025-07-28 09:01:00,2025-07-28 12:08:48,technical_issue,medium,3.13,2,closed
TCK-001814,CUST-01159,2026-06-12 19:03:00,2026-06-12 19:13:12,feature_request,medium,0.17,4,closed
TCK-001815,CUST-01159,2026-08-17 13:06:00,2026-08-17 19:41:24,technical_issue,low,6.59,5,closed
TCK-001816,CUST-01159,2026-03-07 12:49:00,2026-03-07 16:11:12,feature_request,low,3.37,5,closed
TCK-001817,CUST-01160,2025-11-26 17:29:00,2025-11-26 20:38:00,cancellation_request,urgent,3.15,4,closed
TCK-001818,CUST-01160,2025-03-28 17:30:00,2025-03-29 06:49:48,technical_issue,urgent,13.33,2,closed
TCK-001819,CUST-01160,2025-04-10 09:56:00,2025-04-11 04:06:48,account_access,low,18.18,1,closed
TCK-001820,CUST-01161,2024-10-09 18:04:00,2024-10-10 11:25:00,cancellation_request,medium,17.35,1,closed
TCK-001821,CUST-01161,2024-11-24 14:42:00,2024-11-24 15:10:48,account_access,medium,0.48,4,closed
TCK-001822,CUST-01161,2024-11-26 15:05:00,2024-11-27 06:15:48,technical_issue,high,15.18,2,closed
TCK-001823,CUST-01162,2026-08-03 12:01:00,2026-08-03 14:25:36,technical_issue,medium,2.41,2,closed
TCK-001824,CUST-01162,2026-09-01 18:57:00,2026-09-01 20:34:12,technical_issue,low,1.62,5,closed
TCK-001825,CUST-01163,2026-08-29 10:23:00,2026-08-29 21:59:36,billing,urgent,11.61,4,closed
TCK-001826,CUST-01164,2026-02-22 11:11:00,2026-02-22 16:26:36,technical_issue,urgent,5.26,4,closed
TCK-001827,CUST-01164,2026-02-12 11:28:00,2026-02-12 13:48:24,billing,medium,2.34,2,closed
TCK-001828,CUST-01164,2026-01-07 11:01:00,2026-01-08 08:41:48,billing,medium,21.68,1,closed
TCK-001829,CUST-01164,2026-01-01 08:42:00,2026-01-02 14:21:00,feature_request,urgent,29.65,3,closed
TCK-001830,CUST-01165,2025-05-18 19:36:00,2025-05-18 21:27:36,technical_issue,low,1.86,4,closed
TCK-001831,CUST-01166,2026-07-23 12:48:00,2026-07-23 16:07:48,technical_issue,medium,3.33,4,closed
TCK-001832,CUST-01166,2026-07-26 16:10:00,2026-07-26 20:38:48,account_access,low,4.48,3,closed
TCK-001833,CUST-01167,2026-04-06 16:11:00,2026-04-06 18:37:24,cancellation_request,urgent,2.44,4,closed
TCK-001834,CUST-01167,2026-02-19 15:18:00,2026-02-20 08:50:24,cancellation_request,high,17.54,5,closed
TCK-001835,CUST-01168,2026-01-07 19:28:00,2026-01-08 01:02:48,account_access,medium,5.58,4,closed
TCK-001836,CUST-01169,2026-01-06 16:06:00,2026-01-07 11:12:36,billing,high,19.11,2,closed
TCK-001837,CUST-01169,2025-09-11 08:10:00,2025-09-11 09:11:48,technical_issue,high,1.03,4,closed
TCK-001838,CUST-01169,2024-12-09 08:29:00,2024-12-09 17:17:36,technical_issue,high,8.81,2,closed
TCK-001839,CUST-01170,2025-08-27 16:20:00,2025-08-27 19:05:00,technical_issue,high,2.75,5,closed
TCK-001840,CUST-01170,2025-12-10 10:00:00,2025-12-11 05:07:12,technical_issue,low,19.12,4,closed
TCK-001841,CUST-01171,2026-08-20 14:29:00,2026-08-20 18:44:36,feature_request,medium,4.26,4,closed
TCK-001842,CUST-01171,2026-09-01 17:19:00,2026-09-01 18:17:12,billing,urgent,0.97,3,closed
TCK-001843,CUST-01172,2025-04-15 20:24:00,2025-04-15 22:33:00,account_access,urgent,2.15,4,closed
TCK-001844,CUST-01172,2025-03-22 12:02:00,2025-03-24 15:09:48,billing,urgent,51.13,1,closed
TCK-001845,CUST-01175,2026-05-22 19:40:00,2026-05-23 04:38:12,technical_issue,medium,8.97,3,closed
TCK-001846,CUST-01175,2026-08-20 16:30:00,2026-08-21 13:07:12,cancellation_request,medium,20.62,4,closed
TCK-001847,CUST-01175,2026-08-03 17:46:00,2026-08-06 05:04:00,account_access,low,59.3,1,closed
TCK-001848,CUST-01175,2026-08-16 16:46:00,2026-08-17 14:25:00,account_access,urgent,21.65,1,closed
TCK-001849,CUST-01175,2026-07-02 19:19:00,2026-07-03 02:11:48,billing,high,6.88,1,closed
TCK-001850,CUST-01175,2026-07-13 17:26:00,2026-07-14 06:47:36,technical_issue,urgent,13.36,1,closed
TCK-001851,CUST-01175,2026-06-28 18:10:00,2026-06-29 06:19:00,feature_request,low,12.15,3,closed
TCK-001852,CUST-01178,2026-08-29 18:47:00,2026-08-29 22:28:24,account_access,low,3.69,3,closed
TCK-001853,CUST-01180,2026-07-21 14:42:00,2026-07-21 15:55:48,feature_request,low,1.23,5,closed
TCK-001854,CUST-01181,2025-09-04 15:10:00,2025-09-04 19:38:48,technical_issue,urgent,4.48,1,closed
TCK-001855,CUST-01181,2025-08-17 19:14:00,2025-08-19 00:12:12,billing,medium,28.97,1,closed
TCK-001856,CUST-01182,2026-04-15 08:41:00,2026-04-16 02:37:24,technical_issue,medium,17.94,5,closed
TCK-001857,CUST-01183,2025-12-13 16:12:00,2025-12-13 17:31:48,technical_issue,medium,1.33,5,closed
TCK-001858,CUST-01184,2026-07-07 08:53:00,2026-07-07 09:28:24,billing,low,0.59,5,closed
TCK-001859,CUST-01185,2026-08-01 19:25:00,2026-08-01 19:30:24,technical_issue,medium,0.09,4,closed
TCK-001860,CUST-01185,2026-07-14 16:06:00,2026-07-14 18:01:12,feature_request,medium,1.92,3,closed
TCK-001861,CUST-01185,2026-05-19 18:06:00,2026-05-19 22:10:12,billing,medium,4.07,4,closed
TCK-001862,CUST-01186,2024-12-10 14:35:00,2024-12-10 21:26:00,cancellation_request,high,6.85,1,closed
TCK-001863,CUST-01188,2026-06-08 11:39:00,2026-06-08 13:07:12,feature_request,low,1.47,3,closed
TCK-001864,CUST-01188,2025-06-25 19:05:00,2025-06-25 19:34:24,billing,medium,0.49,5,closed
TCK-001865,CUST-01190,2025-04-20 10:25:00,2025-04-20 17:00:24,billing,medium,6.59,4,closed
TCK-001866,CUST-01190,2025-11-02 09:18:00,2025-11-02 12:34:48,account_access,low,3.28,4,closed
TCK-001867,CUST-01191,2025-02-12 18:11:00,2025-02-13 02:09:12,billing,medium,7.97,3,closed
TCK-001868,CUST-01191,2025-01-29 20:11:00,2025-01-30 07:36:12,technical_issue,high,11.42,2,closed
TCK-001869,CUST-01192,2026-07-29 08:47:00,2026-07-29 12:43:24,account_access,low,3.94,3,closed
TCK-001870,CUST-01192,2026-05-07 11:28:00,2026-05-07 16:49:36,feature_request,high,5.36,5,closed
TCK-001871,CUST-01193,2024-10-09 19:54:00,2024-10-10 06:13:48,billing,high,10.33,2,closed
TCK-001872,CUST-01193,2025-03-19 20:19:00,2025-03-19 21:35:48,billing,high,1.28,1,closed
TCK-001873,CUST-01194,2024-12-29 13:38:00,2024-12-30 00:44:00,billing,medium,11.1,4,closed
TCK-001874,CUST-01194,2025-01-02 12:40:00,2025-01-03 07:43:00,cancellation_request,low,19.05,1,closed
TCK-001875,CUST-01194,2025-01-23 14:28:00,2025-01-23 18:05:48,account_access,urgent,3.63,2,closed
TCK-001876,CUST-01195,2026-03-24 12:21:00,2026-03-24 12:36:36,billing,low,0.26,4,closed
TCK-001877,CUST-01196,2025-09-02 18:35:00,2025-09-03 05:12:48,billing,high,10.63,1,closed
TCK-001878,CUST-01196,2025-11-15 08:50:00,2025-11-15 23:09:12,technical_issue,low,14.32,5,closed
TCK-001879,CUST-01196,2025-08-16 16:49:00,2025-08-17 16:18:24,billing,medium,23.49,1,closed
TCK-001880,CUST-01196,2025-10-11 15:19:00,2025-10-12 10:46:36,technical_issue,high,19.46,5,closed
TCK-001881,CUST-01197,2026-02-16 13:34:00,2026-02-16 15:52:36,billing,urgent,2.31,5,closed
TCK-001882,CUST-01198,2026-01-16 08:39:00,2026-01-16 09:00:00,billing,low,0.35,4,closed
TCK-001883,CUST-01198,2026-01-20 08:07:00,2026-01-23 12:53:12,technical_issue,high,76.77,4,closed
TCK-001884,CUST-01199,2026-01-19 15:52:00,2026-01-19 16:16:00,billing,low,0.4,5,closed
TCK-001885,CUST-01199,2026-08-31 12:45:00,2026-08-31 13:13:48,technical_issue,high,0.48,4,closed
TCK-001886,CUST-01199,2026-05-28 19:57:00,2026-05-28 21:53:24,billing,high,1.94,3,closed
TCK-001887,CUST-01200,2026-07-23 20:50:00,2026-07-24 10:28:24,account_access,low,13.64,1,closed
TCK-001888,CUST-01202,2026-04-03 11:48:00,2026-04-03 14:41:24,cancellation_request,low,2.89,2,closed
TCK-001889,CUST-01203,2025-11-14 18:10:00,2025-11-16 02:11:48,cancellation_request,high,32.03,4,closed
TCK-001890,CUST-01203,2026-06-11 17:15:00,2026-06-11 17:46:12,billing,high,0.52,3,closed
TCK-001891,CUST-01204,2024-12-31 15:26:00,2024-12-31 18:48:48,billing,high,3.38,2,closed
TCK-001892,CUST-01204,2025-04-18 17:01:00,2025-04-19 20:14:12,billing,urgent,27.22,1,closed
TCK-001893,CUST-01204,2025-02-22 15:05:00,2025-02-23 07:00:12,account_access,high,15.92,3,closed
TCK-001894,CUST-01204,2025-01-04 14:03:00,2025-01-05 06:15:36,cancellation_request,high,16.21,2,closed
TCK-001895,CUST-01206,2026-01-08 17:03:00,2026-01-09 09:17:24,technical_issue,medium,16.24,4,closed
TCK-001896,CUST-01206,2026-01-21 13:04:00,2026-01-22 00:11:48,technical_issue,medium,11.13,5,closed
TCK-001897,CUST-01206,2026-05-19 10:52:00,2026-05-20 00:33:24,billing,medium,13.69,3,closed
TCK-001898,CUST-01207,2025-09-27 15:38:00,2025-09-29 08:47:36,technical_issue,medium,41.16,2,closed
TCK-001899,CUST-01207,2025-09-11 10:17:00,2025-09-13 03:21:12,billing,high,41.07,3,closed
TCK-001900,CUST-01207,2025-09-04 14:04:00,2025-09-04 23:00:24,billing,urgent,8.94,5,closed
TCK-001901,CUST-01208,2024-06-06 19:41:00,2024-06-07 17:55:24,billing,low,22.24,3,closed
TCK-001902,CUST-01208,2024-06-20 18:49:00,2024-06-21 00:19:00,technical_issue,urgent,5.5,2,closed
TCK-001903,CUST-01210,2026-07-15 17:37:00,2026-07-16 01:40:00,technical_issue,low,8.05,5,closed
TCK-001904,CUST-01211,2026-06-12 19:44:00,2026-06-12 22:30:12,technical_issue,high,2.77,5,closed
TCK-001905,CUST-01212,2026-08-22 09:12:00,2026-08-22 10:04:48,feature_request,low,0.88,4,closed
TCK-001906,CUST-01212,2026-07-06 19:12:00,2026-07-06 21:01:48,technical_issue,medium,1.83,4,closed
TCK-001907,CUST-01214,2026-05-15 11:04:00,2026-05-15 15:41:48,cancellation_request,low,4.63,3,closed
TCK-001908,CUST-01215,2026-06-23 12:33:00,2026-06-23 13:25:48,account_access,low,0.88,4,closed
TCK-001909,CUST-01217,2025-06-13 11:01:00,2025-06-13 15:50:12,cancellation_request,medium,4.82,2,closed
TCK-001910,CUST-01217,2025-12-17 17:27:00,2025-12-17 18:10:12,billing,medium,0.72,1,closed
TCK-001911,CUST-01217,2025-08-11 12:37:00,2025-08-12 11:11:48,billing,high,22.58,2,closed
TCK-001912,CUST-01217,2025-08-17 17:36:00,2025-08-18 05:50:24,billing,medium,12.24,1,closed
TCK-001913,CUST-01218,2026-08-03 20:48:00,2026-08-03 21:46:48,feature_request,high,0.98,2,closed
TCK-001914,CUST-01220,2026-03-05 08:41:00,2026-03-05 10:17:00,billing,high,1.6,5,closed
TCK-001915,CUST-01220,2026-06-29 20:01:00,2026-06-30 12:03:24,billing,low,16.04,1,closed
TCK-001916,CUST-01222,2026-08-19 13:07:00,2026-08-19 15:55:00,feature_request,low,2.8,2,closed
TCK-001917,CUST-01223,2026-08-30 20:16:00,2026-08-31 07:23:48,billing,medium,11.13,5,closed
TCK-001918,CUST-01224,2025-09-03 11:21:00,2025-09-03 12:31:12,technical_issue,low,1.17,1,closed
TCK-001919,CUST-01224,2025-08-01 15:21:00,2025-08-02 10:28:48,billing,high,19.13,1,closed
TCK-001920,CUST-01225,2025-07-05 16:02:00,2025-07-06 03:56:00,account_access,medium,11.9,4,closed
TCK-001921,CUST-01226,2026-03-19 13:20:00,2026-03-19 20:22:24,billing,high,7.04,4,closed
TCK-001922,CUST-01228,2025-11-21 08:10:00,2025-11-21 08:49:00,account_access,high,0.65,5,closed
TCK-001923,CUST-01229,2026-07-22 17:17:00,2026-07-23 01:02:36,account_access,medium,7.76,4,closed
TCK-001924,CUST-01231,2025-10-20 17:19:00,2025-10-20 18:04:36,technical_issue,medium,0.76,5,closed
TCK-001925,CUST-01231,2026-05-31 18:03:00,2026-05-31 18:59:24,feature_request,medium,0.94,2,closed
TCK-001926,CUST-01233,2026-05-09 16:34:00,2026-05-09 20:22:36,account_access,low,3.81,4,closed
TCK-001927,CUST-01234,2025-11-29 14:24:00,2025-11-29 20:15:36,billing,high,5.86,2,closed
TCK-001928,CUST-01234,2025-09-20 18:14:00,2025-09-20 22:03:12,cancellation_request,low,3.82,2,closed
TCK-001929,CUST-01234,2025-10-25 10:46:00,2025-10-26 08:43:00,technical_issue,high,21.95,3,closed
TCK-001930,CUST-01234,2025-10-30 13:43:00,2025-10-30 18:47:48,cancellation_request,medium,5.08,2,closed
TCK-001931,CUST-01235,2024-06-13 09:30:00,2024-06-14 01:49:12,technical_issue,high,16.32,1,closed
TCK-001932,CUST-01236,2025-05-03 11:53:00,2025-05-03 18:14:36,account_access,high,6.36,2,closed
TCK-001933,CUST-01236,2025-05-23 15:48:00,2025-05-25 18:09:36,billing,medium,50.36,1,closed
TCK-001934,CUST-01236,2025-05-18 18:06:00,2025-05-20 01:27:36,billing,high,31.36,3,closed
TCK-001935,CUST-01236,2025-06-25 14:57:00,2025-06-25 21:36:00,account_access,medium,6.65,1,closed
TCK-001936,CUST-01236,2025-05-30 11:16:00,2025-05-31 05:23:12,billing,high,18.12,3,closed
TCK-001937,CUST-01237,2025-04-12 17:58:00,2025-04-14 05:56:12,billing,high,35.97,3,closed
TCK-001938,CUST-01237,2025-01-11 12:39:00,2025-01-11 17:28:12,technical_issue,high,4.82,3,closed
TCK-001939,CUST-01238,2025-12-14 14:38:00,2025-12-14 19:57:12,technical_issue,high,5.32,1,closed
TCK-001940,CUST-01238,2025-08-29 08:06:00,2025-08-29 15:36:36,billing,medium,7.51,3,closed
TCK-001941,CUST-01238,2025-02-25 11:00:00,2025-02-26 03:46:48,billing,medium,16.78,4,closed
TCK-001942,CUST-01239,2026-08-05 09:19:00,2026-08-05 09:58:36,billing,high,0.66,5,closed
TCK-001943,CUST-01239,2026-08-30 17:37:00,2026-08-30 19:05:12,account_access,urgent,1.47,5,closed
TCK-001944,CUST-01240,2025-11-25 08:31:00,2025-11-25 14:46:36,billing,high,6.26,5,closed
TCK-001945,CUST-01240,2025-10-15 16:50:00,2025-10-16 05:38:00,technical_issue,high,12.8,2,closed
TCK-001946,CUST-01242,2025-10-29 15:36:00,2025-10-29 22:06:36,technical_issue,low,6.51,3,closed
TCK-001947,CUST-01242,2025-06-04 10:24:00,2025-06-05 02:43:48,feature_request,high,16.33,4,closed
TCK-001948,CUST-01242,2025-07-21 18:11:00,2025-07-22 16:07:24,billing,high,21.94,3,closed
TCK-001949,CUST-01243,2026-07-23 18:59:00,2026-07-23 21:50:36,account_access,medium,2.86,3,closed
TCK-001950,CUST-01243,2026-08-05 09:49:00,2026-08-05 10:48:24,account_access,low,0.99,3,closed
TCK-001951,CUST-01243,2026-08-08 08:13:00,2026-08-08 13:14:12,feature_request,urgent,5.02,3,closed
TCK-001952,CUST-01243,2026-07-30 10:03:00,2026-07-30 15:41:24,feature_request,high,5.64,4,closed
TCK-001953,CUST-01244,2026-05-14 16:45:00,2026-05-14 17:45:00,billing,low,1.0,5,closed
TCK-001954,CUST-01244,2025-12-17 09:27:00,2025-12-17 14:43:12,technical_issue,low,5.27,1,closed
TCK-001955,CUST-01245,2026-04-03 13:01:00,2026-04-03 17:55:00,billing,medium,4.9,1,closed
TCK-001956,CUST-01245,2026-03-30 15:40:00,2026-03-30 16:06:24,billing,urgent,0.44,3,closed
TCK-001957,CUST-01245,2026-04-22 15:28:00,2026-04-23 04:17:12,technical_issue,medium,12.82,1,closed
TCK-001958,CUST-01246,2025-10-01 10:40:00,2025-10-01 12:37:00,technical_issue,urgent,1.95,3,closed
TCK-001959,CUST-01246,2025-11-05 13:17:00,2025-11-05 22:59:00,cancellation_request,low,9.7,4,closed
TCK-001960,CUST-01249,2025-11-22 17:46:00,2025-11-22 21:28:36,account_access,medium,3.71,4,closed
TCK-001961,CUST-01250,2026-07-19 19:32:00,2026-07-19 23:38:36,billing,high,4.11,5,closed
TCK-001962,CUST-01250,2026-08-30 12:38:00,2026-08-30 20:20:36,technical_issue,medium,7.71,4,closed
TCK-001963,CUST-01251,2024-05-15 17:38:00,2024-05-19 12:37:24,billing,high,90.99,2,closed
TCK-001964,CUST-01251,2024-05-06 10:17:00,2024-05-06 17:16:24,billing,high,6.99,5,closed
TCK-001965,CUST-01253,2025-12-11 19:02:00,2025-12-11 19:40:24,account_access,high,0.64,5,closed
TCK-001966,CUST-01253,2025-05-05 08:05:00,2025-05-05 17:11:00,technical_issue,low,9.1,3,closed
TCK-001967,CUST-01255,2024-11-26 12:50:00,2024-11-28 02:48:12,cancellation_request,medium,37.97,3,closed
TCK-001968,CUST-01255,2024-09-22 14:42:00,2024-09-24 18:03:36,technical_issue,medium,51.36,3,closed
TCK-001969,CUST-01255,2024-09-20 13:29:00,2024-09-22 09:53:36,technical_issue,high,44.41,2,closed
TCK-001970,CUST-01256,2026-02-13 18:54:00,2026-02-14 01:00:36,account_access,medium,6.11,4,closed
TCK-001971,CUST-01256,2026-07-07 16:08:00,2026-07-07 17:32:00,technical_issue,low,1.4,5,closed
TCK-001972,CUST-01257,2024-09-29 19:01:00,2024-09-30 07:36:24,account_access,high,12.59,2,closed
TCK-001973,CUST-01257,2025-01-23 17:20:00,2025-01-23 18:49:24,billing,high,1.49,4,closed
TCK-001974,CUST-01257,2024-07-13 16:13:00,2024-07-14 11:48:24,billing,urgent,19.59,1,closed
TCK-001975,CUST-01258,2026-08-27 14:05:00,2026-08-27 14:05:36,account_access,low,0.01,5,closed
TCK-001976,CUST-01259,2026-06-13 08:09:00,2026-06-13 17:37:48,feature_request,medium,9.48,4,closed
TCK-001977,CUST-01259,2026-07-16 20:56:00,2026-07-17 02:45:12,feature_request,low,5.82,4,closed
TCK-001978,CUST-01259,2026-07-20 10:57:00,2026-07-20 19:13:12,account_access,low,8.27,3,closed
TCK-001979,CUST-01260,2026-06-03 08:57:00,2026-06-03 21:44:24,billing,medium,12.79,1,closed
TCK-001980,CUST-01263,2026-03-21 17:43:00,2026-03-22 20:10:00,cancellation_request,urgent,26.45,1,closed
TCK-001981,CUST-01263,2026-06-02 10:02:00,2026-06-02 10:51:12,technical_issue,urgent,0.82,1,closed
TCK-001982,CUST-01263,2026-04-17 08:23:00,2026-04-18 04:15:12,cancellation_request,medium,19.87,2,closed
TCK-001983,CUST-01264,2026-05-01 16:20:00,2026-05-01 17:24:48,cancellation_request,urgent,1.08,1,closed
TCK-001984,CUST-01264,2026-05-02 11:29:00,2026-05-02 13:45:12,billing,high,2.27,3,closed
TCK-001985,CUST-01264,2025-12-10 17:03:00,2025-12-11 04:01:12,billing,high,10.97,1,closed
TCK-001986,CUST-01266,2026-03-30 15:52:00,2026-04-01 07:00:24,cancellation_request,high,39.14,1,closed
TCK-001987,CUST-01266,2026-04-16 11:50:00,2026-04-17 02:26:00,technical_issue,medium,14.6,3,closed
TCK-001988,CUST-01266,2026-04-17 18:21:00,2026-04-18 19:51:36,technical_issue,high,25.51,1,closed
TCK-001989,CUST-01267,2026-08-10 09:40:00,2026-08-10 10:02:48,account_access,urgent,0.38,4,closed
TCK-001990,CUST-01268,2024-08-08 11:51:00,2024-08-08 13:56:24,billing,low,2.09,3,closed
TCK-001991,CUST-01270,2026-03-06 17:07:00,2026-03-06 19:01:36,billing,medium,1.91,5,closed
TCK-001992,CUST-01270,2025-10-26 12:41:00,2025-10-27 01:29:36,account_access,medium,12.81,4,closed
TCK-001993,CUST-01270,2025-05-04 20:20:00,2025-05-06 03:45:48,cancellation_request,low,31.43,1,closed
TCK-001994,CUST-01271,2025-12-25 17:14:00,2025-12-25 19:35:00,feature_request,urgent,2.35,1,closed
TCK-001995,CUST-01271,2026-03-01 10:31:00,2026-03-01 16:28:36,account_access,high,5.96,2,closed
TCK-001996,CUST-01272,2025-11-27 13:50:00,2025-11-27 18:14:36,billing,medium,4.41,3,closed
TCK-001997,CUST-01273,2026-07-06 18:57:00,2026-07-07 00:07:48,account_access,low,5.18,2,closed
TCK-001998,CUST-01274,2026-03-04 10:01:00,2026-03-05 03:00:24,feature_request,low,16.99,4,closed
TCK-001999,CUST-01274,2026-04-22 08:19:00,2026-04-22 20:56:12,technical_issue,low,12.62,4,closed
TCK-002000,CUST-01274,2025-12-11 20:11:00,2025-12-12 07:17:36,technical_issue,low,11.11,3,closed
TCK-002001,CUST-01274,2025-11-07 08:23:00,2025-11-08 06:27:12,cancellation_request,low,22.07,5,closed
TCK-002002,CUST-01275,2026-06-06 19:59:00,2026-06-06 21:28:24,technical_issue,low,1.49,3,closed
TCK-002003,CUST-01276,2025-09-21 19:06:00,2025-09-21 21:16:12,account_access,medium,2.17,3,closed
TCK-002004,CUST-01276,2025-06-12 08:58:00,2025-06-12 12:19:36,billing,high,3.36,3,closed
TCK-002005,CUST-01277,2025-09-19 09:37:00,2025-09-19 17:30:24,billing,urgent,7.89,1,closed
TCK-002006,CUST-01278,2026-08-10 13:12:00,2026-08-10 13:48:36,feature_request,medium,0.61,4,closed
TCK-002007,CUST-01280,2026-04-09 08:12:00,2026-04-09 09:27:36,feature_request,medium,1.26,2,closed
TCK-002008,CUST-01280,2026-03-21 08:47:00,2026-03-21 08:57:12,account_access,low,0.17,4,closed
TCK-002009,CUST-01283,2025-11-09 11:07:00,2025-11-09 13:32:12,technical_issue,medium,2.42,4,closed
TCK-002010,CUST-01285,2025-09-01 16:04:00,2025-09-01 19:26:12,billing,urgent,3.37,4,closed
TCK-002011,CUST-01286,2025-09-16 14:52:00,2025-09-16 22:49:00,cancellation_request,high,7.95,1,closed
TCK-002012,CUST-01286,2025-06-28 12:06:00,2025-06-30 05:08:24,technical_issue,medium,41.04,3,closed
TCK-002013,CUST-01288,2026-08-20 12:54:00,2026-08-20 13:20:24,technical_issue,medium,0.44,5,closed
TCK-002014,CUST-01290,2024-12-16 13:19:00,2024-12-16 20:15:24,technical_issue,low,6.94,4,closed
TCK-002015,CUST-01290,2025-10-31 10:17:00,2025-10-31 18:51:48,feature_request,low,8.58,4,closed
TCK-002016,CUST-01292,2025-10-20 18:27:00,2025-10-21 03:19:12,account_access,medium,8.87,4,closed
TCK-002017,CUST-01292,2026-06-05 14:57:00,2026-06-05 18:06:36,technical_issue,medium,3.16,4,closed
TCK-002018,CUST-01293,2025-07-20 20:28:00,2025-07-21 04:04:36,billing,medium,7.61,2,closed
TCK-002019,CUST-01293,2025-07-08 10:17:00,2025-07-11 19:44:36,billing,medium,81.46,1,closed
TCK-002020,CUST-01293,2025-08-06 20:05:00,2025-08-07 04:15:12,billing,high,8.17,1,closed
TCK-002021,CUST-01294,2026-08-20 14:10:00,2026-08-20 14:10:36,billing,medium,0.01,5,closed
TCK-002022,CUST-01295,2026-07-23 10:29:00,2026-07-23 22:17:36,technical_issue,medium,11.81,4,closed
TCK-002023,CUST-01297,2025-06-22 09:31:00,2025-06-23 12:47:12,billing,medium,27.27,2,closed
TCK-002024,CUST-01297,2025-06-05 13:33:00,2025-06-05 20:24:36,billing,urgent,6.86,4,closed
TCK-002025,CUST-01297,2025-06-02 09:30:00,2025-06-02 18:03:36,technical_issue,medium,8.56,2,closed
TCK-002026,CUST-01299,2024-09-23 18:09:00,2024-09-24 11:52:12,cancellation_request,low,17.72,5,closed
TCK-002027,CUST-01300,2025-08-29 19:34:00,2025-08-30 00:23:48,billing,medium,4.83,2,closed
TCK-002028,CUST-01300,2025-11-06 16:32:00,2025-11-08 05:51:48,technical_issue,high,37.33,2,closed
TCK-002029,CUST-01302,2026-06-29 13:21:00,2026-06-29 14:27:36,technical_issue,medium,1.11,4,closed
TCK-002030,CUST-01302,2026-03-26 20:28:00,2026-03-27 01:53:12,account_access,low,5.42,3,closed
TCK-002031,CUST-01303,2025-10-05 20:02:00,2025-10-07 10:02:00,cancellation_request,high,38.0,1,closed
TCK-002032,CUST-01303,2025-09-24 13:22:00,2025-09-24 13:38:12,technical_issue,medium,0.27,2,closed
TCK-002033,CUST-01303,2025-10-16 11:54:00,2025-10-18 22:34:12,cancellation_request,low,58.67,2,closed
TCK-002034,CUST-01303,2025-10-24 10:18:00,2025-10-24 13:37:12,technical_issue,medium,3.32,3,closed
TCK-002035,CUST-01304,2026-04-30 10:05:00,2026-04-30 10:11:36,cancellation_request,medium,0.11,1,closed
TCK-002036,CUST-01305,2026-05-21 18:29:00,2026-05-21 18:35:36,account_access,medium,0.11,4,closed
TCK-002037,CUST-01306,2025-11-29 09:38:00,2025-11-29 13:09:48,feature_request,medium,3.53,3,closed
TCK-002038,CUST-01308,2026-03-15 15:49:00,2026-03-16 07:04:36,technical_issue,high,15.26,4,closed
TCK-002039,CUST-01308,2026-04-25 10:58:00,2026-04-28 09:55:00,cancellation_request,high,70.95,5,closed
TCK-002040,CUST-01308,2026-03-17 08:45:00,2026-03-19 05:06:00,billing,high,44.35,4,closed
TCK-002041,CUST-01308,2026-03-10 10:45:00,2026-03-12 00:55:48,technical_issue,medium,38.18,1,closed
TCK-002042,CUST-01310,2024-10-20 18:51:00,2024-10-20 20:42:00,billing,urgent,1.85,1,closed
TCK-002043,CUST-01310,2024-08-19 19:03:00,2024-08-20 21:16:48,account_access,high,26.23,2,closed
TCK-002044,CUST-01310,2024-10-02 08:48:00,2024-10-03 15:40:12,feature_request,urgent,30.87,1,closed
TCK-002045,CUST-01310,2024-06-23 12:50:00,2024-06-23 19:07:24,billing,high,6.29,1,closed
TCK-002046,CUST-01311,2025-03-04 20:21:00,2025-03-05 13:18:36,billing,high,16.96,1,closed
TCK-002047,CUST-01312,2026-07-09 10:10:00,2026-07-09 18:32:12,billing,medium,8.37,3,closed
TCK-002048,CUST-01312,2026-07-06 17:22:00,2026-07-06 17:32:48,account_access,low,0.18,4,closed
TCK-002049,CUST-01312,2026-07-31 17:22:00,2026-07-31 18:04:00,cancellation_request,medium,0.7,3,closed
TCK-002050,CUST-01312,2026-06-03 14:09:00,2026-06-03 17:16:12,cancellation_request,medium,3.12,4,closed
TCK-002051,CUST-01314,2026-02-27 10:20:00,2026-02-27 15:45:48,account_access,high,5.43,5,closed
TCK-002052,CUST-01317,2026-03-19 08:12:00,2026-03-19 13:07:12,feature_request,medium,4.92,2,closed
TCK-002053,CUST-01318,2025-07-05 14:57:00,2025-07-05 23:46:12,billing,high,8.82,1,closed
TCK-002054,CUST-01318,2025-07-01 08:37:00,2025-07-01 22:06:24,technical_issue,urgent,13.49,3,closed
TCK-002055,CUST-01318,2025-10-09 14:40:00,2025-10-10 14:08:12,billing,high,23.47,3,closed
TCK-002056,CUST-01318,2025-08-06 19:55:00,2025-08-08 08:18:24,account_access,urgent,36.39,2,closed
TCK-002057,CUST-01318,2025-08-26 14:45:00,2025-08-27 13:44:24,cancellation_request,low,22.99,3,closed
TCK-002058,CUST-01319,2026-08-09 09:46:00,2026-08-09 15:22:36,technical_issue,medium,5.61,3,closed
TCK-002059,CUST-01319,2026-07-20 15:42:00,2026-07-21 01:25:12,technical_issue,medium,9.72,3,closed
TCK-002060,CUST-01321,2025-01-17 13:12:00,2025-01-18 10:58:48,technical_issue,urgent,21.78,3,closed
TCK-002061,CUST-01321,2025-06-20 09:02:00,2025-06-21 08:48:48,billing,urgent,23.78,3,closed
TCK-002062,CUST-01321,2025-04-06 20:39:00,2025-04-07 07:07:12,technical_issue,high,10.47,1,closed
TCK-002063,CUST-01322,2026-05-10 13:15:00,2026-05-10 17:39:00,cancellation_request,medium,4.4,4,closed
TCK-002064,CUST-01323,2026-08-30 14:20:00,2026-08-31 04:07:24,technical_issue,medium,13.79,4,closed
TCK-002065,CUST-01323,2025-07-31 13:45:00,2025-07-31 16:51:00,account_access,medium,3.1,4,closed
TCK-002066,CUST-01324,2026-08-05 08:38:00,2026-08-05 09:14:36,billing,medium,0.61,4,closed
TCK-002067,CUST-01325,2025-01-22 18:44:00,2025-01-24 07:26:36,billing,low,36.71,1,closed
TCK-002068,CUST-01325,2025-05-03 16:27:00,2025-05-04 05:06:00,technical_issue,high,12.65,1,closed
TCK-002069,CUST-01326,2024-05-11 14:55:00,2024-05-12 02:19:36,technical_issue,high,11.41,1,closed
TCK-002070,CUST-01326,2024-05-14 10:17:00,2024-05-14 19:36:48,technical_issue,high,9.33,1,closed
TCK-002071,CUST-01326,2024-04-30 18:21:00,2024-05-01 19:47:24,billing,high,25.44,1,closed
TCK-002072,CUST-01326,2024-05-30 18:26:00,2024-05-30 20:15:12,billing,medium,1.82,4,closed
TCK-002073,CUST-01327,2026-07-11 11:42:00,2026-07-13 03:24:36,technical_issue,high,39.71,1,closed
TCK-002074,CUST-01327,2026-07-08 09:46:00,2026-07-09 02:40:00,billing,medium,16.9,2,closed
TCK-002075,CUST-01328,2025-05-28 16:41:00,2025-05-28 19:36:12,technical_issue,medium,2.92,4,closed
TCK-002076,CUST-01328,2025-04-12 16:26:00,2025-04-13 06:35:00,account_access,high,14.15,1,closed
TCK-002077,CUST-01328,2025-03-19 18:37:00,2025-03-20 14:38:12,cancellation_request,medium,20.02,3,closed
TCK-002078,CUST-01328,2025-01-23 20:21:00,2025-01-23 23:10:48,billing,high,2.83,4,closed
TCK-002079,CUST-01329,2025-12-02 08:15:00,2025-12-02 09:40:48,account_access,medium,1.43,5,closed
TCK-002080,CUST-01330,2026-06-20 13:14:00,2026-06-20 13:46:24,account_access,low,0.54,4,closed
TCK-002081,CUST-01331,2026-06-27 15:53:00,2026-06-27 17:17:36,cancellation_request,medium,1.41,3,closed
TCK-002082,CUST-01331,2026-08-20 08:15:00,2026-08-20 12:39:36,account_access,medium,4.41,4,closed
TCK-002083,CUST-01331,2026-05-28 12:37:00,2026-05-29 10:59:12,feature_request,low,22.37,4,closed
TCK-002084,CUST-01331,2026-06-13 11:43:00,2026-06-13 18:28:36,technical_issue,urgent,6.76,5,closed
TCK-002085,CUST-01332,2025-09-05 10:28:00,2025-09-07 07:57:24,billing,high,45.49,2,closed
TCK-002086,CUST-01332,2025-10-10 20:14:00,2025-10-11 11:41:00,technical_issue,medium,15.45,2,closed
TCK-002087,CUST-01332,2025-06-30 14:24:00,2025-07-02 16:56:24,account_access,high,50.54,1,closed
TCK-002088,CUST-01332,2025-09-11 10:18:00,2025-09-12 00:19:12,technical_issue,medium,14.02,3,closed
TCK-002089,CUST-01333,2025-10-30 09:06:00,2025-10-30 13:42:00,feature_request,urgent,4.6,3,closed
TCK-002090,CUST-01333,2025-04-03 19:44:00,2025-04-04 08:11:00,account_access,medium,12.45,2,closed
TCK-002091,CUST-01334,2025-02-27 12:01:00,2025-02-27 14:11:12,billing,low,2.17,1,closed
TCK-002092,CUST-01334,2025-06-24 13:30:00,2025-06-24 18:25:48,technical_issue,high,4.93,2,closed
TCK-002093,CUST-01336,2026-07-25 11:36:00,2026-07-25 13:53:24,account_access,low,2.29,3,closed
TCK-002094,CUST-01336,2026-07-22 18:45:00,2026-07-23 00:45:36,feature_request,low,6.01,4,closed
TCK-002095,CUST-01339,2026-05-20 11:18:00,2026-05-20 15:02:24,cancellation_request,high,3.74,4,closed
TCK-002096,CUST-01339,2026-07-15 14:55:00,2026-07-16 16:30:24,cancellation_request,medium,25.59,5,closed
TCK-002097,CUST-01340,2025-10-01 16:26:00,2025-10-01 18:00:48,billing,high,1.58,4,closed
TCK-002098,CUST-01340,2026-07-05 17:52:00,2026-07-05 19:09:24,billing,medium,1.29,4,closed
TCK-002099,CUST-01341,2026-04-08 13:31:00,2026-04-08 22:46:36,billing,medium,9.26,4,closed
TCK-002100,CUST-01342,2026-07-25 15:43:00,2026-07-25 16:25:00,cancellation_request,medium,0.7,2,closed
TCK-002101,CUST-01342,2026-07-12 11:16:00,2026-07-12 20:47:12,billing,medium,9.52,5,closed
TCK-002102,CUST-01343,2026-06-10 19:13:00,2026-06-11 01:05:48,cancellation_request,medium,5.88,4,closed
TCK-002103,CUST-01345,2026-04-29 18:24:00,2026-04-30 01:52:48,feature_request,low,7.48,5,closed
TCK-002104,CUST-01345,2026-03-08 19:29:00,2026-03-09 00:51:48,technical_issue,low,5.38,1,closed
TCK-002105,CUST-01346,2025-11-20 20:02:00,2025-11-21 23:06:48,cancellation_request,medium,27.08,1,closed
TCK-002106,CUST-01346,2025-12-24 09:58:00,2025-12-25 05:59:12,technical_issue,high,20.02,1,closed
TCK-002107,CUST-01349,2026-03-12 11:06:00,2026-03-12 18:36:00,cancellation_request,high,7.5,4,closed
TCK-002108,CUST-01349,2025-12-28 12:06:00,2025-12-29 09:31:48,billing,high,21.43,4,closed
TCK-002109,CUST-01349,2026-03-05 17:23:00,2026-03-06 05:51:12,cancellation_request,low,12.47,1,closed
TCK-002110,CUST-01350,2026-08-06 15:15:00,2026-08-07 05:38:24,feature_request,medium,14.39,3,closed
TCK-002111,CUST-01350,2026-08-22 20:23:00,2026-08-23 01:33:48,feature_request,medium,5.18,3,closed
TCK-002112,CUST-01350,2026-05-26 20:10:00,2026-05-27 07:37:00,account_access,medium,11.45,4,closed
TCK-002113,CUST-01353,2025-02-19 18:48:00,2025-02-21 05:42:00,billing,medium,34.9,1,closed
TCK-002114,CUST-01353,2025-05-07 20:40:00,2025-05-09 22:13:00,technical_issue,medium,49.55,1,closed
TCK-002115,CUST-01353,2025-03-12 15:53:00,2025-03-13 03:36:12,technical_issue,high,11.72,1,closed
TCK-002116,CUST-01355,2026-02-04 18:53:00,2026-02-05 03:15:48,technical_issue,high,8.38,4,closed
TCK-002117,CUST-01355,2025-08-15 09:13:00,2025-08-15 12:10:00,billing,medium,2.95,2,closed
TCK-002118,CUST-01355,2026-09-01 14:55:00,2026-09-01 16:20:12,feature_request,medium,1.42,4,closed
TCK-002119,CUST-01356,2026-02-02 16:00:00,2026-02-02 20:35:24,cancellation_request,medium,4.59,3,closed
TCK-002120,CUST-01359,2026-02-03 13:16:00,2026-02-03 21:41:48,cancellation_request,low,8.43,2,closed
TCK-002121,CUST-01359,2025-10-17 15:37:00,2025-10-17 20:56:48,technical_issue,medium,5.33,2,closed
TCK-002122,CUST-01359,2025-11-02 08:10:00,2025-11-02 12:11:12,billing,high,4.02,4,closed
TCK-002123,CUST-01359,2025-10-22 11:51:00,2025-10-22 18:03:36,feature_request,urgent,6.21,3,closed
TCK-002124,CUST-01359,2025-10-25 18:25:00,2025-10-26 06:37:00,billing,low,12.2,1,closed
TCK-002125,CUST-01361,2025-07-13 20:05:00,2025-07-14 01:26:36,cancellation_request,urgent,5.36,1,closed
TCK-002126,CUST-01361,2025-07-19 18:50:00,2025-07-20 05:39:48,billing,medium,10.83,4,closed
TCK-002127,CUST-01361,2025-07-11 18:48:00,2025-07-12 08:34:48,technical_issue,high,13.78,1,closed
TCK-002128,CUST-01361,2025-06-22 08:11:00,2025-06-22 20:12:48,billing,high,12.03,3,closed
TCK-002129,CUST-01361,2025-05-31 11:17:00,2025-06-01 00:53:36,technical_issue,urgent,13.61,2,closed
TCK-002130,CUST-01362,2025-11-10 13:06:00,2025-11-10 14:09:00,feature_request,low,1.05,4,closed
TCK-002131,CUST-01364,2026-04-30 18:45:00,2026-04-30 21:26:24,feature_request,low,2.69,4,closed
TCK-002132,CUST-01365,2025-02-28 12:10:00,2025-03-01 19:00:24,technical_issue,medium,30.84,1,closed
TCK-002133,CUST-01366,2026-02-21 19:09:00,2026-02-22 08:15:36,account_access,low,13.11,2,closed
TCK-002134,CUST-01366,2025-07-22 20:19:00,2025-07-26 01:40:00,billing,high,77.35,1,closed
TCK-002135,CUST-01366,2025-06-16 13:13:00,2025-06-16 22:10:36,feature_request,high,8.96,3,closed
TCK-002136,CUST-01367,2025-09-19 18:39:00,2025-09-21 07:39:00,account_access,high,37.0,1,closed
TCK-002137,CUST-01367,2025-10-05 13:47:00,2025-10-06 02:36:12,technical_issue,medium,12.82,4,closed
TCK-002138,CUST-01367,2025-12-10 14:22:00,2025-12-14 03:24:24,billing,urgent,85.04,3,closed
TCK-002139,CUST-01368,2025-06-13 18:41:00,2025-06-15 18:44:36,technical_issue,urgent,48.06,1,closed
TCK-002140,CUST-01368,2025-06-29 18:25:00,2025-06-29 18:58:00,technical_issue,high,0.55,1,closed
TCK-002141,CUST-01368,2025-09-30 15:37:00,2025-10-01 10:46:00,billing,medium,19.15,3,closed
TCK-002142,CUST-01368,2025-11-29 10:27:00,2025-11-30 01:57:36,billing,urgent,15.51,1,closed
TCK-002143,CUST-01369,2026-02-11 20:50:00,2026-02-12 07:31:24,cancellation_request,medium,10.69,3,closed
TCK-002144,CUST-01369,2026-02-24 12:47:00,2026-02-24 19:59:36,technical_issue,high,7.21,1,closed
TCK-002145,CUST-01369,2026-01-11 16:55:00,2026-01-11 21:22:00,technical_issue,urgent,4.45,2,closed
TCK-002146,CUST-01369,2026-03-05 12:29:00,2026-03-05 18:46:24,billing,high,6.29,3,closed
TCK-002147,CUST-01370,2025-04-06 19:20:00,2025-04-07 13:47:36,cancellation_request,medium,18.46,1,closed
TCK-002148,CUST-01370,2025-02-09 11:05:00,2025-02-09 12:18:48,account_access,medium,1.23,2,closed
TCK-002149,CUST-01370,2024-08-03 08:25:00,2024-08-03 13:28:36,billing,urgent,5.06,1,closed
TCK-002150,CUST-01371,2026-08-04 12:04:00,2026-08-05 02:32:48,technical_issue,medium,14.48,5,closed
TCK-002151,CUST-01371,2026-06-14 18:49:00,2026-06-14 18:49:36,billing,medium,0.01,5,closed
TCK-002152,CUST-01372,2026-04-21 17:07:00,2026-04-22 02:33:24,account_access,medium,9.44,3,closed
TCK-002153,CUST-01373,2026-06-10 12:00:00,2026-06-10 12:57:00,technical_issue,medium,0.95,4,closed
TCK-002154,CUST-01373,2026-08-11 13:47:00,2026-08-11 16:30:48,account_access,high,2.73,5,closed
TCK-002155,CUST-01374,2026-04-04 15:38:00,2026-04-04 18:29:00,billing,low,2.85,3,closed
TCK-002156,CUST-01374,2025-05-29 09:03:00,2025-05-29 09:53:24,technical_issue,medium,0.84,4,closed
TCK-002157,CUST-01375,2026-02-16 13:33:00,2026-02-16 19:53:24,billing,low,6.34,5,closed
TCK-002158,CUST-01376,2024-10-08 17:11:00,2024-10-10 23:53:00,account_access,high,54.7,4,closed
TCK-002159,CUST-01379,2026-06-15 13:52:00,2026-06-16 10:23:48,technical_issue,medium,20.53,2,closed
TCK-002160,CUST-01379,2026-07-22 12:52:00,2026-07-22 20:59:12,technical_issue,medium,8.12,1,closed
TCK-002161,CUST-01379,2026-08-06 09:03:00,2026-08-07 01:34:12,technical_issue,high,16.52,2,closed
TCK-002162,CUST-01380,2026-08-28 14:32:00,2026-08-28 23:39:48,technical_issue,high,9.13,5,closed
TCK-002163,CUST-01383,2025-12-10 11:28:00,2025-12-10 12:59:12,technical_issue,medium,1.52,4,closed
TCK-002164,CUST-01384,2026-05-07 15:47:00,2026-05-08 06:48:12,billing,low,15.02,3,closed
TCK-002165,CUST-01384,2026-06-05 09:32:00,2026-06-05 12:20:00,technical_issue,low,2.8,5,closed
TCK-002166,CUST-01385,2024-12-29 15:59:00,2024-12-30 09:09:48,technical_issue,medium,17.18,1,closed
TCK-002167,CUST-01386,2025-10-29 14:49:00,2025-10-29 16:19:00,feature_request,medium,1.5,4,closed
TCK-002168,CUST-01386,2026-03-02 19:32:00,2026-03-02 22:29:36,technical_issue,medium,2.96,5,closed
TCK-002169,CUST-01387,2026-08-20 08:50:00,2026-08-20 10:13:24,billing,medium,1.39,5,closed
TCK-002170,CUST-01388,2025-05-14 17:15:00,2025-05-14 22:42:00,billing,medium,5.45,1,closed
TCK-002171,CUST-01389,2024-06-02 08:24:00,2024-06-03 08:24:36,cancellation_request,high,24.01,2,closed
TCK-002172,CUST-01389,2024-07-19 19:35:00,2024-07-20 06:53:00,technical_issue,medium,11.3,3,closed
TCK-002173,CUST-01389,2024-06-13 20:02:00,2024-06-14 20:51:48,billing,high,24.83,1,closed
TCK-002174,CUST-01392,2026-03-25 18:02:00,2026-03-26 23:30:12,account_access,urgent,29.47,4,closed
TCK-002175,CUST-01392,2026-04-30 20:32:00,2026-05-01 08:42:48,technical_issue,high,12.18,2,closed
TCK-002176,CUST-01392,2026-06-13 09:24:00,2026-06-13 10:44:24,billing,medium,1.34,2,closed
TCK-002177,CUST-01392,2026-05-06 18:32:00,2026-05-06 23:56:36,billing,medium,5.41,5,closed
TCK-002178,CUST-01392,2026-05-08 19:39:00,2026-05-08 19:49:12,technical_issue,urgent,0.17,4,closed
TCK-002179,CUST-01392,2026-03-17 10:49:00,2026-03-17 10:56:12,cancellation_request,medium,0.12,1,closed
TCK-002180,CUST-01392,2026-03-28 13:26:00,2026-03-29 01:02:00,billing,low,11.6,2,closed
TCK-002181,CUST-01393,2026-02-18 13:24:00,2026-02-18 21:21:00,technical_issue,low,7.95,5,closed
TCK-002182,CUST-01396,2025-06-12 18:40:00,2025-06-12 19:17:12,technical_issue,high,0.62,4,closed
TCK-002183,CUST-01396,2026-03-29 11:53:00,2026-03-29 15:51:48,technical_issue,medium,3.98,4,closed
TCK-002184,CUST-01397,2024-11-22 17:54:00,2024-11-23 00:06:00,cancellation_request,medium,6.2,5,closed
TCK-002185,CUST-01397,2026-08-31 20:57:00,2026-09-01 06:10:48,feature_request,low,9.23,5,closed
TCK-002186,CUST-01398,2025-04-10 15:45:00,2025-04-10 16:33:00,account_access,urgent,0.8,5,closed
TCK-002187,CUST-01398,2025-10-05 13:27:00,2025-10-05 16:21:00,billing,low,2.9,4,closed
TCK-002188,CUST-01399,2025-05-29 19:09:00,2025-05-30 06:59:24,account_access,medium,11.84,5,closed
TCK-002189,CUST-01399,2026-02-24 18:46:00,2026-02-25 04:06:24,feature_request,medium,9.34,5,closed
TCK-002190,CUST-01401,2025-05-11 16:55:00,2025-05-12 21:21:24,billing,low,28.44,1,closed
TCK-002191,CUST-01401,2025-08-16 13:43:00,2025-08-17 11:32:48,account_access,medium,21.83,4,closed
TCK-002192,CUST-01401,2025-04-06 12:08:00,2025-04-07 04:12:48,technical_issue,medium,16.08,3,closed
TCK-002193,CUST-01402,2026-03-13 17:49:00,2026-03-13 23:09:24,feature_request,high,5.34,4,closed
TCK-002194,CUST-01402,2025-11-18 08:50:00,2025-11-18 20:53:36,billing,urgent,12.06,1,closed
TCK-002195,CUST-01402,2025-12-29 11:55:00,2025-12-29 13:38:12,billing,medium,1.72,2,closed
TCK-002196,CUST-01404,2026-02-16 12:20:00,2026-02-17 04:09:12,feature_request,low,15.82,5,closed
TCK-002197,CUST-01404,2025-02-19 20:45:00,2025-02-19 21:25:12,technical_issue,low,0.67,1,closed
TCK-002198,CUST-01404,2026-01-19 20:59:00,2026-01-19 21:36:48,account_access,low,0.63,5,closed
TCK-002199,CUST-01405,2026-06-28 16:51:00,2026-06-28 18:44:24,technical_issue,low,1.89,5,closed
TCK-002200,CUST-01406,2026-07-15 09:33:00,2026-07-15 15:28:12,feature_request,medium,5.92,2,closed
TCK-002201,CUST-01407,2025-08-29 10:43:00,2025-08-29 10:46:36,technical_issue,medium,0.06,5,closed
TCK-002202,CUST-01408,2026-08-24 19:01:00,2026-08-25 02:45:24,billing,medium,7.74,2,closed
TCK-002203,CUST-01409,2026-04-25 13:43:00,2026-04-25 19:35:48,billing,low,5.88,4,closed
TCK-002204,CUST-01411,2025-07-04 19:04:00,2025-07-05 06:46:00,technical_issue,high,11.7,2,closed
TCK-002205,CUST-01411,2025-06-26 19:54:00,2025-06-28 10:45:36,cancellation_request,medium,38.86,2,closed
TCK-002206,CUST-01411,2025-07-18 13:48:00,2025-07-19 02:46:48,billing,high,12.98,1,closed
TCK-002207,CUST-01411,2025-01-01 17:54:00,2025-01-01 21:25:12,technical_issue,medium,3.52,1,closed
TCK-002208,CUST-01412,2026-08-04 15:36:00,2026-08-04 21:50:24,technical_issue,low,6.24,4,closed
TCK-002209,CUST-01412,2026-08-21 18:32:00,2026-08-22 09:32:00,feature_request,high,15.0,3,closed
TCK-002210,CUST-01412,2026-08-26 09:55:00,2026-08-26 12:17:48,feature_request,low,2.38,5,closed
TCK-002211,CUST-01414,2026-04-02 20:54:00,2026-04-02 21:51:36,billing,high,0.96,3,closed
TCK-002212,CUST-01414,2025-05-14 14:48:00,2025-05-15 06:56:24,cancellation_request,medium,16.14,1,closed
TCK-002213,CUST-01414,2025-10-22 08:09:00,2025-10-22 10:28:48,account_access,urgent,2.33,5,closed
TCK-002214,CUST-01414,2025-07-19 12:49:00,2025-07-20 02:28:00,feature_request,low,13.65,1,closed
TCK-002215,CUST-01415,2026-08-14 13:50:00,2026-08-14 17:13:24,technical_issue,medium,3.39,3,closed
TCK-002216,CUST-01416,2026-07-05 20:42:00,2026-07-05 22:46:12,technical_issue,high,2.07,4,closed
TCK-002217,CUST-01417,2026-06-15 08:59:00,2026-06-16 04:58:24,technical_issue,medium,19.99,3,closed
TCK-002218,CUST-01417,2026-07-19 10:33:00,2026-07-19 11:52:12,billing,high,1.32,4,closed
TCK-002219,CUST-01417,2026-08-10 12:22:00,2026-08-10 16:36:24,feature_request,medium,4.24,5,closed
TCK-002220,CUST-01418,2025-08-31 20:20:00,2025-09-01 22:53:36,billing,low,26.56,1,closed
TCK-002221,CUST-01418,2025-08-11 20:12:00,2025-08-12 03:11:24,cancellation_request,medium,6.99,3,closed
TCK-002222,CUST-01418,2025-08-23 12:37:00,2025-08-24 18:05:12,technical_issue,urgent,29.47,2,closed
TCK-002223,CUST-01419,2025-11-18 12:33:00,2025-11-18 16:28:12,technical_issue,low,3.92,5,closed
TCK-002224,CUST-01420,2025-04-25 16:23:00,2025-04-25 19:35:00,cancellation_request,low,3.2,1,closed
TCK-002225,CUST-01421,2026-03-30 19:51:00,2026-03-31 00:07:48,account_access,medium,4.28,2,closed
TCK-002226,CUST-01421,2026-01-22 17:45:00,2026-01-23 06:36:00,feature_request,medium,12.85,4,closed
TCK-002227,CUST-01421,2026-01-10 15:05:00,2026-01-10 15:38:00,account_access,urgent,0.55,4,closed
TCK-002228,CUST-01421,2025-12-03 16:52:00,2025-12-03 20:20:48,feature_request,low,3.48,4,closed
TCK-002229,CUST-01422,2025-09-05 12:05:00,2025-09-05 13:51:12,billing,urgent,1.77,1,closed
TCK-002230,CUST-01423,2026-06-16 14:56:00,2026-06-16 17:30:48,feature_request,high,2.58,4,closed
TCK-002231,CUST-01424,2026-04-07 18:56:00,2026-04-08 04:20:36,billing,low,9.41,4,closed
TCK-002232,CUST-01424,2026-09-01 14:36:00,2026-09-01 20:29:24,technical_issue,high,5.89,2,closed
TCK-002233,CUST-01426,2025-11-06 19:23:00,2025-11-07 06:49:24,cancellation_request,high,11.44,3,closed
TCK-002234,CUST-01426,2025-10-12 19:07:00,2025-10-13 06:46:36,technical_issue,medium,11.66,4,closed
TCK-002235,CUST-01427,2026-04-05 11:12:00,2026-04-05 22:07:48,technical_issue,high,10.93,3,closed
TCK-002236,CUST-01428,2025-11-07 14:37:00,2025-11-08 12:05:48,feature_request,high,21.48,1,closed
TCK-002237,CUST-01428,2025-06-02 19:42:00,2025-06-03 02:27:36,billing,high,6.76,2,closed
TCK-002238,CUST-01428,2025-05-04 09:11:00,2025-05-05 01:35:00,account_access,urgent,16.4,1,closed
TCK-002239,CUST-01429,2026-01-22 17:31:00,2026-01-22 23:35:48,feature_request,high,6.08,3,closed
TCK-002240,CUST-01429,2025-03-22 13:59:00,2025-03-22 16:20:36,billing,high,2.36,3,closed
TCK-002241,CUST-01429,2025-06-25 16:59:00,2025-06-25 21:41:36,account_access,low,4.71,4,closed
TCK-002242,CUST-01430,2026-07-23 10:35:00,2026-07-24 04:15:48,technical_issue,high,17.68,1,closed
TCK-002243,CUST-01430,2026-07-07 20:55:00,2026-07-08 09:56:12,billing,medium,13.02,3,closed
TCK-002244,CUST-01430,2026-07-25 17:26:00,2026-07-25 20:12:12,billing,high,2.77,3,closed
TCK-002245,CUST-01430,2026-06-20 17:21:00,2026-06-21 12:02:24,technical_issue,low,18.69,1,closed
TCK-002246,CUST-01431,2025-10-29 17:49:00,2025-10-29 21:08:48,feature_request,low,3.33,5,closed
TCK-002247,CUST-01431,2025-12-19 16:26:00,2025-12-19 18:30:12,feature_request,medium,2.07,4,closed
TCK-002248,CUST-01432,2024-10-16 20:02:00,2024-10-17 03:23:00,account_access,medium,7.35,4,closed
TCK-002249,CUST-01433,2026-07-29 17:03:00,2026-07-29 18:54:00,account_access,high,1.85,5,closed
TCK-002250,CUST-01433,2026-08-27 13:34:00,2026-08-27 17:25:00,technical_issue,low,3.85,4,closed
TCK-002251,CUST-01434,2026-08-08 20:43:00,2026-08-09 07:12:24,account_access,low,10.49,5,closed
TCK-002252,CUST-01434,2026-08-01 11:51:00,2026-08-01 13:00:00,account_access,medium,1.15,2,closed
TCK-002253,CUST-01435,2025-06-16 20:48:00,2025-06-16 21:19:12,account_access,high,0.52,2,closed
TCK-002254,CUST-01435,2025-08-04 17:35:00,2025-08-06 19:50:00,billing,high,50.25,5,closed
TCK-002255,CUST-01436,2026-07-03 18:53:00,2026-07-03 23:31:24,feature_request,urgent,4.64,4,closed
TCK-002256,CUST-01436,2025-12-22 10:31:00,2025-12-22 23:04:36,technical_issue,medium,12.56,4,closed
TCK-002257,CUST-01437,2026-07-05 13:40:00,2026-07-05 17:09:24,billing,medium,3.49,1,closed
TCK-002258,CUST-01438,2026-03-25 13:23:00,2026-03-25 18:19:24,technical_issue,low,4.94,1,closed
TCK-002259,CUST-01439,2024-09-13 18:28:00,2024-09-14 00:52:00,billing,medium,6.4,5,closed
TCK-002260,CUST-01441,2026-08-21 09:38:00,2026-08-21 15:26:36,account_access,medium,5.81,4,closed
TCK-002261,CUST-01441,2026-06-11 13:06:00,2026-06-11 21:01:12,technical_issue,low,7.92,4,closed
TCK-002262,CUST-01442,2026-06-11 13:53:00,2026-06-11 15:27:12,billing,high,1.57,3,closed
TCK-002263,CUST-01442,2026-06-04 15:09:00,2026-06-05 02:09:36,billing,high,11.01,3,closed
TCK-002264,CUST-01443,2025-09-28 16:58:00,2025-09-29 05:35:12,billing,urgent,12.62,1,closed
TCK-002265,CUST-01444,2025-06-17 10:59:00,2025-06-17 13:37:24,billing,high,2.64,2,closed
TCK-002266,CUST-01444,2025-07-21 13:06:00,2025-07-21 18:55:12,technical_issue,urgent,5.82,4,closed
TCK-002267,CUST-01445,2025-09-26 19:31:00,2025-09-27 04:56:48,billing,medium,9.43,3,closed
TCK-002268,CUST-01445,2026-03-23 13:12:00,2026-03-23 14:07:12,technical_issue,medium,0.92,4,closed
TCK-002269,CUST-01445,2026-01-21 16:21:00,2026-01-21 20:03:36,billing,urgent,3.71,3,closed
TCK-002270,CUST-01445,2026-05-04 17:02:00,2026-05-05 15:08:00,billing,high,22.1,2,closed
TCK-002271,CUST-01446,2026-08-09 15:09:00,2026-08-09 15:43:48,billing,high,0.58,4,closed
TCK-002272,CUST-01446,2026-02-07 10:44:00,2026-02-07 12:48:48,account_access,high,2.08,2,closed
TCK-002273,CUST-01447,2026-07-20 16:07:00,2026-07-22 03:03:24,technical_issue,medium,34.94,4,closed
TCK-002274,CUST-01447,2026-06-22 13:14:00,2026-06-22 14:35:00,technical_issue,medium,1.35,4,closed
TCK-002275,CUST-01448,2026-05-05 10:32:00,2026-05-06 02:41:00,account_access,medium,16.15,3,closed
TCK-002276,CUST-01448,2026-02-05 08:44:00,2026-02-05 10:00:48,technical_issue,low,1.28,3,closed
TCK-002277,CUST-01449,2025-11-19 08:35:00,2025-11-22 00:00:12,feature_request,medium,63.42,3,closed
TCK-002278,CUST-01451,2026-08-27 20:39:00,2026-08-27 22:13:48,feature_request,urgent,1.58,4,closed
TCK-002279,CUST-01452,2025-04-12 09:16:00,2025-04-12 23:52:36,account_access,low,14.61,5,closed
TCK-002280,CUST-01453,2025-11-19 08:22:00,2025-11-20 11:16:00,technical_issue,medium,26.9,1,closed
TCK-002281,CUST-01453,2025-11-29 16:34:00,2025-11-30 05:07:00,billing,high,12.55,1,closed
TCK-002282,CUST-01454,2026-07-09 12:15:00,2026-07-09 15:40:12,billing,high,3.42,1,closed
TCK-002283,CUST-01454,2026-07-18 09:36:00,2026-07-19 14:58:48,account_access,urgent,29.38,2,closed
TCK-002284,CUST-01454,2026-07-25 19:03:00,2026-07-26 00:05:24,technical_issue,urgent,5.04,1,closed
TCK-002285,CUST-01454,2026-07-09 09:27:00,2026-07-09 21:43:48,billing,high,12.28,1,closed
TCK-002286,CUST-01455,2025-05-03 12:56:00,2025-05-04 20:26:36,technical_issue,high,31.51,2,closed
TCK-002287,CUST-01456,2024-10-09 20:52:00,2024-10-10 10:07:00,technical_issue,medium,13.25,5,closed
TCK-002288,CUST-01456,2024-10-24 09:26:00,2024-10-26 09:36:48,cancellation_request,low,48.18,1,closed
TCK-002289,CUST-01457,2026-07-21 18:27:00,2026-07-21 20:32:24,technical_issue,medium,2.09,3,closed
TCK-002290,CUST-01457,2026-05-19 13:20:00,2026-05-20 01:44:00,technical_issue,high,12.4,3,closed
TCK-002291,CUST-01457,2025-11-27 17:47:00,2025-11-28 01:44:00,cancellation_request,low,7.95,5,closed
TCK-002292,CUST-01459,2026-07-01 08:11:00,2026-07-02 02:15:48,feature_request,medium,18.08,4,closed
TCK-002293,CUST-01460,2025-10-31 09:28:00,2025-10-31 18:09:24,technical_issue,high,8.69,4,closed
TCK-002294,CUST-01460,2025-12-28 14:25:00,2025-12-29 04:20:48,billing,urgent,13.93,1,closed
TCK-002295,CUST-01462,2026-09-01 19:39:00,2026-09-02 04:16:48,billing,medium,8.63,5,closed
TCK-002296,CUST-01463,2026-06-25 18:27:00,2026-06-26 00:58:48,account_access,low,6.53,5,closed
TCK-002297,CUST-01464,2024-09-12 10:36:00,2024-09-12 17:43:12,account_access,low,7.12,1,closed
TCK-002298,CUST-01464,2024-09-07 08:26:00,2024-09-07 10:07:24,billing,high,1.69,2,closed
TCK-002299,CUST-01464,2024-08-23 14:04:00,2024-08-24 08:14:48,billing,medium,18.18,1,closed
TCK-002300,CUST-01464,2024-09-01 11:56:00,2024-09-01 19:51:12,billing,medium,7.92,1,closed
TCK-002301,CUST-01466,2026-06-18 08:45:00,2026-06-18 14:10:12,account_access,high,5.42,5,closed
TCK-002302,CUST-01466,2026-05-25 11:06:00,2026-05-25 13:41:24,technical_issue,high,2.59,4,closed
TCK-002303,CUST-01467,2025-12-30 16:15:00,2025-12-30 19:12:36,technical_issue,low,2.96,5,closed
TCK-002304,CUST-01467,2025-04-05 16:06:00,2025-04-06 03:17:24,billing,medium,11.19,1,closed
TCK-002305,CUST-01467,2026-07-27 10:41:00,2026-07-27 12:19:24,technical_issue,low,1.64,5,closed
TCK-002306,CUST-01468,2025-10-25 18:46:00,2025-10-26 03:20:48,account_access,medium,8.58,5,closed
TCK-002307,CUST-01469,2025-08-13 12:10:00,2025-08-13 22:29:48,technical_issue,medium,10.33,2,closed
TCK-002308,CUST-01470,2025-02-02 13:14:00,2025-02-02 21:27:48,billing,high,8.23,1,closed
TCK-002309,CUST-01470,2025-04-08 09:43:00,2025-04-09 11:32:48,billing,urgent,25.83,2,closed
TCK-002310,CUST-01470,2024-12-17 08:19:00,2024-12-19 12:13:36,cancellation_request,medium,51.91,3,closed
TCK-002311,CUST-01471,2026-08-18 19:34:00,2026-08-21 02:56:12,cancellation_request,low,55.37,3,closed
TCK-002312,CUST-01471,2026-08-08 11:36:00,2026-08-09 16:33:00,billing,high,28.95,5,closed
TCK-002313,CUST-01471,2026-06-01 20:01:00,2026-06-02 01:32:12,billing,urgent,5.52,1,closed
TCK-002314,CUST-01473,2025-08-30 16:52:00,2025-08-30 19:20:48,billing,low,2.48,4,closed
TCK-002315,CUST-01474,2025-06-03 13:56:00,2025-06-03 16:05:00,account_access,low,2.15,5,closed
TCK-002316,CUST-01474,2026-03-18 13:54:00,2026-03-18 23:10:48,account_access,low,9.28,5,closed
TCK-002317,CUST-01475,2025-12-28 19:40:00,2025-12-28 22:16:36,technical_issue,urgent,2.61,5,closed
TCK-002318,CUST-01475,2026-03-10 13:15:00,2026-03-10 18:42:36,billing,high,5.46,1,closed
TCK-002319,CUST-01475,2026-06-18 20:26:00,2026-06-19 11:24:12,technical_issue,low,14.97,1,closed
TCK-002320,CUST-01475,2026-04-16 08:58:00,2026-04-17 10:49:00,billing,high,25.85,4,closed
TCK-002321,CUST-01476,2026-04-18 19:40:00,2026-04-18 21:09:24,billing,low,1.49,5,closed
TCK-002322,CUST-01477,2026-05-14 10:24:00,2026-05-15 16:01:48,account_access,medium,29.63,3,closed
TCK-002323,CUST-01477,2026-05-19 13:10:00,2026-05-20 04:54:24,cancellation_request,high,15.74,2,closed
TCK-002324,CUST-01477,2026-05-07 14:30:00,2026-05-07 16:52:48,billing,high,2.38,1,closed
TCK-002325,CUST-01477,2026-05-19 20:36:00,2026-05-20 00:21:00,technical_issue,medium,3.75,3,closed
TCK-002326,CUST-01477,2026-05-19 14:02:00,2026-05-19 19:37:24,cancellation_request,low,5.59,1,closed
TCK-002327,CUST-01477,2026-05-15 18:48:00,2026-05-16 04:58:48,technical_issue,low,10.18,2,closed
TCK-002328,CUST-01478,2025-03-22 08:56:00,2025-03-23 04:20:36,account_access,low,19.41,5,closed
TCK-002329,CUST-01479,2026-02-20 17:44:00,2026-02-21 23:19:24,technical_issue,medium,29.59,3,closed
TCK-002330,CUST-01480,2026-02-05 11:17:00,2026-02-05 12:26:36,technical_issue,high,1.16,5,closed
TCK-002331,CUST-01480,2026-02-07 17:16:00,2026-02-08 07:05:48,billing,medium,13.83,3,closed
TCK-002332,CUST-01481,2026-07-10 14:04:00,2026-07-10 16:07:00,technical_issue,medium,2.05,4,closed
TCK-002333,CUST-01482,2026-03-06 08:07:00,2026-03-06 23:49:36,technical_issue,low,15.71,5,closed
TCK-002334,CUST-01482,2026-03-19 10:39:00,2026-03-19 10:58:48,technical_issue,medium,0.33,5,closed
TCK-002335,CUST-01483,2026-08-09 09:23:00,2026-08-09 10:54:12,account_access,high,1.52,3,closed
TCK-002336,CUST-01483,2026-06-08 18:20:00,2026-06-08 18:47:00,account_access,medium,0.45,3,closed
TCK-002337,CUST-01483,2026-05-16 14:55:00,2026-05-16 15:17:48,billing,urgent,0.38,5,closed
TCK-002338,CUST-01483,2026-04-22 11:51:00,2026-04-22 18:36:00,feature_request,low,6.75,1,closed
TCK-002339,CUST-01486,2025-05-18 10:35:00,2025-05-19 11:01:24,technical_issue,low,24.44,2,closed
TCK-002340,CUST-01486,2024-10-08 09:56:00,2024-10-08 11:35:00,billing,high,1.65,2,closed
TCK-002341,CUST-01488,2026-03-18 16:07:00,2026-03-19 12:17:12,cancellation_request,urgent,20.17,2,closed
TCK-002342,CUST-01490,2026-08-21 15:55:00,2026-08-21 17:46:00,feature_request,medium,1.85,4,closed
TCK-002343,CUST-01490,2026-08-05 11:20:00,2026-08-05 11:33:48,billing,low,0.23,3,closed
TCK-002344,CUST-01491,2025-05-05 18:03:00,2025-05-06 09:33:00,technical_issue,medium,15.5,4,closed
TCK-002345,CUST-01491,2025-03-05 13:20:00,2025-03-05 18:04:24,technical_issue,low,4.74,4,closed
TCK-002346,CUST-01491,2025-04-04 10:58:00,2025-04-05 04:06:24,technical_issue,medium,17.14,1,closed
TCK-002347,CUST-01493,2026-01-22 13:24:00,2026-01-23 00:31:48,account_access,high,11.13,1,closed
TCK-002348,CUST-01493,2025-12-21 18:02:00,2025-12-21 19:52:24,cancellation_request,medium,1.84,4,closed
TCK-002349,CUST-01494,2026-07-24 19:27:00,2026-07-24 21:12:36,technical_issue,medium,1.76,3,closed
TCK-002350,CUST-01495,2025-10-13 16:38:00,2025-10-14 03:14:36,billing,high,10.61,4,closed
TCK-002351,CUST-01495,2025-09-24 11:20:00,2025-09-25 05:33:48,billing,urgent,18.23,2,closed
TCK-002352,CUST-01495,2025-10-06 18:00:00,2025-10-08 12:03:36,billing,urgent,42.06,2,closed
TCK-002353,CUST-01497,2025-06-14 08:07:00,2025-06-15 13:39:24,account_access,high,29.54,2,closed
TCK-002354,CUST-01497,2025-05-25 09:24:00,2025-05-25 11:28:12,technical_issue,low,2.07,4,closed
TCK-002355,CUST-01498,2025-04-23 14:15:00,2025-04-24 00:34:12,cancellation_request,urgent,10.32,1,closed
TCK-002356,CUST-01498,2025-04-13 12:34:00,2025-04-13 12:50:12,billing,urgent,0.27,1,closed
TCK-002357,CUST-01499,2026-04-23 11:59:00,2026-04-23 15:39:12,feature_request,medium,3.67,4,closed
TCK-002358,CUST-01499,2025-10-09 12:11:00,2025-10-09 15:12:48,billing,low,3.03,4,closed
TCK-002359,CUST-01500,2025-12-05 08:45:00,2025-12-05 09:50:24,billing,low,1.09,5,closed
TCK-002360,CUST-01500,2026-04-04 17:48:00,2026-04-05 04:15:00,billing,medium,10.45,4,closed
