customer_id,first_name,last_name,full_name,email,age,age_bracket,gender,country,region,city,signup_date,signup_date_key,acquisition_channel,customer_status,is_churned,plan_id,contract_type,current_mrr,current_arr,tenure_months,tenure_bracket,lifetime_billed_revenue,is_at_risk,revenue_at_risk,is_engagement_declining,has_support_friction,has_payment_delinquency,rfm_segment,retention_playbook,recency_days,frequency_sessions,monetary_spend,r_score,f_score,m_score,rfm_score,churn_probability,risk_tier,primary_risk_factor,region_id,global_theater,contract_id,channel_id,channel_name
CUST-00007,Brenda,Gonzalez,Brenda Gonzalez,brenda.gonzalez@company8.com,41,36-50,Female,United States,Washington,Seattle,2026-02-17,20260217,Partner,active,False,plan_starter,annual,29.0,348.0,6.5,07-12 months,290.0,False,0.0,False,False,False,Hibernating / Lost,Automated re-engagement drip campaign; survey feature usability,196,208.0,290.0,2,2,2,222,0.0918,Low,urgent_ticket_ratio,23,North America,2,4,Partner
CUST-00018,Mary,Taylor,Mary Taylor,mary.taylor@company19.com,45,36-50,Female,Canada,Quebec,Montreal,2025-11-15,20251115,Social Media,active,False,plan_growth,monthly,79.0,948.0,9.7,07-12 months,790.0,False,0.0,False,False,False,At Risk Accounts,Immediate customer success outreach; schedule quarterly business review,290,439.0,790.0,2,3,3,233,0.0204,Low,acquisition_channel_Social Media,6,North America,1,6,Social Media
CUST-00035,Michael,Nguyen,Michael Nguyen,michael.nguyen@company36.com,34,26-35,Male,Australia,Queensland,Brisbane,2025-06-24,20250624,Organic Search,churned,True,plan_starter,monthly,0.0,0.0,2.3,01-03 months,87.0,False,0.0,False,True,False,Promising / New Customers,Standard ongoing account nurturing,434,49.0,87.0,3,1,1,311,1.0,Critical,monthly_price,2,Asia-Pacific,1,2,Organic Search
CUST-00038,Kevin,Thomas,Kevin Thomas,kevin.thomas@company39.com,25,18-25,Male,United States,Illinois,Chicago,2026-04-29,20260429,Paid Ads,active,False,plan_starter,annual,29.0,348.0,4.2,04-06 months,290.0,False,0.0,False,False,False,Hibernating / Lost,Automated re-engagement drip campaign; survey feature usability,125,135.0,290.0,1,1,2,112,0.0977,Low,high_urgency_tickets_count,19,North America,2,3,Paid Ads
CUST-00040,Eric,Taylor,Eric Taylor,eric.taylor@company41.com,26,26-35,Male,United States,New York,New York,2025-06-18,20250618,Social Media,active,False,plan_starter,annual,29.0,348.0,14.7,13-24 months,580.0,False,0.0,False,False,False,Loyal Customers,Standard ongoing account nurturing,440,495.0,580.0,4,4,3,443,0.1561,Low,urgent_ticket_ratio,21,North America,2,6,Social Media
CUST-00046,Ryan,Scott,Ryan Scott,ryan.scott@company47.com,60,51+,Male,United Kingdom,Greater London,London,2026-04-07,20260407,Organic Search,active,False,plan_growth,annual,79.0,948.0,4.9,04-06 months,790.0,False,0.0,False,False,False,About To Sleep,Automated re-engagement drip campaign; survey feature usability,147,210.0,790.0,1,2,3,123,0.0269,Low,age,12,Europe,2,2,Organic Search
CUST-00050,Paul,Hernandez,Paul Hernandez,paul.hernandez@company51.com,45,36-50,Male,Germany,Bavaria,Munich,2025-01-26,20250126,Organic Search,churned,True,plan_starter,monthly,0.0,0.0,6.8,07-12 months,203.0,False,0.0,False,True,False,Potential Loyalists,Standard ongoing account nurturing,583,234.0,203.0,4,2,1,421,0.9927,Critical,monthly_price,9,Europe,1,2,Organic Search
CUST-00053,Mark,Johnson,Mark Johnson,mark.johnson@company54.com,40,36-50,Male,United States,Illinois,Chicago,2025-10-01,20251001,Social Media,churned,True,plan_starter,annual,0.0,0.0,10.3,07-12 months,290.0,False,0.0,True,True,False,General Subscribers,Standard ongoing account nurturing,335,309.0,290.0,3,3,2,332,0.9917,Critical,monthly_price,19,North America,2,6,Social Media
CUST-00074,Kathleen,Smith,Kathleen Smith,kathleen.smith@company75.com,45,36-50,Female,United States,Colorado,Denver,2026-01-20,20260120,Social Media,churned,True,plan_growth,monthly,0.0,0.0,5.2,04-06 months,395.0,False,0.0,False,False,False,Hibernating / Lost,Automated re-engagement drip campaign; survey feature usability,224,214.0,395.0,2,2,2,222,0.9209,Critical,monthly_price,17,North America,1,6,Social Media
CUST-00078,David,Ramirez,David Ramirez,david.ramirez@company79.com,39,36-50,Male,United States,California,San Francisco,2025-02-05,20250205,Organic Search,active,False,plan_pro,monthly,179.0,2148.0,19.1,13-24 months,3580.0,False,0.0,False,False,False,Champions,Offer early access to beta features; invite to executive advisory board,573,1138.0,3580.0,4,5,5,455,0.0164,Low,recency_days,16,North America,1,2,Organic Search
CUST-00081,Sandra,Jones,Sandra Jones,sandra.jones@company82.com,45,36-50,Female,United Kingdom,Greater London,London,2025-12-29,20251229,Direct,active,False,plan_growth,monthly,79.0,948.0,8.2,07-12 months,711.0,False,0.0,False,False,False,At Risk Accounts,Immediate customer success outreach; schedule quarterly business review,246,369.0,711.0,2,3,3,233,0.0201,Low,avg_satisfaction_score,12,Europe,1,1,Direct
CUST-00096,Kathleen,Scott,Kathleen Scott,kathleen.scott@company97.com,36,36-50,Female,United States,Massachusetts,Boston,2026-07-08,20260708,Paid Ads,active,False,plan_growth,monthly,79.0,948.0,1.8,01-03 months,158.0,False,0.0,False,False,False,Hibernating / Lost,Automated re-engagement drip campaign; survey feature usability,55,71.0,158.0,1,1,1,111,0.0384,Low,active_day_ratio,20,North America,1,3,Paid Ads
CUST-00134,Benjamin,Jones,Benjamin Jones,benjamin.jones@company135.com,38,36-50,Male,Canada,British Columbia,Vancouver,2025-01-30,20250130,Direct,churned,True,plan_growth,monthly,0.0,0.0,13.7,13-24 months,1106.0,False,0.0,False,True,False,Champions,Offer early access to beta features; invite to executive advisory board,579,602.0,1106.0,4,4,4,444,0.9954,Critical,monthly_price,4,North America,1,1,Direct
CUST-00159,Ashley,Rodriguez,Ashley Rodriguez,ashley.rodriguez@company160.com,35,26-35,Female,United States,Washington,Seattle,2026-05-29,20260529,Referral,active,False,plan_pro,monthly,179.0,2148.0,3.2,04-06 months,716.0,False,0.0,False,False,False,About To Sleep,Automated re-engagement drip campaign; survey feature usability,95,212.0,716.0,1,2,3,123,0.0249,Low,tenure_days,23,North America,1,5,Referral
CUST-00168,Larry,Wilson,Larry Wilson,larry.wilson@company169.com,28,26-35,Male,Australia,Victoria,Melbourne,2024-08-11,20240811,Paid Ads,churned,True,plan_starter,monthly,0.0,0.0,5.3,04-06 months,174.0,False,0.0,False,True,False,Potential Loyalists,Standard ongoing account nurturing,751,164.0,174.0,5,2,1,521,0.9818,Critical,monthly_price,3,Asia-Pacific,1,3,Paid Ads
CUST-00179,Michael,Martinez,Michael Martinez,michael.martinez@company180.com,36,36-50,Male,United Kingdom,Greater London,London,2025-11-25,20251125,Organic Search,active,False,plan_pro,annual,179.0,2148.0,9.3,07-12 months,1790.0,False,0.0,False,False,False,Loyal Customers,Immediate customer success outreach; schedule quarterly business review,280,608.0,1790.0,2,4,5,245,0.0172,Low,active_day_ratio,12,Europe,2,2,Organic Search
CUST-00217,Michael,Thomas,Michael Thomas,michael.thomas@company218.com,41,36-50,Male,Germany,Bavaria,Munich,2026-07-11,20260711,Organic Search,active,False,plan_pro,monthly,179.0,2148.0,1.7,01-03 months,358.0,False,0.0,False,False,False,Hibernating / Lost,Automated re-engagement drip campaign; survey feature usability,52,98.0,358.0,1,1,2,112,0.0655,Low,high_urgency_tickets_count,9,Europe,1,2,Organic Search
CUST-00233,John,Martinez,John Martinez,john.martinez@company234.com,54,51+,Male,United Kingdom,West Midlands,Birmingham,2025-05-19,20250519,Organic Search,active,False,plan_growth,annual,79.0,948.0,15.7,13-24 months,1580.0,False,0.0,False,False,False,Champions,Offer early access to beta features; invite to executive advisory board,470,735.0,1580.0,4,5,4,454,0.0068,Low,recency_days,15,Europe,2,2,Organic Search
CUST-00237,Anna,Davis,Anna Davis,anna.davis@company238.com,33,26-35,Female,United States,Georgia,Atlanta,2026-03-01,20260301,Organic Search,active,False,plan_starter,annual,29.0,348.0,6.1,07-12 months,290.0,False,0.0,False,False,False,Hibernating / Lost,Automated re-engagement drip campaign; survey feature usability,184,228.0,290.0,1,2,2,122,0.0668,Low,active_day_ratio,18,North America,2,2,Organic Search
CUST-00255,Kenneth,Harris,Kenneth Harris,kenneth.harris@company256.com,49,36-50,Male,United States,Texas,Austin,2025-07-02,20250702,Social Media,churned,True,plan_growth,monthly,0.0,0.0,6.1,07-12 months,474.0,False,0.0,False,True,False,Promising / New Customers,Standard ongoing account nurturing,426,247.0,474.0,3,2,2,322,0.9983,Critical,monthly_price,22,North America,1,6,Social Media
CUST-00287,Matthew,Flores,Matthew Flores,matthew.flores@company288.com,24,18-25,Male,Australia,Victoria,Melbourne,2026-05-01,20260501,Paid Ads,churned,True,plan_pro,monthly,0.0,0.0,4.1,04-06 months,895.0,False,0.0,True,True,False,About To Sleep,Automated re-engagement drip campaign; survey feature usability,123,203.0,895.0,1,2,4,124,0.9619,Critical,monthly_price,3,Asia-Pacific,1,3,Paid Ads
CUST-00327,James,Wright,James Wright,james.wright@company328.com,22,18-25,Male,United States,Illinois,Chicago,2024-06-17,20240617,Paid Ads,churned,True,plan_growth,monthly,0.0,0.0,21.5,13-24 months,1738.0,False,0.0,False,True,False,Champions,Offer early access to beta features; invite to executive advisory board,806,968.0,1738.0,5,5,4,554,0.9733,Critical,monthly_price,19,North America,1,3,Paid Ads
CUST-00337,Deborah,Rodriguez,Deborah Rodriguez,deborah.rodriguez@company338.com,36,36-50,Female,Canada,Ontario,Toronto,2026-01-20,20260120,Paid Ads,churned,True,plan_starter,monthly,0.0,0.0,2.3,01-03 months,87.0,False,0.0,False,True,False,Hibernating / Lost,Automated re-engagement drip campaign; survey feature usability,224,57.0,87.0,2,1,1,211,0.9984,Critical,monthly_price,5,North America,1,3,Paid Ads
CUST-00363,Susan,Hernandez,Susan Hernandez,susan.hernandez@company364.com,33,26-35,Female,Canada,Quebec,Montreal,2025-11-23,20251123,Organic Search,active,False,plan_growth,monthly,79.0,948.0,9.4,07-12 months,790.0,False,0.0,False,False,False,At Risk Accounts,Immediate customer success outreach; schedule quarterly business review,282,415.0,790.0,2,3,3,233,0.0122,Low,contract_type_annual,6,North America,1,2,Organic Search
CUST-00416,Robert,Scott,Robert Scott,robert.scott@company417.com,61,51+,Male,Canada,Quebec,Montreal,2026-03-21,20260321,Paid Ads,churned,True,plan_growth,monthly,0.0,0.0,2.9,01-03 months,237.0,False,0.0,False,True,False,Hibernating / Lost,Automated re-engagement drip campaign; survey feature usability,164,110.0,237.0,1,1,1,111,0.9865,Critical,monthly_price,6,North America,1,3,Paid Ads
CUST-00419,Jacob,Jackson,Jacob Jackson,jacob.jackson@company420.com,45,36-50,Male,United States,New York,New York,2024-08-06,20240806,Referral,active,False,plan_growth,monthly,79.0,948.0,25.2,25+ months,2054.0,False,0.0,False,False,False,Champions,Offer early access to beta features; invite to executive advisory board,756,1182.0,2054.0,5,5,5,555,0.07,Low,recency_days,21,North America,1,5,Referral
CUST-00427,Jeffrey,Rodriguez,Jeffrey Rodriguez,jeffrey.rodriguez@company428.com,34,26-35,Male,United States,Massachusetts,Boston,2025-07-20,20250720,Direct,active,False,plan_starter,monthly,29.0,348.0,13.6,13-24 months,406.0,False,0.0,False,False,False,General Subscribers,Standard ongoing account nurturing,408,439.0,406.0,3,3,2,332,0.0238,Low,login_frequency_per_month,20,North America,1,1,Direct
CUST-00442,Amanda,Torres,Amanda Torres,amanda.torres@company443.com,32,26-35,Female,United States,Texas,Austin,2025-03-08,20250308,Organic Search,active,False,plan_growth,annual,79.0,948.0,18.1,13-24 months,1580.0,False,0.0,False,False,False,Champions,Offer early access to beta features; invite to executive advisory board,542,801.0,1580.0,4,5,4,454,0.005,Low,avg_resolution_hours,22,North America,2,2,Organic Search
CUST-00450,Elizabeth,White,Elizabeth White,elizabeth.white@company1.com,37,36-50,Female,United Kingdom,Greater London,London,2025-08-06,20250806,Paid Ads,active,False,plan_starter,monthly,29.0,348.0,13.0,13-24 months,406.0,False,0.0,False,False,False,General Subscribers,Standard ongoing account nurturing,391,471.0,406.0,3,4,2,342,0.0138,Low,contract_type_annual,12,Europe,1,3,Paid Ads
CUST-00458,Jason,Young,Jason Young,jason.young@company9.com,58,51+,Male,United States,Colorado,Denver,2026-06-11,20260611,Organic Search,active,False,plan_starter,monthly,29.0,348.0,2.7,01-03 months,87.0,False,0.0,False,False,False,Hibernating / Lost,Automated re-engagement drip campaign; survey feature usability,82,66.0,87.0,1,1,1,111,0.0967,Low,session_frequency_per_month,17,North America,1,2,Organic Search
CUST-00502,Melissa,Taylor,Melissa Taylor,melissa.taylor@company53.com,32,26-35,Female,United States,New York,New York,2026-01-26,20260126,Paid Ads,churned,True,plan_starter,monthly,0.0,0.0,2.0,01-03 months,87.0,False,0.0,False,True,False,Hibernating / Lost,Automated re-engagement drip campaign; survey feature usability,218,56.0,87.0,2,1,1,211,0.9996,Critical,monthly_price,21,North America,1,3,Paid Ads
CUST-00511,Joshua,Jackson,Joshua Jackson,joshua.jackson@company62.com,23,18-25,Male,United Kingdom,Scotland,Edinburgh,2025-11-10,20251110,Paid Ads,active,False,plan_starter,monthly,29.0,348.0,9.8,07-12 months,290.0,False,0.0,False,False,False,General Subscribers,Standard ongoing account nurturing,295,349.0,290.0,2,3,2,232,0.0468,Low,active_day_ratio,14,Europe,1,3,Paid Ads
CUST-00515,Michael,Davis,Michael Davis,michael.davis@company66.com,24,18-25,Male,United States,Illinois,Chicago,2025-07-03,20250703,Paid Ads,churned,True,plan_pro,monthly,0.0,0.0,8.5,07-12 months,1611.0,False,0.0,False,True,False,Loyal Customers,Standard ongoing account nurturing,425,473.0,1611.0,3,4,4,344,0.9996,Critical,monthly_price,19,North America,1,3,Paid Ads
CUST-00554,Michael,Jackson,Michael Jackson,michael.jackson@company105.com,26,26-35,Male,United Kingdom,Scotland,Edinburgh,2025-09-17,20250917,Social Media,churned,True,plan_starter,monthly,0.0,0.0,3.3,04-06 months,116.0,False,0.0,False,True,False,Promising / New Customers,Standard ongoing account nurturing,349,75.0,116.0,3,1,1,311,0.9999,Critical,monthly_price,14,Europe,1,6,Social Media
CUST-00587,Matthew,Hill,Matthew Hill,matthew.hill@company138.com,41,36-50,Male,United States,Texas,Austin,2024-09-10,20240910,Social Media,churned,True,plan_starter,annual,0.0,0.0,13.3,13-24 months,580.0,False,0.0,False,True,False,Potential Loyalists,Standard ongoing account nurturing,721,417.0,580.0,5,3,3,533,0.9887,Critical,monthly_price,22,North America,2,6,Social Media
CUST-00604,Kenneth,Garcia,Kenneth Garcia,kenneth.garcia@company155.com,23,18-25,Male,United Kingdom,West Midlands,Birmingham,2025-06-28,20250628,Social Media,active,False,plan_starter,multi_year,29.0,348.0,14.3,13-24 months,580.0,False,0.0,False,False,False,Loyal Customers,Standard ongoing account nurturing,430,488.0,580.0,3,4,3,343,0.0228,Low,recency_days,15,Europe,3,6,Social Media
CUST-00613,Kimberly,Gonzalez,Kimberly Gonzalez,kimberly.gonzalez@company164.com,35,26-35,Female,Canada,Ontario,Toronto,2025-03-24,20250324,Referral,churned,True,plan_starter,monthly,0.0,0.0,7.0,07-12 months,232.0,False,0.0,False,True,False,Potential Loyalists,Standard ongoing account nurturing,526,221.0,232.0,4,2,1,421,0.9981,Critical,monthly_price,5,North America,1,5,Referral
CUST-00687,Ryan,Jackson,Ryan Jackson,ryan.jackson@company238.com,53,51+,Male,United Kingdom,West Midlands,Birmingham,2025-05-28,20250528,Organic Search,active,False,plan_starter,monthly,29.0,348.0,15.4,13-24 months,464.0,False,0.0,False,False,False,Potential Loyalists,Standard ongoing account nurturing,461,513.0,464.0,4,4,2,442,0.033,Low,avg_resolution_hours,15,Europe,1,2,Organic Search
CUST-00697,Justin,Lopez,Justin Lopez,justin.lopez@company248.com,25,18-25,Male,United Kingdom,Greater London,London,2024-10-07,20241007,Partner,churned,True,plan_growth,monthly,0.0,0.0,8.6,07-12 months,711.0,False,0.0,False,True,False,Potential Loyalists,Standard ongoing account nurturing,694,320.0,711.0,5,3,3,533,0.9974,Critical,monthly_price,12,Europe,1,4,Partner
CUST-00785,Kenneth,Moore,Kenneth Moore,kenneth.moore@company336.com,34,26-35,Male,Canada,Quebec,Montreal,2026-02-17,20260217,Organic Search,active,False,plan_growth,annual,79.0,948.0,6.5,07-12 months,790.0,False,0.0,False,False,False,At Risk Accounts,Immediate customer success outreach; schedule quarterly business review,196,293.0,790.0,2,3,3,233,0.0153,Low,total_logins,6,North America,2,2,Organic Search
CUST-00825,Deborah,Thomas,Deborah Thomas,deborah.thomas@company376.com,56,51+,Female,Canada,Ontario,Toronto,2025-11-23,20251123,Organic Search,active,False,plan_pro,monthly,179.0,2148.0,9.4,07-12 months,1790.0,False,0.0,False,False,False,Loyal Customers,Immediate customer success outreach; schedule quarterly business review,282,587.0,1790.0,2,4,5,245,0.0225,Low,age,5,North America,1,2,Organic Search
CUST-00829,Deborah,Lee,Deborah Lee,deborah.lee@company380.com,34,26-35,Female,Canada,Ontario,Toronto,2025-11-13,20251113,Organic Search,churned,True,plan_growth,monthly,0.0,0.0,3.6,04-06 months,316.0,False,0.0,False,True,False,Hibernating / Lost,Automated re-engagement drip campaign; survey feature usability,292,134.0,316.0,2,1,2,212,0.9192,Critical,monthly_price,5,North America,1,2,Organic Search
CUST-00835,Brandon,Davis,Brandon Davis,brandon.davis@company386.com,42,36-50,Male,United States,Texas,Austin,2025-12-07,20251207,Paid Ads,churned,True,plan_starter,monthly,0.0,0.0,3.4,04-06 months,116.0,False,0.0,False,True,False,Hibernating / Lost,Automated re-engagement drip campaign; survey feature usability,268,105.0,116.0,2,1,1,211,0.9979,Critical,monthly_price,22,North America,1,3,Paid Ads
CUST-00856,Jessica,Torres,Jessica Torres,jessica.torres@company407.com,35,26-35,Female,United States,Washington,Seattle,2024-10-12,20241012,Partner,churned,True,plan_starter,monthly,0.0,0.0,19.8,13-24 months,580.0,False,0.0,False,True,False,Loyal Customers,Standard ongoing account nurturing,689,644.0,580.0,5,4,3,543,0.9874,Critical,monthly_price,23,North America,1,4,Partner
CUST-00872,Lisa,Harris,Lisa Harris,lisa.harris@company423.com,23,18-25,Female,United States,Washington,Seattle,2025-11-07,20251107,Referral,active,False,plan_starter,annual,29.0,348.0,9.9,07-12 months,290.0,False,0.0,False,False,False,General Subscribers,Standard ongoing account nurturing,298,344.0,290.0,2,3,2,232,0.0496,Low,avg_resolution_hours,23,North America,2,5,Referral
CUST-00913,Elizabeth,Nguyen,Elizabeth Nguyen,elizabeth.nguyen@company14.com,37,36-50,Female,United States,Colorado,Denver,2026-06-25,20260625,Referral,active,False,plan_pro,annual,179.0,2148.0,2.3,01-03 months,1790.0,False,0.0,False,False,False,About To Sleep,Automated re-engagement drip campaign; survey feature usability,68,147.0,1790.0,1,1,5,115,0.02,Low,active_day_ratio,17,North America,2,5,Referral
CUST-00916,Amy,Scott,Amy Scott,amy.scott@company17.com,46,36-50,Female,United States,California,San Francisco,2025-08-17,20250817,Organic Search,churned,True,plan_starter,monthly,0.0,0.0,1.2,01-03 months,29.0,False,0.0,False,True,False,Promising / New Customers,Standard ongoing account nurturing,380,20.0,29.0,3,1,1,311,0.9827,Critical,monthly_price,16,North America,1,2,Organic Search
CUST-00962,Brenda,Allen,Brenda Allen,brenda.allen@company63.com,44,36-50,Female,United States,Georgia,Atlanta,2025-10-17,20251017,Referral,active,False,plan_pro,monthly,179.0,2148.0,10.6,07-12 months,1969.0,False,0.0,False,False,False,Loyal Customers,Standard ongoing account nurturing,319,668.0,1969.0,3,4,5,345,0.0555,Low,total_tickets_count,18,North America,1,5,Referral
CUST-01002,Sarah,Lee,Sarah Lee,sarah.lee@company103.com,42,36-50,Female,United States,Washington,Seattle,2026-03-21,20260321,Partner,active,False,plan_pro,annual,179.0,2148.0,5.5,04-06 months,1790.0,False,0.0,False,False,False,At Risk Accounts,Immediate customer success outreach; schedule quarterly business review,164,321.0,1790.0,1,3,5,135,0.0432,Low,tenure_days,23,North America,2,4,Partner
CUST-01014,Donald,Jackson,Donald Jackson,donald.jackson@company115.com,27,26-35,Male,United States,Illinois,Chicago,2024-06-04,20240604,Referral,churned,True,plan_starter,monthly,0.0,0.0,15.6,13-24 months,464.0,False,0.0,False,True,False,Potential Loyalists,Standard ongoing account nurturing,819,529.0,464.0,5,4,2,542,0.9915,Critical,monthly_price,19,North America,1,5,Referral
CUST-01027,Gary,Martin,Gary Martin,gary.martin@company128.com,25,18-25,Male,United States,Illinois,Chicago,2026-04-28,20260428,Social Media,active,False,plan_starter,monthly,29.0,348.0,4.2,04-06 months,145.0,False,0.0,False,False,False,Hibernating / Lost,Automated re-engagement drip campaign; survey feature usability,126,149.0,145.0,1,1,1,111,0.0173,Low,total_active_days,19,North America,1,6,Social Media
CUST-01030,Eric,Johnson,Eric Johnson,eric.johnson@company131.com,31,26-35,Male,United Kingdom,North West,Manchester,2026-04-07,20260407,Partner,churned,True,plan_growth,monthly,0.0,0.0,1.9,01-03 months,158.0,False,0.0,False,True,False,Hibernating / Lost,Automated re-engagement drip campaign; survey feature usability,147,65.0,158.0,1,1,1,111,0.9684,Critical,monthly_price,13,Europe,1,4,Partner
CUST-01034,James,Hernandez,James Hernandez,james.hernandez@company135.com,46,36-50,Male,United States,Colorado,Denver,2024-10-07,20241007,Social Media,churned,True,plan_growth,annual,0.0,0.0,5.7,04-06 months,790.0,False,0.0,False,False,False,Potential Loyalists,Standard ongoing account nurturing,694,234.0,790.0,5,2,3,523,0.8797,Critical,monthly_price,17,North America,2,6,Social Media
CUST-01039,Charles,Lewis,Charles Lewis,charles.lewis@company140.com,56,51+,Male,United States,Georgia,Atlanta,2025-10-11,20251011,Referral,active,False,plan_starter,annual,29.0,348.0,10.8,07-12 months,290.0,False,0.0,False,False,False,General Subscribers,Standard ongoing account nurturing,325,330.0,290.0,3,3,2,332,0.1578,Low,login_frequency_per_month,18,North America,2,5,Referral
CUST-01103,James,Brown,James Brown,james.brown@company204.com,39,36-50,Male,United States,Illinois,Chicago,2026-04-06,20260406,Social Media,active,False,plan_starter,monthly,29.0,348.0,4.9,04-06 months,145.0,True,348.0,False,True,False,Hibernating / Lost,Automated re-engagement drip campaign; survey feature usability,148,154.0,145.0,1,1,1,111,0.2325,Low,has_support_friction,19,North America,1,6,Social Media
CUST-01119,Mary,Ramirez,Mary Ramirez,mary.ramirez@company220.com,55,51+,Female,Australia,New South Wales,Sydney,2025-03-17,20250317,Social Media,active,False,plan_starter,monthly,29.0,348.0,17.8,13-24 months,522.0,False,0.0,False,False,False,Potential Loyalists,Standard ongoing account nurturing,533,630.0,522.0,4,4,2,442,0.0218,Low,recency_days,1,Asia-Pacific,1,6,Social Media
CUST-01145,Brian,Scott,Brian Scott,brian.scott@company246.com,31,26-35,Male,United States,Texas,Austin,2025-08-26,20250826,Social Media,churned,True,plan_starter,monthly,0.0,0.0,1.1,01-03 months,29.0,False,0.0,False,True,False,Promising / New Customers,Standard ongoing account nurturing,371,9.0,29.0,3,1,1,311,0.9987,Critical,monthly_price,22,North America,1,6,Social Media
CUST-01155,Ryan,Thomas,Ryan Thomas,ryan.thomas@company256.com,31,26-35,Male,United States,Colorado,Denver,2025-03-12,20250312,Referral,active,False,plan_pro,monthly,179.0,2148.0,17.9,13-24 months,3222.0,False,0.0,False,False,False,Champions,Offer early access to beta features; invite to executive advisory board,538,1106.0,3222.0,4,5,5,455,0.0336,Low,total_tickets_count,17,North America,1,5,Referral
CUST-01210,Brandon,Harris,Brandon Harris,brandon.harris@company311.com,37,36-50,Male,United States,California,San Francisco,2025-01-21,20250121,Organic Search,active,False,plan_growth,multi_year,79.0,948.0,19.6,13-24 months,1580.0,False,0.0,False,False,False,Champions,Offer early access to beta features; invite to executive advisory board,588,877.0,1580.0,5,5,4,554,0.0056,Low,recency_days,16,North America,3,2,Organic Search
CUST-01224,Charles,Taylor,Charles Taylor,charles.taylor@company325.com,48,36-50,Male,Australia,New South Wales,Sydney,2025-07-27,20250727,Organic Search,churned,True,plan_starter,monthly,0.0,0.0,4.4,04-06 months,145.0,False,0.0,False,True,False,Promising / New Customers,Standard ongoing account nurturing,401,134.0,145.0,3,1,1,311,0.9989,Critical,monthly_price,1,Asia-Pacific,1,2,Organic Search
CUST-01244,Ronald,Jackson,Ronald Jackson,ronald.jackson@company345.com,48,36-50,Male,Canada,Quebec,Montreal,2025-10-22,20251022,Social Media,active,False,plan_enterprise,monthly,499.0,5988.0,10.5,07-12 months,5489.0,False,0.0,False,False,False,Loyal Customers,Standard ongoing account nurturing,314,836.0,5489.0,3,5,5,355,0.0082,Low,avg_satisfaction_score,6,North America,1,6,Social Media
CUST-01260,Nancy,Johnson,Nancy Johnson,nancy.johnson@company361.com,28,26-35,Female,United States,Georgia,Atlanta,2026-04-17,20260417,Direct,active,False,plan_pro,annual,179.0,2148.0,4.6,04-06 months,1790.0,True,2148.0,False,True,False,About To Sleep,Automated re-engagement drip campaign; survey feature usability,137,267.0,1790.0,1,2,4,124,0.2401,Low,has_support_friction,18,North America,2,1,Direct
CUST-01295,David,Hernandez,David Hernandez,david.hernandez@company396.com,37,36-50,Male,United States,Illinois,Chicago,2026-04-16,20260416,Referral,active,False,plan_growth,multi_year,79.0,948.0,4.6,04-06 months,790.0,True,948.0,True,False,False,About To Sleep,Automated re-engagement drip campaign; survey feature usability,138,211.0,790.0,1,2,3,123,0.0469,Low,avg_resolution_hours,19,North America,3,5,Referral
CUST-01366,Charles,Harris,Charles Harris,charles.harris@company17.com,58,51+,Male,Canada,British Columbia,Vancouver,2025-04-09,20250409,Paid Ads,churned,True,plan_pro,monthly,0.0,0.0,16.8,13-24 months,3043.0,False,0.0,True,True,False,Champions,Offer early access to beta features; invite to executive advisory board,510,985.0,3043.0,4,5,5,455,0.97,Critical,monthly_price,4,North America,1,3,Paid Ads
CUST-01383,Kenneth,Hernandez,Kenneth Hernandez,kenneth.hernandez@company34.com,34,26-35,Male,United States,New York,New York,2025-09-16,20250916,Direct,active,False,plan_pro,annual,179.0,2148.0,11.7,07-12 months,1790.0,False,0.0,False,False,False,Loyal Customers,Standard ongoing account nurturing,350,689.0,1790.0,3,4,4,344,0.0041,Low,plan_tier_Professional,21,North America,2,1,Direct
CUST-01388,Nicholas,Miller,Nicholas Miller,nicholas.miller@company39.com,21,18-25,Male,United States,Illinois,Chicago,2024-12-30,20241230,Organic Search,churned,True,plan_growth,monthly,0.0,0.0,5.0,04-06 months,395.0,False,0.0,False,True,False,Potential Loyalists,Standard ongoing account nurturing,610,209.0,395.0,5,2,2,522,0.9521,Critical,monthly_price,19,North America,1,2,Organic Search
CUST-01392,Melissa,Garcia,Melissa Garcia,melissa.garcia@company43.com,50,36-50,Female,United Kingdom,Scotland,Edinburgh,2026-03-07,20260307,Social Media,churned,True,plan_starter,monthly,0.0,0.0,3.9,04-06 months,116.0,False,0.0,False,True,False,Hibernating / Lost,Automated re-engagement drip campaign; survey feature usability,178,111.0,116.0,1,1,1,111,0.9952,Critical,monthly_price,14,Europe,1,6,Social Media
CUST-01402,Rebecca,King,Rebecca King,rebecca.king@company53.com,29,26-35,Female,Australia,New South Wales,Sydney,2025-10-20,20251020,Social Media,churned,True,plan_pro,monthly,0.0,0.0,6.2,07-12 months,1074.0,False,0.0,False,True,False,General Subscribers,Standard ongoing account nurturing,316,359.0,1074.0,3,3,4,334,0.9279,Critical,monthly_price,1,Asia-Pacific,1,6,Social Media
CUST-01428,Andrew,Garcia,Andrew Garcia,andrew.garcia@company79.com,52,51+,Male,United Kingdom,Greater London,London,2024-10-24,20241024,Organic Search,churned,True,plan_growth,monthly,0.0,0.0,14.4,13-24 months,1185.0,False,0.0,False,True,False,Champions,Offer early access to beta features; invite to executive advisory board,677,629.0,1185.0,5,4,4,544,0.9906,Critical,monthly_price,12,Europe,1,2,Organic Search
CUST-01475,Mark,Moore,Mark Moore,mark.moore@company126.com,30,26-35,Male,United States,Washington,Seattle,2025-12-18,20251218,Paid Ads,churned,True,plan_enterprise,monthly,0.0,0.0,8.3,07-12 months,4491.0,False,0.0,True,True,False,Loyal Customers,Immediate customer success outreach; schedule quarterly business review,257,656.0,4491.0,2,4,5,245,0.9285,Critical,monthly_price,23,North America,1,3,Paid Ads
CUST-01495,Kenneth,Anderson,Kenneth Anderson,kenneth.anderson@company146.com,24,18-25,Male,Australia,New South Wales,Sydney,2025-09-14,20250914,Social Media,churned,True,plan_starter,monthly,0.0,0.0,1.3,01-03 months,58.0,False,0.0,False,True,False,Promising / New Customers,Standard ongoing account nurturing,352,28.0,58.0,3,1,1,311,0.9975,Critical,monthly_price,1,Asia-Pacific,1,6,Social Media
CUST-00025,Jessica,Thomas,Jessica Thomas,jessica.thomas@company26.com,42,36-50,Female,United States,Washington,Seattle,2025-10-03,20251003,Referral,active,False,plan_growth,monthly,79.0,948.0,11.1,07-12 months,948.0,False,0.0,False,False,False,Loyal Customers,Standard ongoing account nurturing,333,473.0,948.0,3,4,4,344,0.0551,Low,avg_resolution_hours,23,North America,1,5,Referral
CUST-00130,Jennifer,Rodriguez,Jennifer Rodriguez,jennifer.rodriguez@company131.com,25,18-25,Female,United Kingdom,Greater London,London,2026-05-30,20260530,Social Media,active,False,plan_starter,monthly,29.0,348.0,3.1,04-06 months,116.0,False,0.0,False,False,False,Hibernating / Lost,Automated re-engagement drip campaign; survey feature usability,94,88.0,116.0,1,1,1,111,0.1228,Low,avg_resolution_hours,12,Europe,1,6,Social Media
CUST-00239,Barbara,Lee,Barbara Lee,barbara.lee@company240.com,44,36-50,Female,Canada,Quebec,Montreal,2025-02-16,20250216,Paid Ads,churned,True,plan_starter,monthly,0.0,0.0,6.5,07-12 months,203.0,False,0.0,False,True,False,Potential Loyalists,Standard ongoing account nurturing,562,217.0,203.0,4,2,1,421,0.9996,Critical,monthly_price,6,North America,1,3,Paid Ads
CUST-00243,Brenda,Jones,Brenda Jones,brenda.jones@company244.com,34,26-35,Female,United States,New York,New York,2025-02-25,20250225,Paid Ads,churned,True,plan_starter,annual,0.0,0.0,8.2,07-12 months,290.0,False,0.0,False,False,False,Potential Loyalists,Standard ongoing account nurturing,553,254.0,290.0,4,2,2,422,0.9629,Critical,monthly_price,21,North America,2,3,Paid Ads
CUST-00298,Patricia,Sanchez,Patricia Sanchez,patricia.sanchez@company299.com,41,36-50,Female,United States,Washington,Seattle,2024-09-20,20240920,Referral,churned,True,plan_growth,annual,0.0,0.0,19.1,13-24 months,1580.0,False,0.0,False,True,False,Champions,Offer early access to beta features; invite to executive advisory board,711,835.0,1580.0,5,5,4,554,0.9854,Critical,monthly_price,23,North America,2,5,Referral
CUST-00302,George,Davis,George Davis,george.davis@company303.com,43,36-50,Male,United Kingdom,North West,Manchester,2025-08-10,20250810,Partner,active,False,plan_pro,annual,179.0,2148.0,12.9,13-24 months,3580.0,False,0.0,False,False,False,Loyal Customers,Standard ongoing account nurturing,387,770.0,3580.0,3,5,5,355,0.0132,Low,urgent_ticket_ratio,13,Europe,2,4,Partner
CUST-00325,Michael,Smith,Michael Smith,michael.smith@company326.com,27,26-35,Male,Germany,Berlin,Berlin,2025-01-02,20250102,Organic Search,active,False,plan_growth,annual,79.0,948.0,20.2,13-24 months,1580.0,True,948.0,True,False,False,Champions,Offer early access to beta features; invite to executive advisory board,607,863.0,1580.0,5,5,4,554,0.0154,Low,recency_days,10,Europe,2,2,Organic Search
CUST-00373,Emma,Brown,Emma Brown,emma.brown@company374.com,48,36-50,Female,France,Auvergne-Rhône-Alpes,Lyon,2025-07-09,20250709,Organic Search,active,False,plan_growth,monthly,79.0,948.0,14.0,13-24 months,1106.0,False,0.0,False,False,False,Loyal Customers,Standard ongoing account nurturing,419,633.0,1106.0,3,4,4,344,0.01,Low,recency_days,7,Europe,1,2,Organic Search
CUST-00401,Paul,Moore,Paul Moore,paul.moore@company402.com,57,51+,Male,United States,Illinois,Chicago,2025-08-27,20250827,Partner,active,False,plan_enterprise,annual,499.0,5988.0,12.3,13-24 months,9980.0,False,0.0,False,False,False,Loyal Customers,Standard ongoing account nurturing,370,1028.0,9980.0,3,5,5,355,0.0081,Low,age,19,North America,2,4,Partner
CUST-00409,Ashley,Brown,Ashley Brown,ashley.brown@company410.com,28,26-35,Female,Australia,New South Wales,Sydney,2024-10-26,20241026,Paid Ads,churned,True,plan_growth,annual,0.0,0.0,1.5,01-03 months,790.0,False,0.0,False,True,False,Promising / New Customers,Standard ongoing account nurturing,675,36.0,790.0,5,1,3,513,0.9751,Critical,monthly_price,1,Asia-Pacific,2,3,Paid Ads
CUST-00446,Amanda,Nguyen,Amanda Nguyen,amanda.nguyen@company447.com,38,36-50,Female,Canada,Quebec,Montreal,2025-11-21,20251121,Referral,active,False,plan_pro,multi_year,179.0,2148.0,9.5,07-12 months,1790.0,False,0.0,False,False,False,Loyal Customers,Immediate customer success outreach; schedule quarterly business review,284,573.0,1790.0,2,4,5,245,0.0286,Low,active_day_ratio,6,North America,3,5,Referral
CUST-00473,Joseph,Lewis,Joseph Lewis,joseph.lewis@company24.com,39,36-50,Male,France,Île-de-France,Paris,2025-06-02,20250602,Social Media,churned,True,plan_pro,monthly,0.0,0.0,2.4,01-03 months,537.0,False,0.0,False,True,False,Promising / New Customers,Standard ongoing account nurturing,456,110.0,537.0,4,1,3,413,0.9861,Critical,monthly_price,8,Europe,1,6,Social Media
CUST-00517,Jason,Miller,Jason Miller,jason.miller@company68.com,39,36-50,Male,United Kingdom,Scotland,Edinburgh,2025-08-14,20250814,Organic Search,churned,True,plan_growth,annual,0.0,0.0,11.4,07-12 months,790.0,False,0.0,True,True,False,Loyal Customers,Standard ongoing account nurturing,383,529.0,790.0,3,4,3,343,0.7887,Critical,monthly_price,14,Europe,2,2,Organic Search
CUST-00530,Mary,King,Mary King,mary.king@company81.com,44,36-50,Female,United Kingdom,North West,Manchester,2024-11-10,20241110,Direct,active,False,plan_growth,annual,79.0,948.0,22.0,13-24 months,1580.0,False,0.0,False,False,False,Champions,Offer early access to beta features; invite to executive advisory board,660,968.0,1580.0,5,5,4,554,0.0054,Low,recency_days,13,Europe,2,1,Direct
CUST-00560,Emily,Scott,Emily Scott,emily.scott@company111.com,22,18-25,Female,United States,Illinois,Chicago,2025-01-20,20250120,Organic Search,active,False,plan_growth,monthly,79.0,948.0,19.6,13-24 months,1580.0,False,0.0,False,False,False,Champions,Offer early access to beta features; invite to executive advisory board,589,855.0,1580.0,5,5,4,554,0.0252,Low,recency_days,19,North America,1,2,Organic Search
CUST-00591,Jacob,Allen,Jacob Allen,jacob.allen@company142.com,40,36-50,Male,United States,California,San Francisco,2025-05-23,20250523,Referral,active,False,plan_growth,annual,79.0,948.0,15.5,13-24 months,1580.0,True,948.0,True,False,False,Champions,Offer early access to beta features; invite to executive advisory board,466,700.0,1580.0,4,5,4,454,0.0095,Low,is_engagement_declining,16,North America,2,5,Referral
CUST-00653,Rebecca,Flores,Rebecca Flores,rebecca.flores@company204.com,28,26-35,Female,Germany,Berlin,Berlin,2024-05-19,20240519,Organic Search,active,False,plan_growth,monthly,79.0,948.0,27.8,25+ months,2212.0,True,948.0,False,True,False,Champions,Offer early access to beta features; invite to executive advisory board,835,1210.0,2212.0,5,5,5,555,0.1016,Low,has_support_friction,10,Europe,1,2,Organic Search
CUST-00689,Stephen,Harris,Stephen Harris,stephen.harris@company240.com,26,26-35,Male,Canada,Quebec,Montreal,2025-08-21,20250821,Organic Search,churned,True,plan_growth,monthly,0.0,0.0,12.5,13-24 months,1027.0,False,0.0,True,True,False,Loyal Customers,Standard ongoing account nurturing,376,500.0,1027.0,3,4,4,344,0.9651,Critical,monthly_price,6,North America,1,2,Organic Search
CUST-00823,Ryan,White,Ryan White,ryan.white@company374.com,53,51+,Male,United States,Washington,Seattle,2025-08-30,20250830,Paid Ads,churned,True,plan_growth,monthly,0.0,0.0,6.0,04-06 months,474.0,False,0.0,False,False,False,Promising / New Customers,Standard ongoing account nurturing,367,256.0,474.0,3,2,2,322,0.9098,Critical,monthly_price,23,North America,1,3,Paid Ads
CUST-00841,William,Jones,William Jones,william.jones@company392.com,29,26-35,Male,United States,Georgia,Atlanta,2025-02-18,20250218,Organic Search,churned,True,plan_growth,monthly,0.0,0.0,2.1,01-03 months,158.0,False,0.0,False,True,False,Promising / New Customers,Standard ongoing account nurturing,560,55.0,158.0,4,1,1,411,0.9955,Critical,monthly_price,18,North America,1,2,Organic Search
CUST-00902,Timothy,Young,Timothy Young,timothy.young@company3.com,54,51+,Male,Australia,Victoria,Melbourne,2025-10-31,20251031,Organic Search,active,False,plan_starter,annual,29.0,348.0,10.2,07-12 months,290.0,True,348.0,True,True,False,General Subscribers,Standard ongoing account nurturing,305,341.0,290.0,2,3,2,232,0.2167,Low,has_support_friction,3,Asia-Pacific,2,2,Organic Search
CUST-00947,Jessica,Anderson,Jessica Anderson,jessica.anderson@company48.com,55,51+,Female,Canada,British Columbia,Vancouver,2025-05-23,20250523,Partner,churned,True,plan_growth,monthly,0.0,0.0,5.5,04-06 months,474.0,False,0.0,False,True,False,Potential Loyalists,Standard ongoing account nurturing,466,203.0,474.0,4,2,2,422,0.946,Critical,monthly_price,4,North America,1,4,Partner
CUST-00982,Kevin,Wright,Kevin Wright,kevin.wright@company83.com,31,26-35,Male,Canada,British Columbia,Vancouver,2024-12-04,20241204,Social Media,churned,True,plan_starter,monthly,0.0,0.0,12.0,07-12 months,348.0,False,0.0,False,True,False,Potential Loyalists,Standard ongoing account nurturing,636,355.0,348.0,5,3,2,532,0.9949,Critical,monthly_price,4,North America,1,6,Social Media
CUST-00991,Joshua,Lee,Joshua Lee,joshua.lee@company92.com,21,18-25,Male,United States,Washington,Seattle,2026-04-11,20260411,Paid Ads,active,False,plan_starter,monthly,29.0,348.0,4.8,04-06 months,145.0,True,348.0,False,True,False,Hibernating / Lost,Automated re-engagement drip campaign; survey feature usability,143,178.0,145.0,1,2,1,121,0.2387,Low,has_support_friction,23,North America,1,3,Paid Ads
CUST-00996,Michael,Sanchez,Michael Sanchez,michael.sanchez@company97.com,50,36-50,Male,United Kingdom,North West,Manchester,2024-03-04,20240304,Organic Search,churned,True,plan_pro,monthly,0.0,0.0,5.9,04-06 months,1074.0,False,0.0,False,False,False,Potential Loyalists,Standard ongoing account nurturing,911,353.0,1074.0,5,3,4,534,0.7499,High,monthly_price,13,Europe,1,2,Organic Search
CUST-01044,Kathleen,Davis,Kathleen Davis,kathleen.davis@company145.com,26,26-35,Female,Australia,Victoria,Melbourne,2026-03-04,20260304,Paid Ads,active,False,plan_growth,monthly,79.0,948.0,6.0,04-06 months,553.0,True,948.0,False,True,False,About To Sleep,Automated re-engagement drip campaign; survey feature usability,181,247.0,553.0,1,2,3,123,0.0923,Low,has_support_friction,3,Asia-Pacific,1,3,Paid Ads
CUST-01053,Amanda,Williams,Amanda Williams,amanda.williams@company154.com,28,26-35,Female,United Kingdom,North West,Manchester,2025-10-14,20251014,Social Media,churned,True,plan_starter,monthly,0.0,0.0,10.7,07-12 months,319.0,False,0.0,False,True,False,General Subscribers,Standard ongoing account nurturing,322,370.0,319.0,3,3,2,332,0.9663,Critical,monthly_price,13,Europe,1,6,Social Media
CUST-01193,Ronald,Martin,Ronald Martin,ronald.martin@company294.com,28,26-35,Male,United Kingdom,Greater London,London,2024-08-28,20240828,Partner,churned,True,plan_pro,multi_year,0.0,0.0,10.2,07-12 months,1790.0,False,0.0,False,True,False,Champions,Offer early access to beta features; invite to executive advisory board,734,579.0,1790.0,5,4,5,545,0.9493,Critical,monthly_price,12,Europe,3,4,Partner
CUST-01328,Stephen,Martinez,Stephen Martinez,stephen.martinez@company429.com,43,36-50,Male,United States,Illinois,Chicago,2024-12-12,20241212,Social Media,churned,True,plan_pro,monthly,0.0,0.0,9.8,07-12 months,1790.0,False,0.0,False,True,False,Champions,Offer early access to beta features; invite to executive advisory board,628,549.0,1790.0,5,4,5,545,0.9829,Critical,monthly_price,19,North America,1,6,Social Media
CUST-01399,Brandon,Harris,Brandon Harris,brandon.harris@company50.com,28,26-35,Male,Germany,Bavaria,Munich,2025-02-03,20250203,Direct,active,False,plan_pro,annual,179.0,2148.0,19.2,13-24 months,3580.0,False,0.0,False,False,False,Champions,Offer early access to beta features; invite to executive advisory board,575,1172.0,3580.0,4,5,5,455,0.0285,Low,avg_resolution_hours,9,Europe,2,1,Direct
CUST-01441,Ryan,Hernandez,Ryan Hernandez,ryan.hernandez@company92.com,48,36-50,Male,France,Auvergne-Rhône-Alpes,Lyon,2026-05-02,20260502,Referral,active,False,plan_growth,monthly,79.0,948.0,4.1,04-06 months,395.0,False,0.0,False,False,False,Hibernating / Lost,Automated re-engagement drip campaign; survey feature usability,122,189.0,395.0,1,2,2,122,0.0158,Low,active_day_ratio,7,Europe,1,5,Referral
CUST-01467,Charles,Robinson,Charles Robinson,charles.robinson@company118.com,55,51+,Male,Canada,Ontario,Toronto,2025-02-24,20250224,Organic Search,active,False,plan_enterprise,monthly,499.0,5988.0,18.5,13-24 months,9481.0,False,0.0,False,False,False,Champions,Offer early access to beta features; invite to executive advisory board,554,1485.0,9481.0,4,5,5,455,0.0105,Low,recency_days,5,North America,1,2,Organic Search
CUST-01479,James,Hill,James Hill,james.hill@company130.com,28,26-35,Male,United States,California,San Francisco,2026-02-01,20260201,Paid Ads,churned,True,plan_starter,monthly,0.0,0.0,2.9,01-03 months,87.0,False,0.0,False,False,False,Hibernating / Lost,Automated re-engagement drip campaign; survey feature usability,212,69.0,87.0,2,1,1,211,0.9458,Critical,monthly_price,16,North America,1,3,Paid Ads
CUST-00262,Timothy,White,Timothy White,timothy.white@company263.com,59,51+,Male,United States,Massachusetts,Boston,2025-03-01,20250301,Partner,churned,True,plan_starter,monthly,0.0,0.0,3.2,04-06 months,116.0,False,0.0,False,True,False,Promising / New Customers,Standard ongoing account nurturing,549,83.0,116.0,4,1,1,411,0.9986,Critical,monthly_price,20,North America,1,4,Partner
CUST-00299,Jeffrey,Thompson,Jeffrey Thompson,jeffrey.thompson@company300.com,37,36-50,Male,United Kingdom,Greater London,London,2026-02-15,20260215,Direct,active,False,plan_growth,multi_year,79.0,948.0,6.6,07-12 months,790.0,False,0.0,False,False,False,About To Sleep,Automated re-engagement drip campaign; survey feature usability,198,250.0,790.0,2,2,3,223,0.03,Low,active_day_ratio,12,Europe,3,1,Direct
CUST-00343,Susan,Rodriguez,Susan Rodriguez,susan.rodriguez@company344.com,31,26-35,Female,United States,Colorado,Denver,2025-03-28,20250328,Organic Search,churned,True,plan_growth,monthly,0.0,0.0,14.4,13-24 months,1185.0,False,0.0,False,True,False,Champions,Offer early access to beta features; invite to executive advisory board,522,596.0,1185.0,4,4,4,444,0.9664,Critical,monthly_price,17,North America,1,2,Organic Search
CUST-00440,Linda,Garcia,Linda Garcia,linda.garcia@company441.com,31,26-35,Female,United States,Washington,Seattle,2024-09-25,20240925,Referral,active,False,plan_pro,annual,179.0,2148.0,23.5,13-24 months,3580.0,False,0.0,False,False,False,Champions,Offer early access to beta features; invite to executive advisory board,706,1475.0,3580.0,5,5,5,555,0.0128,Low,avg_resolution_hours,23,North America,2,5,Referral
CUST-00486,Matthew,Gonzalez,Matthew Gonzalez,matthew.gonzalez@company37.com,46,36-50,Male,United States,California,San Francisco,2025-09-19,20250919,Organic Search,active,False,plan_growth,monthly,79.0,948.0,11.6,07-12 months,948.0,True,948.0,True,True,False,Loyal Customers,Standard ongoing account nurturing,347,534.0,948.0,3,4,4,344,0.0592,Low,has_support_friction,16,North America,1,2,Organic Search
CUST-00750,Laura,Johnson,Laura Johnson,laura.johnson@company301.com,25,18-25,Female,United Kingdom,North West,Manchester,2024-12-26,20241226,Social Media,churned,True,plan_growth,monthly,0.0,0.0,8.5,07-12 months,711.0,False,0.0,False,False,False,Potential Loyalists,Standard ongoing account nurturing,614,362.0,711.0,5,3,3,533,0.9404,Critical,monthly_price,13,Europe,1,6,Social Media
CUST-00753,Shirley,Flores,Shirley Flores,shirley.flores@company304.com,39,36-50,Female,United States,Colorado,Denver,2026-07-20,20260720,Organic Search,active,False,plan_growth,monthly,79.0,948.0,1.4,01-03 months,158.0,False,0.0,False,False,False,Hibernating / Lost,Automated re-engagement drip campaign; survey feature usability,43,57.0,158.0,1,1,1,111,0.0325,Low,total_active_days,17,North America,1,2,Organic Search
CUST-00831,Steven,Nguyen,Steven Nguyen,steven.nguyen@company382.com,36,36-50,Male,Canada,Quebec,Montreal,2025-11-23,20251123,Organic Search,active,False,plan_pro,monthly,179.0,2148.0,9.4,07-12 months,1790.0,False,0.0,False,False,False,Loyal Customers,Immediate customer success outreach; schedule quarterly business review,282,599.0,1790.0,2,4,5,245,0.0453,Low,avg_resolution_hours,6,North America,1,2,Organic Search
CUST-01094,Stephen,Hernandez,Stephen Hernandez,stephen.hernandez@company195.com,34,26-35,Male,United States,New York,New York,2024-11-22,20241122,Organic Search,churned,True,plan_starter,monthly,0.0,0.0,2.5,01-03 months,87.0,False,0.0,False,True,False,Promising / New Customers,Standard ongoing account nurturing,648,64.0,87.0,5,1,1,511,0.9669,Critical,monthly_price,21,North America,1,2,Organic Search
CUST-01105,Joshua,Garcia,Joshua Garcia,joshua.garcia@company206.com,35,26-35,Male,United States,Texas,Austin,2026-05-09,20260509,Partner,active,False,plan_growth,annual,79.0,948.0,3.8,04-06 months,790.0,False,0.0,False,False,False,About To Sleep,Automated re-engagement drip campaign; survey feature usability,115,171.0,790.0,1,2,3,123,0.0186,Low,total_active_days,22,North America,2,4,Partner
CUST-01115,James,Gonzalez,James Gonzalez,james.gonzalez@company216.com,41,36-50,Male,United Kingdom,Greater London,London,2026-07-22,20260722,Social Media,churned,True,plan_starter,monthly,0.0,0.0,1.4,01-03 months,58.0,False,0.0,False,False,False,Hibernating / Lost,Automated re-engagement drip campaign; survey feature usability,41,32.0,58.0,1,1,1,111,0.9287,Critical,monthly_price,12,Europe,1,6,Social Media
CUST-01293,Emily,Ramirez,Emily Ramirez,emily.ramirez@company394.com,38,36-50,Female,Canada,Ontario,Toronto,2025-06-18,20250618,Paid Ads,churned,True,plan_growth,monthly,0.0,0.0,1.8,01-03 months,158.0,False,0.0,False,True,False,Promising / New Customers,Standard ongoing account nurturing,440,59.0,158.0,4,1,1,411,0.9981,Critical,monthly_price,5,North America,1,3,Paid Ads
CUST-00175,Anna,Flores,Anna Flores,anna.flores@company176.com,51,51+,Female,United Kingdom,Greater London,London,2025-01-04,20250104,Referral,active,False,plan_growth,annual,79.0,948.0,20.2,13-24 months,1580.0,False,0.0,False,False,False,Champions,Offer early access to beta features; invite to executive advisory board,605,887.0,1580.0,5,5,4,554,0.0111,Low,recency_days,12,Europe,2,5,Referral
CUST-00248,Daniel,Flores,Daniel Flores,daniel.flores@company249.com,49,36-50,Male,United Kingdom,Greater London,London,2025-06-02,20250602,Social Media,churned,True,plan_starter,monthly,0.0,0.0,9.6,07-12 months,290.0,False,0.0,False,True,False,Potential Loyalists,Standard ongoing account nurturing,456,312.0,290.0,4,3,2,432,0.9978,Critical,monthly_price,12,Europe,1,6,Social Media
CUST-00279,Carol,Walker,Carol Walker,carol.walker@company280.com,25,18-25,Female,Canada,Ontario,Toronto,2024-07-01,20240701,Direct,active,False,plan_enterprise,annual,499.0,5988.0,26.4,25+ months,14970.0,True,5988.0,False,True,False,Champions,Offer early access to beta features; invite to executive advisory board,792,2126.0,14970.0,5,5,5,555,0.3058,Medium,has_support_friction,5,North America,2,1,Direct
CUST-00352,Stephanie,White,Stephanie White,stephanie.white@company353.com,36,36-50,Female,United Kingdom,North West,Manchester,2025-09-16,20250916,Referral,active,False,plan_starter,monthly,29.0,348.0,11.7,07-12 months,348.0,False,0.0,False,False,False,General Subscribers,Standard ongoing account nurturing,350,389.0,348.0,3,3,2,332,0.0457,Low,urgent_ticket_ratio,13,Europe,1,5,Referral
CUST-00452,Larry,Flores,Larry Flores,larry.flores@company3.com,51,51+,Male,United States,Texas,Austin,2026-03-05,20260305,Paid Ads,active,False,plan_starter,monthly,29.0,348.0,6.0,04-06 months,203.0,True,348.0,True,False,False,Hibernating / Lost,Automated re-engagement drip campaign; survey feature usability,180,187.0,203.0,1,2,1,121,0.1496,Low,session_frequency_per_month,22,North America,1,3,Paid Ads
CUST-00759,Emma,Scott,Emma Scott,emma.scott@company310.com,57,51+,Female,United States,Texas,Austin,2025-11-14,20251114,Organic Search,active,False,plan_pro,monthly,179.0,2148.0,9.7,07-12 months,1790.0,False,0.0,False,False,False,Loyal Customers,Immediate customer success outreach; schedule quarterly business review,291,581.0,1790.0,2,4,5,245,0.0611,Low,total_tickets_count,22,North America,1,2,Organic Search
CUST-00824,Brian,Garcia,Brian Garcia,brian.garcia@company375.com,57,51+,Male,United Kingdom,North West,Manchester,2026-05-05,20260505,Social Media,churned,True,plan_starter,monthly,0.0,0.0,1.8,01-03 months,58.0,False,0.0,False,True,False,Hibernating / Lost,Automated re-engagement drip campaign; survey feature usability,119,44.0,58.0,1,1,1,111,0.9917,Critical,monthly_price,13,Europe,1,6,Social Media
CUST-01016,Nicholas,Miller,Nicholas Miller,nicholas.miller@company117.com,54,51+,Male,United States,New York,New York,2025-03-30,20250330,Paid Ads,churned,True,plan_growth,monthly,0.0,0.0,1.8,01-03 months,158.0,False,0.0,False,True,False,Promising / New Customers,Standard ongoing account nurturing,520,45.0,158.0,4,1,1,411,0.9882,Critical,monthly_price,21,North America,1,3,Paid Ads
CUST-01017,Kevin,Martinez,Kevin Martinez,kevin.martinez@company118.com,31,26-35,Male,United States,Georgia,Atlanta,2025-03-12,20250312,Paid Ads,active,False,plan_starter,monthly,29.0,348.0,17.9,13-24 months,522.0,True,348.0,True,False,False,Potential Loyalists,Standard ongoing account nurturing,538,612.0,522.0,4,4,2,442,0.0529,Low,is_engagement_declining,18,North America,1,3,Paid Ads
CUST-01107,Kimberly,Lewis,Kimberly Lewis,kimberly.lewis@company208.com,23,18-25,Female,United Kingdom,Scotland,Edinburgh,2024-07-04,20240704,Paid Ads,churned,True,plan_pro,monthly,0.0,0.0,18.6,13-24 months,3401.0,False,0.0,False,True,False,Champions,Offer early access to beta features; invite to executive advisory board,789,1107.0,3401.0,5,5,5,555,0.9577,Critical,monthly_price,14,Europe,1,3,Paid Ads
CUST-01151,Sarah,Allen,Sarah Allen,sarah.allen@company252.com,50,36-50,Female,Australia,New South Wales,Sydney,2025-01-27,20250127,Partner,active,False,plan_growth,annual,79.0,948.0,19.4,13-24 months,1580.0,True,948.0,False,True,False,Champions,Offer early access to beta features; invite to executive advisory board,582,892.0,1580.0,4,5,4,454,0.0731,Low,has_support_friction,1,Asia-Pacific,2,4,Partner
CUST-01288,Pamela,Young,Pamela Young,pamela.young@company389.com,30,26-35,Female,United States,Illinois,Chicago,2026-03-30,20260330,Referral,active,False,plan_growth,monthly,79.0,948.0,5.2,04-06 months,474.0,False,0.0,False,False,False,Hibernating / Lost,Automated re-engagement drip campaign; survey feature usability,155,241.0,474.0,1,2,2,122,0.0351,Low,active_day_ratio,19,North America,1,5,Referral
CUST-01349,Brenda,Lewis,Brenda Lewis,brenda.lewis@company450.com,44,36-50,Female,United States,Georgia,Atlanta,2025-10-06,20251006,Organic Search,churned,True,plan_pro,monthly,0.0,0.0,5.4,04-06 months,1074.0,False,0.0,False,True,False,Promising / New Customers,Standard ongoing account nurturing,330,278.0,1074.0,3,2,4,324,0.9985,Critical,monthly_price,18,North America,1,2,Organic Search
CUST-01362,Ronald,Garcia,Ronald Garcia,ronald.garcia@company13.com,31,26-35,Male,United States,Washington,Seattle,2025-01-19,20250119,Partner,active,False,plan_starter,monthly,29.0,348.0,19.7,13-24 months,580.0,False,0.0,False,False,False,Loyal Customers,Standard ongoing account nurturing,590,694.0,580.0,5,4,3,543,0.021,Low,recency_days,23,North America,1,4,Partner
CUST-01411,Nicholas,Robinson,Nicholas Robinson,nicholas.robinson@company62.com,22,18-25,Male,United States,Colorado,Denver,2024-12-28,20241228,Paid Ads,churned,True,plan_growth,monthly,0.0,0.0,7.2,07-12 months,553.0,False,0.0,False,True,False,Potential Loyalists,Standard ongoing account nurturing,612,286.0,553.0,5,3,3,533,0.9935,Critical,monthly_price,17,North America,1,3,Paid Ads
CUST-01463,Nicholas,Miller,Nicholas Miller,nicholas.miller@company114.com,36,36-50,Male,Germany,Hesse,Frankfurt,2026-04-11,20260411,Paid Ads,active,False,plan_pro,monthly,179.0,2148.0,4.8,04-06 months,895.0,False,0.0,False,False,False,At Risk Accounts,Immediate customer success outreach; schedule quarterly business review,143,293.0,895.0,1,3,4,134,0.0432,Low,active_day_ratio,11,Europe,1,3,Paid Ads
CUST-01466,Betty,Jones,Betty Jones,betty.jones@company117.com,26,26-35,Female,United States,Illinois,Chicago,2026-02-22,20260222,Direct,active,False,plan_growth,annual,79.0,948.0,6.4,07-12 months,790.0,True,948.0,False,True,False,About To Sleep,Automated re-engagement drip campaign; survey feature usability,191,265.0,790.0,2,2,3,223,0.1522,Low,has_support_friction,19,North America,2,1,Direct
CUST-00055,Steven,Lopez,Steven Lopez,steven.lopez@company56.com,30,26-35,Male,France,Île-de-France,Paris,2024-08-06,20240806,Organic Search,churned,True,plan_starter,monthly,0.0,0.0,8.7,07-12 months,261.0,False,0.0,False,False,False,Potential Loyalists,Standard ongoing account nurturing,756,270.0,261.0,5,2,1,521,0.94,Critical,monthly_price,8,Europe,1,2,Organic Search
CUST-00146,Kenneth,Lee,Kenneth Lee,kenneth.lee@company147.com,47,36-50,Male,United States,Texas,Austin,2025-09-12,20250912,Partner,active,False,plan_pro,monthly,179.0,2148.0,11.8,07-12 months,2148.0,False,0.0,False,False,False,Loyal Customers,Standard ongoing account nurturing,354,724.0,2148.0,3,5,5,355,0.0104,Low,avg_satisfaction_score,22,North America,1,4,Partner
CUST-00188,Timothy,Martin,Timothy Martin,timothy.martin@company189.com,36,36-50,Male,United States,Texas,Austin,2025-01-10,20250110,Organic Search,active,False,plan_pro,annual,179.0,2148.0,20.0,13-24 months,3580.0,False,0.0,False,False,False,Champions,Offer early access to beta features; invite to executive advisory board,599,1179.0,3580.0,5,5,5,555,0.0093,Low,recency_days,22,North America,2,2,Organic Search
CUST-00293,Rebecca,Scott,Rebecca Scott,rebecca.scott@company294.com,37,36-50,Female,Canada,Quebec,Montreal,2026-04-22,20260422,Social Media,active,False,plan_enterprise,monthly,499.0,5988.0,4.4,04-06 months,2495.0,False,0.0,False,False,False,At Risk Accounts,Immediate customer success outreach; schedule quarterly business review,132,324.0,2495.0,1,3,5,135,0.0405,Low,active_day_ratio,6,North America,1,6,Social Media
CUST-00398,Charles,Jones,Charles Jones,charles.jones@company399.com,27,26-35,Male,United States,Texas,Austin,2026-07-04,20260704,Paid Ads,active,False,plan_starter,monthly,29.0,348.0,2.0,01-03 months,58.0,False,0.0,False,False,False,Hibernating / Lost,Automated re-engagement drip campaign; survey feature usability,59,66.0,58.0,1,1,1,111,0.0321,Low,avg_session_minutes,22,North America,1,3,Paid Ads
CUST-00402,Joshua,Wilson,Joshua Wilson,joshua.wilson@company403.com,35,26-35,Male,United Kingdom,West Midlands,Birmingham,2024-04-14,20240414,Organic Search,churned,True,plan_starter,monthly,0.0,0.0,9.2,07-12 months,261.0,False,0.0,False,False,False,Potential Loyalists,Standard ongoing account nurturing,870,299.0,261.0,5,3,1,531,0.932,Critical,monthly_price,15,Europe,1,2,Organic Search
CUST-00411,Amanda,King,Amanda King,amanda.king@company412.com,22,18-25,Female,Germany,Bavaria,Munich,2025-01-01,20250101,Organic Search,active,False,plan_growth,monthly,79.0,948.0,20.3,13-24 months,1659.0,False,0.0,False,False,False,Champions,Offer early access to beta features; invite to executive advisory board,608,940.0,1659.0,5,5,4,554,0.0108,Low,recency_days,9,Europe,1,2,Organic Search
CUST-00495,Michelle,Miller,Michelle Miller,michelle.miller@company46.com,34,26-35,Female,United States,Illinois,Chicago,2024-07-03,20240703,Referral,active,False,plan_starter,annual,29.0,348.0,26.3,25+ months,870.0,False,0.0,False,False,False,Champions,Offer early access to beta features; invite to executive advisory board,790,897.0,870.0,5,5,4,554,0.0328,Low,recency_days,19,North America,2,5,Referral
CUST-00543,Brian,Miller,Brian Miller,brian.miller@company94.com,43,36-50,Male,United States,New York,New York,2025-08-29,20250829,Partner,churned,True,plan_enterprise,monthly,0.0,0.0,5.7,04-06 months,2994.0,False,0.0,False,False,False,General Subscribers,Standard ongoing account nurturing,368,441.0,2994.0,3,3,5,335,0.7261,High,monthly_price,21,North America,1,4,Partner
CUST-00607,Sarah,Miller,Sarah Miller,sarah.miller@company158.com,29,26-35,Female,United Kingdom,West Midlands,Birmingham,2026-05-04,20260504,Social Media,active,False,plan_starter,annual,29.0,348.0,4.0,04-06 months,290.0,False,0.0,False,False,False,Hibernating / Lost,Automated re-engagement drip campaign; survey feature usability,120,126.0,290.0,1,1,2,112,0.0511,Low,session_frequency_per_month,15,Europe,2,6,Social Media
CUST-00620,David,Martinez,David Martinez,david.martinez@company171.com,21,18-25,Male,United Kingdom,Greater London,London,2025-11-18,20251118,Organic Search,active,False,plan_growth,annual,79.0,948.0,9.6,07-12 months,790.0,False,0.0,False,False,False,At Risk Accounts,Immediate customer success outreach; schedule quarterly business review,287,405.0,790.0,2,3,3,233,0.0252,Low,avg_satisfaction_score,12,Europe,2,2,Organic Search
CUST-00645,Richard,Moore,Richard Moore,richard.moore@company196.com,42,36-50,Male,United Kingdom,West Midlands,Birmingham,2024-08-27,20240827,Organic Search,active,False,plan_pro,annual,179.0,2148.0,24.5,25+ months,5370.0,False,0.0,False,False,False,Champions,Offer early access to beta features; invite to executive advisory board,735,1468.0,5370.0,5,5,5,555,0.0211,Low,recency_days,15,Europe,2,2,Organic Search
CUST-00676,Ashley,Williams,Ashley Williams,ashley.williams@company227.com,21,18-25,Female,Canada,Ontario,Toronto,2025-12-14,20251214,Paid Ads,churned,True,plan_starter,monthly,0.0,0.0,8.0,07-12 months,232.0,False,0.0,True,False,True,Hibernating / Lost,Automated re-engagement drip campaign; survey feature usability,261,237.0,232.0,2,2,1,221,0.9299,Critical,monthly_price,5,North America,1,3,Paid Ads
CUST-00719,Mark,Gonzalez,Mark Gonzalez,mark.gonzalez@company270.com,44,36-50,Male,United States,New York,New York,2025-01-13,20250113,Organic Search,active,False,plan_pro,monthly,179.0,2148.0,19.9,13-24 months,3580.0,False,0.0,False,False,False,Champions,Offer early access to beta features; invite to executive advisory board,596,1241.0,3580.0,5,5,5,555,0.0134,Low,recency_days,21,North America,1,2,Organic Search
CUST-00963,Deborah,Torres,Deborah Torres,deborah.torres@company64.com,34,26-35,Female,United Kingdom,West Midlands,Birmingham,2026-02-22,20260222,Organic Search,active,False,plan_growth,annual,79.0,948.0,6.4,07-12 months,790.0,False,0.0,False,False,False,About To Sleep,Automated re-engagement drip campaign; survey feature usability,191,262.0,790.0,2,2,3,223,0.0604,Low,active_day_ratio,15,Europe,2,2,Organic Search
CUST-00970,Justin,Young,Justin Young,justin.young@company71.com,21,18-25,Male,France,Auvergne-Rhône-Alpes,Lyon,2024-06-30,20240630,Organic Search,churned,True,plan_growth,annual,0.0,0.0,19.2,13-24 months,1580.0,False,0.0,False,False,False,Champions,Offer early access to beta features; invite to executive advisory board,793,802.0,1580.0,5,5,4,554,0.7711,Critical,monthly_price,7,Europe,2,2,Organic Search
CUST-01012,Jacob,Ramirez,Jacob Ramirez,jacob.ramirez@company113.com,43,36-50,Male,Australia,Victoria,Melbourne,2026-02-15,20260215,Organic Search,active,False,plan_growth,monthly,79.0,948.0,6.6,07-12 months,553.0,False,0.0,False,False,False,At Risk Accounts,Immediate customer success outreach; schedule quarterly business review,198,304.0,553.0,2,3,3,233,0.0344,Low,avg_satisfaction_score,3,Asia-Pacific,1,2,Organic Search
CUST-01177,Nancy,Hill,Nancy Hill,nancy.hill@company278.com,31,26-35,Female,United States,Washington,Seattle,2024-10-25,20241025,Paid Ads,churned,True,plan_starter,annual,0.0,0.0,7.2,07-12 months,290.0,False,0.0,False,False,False,Potential Loyalists,Standard ongoing account nurturing,676,214.0,290.0,5,2,2,522,0.9295,Critical,monthly_price,23,North America,2,3,Paid Ads
CUST-01187,Betty,Sanchez,Betty Sanchez,betty.sanchez@company288.com,38,36-50,Female,United States,Texas,Austin,2024-10-23,20241023,Paid Ads,active,False,plan_starter,annual,29.0,348.0,22.6,13-24 months,580.0,False,0.0,False,False,False,Loyal Customers,Standard ongoing account nurturing,678,807.0,580.0,5,5,3,553,0.0376,Low,recency_days,22,North America,2,3,Paid Ads
CUST-01262,Susan,Rodriguez,Susan Rodriguez,susan.rodriguez@company363.com,21,18-25,Female,Germany,Berlin,Berlin,2025-11-15,20251115,Social Media,active,False,plan_starter,monthly,29.0,348.0,9.7,07-12 months,290.0,False,0.0,False,False,False,General Subscribers,Standard ongoing account nurturing,290,338.0,290.0,2,3,2,232,0.0476,Low,active_day_ratio,10,Europe,1,6,Social Media
CUST-01269,Melissa,Smith,Melissa Smith,melissa.smith@company370.com,33,26-35,Female,United States,Georgia,Atlanta,2026-03-20,20260320,Referral,active,False,plan_growth,monthly,79.0,948.0,5.5,04-06 months,474.0,False,0.0,False,False,False,Hibernating / Lost,Automated re-engagement drip campaign; survey feature usability,165,243.0,474.0,1,2,2,122,0.0246,Low,avg_satisfaction_score,18,North America,1,5,Referral
CUST-01315,Eric,Lopez,Eric Lopez,eric.lopez@company416.com,28,26-35,Male,Canada,British Columbia,Vancouver,2026-04-22,20260422,Direct,active,False,plan_pro,monthly,179.0,2148.0,4.4,04-06 months,895.0,False,0.0,False,False,False,About To Sleep,Automated re-engagement drip campaign; survey feature usability,132,281.0,895.0,1,2,4,124,0.0616,Low,avg_satisfaction_score,4,North America,1,1,Direct
CUST-01378,Joshua,Gonzalez,Joshua Gonzalez,joshua.gonzalez@company29.com,36,36-50,Male,United Kingdom,Greater London,London,2026-02-28,20260228,Organic Search,active,False,plan_starter,annual,29.0,348.0,6.2,07-12 months,290.0,False,0.0,False,False,False,Hibernating / Lost,Automated re-engagement drip campaign; survey feature usability,185,195.0,290.0,1,2,2,122,0.0508,Low,session_frequency_per_month,12,Europe,2,2,Organic Search
CUST-00080,Kimberly,Garcia,Kimberly Garcia,kimberly.garcia@company81.com,30,26-35,Female,Canada,Ontario,Toronto,2026-03-11,20260311,Direct,active,False,plan_starter,multi_year,29.0,348.0,5.8,04-06 months,290.0,False,0.0,False,False,False,Hibernating / Lost,Automated re-engagement drip campaign; survey feature usability,174,186.0,290.0,1,2,2,122,0.0328,Low,avg_satisfaction_score,5,North America,3,1,Direct
CUST-00158,Joseph,Robinson,Joseph Robinson,joseph.robinson@company159.com,30,26-35,Male,United States,California,San Francisco,2025-07-22,20250722,Organic Search,active,False,plan_starter,annual,29.0,348.0,13.5,13-24 months,580.0,False,0.0,False,False,False,General Subscribers,Standard ongoing account nurturing,406,464.0,580.0,3,3,3,333,0.0227,Low,avg_satisfaction_score,16,North America,2,2,Organic Search
CUST-00328,Patricia,Allen,Patricia Allen,patricia.allen@company329.com,44,36-50,Female,United Kingdom,North West,Manchester,2024-08-30,20240830,Organic Search,churned,True,plan_pro,annual,0.0,0.0,10.0,07-12 months,1790.0,False,0.0,False,False,False,Champions,Offer early access to beta features; invite to executive advisory board,732,580.0,1790.0,5,4,5,545,0.8432,Critical,monthly_price,13,Europe,2,2,Organic Search
CUST-00777,Lisa,Hill,Lisa Hill,lisa.hill@company328.com,31,26-35,Female,Germany,Bavaria,Munich,2025-10-03,20251003,Partner,active,False,plan_growth,annual,79.0,948.0,11.1,07-12 months,790.0,True,948.0,True,False,False,Loyal Customers,Standard ongoing account nurturing,333,508.0,790.0,3,4,4,344,0.0493,Low,is_engagement_declining,9,Europe,2,4,Partner
CUST-01086,Karen,Lee,Karen Lee,karen.lee@company187.com,21,18-25,Female,United Kingdom,West Midlands,Birmingham,2025-04-14,20250414,Paid Ads,active,False,plan_starter,monthly,29.0,348.0,16.8,13-24 months,493.0,False,0.0,False,False,False,Potential Loyalists,Standard ongoing account nurturing,505,605.0,493.0,4,4,2,442,0.0403,Low,recency_days,15,Europe,1,3,Paid Ads
CUST-01098,Jessica,Moore,Jessica Moore,jessica.moore@company199.com,35,26-35,Female,United States,Colorado,Denver,2025-06-04,20250604,Organic Search,churned,True,plan_pro,monthly,0.0,0.0,4.8,04-06 months,895.0,False,0.0,False,False,False,Potential Loyalists,Standard ongoing account nurturing,454,276.0,895.0,4,2,4,424,0.8349,Critical,monthly_price,17,North America,1,2,Organic Search
CUST-01352,Mark,Ramirez,Mark Ramirez,mark.ramirez@company3.com,28,26-35,Male,United States,Illinois,Chicago,2025-02-10,20250210,Organic Search,active,False,plan_pro,annual,179.0,2148.0,18.9,13-24 months,3580.0,False,0.0,False,False,False,Champions,Offer early access to beta features; invite to executive advisory board,568,1144.0,3580.0,4,5,5,455,0.0081,Low,recency_days,19,North America,2,2,Organic Search
CUST-01357,Elizabeth,Smith,Elizabeth Smith,elizabeth.smith@company8.com,35,26-35,Female,France,Île-de-France,Paris,2025-12-08,20251208,Paid Ads,active,False,plan_starter,monthly,29.0,348.0,8.9,07-12 months,261.0,False,0.0,False,False,False,General Subscribers,Standard ongoing account nurturing,267,295.0,261.0,2,3,1,231,0.0318,Low,avg_satisfaction_score,8,Europe,1,3,Paid Ads
CUST-00030,Stephen,Lewis,Stephen Lewis,stephen.lewis@company31.com,31,26-35,Male,United States,Georgia,Atlanta,2025-07-26,20250726,Organic Search,active,False,plan_starter,monthly,29.0,348.0,13.4,13-24 months,406.0,False,0.0,False,False,False,General Subscribers,Standard ongoing account nurturing,402,485.0,406.0,3,4,2,342,0.0172,Low,avg_satisfaction_score,18,North America,1,2,Organic Search
CUST-00133,Helen,Harris,Helen Harris,helen.harris@company134.com,39,36-50,Female,United Kingdom,West Midlands,Birmingham,2025-12-18,20251218,Social Media,active,False,plan_pro,monthly,179.0,2148.0,8.6,07-12 months,1611.0,True,2148.0,True,False,False,Loyal Customers,Immediate customer success outreach; schedule quarterly business review,257,494.0,1611.0,2,4,4,244,0.0769,Low,is_engagement_declining,15,Europe,1,6,Social Media
CUST-00438,Sharon,Lopez,Sharon Lopez,sharon.lopez@company439.com,21,18-25,Female,Australia,Victoria,Melbourne,2026-03-29,20260329,Organic Search,active,False,plan_growth,annual,79.0,948.0,5.2,04-06 months,790.0,False,0.0,False,False,False,About To Sleep,Automated re-engagement drip campaign; survey feature usability,156,233.0,790.0,1,2,3,123,0.0431,Low,active_day_ratio,3,Asia-Pacific,2,2,Organic Search
CUST-00538,Shirley,Scott,Shirley Scott,shirley.scott@company89.com,26,26-35,Female,United Kingdom,Scotland,Edinburgh,2026-04-17,20260417,Paid Ads,active,False,plan_growth,monthly,79.0,948.0,4.6,04-06 months,395.0,False,0.0,False,False,False,Hibernating / Lost,Automated re-engagement drip campaign; survey feature usability,137,194.0,395.0,1,2,2,122,0.0418,Low,active_day_ratio,14,Europe,1,3,Paid Ads
CUST-00583,Anthony,Lee,Anthony Lee,anthony.lee@company134.com,21,18-25,Male,United States,Illinois,Chicago,2025-10-18,20251018,Referral,active,False,plan_growth,monthly,79.0,948.0,10.6,07-12 months,869.0,False,0.0,False,False,False,General Subscribers,Standard ongoing account nurturing,318,468.0,869.0,3,3,4,334,0.0198,Low,avg_satisfaction_score,19,North America,1,5,Referral
CUST-01279,Richard,Williams,Richard Williams,richard.williams@company380.com,21,18-25,Male,United States,Illinois,Chicago,2026-04-29,20260429,Social Media,active,False,plan_starter,monthly,29.0,348.0,4.2,04-06 months,145.0,False,0.0,False,False,False,Hibernating / Lost,Automated re-engagement drip campaign; survey feature usability,125,147.0,145.0,1,1,1,111,0.0237,Low,avg_satisfaction_score,19,North America,1,6,Social Media
CUST-00259,Richard,Ramirez,Richard Ramirez,richard.ramirez@company260.com,32,26-35,Male,United States,Massachusetts,Boston,2025-09-23,20250923,Partner,active,False,plan_enterprise,annual,499.0,5988.0,11.4,07-12 months,4990.0,False,0.0,False,False,False,Loyal Customers,Standard ongoing account nurturing,343,904.0,4990.0,3,5,5,355,0.0042,Low,avg_satisfaction_score,20,North America,2,4,Partner
CUST-00278,Paul,Brown,Paul Brown,paul.brown@company279.com,47,36-50,Male,United Kingdom,North West,Manchester,2026-03-11,20260311,Organic Search,active,False,plan_growth,annual,79.0,948.0,5.8,04-06 months,790.0,False,0.0,False,False,False,About To Sleep,Automated re-engagement drip campaign; survey feature usability,174,232.0,790.0,1,2,3,123,0.023,Low,avg_satisfaction_score,13,Europe,2,2,Organic Search
CUST-00321,Anna,Nguyen,Anna Nguyen,anna.nguyen@company322.com,39,36-50,Female,United States,Texas,Austin,2024-06-02,20240602,Organic Search,active,False,plan_growth,annual,79.0,948.0,27.4,25+ months,2370.0,False,0.0,False,False,False,Champions,Offer early access to beta features; invite to executive advisory board,821,1255.0,2370.0,5,5,5,555,0.0326,Low,recency_days,22,North America,2,2,Organic Search
CUST-00326,James,Wilson,James Wilson,james.wilson@company327.com,26,26-35,Male,United States,Georgia,Atlanta,2024-06-29,20240629,Referral,active,False,plan_growth,monthly,79.0,948.0,26.5,25+ months,2133.0,False,0.0,False,False,False,Champions,Offer early access to beta features; invite to executive advisory board,794,1153.0,2133.0,5,5,5,555,0.0776,Low,recency_days,18,North America,1,5,Referral
CUST-00331,Joshua,Garcia,Joshua Garcia,joshua.garcia@company332.com,44,36-50,Male,Germany,Berlin,Berlin,2026-02-09,20260209,Organic Search,active,False,plan_growth,multi_year,79.0,948.0,6.8,07-12 months,790.0,False,0.0,False,False,False,At Risk Accounts,Immediate customer success outreach; schedule quarterly business review,204,298.0,790.0,2,3,3,233,0.0159,Low,avg_satisfaction_score,10,Europe,3,2,Organic Search
CUST-00469,Cynthia,Taylor,Cynthia Taylor,cynthia.taylor@company20.com,29,26-35,Female,United States,California,San Francisco,2025-05-02,20250502,Organic Search,active,False,plan_enterprise,monthly,499.0,5988.0,16.2,13-24 months,8483.0,False,0.0,False,False,False,Champions,Offer early access to beta features; invite to executive advisory board,487,1317.0,8483.0,4,5,5,455,0.0111,Low,recency_days,16,North America,1,2,Organic Search
CUST-00803,Charles,Lewis,Charles Lewis,charles.lewis@company354.com,22,18-25,Male,United States,Georgia,Atlanta,2025-11-20,20251120,Organic Search,active,False,plan_starter,monthly,29.0,348.0,9.5,07-12 months,290.0,True,348.0,True,False,False,General Subscribers,Standard ongoing account nurturing,285,326.0,290.0,2,3,2,232,0.058,Low,is_engagement_declining,18,North America,1,2,Organic Search
CUST-00827,Michelle,Walker,Michelle Walker,michelle.walker@company378.com,42,36-50,Female,Canada,Quebec,Montreal,2025-12-29,20251229,Organic Search,active,False,plan_growth,monthly,79.0,948.0,8.2,07-12 months,711.0,False,0.0,False,False,False,At Risk Accounts,Immediate customer success outreach; schedule quarterly business review,246,372.0,711.0,2,3,3,233,0.0176,Low,avg_satisfaction_score,6,North America,1,2,Organic Search
CUST-01316,Jeffrey,Gonzalez,Jeffrey Gonzalez,jeffrey.gonzalez@company417.com,28,26-35,Male,Germany,Berlin,Berlin,2025-01-05,20250105,Partner,active,False,plan_enterprise,annual,499.0,5988.0,20.1,13-24 months,9980.0,False,0.0,False,False,False,Champions,Offer early access to beta features; invite to executive advisory board,604,1708.0,9980.0,5,5,5,555,0.0137,Low,recency_days,10,Europe,2,4,Partner
CUST-00034,Karen,Gonzalez,Karen Gonzalez,karen.gonzalez@company35.com,46,36-50,Female,France,Île-de-France,Paris,2025-05-20,20250520,Partner,active,False,plan_pro,annual,179.0,2148.0,15.6,13-24 months,3580.0,False,0.0,False,False,False,Champions,Offer early access to beta features; invite to executive advisory board,469,865.0,3580.0,4,5,5,455,0.0145,Low,recency_days,8,Europe,2,4,Partner
CUST-00041,Donna,Hernandez,Donna Hernandez,donna.hernandez@company42.com,31,26-35,Female,United Kingdom,Scotland,Edinburgh,2026-06-25,20260625,Referral,active,False,plan_starter,annual,29.0,348.0,2.3,01-03 months,290.0,True,348.0,True,False,False,Hibernating / Lost,Automated re-engagement drip campaign; survey feature usability,68,60.0,290.0,1,1,2,112,0.0836,Low,session_frequency_per_month,14,Europe,2,5,Referral
CUST-00100,Larry,Jackson,Larry Jackson,larry.jackson@company101.com,45,36-50,Male,United States,Georgia,Atlanta,2026-03-30,20260330,Organic Search,active,False,plan_growth,annual,79.0,948.0,5.2,04-06 months,790.0,False,0.0,False,False,False,About To Sleep,Automated re-engagement drip campaign; survey feature usability,155,218.0,790.0,1,2,4,124,0.1598,Low,urgent_ticket_ratio,18,North America,2,2,Organic Search
CUST-00112,Laura,Garcia,Laura Garcia,laura.garcia@company113.com,30,26-35,Female,Australia,Queensland,Brisbane,2025-11-29,20251129,Paid Ads,active,False,plan_starter,monthly,29.0,348.0,9.2,07-12 months,290.0,False,0.0,False,False,False,General Subscribers,Standard ongoing account nurturing,276,338.0,290.0,2,3,2,232,0.1729,Low,avg_resolution_hours,2,Asia-Pacific,1,3,Paid Ads
CUST-00141,Kimberly,Robinson,Kimberly Robinson,kimberly.robinson@company142.com,44,36-50,Female,United States,Colorado,Denver,2025-01-16,20250116,Social Media,churned,True,plan_pro,monthly,0.0,0.0,9.7,07-12 months,1790.0,False,0.0,False,True,False,Champions,Offer early access to beta features; invite to executive advisory board,593,553.0,1790.0,5,4,5,545,0.9094,Critical,monthly_price,17,North America,1,6,Social Media
CUST-00143,Emily,Smith,Emily Smith,emily.smith@company144.com,29,26-35,Female,Canada,Quebec,Montreal,2024-11-25,20241125,Direct,churned,True,plan_pro,multi_year,0.0,0.0,2.3,01-03 months,1790.0,False,0.0,False,True,False,Promising / New Customers,Standard ongoing account nurturing,645,123.0,1790.0,5,1,4,514,0.9936,Critical,monthly_price,6,North America,3,1,Direct
CUST-00160,Brian,Martinez,Brian Martinez,brian.martinez@company161.com,46,36-50,Male,United Kingdom,Scotland,Edinburgh,2026-03-24,20260324,Social Media,active,False,plan_starter,monthly,29.0,348.0,5.4,04-06 months,174.0,True,348.0,False,True,False,Hibernating / Lost,Automated re-engagement drip campaign; survey feature usability,161,160.0,174.0,1,2,1,121,0.4096,Medium,has_support_friction,14,Europe,1,6,Social Media
CUST-00173,Susan,Torres,Susan Torres,susan.torres@company174.com,32,26-35,Female,United States,Georgia,Atlanta,2025-11-22,20251122,Organic Search,active,False,plan_pro,multi_year,179.0,2148.0,9.4,07-12 months,1790.0,False,0.0,False,False,False,Loyal Customers,Immediate customer success outreach; schedule quarterly business review,283,544.0,1790.0,2,4,5,245,0.0346,Low,avg_resolution_hours,18,North America,3,2,Organic Search
CUST-00185,Jeffrey,Johnson,Jeffrey Johnson,jeffrey.johnson@company186.com,24,18-25,Male,United States,Massachusetts,Boston,2025-04-04,20250404,Referral,churned,True,plan_starter,monthly,0.0,0.0,14.0,13-24 months,435.0,False,0.0,False,True,False,Potential Loyalists,Standard ongoing account nurturing,515,469.0,435.0,4,3,2,432,0.9924,Critical,monthly_price,20,North America,1,5,Referral
CUST-00190,Paul,Miller,Paul Miller,paul.miller@company191.com,31,26-35,Male,United States,Texas,Austin,2025-08-22,20250822,Partner,churned,True,plan_pro,annual,0.0,0.0,7.9,07-12 months,1790.0,False,0.0,False,False,False,General Subscribers,Standard ongoing account nurturing,375,466.0,1790.0,3,3,5,335,0.76,Critical,monthly_price,22,North America,2,4,Partner
CUST-00216,Larry,Hill,Larry Hill,larry.hill@company217.com,30,26-35,Male,United States,Illinois,Chicago,2024-10-31,20241031,Organic Search,active,False,plan_growth,monthly,79.0,948.0,22.3,13-24 months,1817.0,True,948.0,True,False,False,Champions,Offer early access to beta features; invite to executive advisory board,670,952.0,1817.0,5,5,5,555,0.0662,Low,recency_days,19,North America,1,2,Organic Search
CUST-00224,Lisa,Rodriguez,Lisa Rodriguez,lisa.rodriguez@company225.com,34,26-35,Female,Canada,British Columbia,Vancouver,2025-06-24,20250624,Organic Search,active,False,plan_growth,monthly,79.0,948.0,14.5,13-24 months,1185.0,False,0.0,False,False,False,Loyal Customers,Standard ongoing account nurturing,434,634.0,1185.0,3,4,4,344,0.0158,Low,recency_days,4,North America,1,2,Organic Search
CUST-00228,Carol,Lopez,Carol Lopez,carol.lopez@company229.com,30,26-35,Female,United States,Illinois,Chicago,2025-03-05,20250305,Social Media,churned,True,plan_starter,monthly,0.0,0.0,10.7,07-12 months,319.0,False,0.0,False,True,False,Potential Loyalists,Standard ongoing account nurturing,545,344.0,319.0,4,3,2,432,0.9937,Critical,monthly_price,19,North America,1,6,Social Media
CUST-00272,Lisa,Robinson,Lisa Robinson,lisa.robinson@company273.com,33,26-35,Female,United States,Massachusetts,Boston,2024-12-02,20241202,Referral,churned,True,plan_starter,monthly,0.0,0.0,11.6,07-12 months,348.0,False,0.0,False,True,False,Potential Loyalists,Standard ongoing account nurturing,638,349.0,348.0,5,3,2,532,0.9828,Critical,monthly_price,20,North America,1,5,Referral
CUST-00274,Donna,Wilson,Donna Wilson,donna.wilson@company275.com,45,36-50,Female,United States,Georgia,Atlanta,2024-11-14,20241114,Paid Ads,churned,True,plan_pro,annual,0.0,0.0,1.3,01-03 months,1790.0,False,0.0,False,True,False,Promising / New Customers,Standard ongoing account nurturing,656,43.0,1790.0,5,1,4,514,0.9876,Critical,monthly_price,18,North America,2,3,Paid Ads
CUST-00309,Linda,Scott,Linda Scott,linda.scott@company310.com,48,36-50,Female,Australia,New South Wales,Sydney,2026-05-29,20260529,Referral,active,False,plan_starter,annual,29.0,348.0,3.2,04-06 months,290.0,True,348.0,True,False,False,Hibernating / Lost,Automated re-engagement drip campaign; survey feature usability,95,114.0,290.0,1,1,2,112,0.0193,Low,is_engagement_declining,1,Asia-Pacific,2,5,Referral
CUST-00333,Carol,Torres,Carol Torres,carol.torres@company334.com,52,51+,Female,France,Île-de-France,Paris,2025-01-09,20250109,Organic Search,active,False,plan_growth,monthly,79.0,948.0,20.0,13-24 months,1659.0,False,0.0,False,False,False,Champions,Offer early access to beta features; invite to executive advisory board,600,830.0,1659.0,5,5,4,554,0.0738,Low,urgent_ticket_ratio,8,Europe,1,2,Organic Search
CUST-00348,Nicholas,Hill,Nicholas Hill,nicholas.hill@company349.com,43,36-50,Male,United States,Texas,Austin,2026-01-19,20260119,Paid Ads,churned,True,plan_starter,monthly,0.0,0.0,4.2,04-06 months,116.0,False,0.0,False,True,False,Hibernating / Lost,Automated re-engagement drip campaign; survey feature usability,225,132.0,116.0,2,1,1,211,0.9973,Critical,monthly_price,22,North America,1,3,Paid Ads
CUST-00354,Amy,Rodriguez,Amy Rodriguez,amy.rodriguez@company355.com,42,36-50,Female,United States,Texas,Austin,2025-05-29,20250529,Partner,active,False,plan_starter,monthly,29.0,348.0,15.3,13-24 months,464.0,False,0.0,False,False,False,Potential Loyalists,Standard ongoing account nurturing,460,517.0,464.0,4,4,2,442,0.0249,Low,recency_days,22,North America,1,4,Partner
CUST-00423,Brian,Smith,Brian Smith,brian.smith@company424.com,55,51+,Male,United States,Illinois,Chicago,2025-04-10,20250410,Organic Search,active,False,plan_growth,monthly,79.0,948.0,17.0,13-24 months,1343.0,False,0.0,False,False,False,Champions,Offer early access to beta features; invite to executive advisory board,509,732.0,1343.0,4,5,4,454,0.0351,Low,total_tickets_count,19,North America,1,2,Organic Search
CUST-00429,Charles,Miller,Charles Miller,charles.miller@company430.com,26,26-35,Male,United States,Colorado,Denver,2026-01-12,20260112,Organic Search,active,False,plan_growth,monthly,79.0,948.0,7.7,07-12 months,632.0,False,0.0,False,False,False,At Risk Accounts,Immediate customer success outreach; schedule quarterly business review,232,339.0,632.0,2,3,3,233,0.0697,Low,active_day_ratio,17,North America,1,2,Organic Search
CUST-00431,Nicole,Williams,Nicole Williams,nicole.williams@company432.com,31,26-35,Female,Germany,Berlin,Berlin,2025-11-22,20251122,Organic Search,churned,True,plan_starter,monthly,0.0,0.0,9.4,07-12 months,290.0,False,0.0,True,True,False,General Subscribers,Standard ongoing account nurturing,283,335.0,290.0,2,3,2,232,0.9879,Critical,monthly_price,10,Europe,1,2,Organic Search
CUST-00444,Daniel,Miller,Daniel Miller,daniel.miller@company445.com,36,36-50,Male,United States,California,San Francisco,2026-03-23,20260323,Partner,active,False,plan_growth,annual,79.0,948.0,5.4,04-06 months,790.0,False,0.0,False,False,False,About To Sleep,Automated re-engagement drip campaign; survey feature usability,162,253.0,790.0,1,2,4,124,0.0221,Low,total_active_days,16,North America,2,4,Partner
CUST-00453,Sarah,Lopez,Sarah Lopez,sarah.lopez@company4.com,32,26-35,Female,Australia,Queensland,Brisbane,2025-11-05,20251105,Paid Ads,active,False,plan_pro,monthly,179.0,2148.0,10.0,07-12 months,1969.0,False,0.0,False,False,False,Loyal Customers,Immediate customer success outreach; schedule quarterly business review,300,621.0,1969.0,2,4,5,245,0.163,Low,avg_resolution_hours,2,Asia-Pacific,1,3,Paid Ads
CUST-00454,Matthew,Hill,Matthew Hill,matthew.hill@company5.com,25,18-25,Male,Germany,Hesse,Frankfurt,2026-07-27,20260727,Organic Search,active,False,plan_pro,annual,179.0,2148.0,1.2,01-03 months,1790.0,False,0.0,False,False,False,About To Sleep,Automated re-engagement drip campaign; survey feature usability,36,77.0,1790.0,1,1,5,115,0.0189,Low,total_active_days,11,Europe,2,2,Organic Search
CUST-00509,Angela,Gonzalez,Angela Gonzalez,angela.gonzalez@company60.com,21,18-25,Female,United States,Washington,Seattle,2025-08-02,20250802,Organic Search,churned,True,plan_growth,monthly,0.0,0.0,9.1,07-12 months,711.0,False,0.0,False,True,False,General Subscribers,Standard ongoing account nurturing,395,396.0,711.0,3,3,3,333,0.988,Critical,monthly_price,23,North America,1,2,Organic Search
CUST-00519,Rebecca,Jackson,Rebecca Jackson,rebecca.jackson@company70.com,33,26-35,Female,United Kingdom,North West,Manchester,2025-11-16,20251116,Referral,active,False,plan_growth,annual,79.0,948.0,9.6,07-12 months,790.0,False,0.0,False,False,False,At Risk Accounts,Immediate customer success outreach; schedule quarterly business review,289,444.0,790.0,2,3,3,233,0.0272,Low,avg_resolution_hours,13,Europe,2,5,Referral
CUST-00525,Edward,Perez,Edward Perez,edward.perez@company76.com,32,26-35,Male,United States,Georgia,Atlanta,2025-07-12,20250712,Organic Search,active,False,plan_pro,monthly,179.0,2148.0,13.9,13-24 months,2506.0,False,0.0,False,False,False,Loyal Customers,Standard ongoing account nurturing,416,804.0,2506.0,3,5,5,355,0.0159,Low,avg_resolution_hours,18,North America,1,2,Organic Search
CUST-00598,Amy,Walker,Amy Walker,amy.walker@company149.com,42,36-50,Female,United States,Texas,Austin,2025-10-26,20251026,Paid Ads,active,False,plan_growth,monthly,79.0,948.0,10.3,07-12 months,869.0,False,0.0,False,False,False,Loyal Customers,Standard ongoing account nurturing,310,487.0,869.0,3,4,4,344,0.0312,Low,contract_type_annual,22,North America,1,3,Paid Ads
CUST-00677,Gary,Harris,Gary Harris,gary.harris@company228.com,42,36-50,Male,United States,Massachusetts,Boston,2024-08-13,20240813,Organic Search,active,False,plan_growth,annual,79.0,948.0,25.0,25+ months,2370.0,False,0.0,False,False,False,Champions,Offer early access to beta features; invite to executive advisory board,749,1070.0,2370.0,5,5,5,555,0.0334,Low,recency_days,20,North America,2,2,Organic Search
CUST-00710,Brandon,Smith,Brandon Smith,brandon.smith@company261.com,43,36-50,Male,United Kingdom,Greater London,London,2025-08-10,20250810,Paid Ads,churned,True,plan_pro,monthly,0.0,0.0,1.7,01-03 months,358.0,False,0.0,False,False,False,Promising / New Customers,Standard ongoing account nurturing,387,56.0,358.0,3,1,2,312,0.9422,Critical,monthly_price,12,Europe,1,3,Paid Ads
CUST-00727,Robert,Thomas,Robert Thomas,robert.thomas@company278.com,39,36-50,Male,United States,Georgia,Atlanta,2026-03-18,20260318,Paid Ads,active,False,plan_starter,annual,29.0,348.0,5.6,04-06 months,290.0,False,0.0,False,False,False,Hibernating / Lost,Automated re-engagement drip campaign; survey feature usability,167,187.0,290.0,1,2,1,121,0.0208,Low,total_session_minutes,18,North America,2,3,Paid Ads
CUST-00772,Brian,Perez,Brian Perez,brian.perez@company323.com,43,36-50,Male,United States,Georgia,Atlanta,2024-12-09,20241209,Partner,churned,True,plan_pro,annual,0.0,0.0,19.1,13-24 months,3580.0,False,0.0,False,True,False,Champions,Offer early access to beta features; invite to executive advisory board,631,1106.0,3580.0,5,5,5,555,0.9449,Critical,monthly_price,18,North America,2,4,Partner
CUST-00781,Angela,Martin,Angela Martin,angela.martin@company332.com,47,36-50,Female,United States,New York,New York,2025-03-10,20250310,Social Media,active,False,plan_starter,annual,29.0,348.0,18.0,13-24 months,580.0,False,0.0,False,False,False,Loyal Customers,Standard ongoing account nurturing,540,603.0,580.0,4,4,3,443,0.0373,Low,urgent_ticket_ratio,21,North America,2,6,Social Media
CUST-00791,Jacob,Torres,Jacob Torres,jacob.torres@company342.com,37,36-50,Male,Germany,Hesse,Frankfurt,2025-07-05,20250705,Paid Ads,active,False,plan_pro,monthly,179.0,2148.0,14.1,13-24 months,2685.0,False,0.0,False,False,False,Loyal Customers,Standard ongoing account nurturing,423,842.0,2685.0,3,5,5,355,0.0522,Low,urgent_ticket_ratio,11,Europe,1,3,Paid Ads
CUST-00793,Melissa,Sanchez,Melissa Sanchez,melissa.sanchez@company344.com,25,18-25,Female,Australia,Victoria,Melbourne,2026-04-10,20260410,Partner,active,False,plan_starter,annual,29.0,348.0,4.8,04-06 months,290.0,False,0.0,False,False,False,Hibernating / Lost,Automated re-engagement drip campaign; survey feature usability,144,176.0,290.0,1,2,2,122,0.0145,Low,tenure_months,3,Asia-Pacific,2,4,Partner
CUST-00818,Gary,Robinson,Gary Robinson,gary.robinson@company369.com,30,26-35,Male,United States,Massachusetts,Boston,2025-05-09,20250509,Paid Ads,active,False,plan_growth,annual,79.0,948.0,16.0,13-24 months,1580.0,True,948.0,True,False,False,Champions,Offer early access to beta features; invite to executive advisory board,480,733.0,1580.0,4,5,4,454,0.0119,Low,is_engagement_declining,20,North America,2,3,Paid Ads
CUST-00844,Elizabeth,Wright,Elizabeth Wright,elizabeth.wright@company395.com,36,36-50,Female,United States,Georgia,Atlanta,2025-12-24,20251224,Organic Search,active,False,plan_growth,annual,79.0,948.0,8.4,07-12 months,790.0,True,948.0,True,False,False,At Risk Accounts,Immediate customer success outreach; schedule quarterly business review,251,333.0,790.0,2,3,3,233,0.0887,Low,high_urgency_tickets_count,18,North America,2,2,Organic Search
CUST-00857,Brian,Jones,Brian Jones,brian.jones@company408.com,33,26-35,Male,United States,Colorado,Denver,2026-02-22,20260222,Organic Search,active,False,plan_growth,monthly,79.0,948.0,6.4,07-12 months,553.0,False,0.0,False,False,False,About To Sleep,Automated re-engagement drip campaign; survey feature usability,191,258.0,553.0,2,2,3,223,0.0605,Low,active_day_ratio,17,North America,1,2,Organic Search
CUST-00867,Margaret,Ramirez,Margaret Ramirez,margaret.ramirez@company418.com,33,26-35,Female,United Kingdom,West Midlands,Birmingham,2026-01-15,20260115,Organic Search,churned,True,plan_starter,monthly,0.0,0.0,2.4,01-03 months,87.0,False,0.0,False,True,False,Hibernating / Lost,Automated re-engagement drip campaign; survey feature usability,229,67.0,87.0,2,1,1,211,0.9983,Critical,monthly_price,15,Europe,1,2,Organic Search
CUST-00889,Edward,Thompson,Edward Thompson,edward.thompson@company440.com,27,26-35,Male,United Kingdom,Greater London,London,2026-06-27,20260627,Paid Ads,active,False,plan_pro,monthly,179.0,2148.0,2.2,01-03 months,537.0,True,2148.0,False,True,False,About To Sleep,Automated re-engagement drip campaign; survey feature usability,66,115.0,537.0,1,1,3,113,0.2728,Medium,has_support_friction,12,Europe,1,3,Paid Ads
CUST-00900,Kimberly,White,Kimberly White,kimberly.white@company1.com,27,26-35,Female,United Kingdom,Greater London,London,2025-02-23,20250223,Referral,active,False,plan_pro,annual,179.0,2148.0,18.5,13-24 months,3580.0,False,0.0,False,False,False,Champions,Offer early access to beta features; invite to executive advisory board,555,1167.0,3580.0,4,5,5,455,0.0224,Low,total_tickets_count,12,Europe,2,5,Referral
CUST-00903,Donna,Walker,Donna Walker,donna.walker@company4.com,31,26-35,Female,France,Île-de-France,Paris,2025-04-21,20250421,Partner,churned,True,plan_pro,multi_year,0.0,0.0,12.5,13-24 months,3580.0,False,0.0,False,True,False,Champions,Offer early access to beta features; invite to executive advisory board,498,714.0,3580.0,4,5,5,455,0.7921,Critical,monthly_price,8,Europe,3,4,Partner
CUST-00904,Carol,Davis,Carol Davis,carol.davis@company5.com,66,51+,Female,Australia,New South Wales,Sydney,2024-10-24,20241024,Referral,active,False,plan_starter,annual,29.0,348.0,22.6,13-24 months,580.0,False,0.0,False,False,False,Loyal Customers,Standard ongoing account nurturing,677,763.0,580.0,5,5,3,553,0.0989,Low,avg_resolution_hours,1,Asia-Pacific,2,5,Referral
CUST-00914,Rebecca,Lopez,Rebecca Lopez,rebecca.lopez@company15.com,23,18-25,Female,Canada,Ontario,Toronto,2024-08-19,20240819,Organic Search,churned,True,plan_starter,monthly,0.0,0.0,11.3,07-12 months,348.0,False,0.0,False,True,False,Potential Loyalists,Standard ongoing account nurturing,743,335.0,348.0,5,3,2,532,0.9947,Critical,monthly_price,5,North America,1,2,Organic Search
CUST-00923,Eric,Gonzalez,Eric Gonzalez,eric.gonzalez@company24.com,55,51+,Male,United States,New York,New York,2025-05-18,20250518,Referral,churned,True,plan_pro,monthly,0.0,0.0,10.2,07-12 months,1790.0,False,0.0,False,True,False,Champions,Offer early access to beta features; invite to executive advisory board,471,563.0,1790.0,4,4,5,445,0.9628,Critical,monthly_price,21,North America,1,5,Referral
CUST-00924,Stephen,Lee,Stephen Lee,stephen.lee@company25.com,53,51+,Male,Germany,Hesse,Frankfurt,2024-08-28,20240828,Partner,active,False,plan_growth,monthly,79.0,948.0,24.5,25+ months,1975.0,True,948.0,True,False,False,Champions,Offer early access to beta features; invite to executive advisory board,734,1061.0,1975.0,5,5,5,555,0.0852,Low,recency_days,11,Europe,1,4,Partner
CUST-00936,Amanda,Hernandez,Amanda Hernandez,amanda.hernandez@company37.com,42,36-50,Female,Germany,Hesse,Frankfurt,2025-04-25,20250425,Organic Search,active,False,plan_starter,monthly,29.0,348.0,16.5,13-24 months,493.0,False,0.0,False,False,False,Potential Loyalists,Standard ongoing account nurturing,494,562.0,493.0,4,4,2,442,0.0186,Low,recency_days,11,Europe,1,2,Organic Search
CUST-00950,John,Miller,John Miller,john.miller@company51.com,43,36-50,Male,Germany,Bavaria,Munich,2025-10-05,20251005,Referral,churned,True,plan_starter,monthly,0.0,0.0,4.4,04-06 months,145.0,False,0.0,False,True,False,Promising / New Customers,Standard ongoing account nurturing,331,134.0,145.0,3,1,1,311,0.9942,Critical,monthly_price,9,Europe,1,5,Referral
CUST-00953,Robert,Ramirez,Robert Ramirez,robert.ramirez@company54.com,55,51+,Male,United States,Georgia,Atlanta,2026-06-11,20260611,Paid Ads,churned,True,plan_growth,monthly,0.0,0.0,2.7,01-03 months,237.0,False,0.0,True,False,False,Hibernating / Lost,Automated re-engagement drip campaign; survey feature usability,82,103.0,237.0,1,1,1,111,0.878,Critical,monthly_price,18,North America,1,3,Paid Ads
CUST-00968,Elizabeth,Martin,Elizabeth Martin,elizabeth.martin@company69.com,37,36-50,Female,United States,Massachusetts,Boston,2025-09-27,20250927,Organic Search,active,False,plan_growth,annual,79.0,948.0,11.3,07-12 months,790.0,False,0.0,False,False,False,Loyal Customers,Standard ongoing account nurturing,339,524.0,790.0,3,4,3,343,0.0293,Low,total_tickets_count,20,North America,2,2,Organic Search
CUST-01010,Nancy,Lee,Nancy Lee,nancy.lee@company111.com,46,36-50,Female,United States,Texas,Austin,2026-05-29,20260529,Referral,active,False,plan_starter,annual,29.0,348.0,3.2,04-06 months,290.0,True,348.0,True,True,False,Hibernating / Lost,Automated re-engagement drip campaign; survey feature usability,95,96.0,290.0,1,1,2,112,0.1817,Low,has_support_friction,22,North America,2,5,Referral
CUST-01022,Sharon,Martin,Sharon Martin,sharon.martin@company123.com,45,36-50,Female,United Kingdom,Scotland,Edinburgh,2026-07-06,20260706,Referral,active,False,plan_pro,annual,179.0,2148.0,1.9,01-03 months,1790.0,False,0.0,False,False,False,About To Sleep,Automated re-engagement drip campaign; survey feature usability,57,124.0,1790.0,1,1,5,115,0.0872,Low,high_urgency_tickets_count,14,Europe,2,5,Referral
CUST-01097,Michael,Gonzalez,Michael Gonzalez,michael.gonzalez@company198.com,29,26-35,Male,United Kingdom,North West,Manchester,2025-05-12,20250512,Paid Ads,active,False,plan_starter,annual,29.0,348.0,15.9,13-24 months,580.0,True,348.0,False,True,False,Loyal Customers,Standard ongoing account nurturing,477,542.0,580.0,4,4,3,443,0.138,Low,has_support_friction,13,Europe,2,3,Paid Ads
CUST-01126,William,Hill,William Hill,william.hill@company227.com,41,36-50,Male,Canada,Quebec,Montreal,2026-06-02,20260602,Paid Ads,active,False,plan_starter,monthly,29.0,348.0,3.0,01-03 months,116.0,False,0.0,False,False,False,Hibernating / Lost,Automated re-engagement drip campaign; survey feature usability,91,110.0,116.0,1,1,1,111,0.0213,Low,total_sessions,6,North America,1,3,Paid Ads
CUST-01128,Ryan,Brown,Ryan Brown,ryan.brown@company229.com,37,36-50,Male,United Kingdom,Greater London,London,2026-02-21,20260221,Organic Search,active,False,plan_starter,annual,29.0,348.0,6.4,07-12 months,290.0,False,0.0,False,False,False,Hibernating / Lost,Automated re-engagement drip campaign; survey feature usability,192,212.0,290.0,2,2,2,222,0.0156,Low,login_frequency_per_month,12,Europe,2,2,Organic Search
CUST-01134,Lisa,Thomas,Lisa Thomas,lisa.thomas@company235.com,21,18-25,Female,United States,Texas,Austin,2025-09-09,20250909,Paid Ads,churned,True,plan_growth,monthly,0.0,0.0,2.6,01-03 months,237.0,False,0.0,False,True,False,Promising / New Customers,Standard ongoing account nurturing,357,96.0,237.0,3,1,1,311,0.9868,Critical,monthly_price,22,North America,1,3,Paid Ads
CUST-01137,Jeffrey,Thompson,Jeffrey Thompson,jeffrey.thompson@company238.com,34,26-35,Male,United States,Washington,Seattle,2025-11-11,20251111,Partner,active,False,plan_growth,annual,79.0,948.0,9.8,07-12 months,790.0,False,0.0,False,False,False,At Risk Accounts,Immediate customer success outreach; schedule quarterly business review,294,434.0,790.0,2,3,3,233,0.0244,Low,urgent_ticket_ratio,23,North America,2,4,Partner
CUST-01180,David,Jackson,David Jackson,david.jackson@company281.com,52,51+,Male,Australia,Victoria,Melbourne,2026-06-27,20260627,Partner,active,False,plan_starter,monthly,29.0,348.0,2.2,01-03 months,87.0,False,0.0,False,False,False,Hibernating / Lost,Automated re-engagement drip campaign; survey feature usability,66,71.0,87.0,1,1,1,111,0.0264,Low,total_active_days,3,Asia-Pacific,1,4,Partner
CUST-01196,Daniel,Williams,Daniel Williams,daniel.williams@company297.com,40,36-50,Male,United States,Massachusetts,Boston,2025-05-26,20250526,Paid Ads,churned,True,plan_starter,monthly,0.0,0.0,6.1,07-12 months,174.0,False,0.0,False,True,False,Potential Loyalists,Standard ongoing account nurturing,463,175.0,174.0,4,2,1,421,0.9995,Critical,monthly_price,20,North America,1,3,Paid Ads
CUST-01207,Brandon,Lewis,Brandon Lewis,brandon.lewis@company308.com,62,51+,Male,United States,Illinois,Chicago,2025-05-23,20250523,Paid Ads,churned,True,plan_growth,monthly,0.0,0.0,4.6,04-06 months,395.0,False,0.0,False,True,False,Potential Loyalists,Standard ongoing account nurturing,466,184.0,395.0,4,2,2,422,0.9923,Critical,monthly_price,19,North America,1,3,Paid Ads
CUST-01253,Joshua,Brown,Joshua Brown,joshua.brown@company354.com,27,26-35,Male,United States,Colorado,Denver,2024-12-03,20241203,Direct,active,False,plan_pro,multi_year,179.0,2148.0,21.2,13-24 months,3580.0,False,0.0,False,False,False,Champions,Offer early access to beta features; invite to executive advisory board,637,1285.0,3580.0,5,5,5,555,0.0262,Low,urgent_ticket_ratio,17,North America,3,1,Direct
CUST-01327,Susan,Jones,Susan Jones,susan.jones@company428.com,60,51+,Female,United Kingdom,Scotland,Edinburgh,2026-06-15,20260615,Partner,churned,True,plan_pro,annual,0.0,0.0,2.6,01-03 months,1790.0,False,0.0,True,True,False,About To Sleep,Automated re-engagement drip campaign; survey feature usability,78,134.0,1790.0,1,1,5,115,0.9431,Critical,monthly_price,14,Europe,2,4,Partner
CUST-01339,Jason,Flores,Jason Flores,jason.flores@company440.com,36,36-50,Male,France,Île-de-France,Paris,2026-03-16,20260316,Social Media,active,False,plan_pro,monthly,179.0,2148.0,5.6,04-06 months,1074.0,False,0.0,False,False,False,At Risk Accounts,Immediate customer success outreach; schedule quarterly business review,169,342.0,1074.0,1,3,4,134,0.1677,Low,avg_resolution_hours,8,Europe,1,6,Social Media
CUST-01359,Karen,Garcia,Karen Garcia,karen.garcia@company10.com,36,36-50,Female,United States,Colorado,Denver,2025-10-07,20251007,Paid Ads,churned,True,plan_growth,monthly,0.0,0.0,4.3,04-06 months,395.0,False,0.0,False,True,False,Promising / New Customers,Standard ongoing account nurturing,329,178.0,395.0,3,2,2,322,0.9477,Critical,monthly_price,17,North America,1,3,Paid Ads
CUST-01361,Ronald,Clark,Ronald Clark,ronald.clark@company12.com,29,26-35,Male,United Kingdom,West Midlands,Birmingham,2025-05-20,20250520,Paid Ads,churned,True,plan_starter,monthly,0.0,0.0,3.5,04-06 months,116.0,False,0.0,False,True,False,Promising / New Customers,Standard ongoing account nurturing,469,93.0,116.0,4,1,1,411,0.9999,Critical,monthly_price,15,Europe,1,3,Paid Ads
CUST-01370,Laura,Smith,Laura Smith,laura.smith@company21.com,27,26-35,Female,United States,California,San Francisco,2024-07-29,20240729,Referral,churned,True,plan_pro,monthly,0.0,0.0,21.6,13-24 months,3938.0,False,0.0,False,True,False,Champions,Offer early access to beta features; invite to executive advisory board,764,1290.0,3938.0,5,5,5,555,0.9218,Critical,monthly_price,16,North America,1,5,Referral
CUST-01401,David,Martinez,David Martinez,david.martinez@company52.com,31,26-35,Male,United States,Illinois,Chicago,2025-01-27,20250127,Social Media,churned,True,plan_growth,monthly,0.0,0.0,9.6,07-12 months,790.0,False,0.0,False,False,False,Potential Loyalists,Standard ongoing account nurturing,582,406.0,790.0,4,3,3,433,0.879,Critical,monthly_price,19,North America,1,6,Social Media
CUST-01406,Kevin,Lee,Kevin Lee,kevin.lee@company57.com,31,26-35,Male,Australia,New South Wales,Sydney,2026-05-30,20260530,Paid Ads,active,False,plan_growth,monthly,79.0,948.0,3.1,04-06 months,316.0,True,948.0,False,True,False,Hibernating / Lost,Automated re-engagement drip campaign; survey feature usability,94,148.0,316.0,1,1,2,112,0.1492,Low,has_support_friction,1,Asia-Pacific,1,3,Paid Ads
CUST-01433,Amanda,Walker,Amanda Walker,amanda.walker@company84.com,45,36-50,Female,United Kingdom,Greater London,London,2026-07-23,20260723,Organic Search,active,False,plan_growth,annual,79.0,948.0,1.3,01-03 months,790.0,False,0.0,False,False,False,About To Sleep,Automated re-engagement drip campaign; survey feature usability,40,55.0,790.0,1,1,3,113,0.0621,Low,urgent_ticket_ratio,12,Europe,2,2,Organic Search
CUST-01436,Andrew,Moore,Andrew Moore,andrew.moore@company87.com,32,26-35,Male,France,Auvergne-Rhône-Alpes,Lyon,2025-07-17,20250717,Partner,active,False,plan_pro,monthly,179.0,2148.0,13.7,13-24 months,2506.0,False,0.0,False,False,False,Loyal Customers,Standard ongoing account nurturing,411,828.0,2506.0,3,5,5,355,0.0302,Low,urgent_ticket_ratio,7,Europe,1,4,Partner
CUST-01443,Lisa,Thompson,Lisa Thompson,lisa.thompson@company94.com,26,26-35,Female,United States,Massachusetts,Boston,2024-12-09,20241209,Paid Ads,churned,True,plan_starter,monthly,0.0,0.0,11.3,07-12 months,348.0,False,0.0,False,True,False,Potential Loyalists,Standard ongoing account nurturing,631,345.0,348.0,5,3,2,532,0.9897,Critical,monthly_price,20,North America,1,3,Paid Ads
CUST-01454,John,Anderson,John Anderson,john.anderson@company105.com,25,18-25,Male,United States,New York,New York,2026-06-17,20260617,Direct,churned,True,plan_pro,annual,0.0,0.0,2.2,01-03 months,1790.0,False,0.0,True,True,False,About To Sleep,Automated re-engagement drip campaign; survey feature usability,76,92.0,1790.0,1,1,5,115,0.9802,Critical,monthly_price,21,North America,2,1,Direct
CUST-01455,Sandra,Hernandez,Sandra Hernandez,sandra.hernandez@company106.com,21,18-25,Female,Canada,British Columbia,Vancouver,2024-11-18,20241118,Social Media,churned,True,plan_pro,monthly,0.0,0.0,7.8,07-12 months,1432.0,False,0.0,False,True,False,Potential Loyalists,Standard ongoing account nurturing,652,445.0,1432.0,5,3,4,534,0.9712,Critical,monthly_price,4,North America,1,6,Social Media
CUST-00005,Susan,Garcia,Susan Garcia,susan.garcia@company6.com,25,18-25,Female,United States,Massachusetts,Boston,2025-05-13,20250513,Referral,churned,True,plan_starter,monthly,0.0,0.0,7.5,07-12 months,232.0,False,0.0,False,True,False,Potential Loyalists,Standard ongoing account nurturing,476,235.0,232.0,4,2,1,421,0.9817,Critical,monthly_price,20,North America,1,5,Referral
CUST-00009,Margaret,Moore,Margaret Moore,margaret.moore@company10.com,35,26-35,Female,Canada,Ontario,Toronto,2025-08-22,20250822,Referral,active,False,plan_enterprise,multi_year,499.0,5988.0,12.5,13-24 months,9980.0,False,0.0,False,False,False,Loyal Customers,Standard ongoing account nurturing,375,1044.0,9980.0,3,5,5,355,0.0109,Low,avg_resolution_hours,5,North America,3,5,Referral
CUST-00010,Stephen,Thomas,Stephen Thomas,stephen.thomas@company11.com,36,36-50,Male,United States,Washington,Seattle,2025-10-19,20251019,Referral,churned,True,plan_growth,annual,0.0,0.0,6.0,04-06 months,790.0,False,0.0,False,False,False,Promising / New Customers,Standard ongoing account nurturing,317,250.0,790.0,3,2,3,323,0.7825,Critical,monthly_price,23,North America,2,5,Referral
CUST-00071,Ashley,Moore,Ashley Moore,ashley.moore@company72.com,32,26-35,Female,Australia,New South Wales,Sydney,2024-10-07,20241007,Organic Search,active,False,plan_pro,annual,179.0,2148.0,23.1,13-24 months,3580.0,False,0.0,False,False,False,Champions,Offer early access to beta features; invite to executive advisory board,694,1436.0,3580.0,5,5,5,555,0.015,Low,recency_days,1,Asia-Pacific,2,2,Organic Search
CUST-00142,Paul,Harris,Paul Harris,paul.harris@company143.com,21,18-25,Male,United Kingdom,Scotland,Edinburgh,2025-12-11,20251211,Organic Search,active,False,plan_growth,monthly,79.0,948.0,8.8,07-12 months,711.0,False,0.0,False,False,False,At Risk Accounts,Immediate customer success outreach; schedule quarterly business review,264,405.0,711.0,2,3,3,233,0.0187,Low,total_tickets_count,14,Europe,1,2,Organic Search
CUST-00271,Linda,Rodriguez,Linda Rodriguez,linda.rodriguez@company272.com,26,26-35,Female,United Kingdom,West Midlands,Birmingham,2025-07-26,20250726,Paid Ads,active,False,plan_starter,monthly,29.0,348.0,13.4,13-24 months,406.0,False,0.0,False,False,False,General Subscribers,Standard ongoing account nurturing,402,498.0,406.0,3,4,2,342,0.0255,Low,recency_days,15,Europe,1,3,Paid Ads
CUST-00286,Kimberly,Lopez,Kimberly Lopez,kimberly.lopez@company287.com,29,26-35,Female,United States,Illinois,Chicago,2025-11-01,20251101,Referral,active,False,plan_growth,monthly,79.0,948.0,10.1,07-12 months,869.0,False,0.0,False,False,False,Loyal Customers,Immediate customer success outreach; schedule quarterly business review,304,482.0,869.0,2,4,4,244,0.0489,Low,active_day_ratio,19,North America,1,5,Referral
CUST-00346,Ronald,Hernandez,Ronald Hernandez,ronald.hernandez@company347.com,27,26-35,Male,United States,Georgia,Atlanta,2024-09-30,20240930,Organic Search,active,False,plan_pro,annual,179.0,2148.0,23.4,13-24 months,3580.0,False,0.0,False,False,False,Champions,Offer early access to beta features; invite to executive advisory board,701,1481.0,3580.0,5,5,5,555,0.0139,Low,recency_days,18,North America,2,2,Organic Search
CUST-00404,Edward,Lee,Edward Lee,edward.lee@company405.com,29,26-35,Male,Germany,Hesse,Frankfurt,2025-12-02,20251202,Paid Ads,active,False,plan_pro,monthly,179.0,2148.0,9.1,07-12 months,1790.0,False,0.0,False,False,False,Loyal Customers,Immediate customer success outreach; schedule quarterly business review,273,561.0,1790.0,2,4,5,245,0.0271,Low,acquisition_channel_Paid Ads,11,Europe,1,3,Paid Ads
CUST-00414,Edward,Hernandez,Edward Hernandez,edward.hernandez@company415.com,21,18-25,Male,United States,New York,New York,2026-01-04,20260104,Organic Search,active,False,plan_starter,monthly,29.0,348.0,8.0,07-12 months,261.0,True,348.0,False,True,False,Hibernating / Lost,Automated re-engagement drip campaign; survey feature usability,240,273.0,261.0,2,2,1,221,0.133,Low,has_support_friction,21,North America,1,2,Organic Search
CUST-00476,Anna,Lee,Anna Lee,anna.lee@company27.com,48,36-50,Female,United Kingdom,Greater London,London,2025-12-08,20251208,Partner,active,False,plan_pro,annual,179.0,2148.0,8.9,07-12 months,1790.0,False,0.0,False,False,False,Loyal Customers,Immediate customer success outreach; schedule quarterly business review,267,522.0,1790.0,2,4,5,245,0.0153,Low,avg_satisfaction_score,12,Europe,2,4,Partner
CUST-00541,Anna,King,Anna King,anna.king@company92.com,32,26-35,Female,United States,Texas,Austin,2025-12-01,20251201,Paid Ads,churned,True,plan_growth,monthly,0.0,0.0,7.9,07-12 months,632.0,False,0.0,True,True,False,At Risk Accounts,Immediate customer success outreach; schedule quarterly business review,274,325.0,632.0,2,3,3,233,0.9311,Critical,monthly_price,22,North America,1,3,Paid Ads
CUST-00550,Matthew,Allen,Matthew Allen,matthew.allen@company101.com,23,18-25,Male,United Kingdom,Greater London,London,2025-05-06,20250506,Partner,active,False,plan_pro,annual,179.0,2148.0,16.1,13-24 months,3580.0,False,0.0,False,False,False,Champions,Offer early access to beta features; invite to executive advisory board,483,930.0,3580.0,4,5,5,455,0.0117,Low,recency_days,12,Europe,2,4,Partner
CUST-00551,Pamela,Torres,Pamela Torres,pamela.torres@company102.com,38,36-50,Female,Canada,Quebec,Montreal,2025-07-21,20250721,Partner,churned,True,plan_enterprise,monthly,0.0,0.0,10.7,07-12 months,5489.0,False,0.0,False,True,False,Loyal Customers,Standard ongoing account nurturing,407,846.0,5489.0,3,5,5,355,0.9325,Critical,monthly_price,6,North America,1,4,Partner
CUST-00623,Anthony,King,Anthony King,anthony.king@company174.com,35,26-35,Male,United States,Washington,Seattle,2025-11-17,20251117,Referral,churned,True,plan_growth,monthly,0.0,0.0,5.9,04-06 months,474.0,False,0.0,False,True,False,Hibernating / Lost,Automated re-engagement drip campaign; survey feature usability,288,231.0,474.0,2,2,2,222,0.9965,Critical,monthly_price,23,North America,1,5,Referral
CUST-00628,Lisa,Clark,Lisa Clark,lisa.clark@company179.com,24,18-25,Female,United Kingdom,Scotland,Edinburgh,2026-03-10,20260310,Paid Ads,churned,True,plan_starter,monthly,0.0,0.0,4.3,04-06 months,145.0,False,0.0,True,True,False,Hibernating / Lost,Automated re-engagement drip campaign; survey feature usability,175,114.0,145.0,1,1,1,111,0.9979,Critical,monthly_price,14,Europe,1,3,Paid Ads
CUST-00636,Paul,Flores,Paul Flores,paul.flores@company187.com,35,26-35,Male,Canada,Ontario,Toronto,2024-06-21,20240621,Direct,churned,True,plan_growth,annual,0.0,0.0,20.8,13-24 months,1580.0,False,0.0,False,True,False,Champions,Offer early access to beta features; invite to executive advisory board,802,911.0,1580.0,5,5,4,554,0.8679,Critical,monthly_price,5,North America,2,1,Direct
CUST-00662,Brenda,Ramirez,Brenda Ramirez,brenda.ramirez@company213.com,21,18-25,Female,United Kingdom,Scotland,Edinburgh,2025-05-31,20250531,Social Media,active,False,plan_pro,monthly,179.0,2148.0,15.3,13-24 months,2864.0,False,0.0,False,False,False,Champions,Offer early access to beta features; invite to executive advisory board,458,988.0,2864.0,4,5,5,455,0.0234,Low,active_day_ratio,14,Europe,1,6,Social Media
CUST-00681,Nicole,Martinez,Nicole Martinez,nicole.martinez@company232.com,36,36-50,Female,United States,Texas,Austin,2025-08-19,20250819,Paid Ads,churned,True,plan_starter,monthly,0.0,0.0,6.1,07-12 months,203.0,False,0.0,False,True,False,Promising / New Customers,Standard ongoing account nurturing,378,166.0,203.0,3,2,1,321,0.997,Critical,monthly_price,22,North America,1,3,Paid Ads
CUST-00728,John,Thompson,John Thompson,john.thompson@company279.com,55,51+,Male,United States,Illinois,Chicago,2024-10-26,20241026,Organic Search,churned,True,plan_starter,annual,0.0,0.0,14.1,13-24 months,580.0,False,0.0,False,True,False,Potential Loyalists,Standard ongoing account nurturing,675,469.0,580.0,5,3,3,533,0.984,Critical,monthly_price,19,North America,2,2,Organic Search
CUST-00797,Ashley,Flores,Ashley Flores,ashley.flores@company348.com,21,18-25,Female,United States,Georgia,Atlanta,2026-02-01,20260201,Paid Ads,active,False,plan_starter,monthly,29.0,348.0,7.1,07-12 months,232.0,False,0.0,False,False,False,Hibernating / Lost,Automated re-engagement drip campaign; survey feature usability,212,253.0,232.0,2,2,1,221,0.1176,Low,urgent_ticket_ratio,18,North America,1,3,Paid Ads
CUST-00859,Nancy,Johnson,Nancy Johnson,nancy.johnson@company410.com,51,51+,Female,United States,California,San Francisco,2026-02-11,20260211,Organic Search,churned,True,plan_pro,monthly,0.0,0.0,5.9,04-06 months,1074.0,False,0.0,True,True,False,At Risk Accounts,Immediate customer success outreach; schedule quarterly business review,202,318.0,1074.0,2,3,4,234,0.998,Critical,monthly_price,16,North America,1,2,Organic Search
CUST-00868,Stephen,Lopez,Stephen Lopez,stephen.lopez@company419.com,32,26-35,Male,United States,New York,New York,2024-09-22,20240922,Organic Search,churned,True,plan_enterprise,monthly,0.0,0.0,22.1,13-24 months,11477.0,False,0.0,True,True,False,Champions,Offer early access to beta features; invite to executive advisory board,709,1772.0,11477.0,5,5,5,555,0.9168,Critical,monthly_price,21,North America,1,2,Organic Search
CUST-00894,Laura,Johnson,Laura Johnson,laura.johnson@company445.com,36,36-50,Female,United States,Washington,Seattle,2025-04-07,20250407,Social Media,churned,True,plan_growth,monthly,0.0,0.0,2.2,01-03 months,158.0,False,0.0,False,True,False,Promising / New Customers,Standard ongoing account nurturing,512,95.0,158.0,4,1,1,411,0.9911,Critical,monthly_price,23,North America,1,6,Social Media
CUST-00961,Joshua,Davis,Joshua Davis,joshua.davis@company62.com,25,18-25,Male,United States,Massachusetts,Boston,2024-10-28,20241028,Organic Search,churned,True,plan_growth,annual,0.0,0.0,7.2,07-12 months,790.0,False,0.0,False,True,False,Potential Loyalists,Standard ongoing account nurturing,673,292.0,790.0,5,3,3,533,0.9966,Critical,monthly_price,20,North America,2,2,Organic Search
CUST-00966,Kenneth,Taylor,Kenneth Taylor,kenneth.taylor@company67.com,23,18-25,Male,France,Auvergne-Rhône-Alpes,Lyon,2025-07-24,20250724,Social Media,active,False,plan_growth,monthly,79.0,948.0,13.5,13-24 months,1106.0,False,0.0,False,False,False,Loyal Customers,Standard ongoing account nurturing,404,602.0,1106.0,3,4,4,344,0.0183,Low,avg_satisfaction_score,7,Europe,1,6,Social Media
CUST-00973,Emily,Jackson,Emily Jackson,emily.jackson@company74.com,43,36-50,Female,United States,Washington,Seattle,2025-12-09,20251209,Paid Ads,churned,True,plan_growth,monthly,0.0,0.0,7.4,07-12 months,632.0,False,0.0,True,True,False,About To Sleep,Automated re-engagement drip campaign; survey feature usability,266,285.0,632.0,2,2,3,223,0.9977,Critical,monthly_price,23,North America,1,3,Paid Ads
CUST-01018,Nicole,Smith,Nicole Smith,nicole.smith@company119.com,35,26-35,Female,United States,Georgia,Atlanta,2026-05-11,20260511,Paid Ads,active,False,plan_starter,monthly,29.0,348.0,3.8,04-06 months,116.0,False,0.0,False,False,False,Hibernating / Lost,Automated re-engagement drip campaign; survey feature usability,113,119.0,116.0,1,1,1,111,0.2112,Low,avg_resolution_hours,18,North America,1,3,Paid Ads
CUST-01101,Edward,Wright,Edward Wright,edward.wright@company202.com,54,51+,Male,Germany,Hesse,Frankfurt,2025-01-29,20250129,Direct,active,False,plan_growth,annual,79.0,948.0,19.3,13-24 months,1580.0,False,0.0,False,False,False,Champions,Offer early access to beta features; invite to executive advisory board,580,859.0,1580.0,4,5,4,454,0.0306,Low,avg_resolution_hours,11,Europe,2,1,Direct
CUST-01122,Betty,Perez,Betty Perez,betty.perez@company223.com,28,26-35,Female,United Kingdom,Greater London,London,2026-02-23,20260223,Direct,churned,True,plan_pro,annual,0.0,0.0,4.5,04-06 months,1790.0,False,0.0,False,True,False,About To Sleep,Automated re-engagement drip campaign; survey feature usability,190,276.0,1790.0,2,2,4,224,0.9539,Critical,monthly_price,12,Europe,2,1,Direct
CUST-01154,Kathleen,Moore,Kathleen Moore,kathleen.moore@company255.com,23,18-25,Female,United Kingdom,Greater London,London,2025-04-06,20250406,Organic Search,active,False,plan_starter,monthly,29.0,348.0,17.1,13-24 months,522.0,False,0.0,False,False,False,Potential Loyalists,Standard ongoing account nurturing,513,568.0,522.0,4,4,2,442,0.0204,Low,recency_days,12,Europe,1,2,Organic Search
CUST-01167,Anna,Johnson,Anna Johnson,anna.johnson@company268.com,41,36-50,Female,United Kingdom,North West,Manchester,2026-02-06,20260206,Paid Ads,churned,True,plan_starter,monthly,0.0,0.0,2.4,01-03 months,87.0,False,0.0,False,True,False,Hibernating / Lost,Automated re-engagement drip campaign; survey feature usability,207,59.0,87.0,2,1,1,211,0.9253,Critical,monthly_price,13,Europe,1,3,Paid Ads
CUST-01169,Dorothy,Nguyen,Dorothy Nguyen,dorothy.nguyen@company270.com,37,36-50,Female,Germany,Berlin,Berlin,2024-11-06,20241106,Organic Search,churned,True,plan_pro,annual,0.0,0.0,14.4,13-24 months,3580.0,False,0.0,False,True,False,Champions,Offer early access to beta features; invite to executive advisory board,664,883.0,3580.0,5,5,5,555,0.9526,Critical,monthly_price,10,Europe,2,2,Organic Search
CUST-01204,Eric,Nguyen,Eric Nguyen,eric.nguyen@company305.com,47,36-50,Male,United States,California,San Francisco,2024-12-20,20241220,Referral,churned,True,plan_starter,annual,0.0,0.0,4.9,04-06 months,290.0,False,0.0,False,True,False,Promising / New Customers,Standard ongoing account nurturing,620,148.0,290.0,5,1,1,511,0.9843,Critical,monthly_price,16,North America,2,5,Referral
CUST-01225,James,Davis,James Davis,james.davis@company326.com,43,36-50,Male,United Kingdom,West Midlands,Birmingham,2025-05-08,20250508,Paid Ads,active,False,plan_growth,monthly,79.0,948.0,16.0,13-24 months,1343.0,False,0.0,False,False,False,Champions,Offer early access to beta features; invite to executive advisory board,481,713.0,1343.0,4,5,4,454,0.0155,Low,avg_resolution_hours,15,Europe,1,3,Paid Ads
CUST-01273,Timothy,Scott,Timothy Scott,timothy.scott@company374.com,52,51+,Male,Germany,Hesse,Frankfurt,2026-04-13,20260413,Paid Ads,active,False,plan_growth,monthly,79.0,948.0,4.7,04-06 months,395.0,True,948.0,False,True,False,Hibernating / Lost,Automated re-engagement drip campaign; survey feature usability,141,220.0,395.0,1,2,2,122,0.1548,Low,has_support_friction,11,Europe,1,3,Paid Ads
CUST-01292,Brandon,Clark,Brandon Clark,brandon.clark@company393.com,50,36-50,Male,United States,Massachusetts,Boston,2025-06-26,20250626,Partner,active,False,plan_starter,monthly,29.0,348.0,14.4,13-24 months,435.0,False,0.0,False,False,False,General Subscribers,Standard ongoing account nurturing,432,486.0,435.0,3,4,2,342,0.0166,Low,recency_days,20,North America,1,4,Partner
CUST-01311,Anna,Young,Anna Young,anna.young@company412.com,39,36-50,Female,Canada,British Columbia,Vancouver,2024-07-29,20240729,Partner,churned,True,plan_enterprise,monthly,0.0,0.0,16.5,13-24 months,8483.0,False,0.0,False,True,False,Champions,Offer early access to beta features; invite to executive advisory board,764,1311.0,8483.0,5,5,5,555,0.9172,Critical,monthly_price,4,North America,1,4,Partner
CUST-01342,Scott,Sanchez,Scott Sanchez,scott.sanchez@company443.com,33,26-35,Male,United States,Colorado,Denver,2025-01-15,20250115,Paid Ads,active,False,plan_pro,monthly,179.0,2148.0,19.8,13-24 months,3580.0,False,0.0,False,False,False,Champions,Offer early access to beta features; invite to executive advisory board,594,1222.0,3580.0,5,5,5,555,0.0221,Low,recency_days,17,North America,1,3,Paid Ads
CUST-01374,Emma,Brown,Emma Brown,emma.brown@company25.com,21,18-25,Female,United States,New York,New York,2025-04-25,20250425,Social Media,active,False,plan_enterprise,monthly,499.0,5988.0,16.5,13-24 months,8483.0,False,0.0,False,False,False,Champions,Offer early access to beta features; invite to executive advisory board,494,1372.0,8483.0,4,5,5,455,0.012,Low,recency_days,21,North America,1,6,Social Media
CUST-01387,Susan,Smith,Susan Smith,susan.smith@company38.com,34,26-35,Female,Australia,Queensland,Brisbane,2026-03-15,20260315,Social Media,active,False,plan_growth,monthly,79.0,948.0,5.7,04-06 months,474.0,False,0.0,False,False,False,Hibernating / Lost,Automated re-engagement drip campaign; survey feature usability,170,250.0,474.0,1,2,2,122,0.0246,Low,total_active_days,2,Asia-Pacific,1,6,Social Media
CUST-01389,Brenda,White,Brenda White,brenda.white@company40.com,22,18-25,Female,United States,Georgia,Atlanta,2024-05-24,20240524,Organic Search,churned,True,plan_pro,annual,0.0,0.0,2.2,01-03 months,1790.0,False,0.0,False,True,False,Promising / New Customers,Standard ongoing account nurturing,830,98.0,1790.0,5,1,5,515,0.9953,Critical,monthly_price,18,North America,2,2,Organic Search
CUST-01444,Jessica,Smith,Jessica Smith,jessica.smith@company95.com,36,36-50,Female,United States,Massachusetts,Boston,2025-06-11,20250611,Organic Search,churned,True,plan_starter,monthly,0.0,0.0,1.4,01-03 months,58.0,False,0.0,False,True,False,Promising / New Customers,Standard ongoing account nurturing,447,23.0,58.0,4,1,1,411,0.9825,Critical,monthly_price,20,North America,1,2,Organic Search
CUST-01445,Sandra,Scott,Sandra Scott,sandra.scott@company96.com,21,18-25,Female,United States,Washington,Seattle,2025-07-23,20250723,Paid Ads,churned,True,plan_growth,monthly,0.0,0.0,10.3,07-12 months,869.0,False,0.0,False,True,False,Loyal Customers,Standard ongoing account nurturing,405,482.0,869.0,3,4,4,344,0.9765,Critical,monthly_price,23,North America,1,3,Paid Ads
CUST-01468,Lisa,Moore,Lisa Moore,lisa.moore@company119.com,27,26-35,Female,United Kingdom,West Midlands,Birmingham,2025-06-13,20250613,Paid Ads,active,False,plan_starter,monthly,29.0,348.0,14.8,13-24 months,435.0,False,0.0,False,False,False,Potential Loyalists,Standard ongoing account nurturing,445,517.0,435.0,4,4,2,442,0.0698,Low,active_day_ratio,15,Europe,1,3,Paid Ads
CUST-00072,Ronald,Martinez,Ronald Martinez,ronald.martinez@company73.com,54,51+,Male,United States,Colorado,Denver,2026-01-04,20260104,Paid Ads,active,False,plan_starter,monthly,29.0,348.0,8.0,07-12 months,261.0,True,348.0,False,True,False,General Subscribers,Standard ongoing account nurturing,240,291.0,261.0,2,3,1,231,0.1744,Low,has_support_friction,17,North America,1,3,Paid Ads
CUST-00150,Jacob,White,Jacob White,jacob.white@company151.com,43,36-50,Male,United Kingdom,West Midlands,Birmingham,2025-06-24,20250624,Social Media,churned,True,plan_pro,monthly,0.0,0.0,7.4,07-12 months,1432.0,False,0.0,False,True,False,General Subscribers,Standard ongoing account nurturing,434,433.0,1432.0,3,3,4,334,0.9272,Critical,monthly_price,15,Europe,1,6,Social Media
CUST-00196,Ryan,Miller,Ryan Miller,ryan.miller@company197.com,52,51+,Male,Germany,Hesse,Frankfurt,2025-05-18,20250518,Organic Search,active,False,plan_growth,annual,79.0,948.0,15.7,13-24 months,1580.0,False,0.0,False,False,False,Champions,Offer early access to beta features; invite to executive advisory board,471,689.0,1580.0,4,4,4,444,0.111,Low,avg_resolution_hours,11,Europe,2,2,Organic Search
CUST-00313,Anna,King,Anna King,anna.king@company314.com,34,26-35,Female,United States,Washington,Seattle,2026-02-18,20260218,Paid Ads,active,False,plan_starter,monthly,29.0,348.0,6.5,07-12 months,203.0,True,348.0,False,True,False,Hibernating / Lost,Automated re-engagement drip campaign; survey feature usability,195,195.0,203.0,2,2,1,221,0.3346,Medium,has_support_friction,23,North America,1,3,Paid Ads
CUST-00330,Stephanie,Garcia,Stephanie Garcia,stephanie.garcia@company331.com,31,26-35,Female,United States,Washington,Seattle,2024-05-20,20240520,Direct,churned,True,plan_growth,annual,0.0,0.0,5.7,04-06 months,790.0,False,0.0,False,True,False,Potential Loyalists,Standard ongoing account nurturing,834,223.0,790.0,5,2,4,524,0.8924,Critical,monthly_price,23,North America,2,1,Direct
CUST-00349,Carol,Flores,Carol Flores,carol.flores@company350.com,25,18-25,Female,Germany,Bavaria,Munich,2025-11-28,20251128,Paid Ads,churned,True,plan_pro,monthly,0.0,0.0,5.3,04-06 months,1074.0,False,0.0,False,True,False,About To Sleep,Automated re-engagement drip campaign; survey feature usability,277,262.0,1074.0,2,2,4,224,0.9933,Critical,monthly_price,9,Europe,1,3,Paid Ads
CUST-00415,Robert,Smith,Robert Smith,robert.smith@company416.com,24,18-25,Male,United States,Colorado,Denver,2024-12-31,20241231,Direct,churned,True,plan_pro,annual,0.0,0.0,4.9,04-06 months,1790.0,False,0.0,False,True,False,Potential Loyalists,Standard ongoing account nurturing,609,272.0,1790.0,5,2,4,524,0.997,Critical,monthly_price,17,North America,2,1,Direct
CUST-00425,Robert,Anderson,Robert Anderson,robert.anderson@company426.com,42,36-50,Male,United Kingdom,Scotland,Edinburgh,2025-09-24,20250924,Paid Ads,churned,True,plan_growth,monthly,0.0,0.0,7.4,07-12 months,632.0,False,0.0,False,True,False,Promising / New Customers,Standard ongoing account nurturing,342,280.0,632.0,3,2,3,323,0.9156,Critical,monthly_price,14,Europe,1,3,Paid Ads
CUST-00462,Nancy,Hill,Nancy Hill,nancy.hill@company13.com,47,36-50,Female,United States,New York,New York,2025-12-17,20251217,Paid Ads,churned,True,plan_pro,monthly,0.0,0.0,2.5,01-03 months,537.0,False,0.0,False,True,False,About To Sleep,Automated re-engagement drip campaign; survey feature usability,258,121.0,537.0,2,1,3,213,0.9843,Critical,monthly_price,21,North America,1,3,Paid Ads
CUST-00555,Benjamin,Scott,Benjamin Scott,benjamin.scott@company106.com,48,36-50,Male,Canada,Quebec,Montreal,2026-01-13,20260113,Paid Ads,active,False,plan_growth,monthly,79.0,948.0,7.7,07-12 months,632.0,False,0.0,False,False,False,At Risk Accounts,Immediate customer success outreach; schedule quarterly business review,231,355.0,632.0,2,3,3,233,0.0205,Low,tenure_months,6,North America,1,3,Paid Ads
CUST-00600,Mark,Clark,Mark Clark,mark.clark@company151.com,36,36-50,Male,Canada,British Columbia,Vancouver,2025-09-27,20250927,Referral,active,False,plan_growth,annual,79.0,948.0,11.3,07-12 months,790.0,False,0.0,False,False,False,Loyal Customers,Standard ongoing account nurturing,339,501.0,790.0,3,4,4,344,0.063,Low,urgent_ticket_ratio,4,North America,2,5,Referral
CUST-00670,Emma,Lewis,Emma Lewis,emma.lewis@company221.com,31,26-35,Female,United Kingdom,North West,Manchester,2025-08-30,20250830,Paid Ads,active,False,plan_growth,monthly,79.0,948.0,12.2,13-24 months,1027.0,False,0.0,False,False,False,Loyal Customers,Standard ongoing account nurturing,367,528.0,1027.0,3,4,4,344,0.0115,Low,contract_type_annual,13,Europe,1,3,Paid Ads
CUST-00788,William,Martin,William Martin,william.martin@company339.com,48,36-50,Male,United States,Georgia,Atlanta,2025-03-17,20250317,Organic Search,active,False,plan_enterprise,monthly,499.0,5988.0,17.8,13-24 months,8982.0,True,5988.0,False,True,False,Champions,Offer early access to beta features; invite to executive advisory board,533,1484.0,8982.0,4,5,5,455,0.1895,Low,has_support_friction,18,North America,1,2,Organic Search
CUST-00851,Jonathan,Robinson,Jonathan Robinson,jonathan.robinson@company402.com,56,51+,Male,Australia,Queensland,Brisbane,2026-06-30,20260630,Organic Search,active,False,plan_enterprise,annual,499.0,5988.0,2.1,01-03 months,4990.0,False,0.0,False,False,False,About To Sleep,Automated re-engagement drip campaign; survey feature usability,63,198.0,4990.0,1,2,5,125,0.0331,Low,high_urgency_tickets_count,2,Asia-Pacific,2,2,Organic Search
CUST-00907,Betty,Johnson,Betty Johnson,betty.johnson@company8.com,30,26-35,Female,Germany,Hesse,Frankfurt,2026-03-24,20260324,Referral,active,False,plan_starter,monthly,29.0,348.0,5.4,04-06 months,174.0,True,348.0,False,True,False,Hibernating / Lost,Automated re-engagement drip campaign; survey feature usability,161,181.0,174.0,1,2,1,121,0.2527,Medium,has_support_friction,11,Europe,1,5,Referral
CUST-00944,Gary,White,Gary White,gary.white@company45.com,38,36-50,Male,France,Auvergne-Rhône-Alpes,Lyon,2025-12-30,20251230,Referral,active,False,plan_pro,monthly,179.0,2148.0,8.2,07-12 months,1611.0,False,0.0,False,False,False,Loyal Customers,Immediate customer success outreach; schedule quarterly business review,245,520.0,1611.0,2,4,4,244,0.0704,Low,avg_resolution_hours,7,Europe,1,5,Referral
CUST-01001,Ashley,Flores,Ashley Flores,ashley.flores@company102.com,32,26-35,Female,United States,Georgia,Atlanta,2025-05-27,20250527,Organic Search,active,False,plan_growth,annual,79.0,948.0,15.4,13-24 months,1580.0,False,0.0,False,False,False,Champions,Offer early access to beta features; invite to executive advisory board,462,725.0,1580.0,4,5,4,454,0.0363,Low,urgent_ticket_ratio,18,North America,2,2,Organic Search
CUST-01158,Sharon,Clark,Sharon Clark,sharon.clark@company259.com,23,18-25,Female,United States,Illinois,Chicago,2025-04-10,20250410,Paid Ads,churned,True,plan_starter,monthly,0.0,0.0,4.6,04-06 months,145.0,False,0.0,False,False,False,Promising / New Customers,Standard ongoing account nurturing,509,129.0,145.0,4,1,1,411,0.9637,Critical,monthly_price,19,North America,1,3,Paid Ads
CUST-01473,Joseph,Brown,Joseph Brown,joseph.brown@company124.com,46,36-50,Male,United Kingdom,North West,Manchester,2024-10-26,20241026,Organic Search,active,False,plan_growth,annual,79.0,948.0,22.5,13-24 months,1580.0,False,0.0,False,False,False,Champions,Offer early access to beta features; invite to executive advisory board,675,969.0,1580.0,5,5,4,554,0.0099,Low,recency_days,13,Europe,2,2,Organic Search
CUST-00076,Amy,Johnson,Amy Johnson,amy.johnson@company77.com,32,26-35,Female,United Kingdom,West Midlands,Birmingham,2025-05-04,20250504,Partner,churned,True,plan_starter,monthly,0.0,0.0,4.5,04-06 months,145.0,False,0.0,False,False,False,Promising / New Customers,Standard ongoing account nurturing,485,130.0,145.0,4,1,1,411,0.9412,Critical,monthly_price,15,Europe,1,4,Partner
CUST-00077,Sarah,Flores,Sarah Flores,sarah.flores@company78.com,22,18-25,Female,Australia,Queensland,Brisbane,2025-05-23,20250523,Referral,active,False,plan_starter,monthly,29.0,348.0,15.5,13-24 months,464.0,False,0.0,False,False,False,Potential Loyalists,Standard ongoing account nurturing,466,533.0,464.0,4,4,2,442,0.0182,Low,avg_resolution_hours,2,Asia-Pacific,1,5,Referral
CUST-00092,Nicholas,Wilson,Nicholas Wilson,nicholas.wilson@company93.com,21,18-25,Male,United States,Illinois,Chicago,2025-06-16,20250616,Social Media,churned,True,plan_growth,monthly,0.0,0.0,14.2,13-24 months,1185.0,False,0.0,True,True,False,Champions,Offer early access to beta features; invite to executive advisory board,442,616.0,1185.0,4,4,4,444,0.8939,Critical,monthly_price,19,North America,1,6,Social Media
CUST-00277,Kathleen,Wilson,Kathleen Wilson,kathleen.wilson@company278.com,35,26-35,Female,United Kingdom,Scotland,Edinburgh,2026-02-16,20260216,Organic Search,active,False,plan_starter,annual,29.0,348.0,6.6,07-12 months,290.0,False,0.0,False,False,False,Hibernating / Lost,Automated re-engagement drip campaign; survey feature usability,197,219.0,290.0,2,2,1,221,0.0178,Low,login_frequency_per_month,14,Europe,2,2,Organic Search
CUST-00312,Joshua,Martinez,Joshua Martinez,joshua.martinez@company313.com,49,36-50,Male,Australia,Queensland,Brisbane,2026-05-03,20260503,Paid Ads,churned,True,plan_starter,annual,0.0,0.0,2.8,01-03 months,290.0,False,0.0,True,False,False,Hibernating / Lost,Automated re-engagement drip campaign; survey feature usability,121,70.0,290.0,1,1,2,112,0.7755,Critical,monthly_price,2,Asia-Pacific,2,3,Paid Ads
CUST-00315,Nicole,Hill,Nicole Hill,nicole.hill@company316.com,37,36-50,Female,United States,Washington,Seattle,2025-04-11,20250411,Paid Ads,churned,True,plan_starter,monthly,0.0,0.0,11.1,07-12 months,348.0,False,0.0,False,True,False,Potential Loyalists,Standard ongoing account nurturing,508,355.0,348.0,4,3,2,432,0.9929,Critical,monthly_price,23,North America,1,3,Paid Ads
CUST-00369,Emma,Lopez,Emma Lopez,emma.lopez@company370.com,38,36-50,Female,Canada,British Columbia,Vancouver,2025-03-09,20250309,Social Media,churned,True,plan_starter,monthly,0.0,0.0,15.6,13-24 months,464.0,False,0.0,False,True,False,Potential Loyalists,Standard ongoing account nurturing,541,554.0,464.0,4,4,2,442,0.994,Critical,monthly_price,4,North America,1,6,Social Media
CUST-00376,Sandra,Wright,Sandra Wright,sandra.wright@company377.com,41,36-50,Female,Germany,Hesse,Frankfurt,2026-03-15,20260315,Partner,active,False,plan_starter,monthly,29.0,348.0,5.7,04-06 months,174.0,False,0.0,False,False,False,Hibernating / Lost,Automated re-engagement drip campaign; survey feature usability,170,191.0,174.0,1,2,1,121,0.0764,Low,high_urgency_tickets_count,11,Europe,1,4,Partner
CUST-00547,Rebecca,Hill,Rebecca Hill,rebecca.hill@company98.com,43,36-50,Female,Canada,British Columbia,Vancouver,2024-09-01,20240901,Paid Ads,active,False,plan_growth,monthly,79.0,948.0,24.3,25+ months,1975.0,False,0.0,False,False,False,Champions,Offer early access to beta features; invite to executive advisory board,730,1149.0,1975.0,5,5,5,555,0.0734,Low,recency_days,4,North America,1,3,Paid Ads
CUST-00574,Scott,Williams,Scott Williams,scott.williams@company125.com,43,36-50,Male,United States,New York,New York,2025-10-23,20251023,Organic Search,churned,True,plan_starter,monthly,0.0,0.0,1.7,01-03 months,58.0,False,0.0,False,True,False,Promising / New Customers,Standard ongoing account nurturing,313,47.0,58.0,3,1,1,311,0.9999,Critical,monthly_price,21,North America,1,2,Organic Search
CUST-00626,David,Scott,David Scott,david.scott@company177.com,23,18-25,Male,Germany,Hesse,Frankfurt,2026-05-05,20260505,Paid Ads,churned,True,plan_pro,monthly,0.0,0.0,2.3,01-03 months,537.0,False,0.0,True,True,False,About To Sleep,Automated re-engagement drip campaign; survey feature usability,119,99.0,537.0,1,1,3,113,0.9867,Critical,monthly_price,11,Europe,1,3,Paid Ads
CUST-00667,Stephanie,Thomas,Stephanie Thomas,stephanie.thomas@company218.com,29,26-35,Female,Canada,British Columbia,Vancouver,2026-01-19,20260119,Social Media,active,False,plan_growth,annual,79.0,948.0,7.5,07-12 months,790.0,False,0.0,False,False,False,At Risk Accounts,Immediate customer success outreach; schedule quarterly business review,225,305.0,790.0,2,3,3,233,0.0375,Low,active_day_ratio,4,North America,2,6,Social Media
CUST-00754,Brian,Torres,Brian Torres,brian.torres@company305.com,54,51+,Male,Germany,Berlin,Berlin,2024-07-14,20240714,Social Media,active,False,plan_starter,monthly,29.0,348.0,26.0,25+ months,754.0,True,348.0,False,True,False,Loyal Customers,Standard ongoing account nurturing,779,858.0,754.0,5,5,3,553,0.3229,Medium,has_support_friction,10,Europe,1,6,Social Media
CUST-00901,Karen,White,Karen White,karen.white@company2.com,21,18-25,Female,France,Auvergne-Rhône-Alpes,Lyon,2025-07-12,20250712,Organic Search,active,False,plan_pro,monthly,179.0,2148.0,13.9,13-24 months,2506.0,True,2148.0,False,True,False,Loyal Customers,Standard ongoing account nurturing,416,873.0,2506.0,3,5,5,355,0.1676,Low,has_support_friction,7,Europe,1,2,Organic Search
CUST-00995,Larry,Flores,Larry Flores,larry.flores@company96.com,43,36-50,Male,Australia,Victoria,Melbourne,2026-03-11,20260311,Organic Search,churned,True,plan_growth,monthly,0.0,0.0,5.2,04-06 months,474.0,False,0.0,True,True,False,Hibernating / Lost,Automated re-engagement drip campaign; survey feature usability,174,193.0,474.0,1,2,2,122,0.9665,Critical,monthly_price,3,Asia-Pacific,1,2,Organic Search
CUST-01062,Stephanie,Hernandez,Stephanie Hernandez,stephanie.hernandez@company163.com,27,26-35,Female,United States,California,San Francisco,2026-06-26,20260626,Referral,active,False,plan_starter,monthly,29.0,348.0,2.2,01-03 months,87.0,False,0.0,False,False,False,Hibernating / Lost,Automated re-engagement drip campaign; survey feature usability,67,77.0,87.0,1,1,1,111,0.0535,Low,avg_resolution_hours,16,North America,1,5,Referral
CUST-01112,Joseph,Robinson,Joseph Robinson,joseph.robinson@company213.com,37,36-50,Male,United States,California,San Francisco,2025-11-24,20251124,Organic Search,active,False,plan_growth,monthly,79.0,948.0,9.4,07-12 months,790.0,False,0.0,False,False,False,At Risk Accounts,Immediate customer success outreach; schedule quarterly business review,281,404.0,790.0,2,3,3,233,0.0157,Low,contract_type_annual,16,North America,1,2,Organic Search
CUST-01308,Ryan,Lewis,Ryan Lewis,ryan.lewis@company409.com,25,18-25,Male,United States,Colorado,Denver,2025-12-11,20251211,Organic Search,churned,True,plan_growth,monthly,0.0,0.0,5.9,04-06 months,474.0,False,0.0,False,True,False,Hibernating / Lost,Automated re-engagement drip campaign; survey feature usability,264,244.0,474.0,2,2,2,222,0.9679,Critical,monthly_price,17,North America,1,2,Organic Search
CUST-01373,Andrew,Garcia,Andrew Garcia,andrew.garcia@company24.com,27,26-35,Male,France,Île-de-France,Paris,2026-06-01,20260601,Partner,active,False,plan_pro,annual,179.0,2148.0,3.1,04-06 months,1790.0,False,0.0,False,False,False,About To Sleep,Automated re-engagement drip campaign; survey feature usability,92,175.0,1790.0,1,2,5,125,0.0338,Low,urgent_ticket_ratio,8,Europe,2,4,Partner
CUST-01375,Kathleen,Lee,Kathleen Lee,kathleen.lee@company26.com,43,36-50,Female,United States,Colorado,Denver,2026-02-04,20260204,Organic Search,active,False,plan_pro,annual,179.0,2148.0,7.0,07-12 months,1790.0,False,0.0,False,False,False,At Risk Accounts,Immediate customer success outreach; schedule quarterly business review,209,385.0,1790.0,2,3,5,235,0.0354,Low,active_day_ratio,17,North America,2,2,Organic Search
CUST-00067,Matthew,King,Matthew King,matthew.king@company68.com,35,26-35,Male,United Kingdom,Greater London,London,2026-07-02,20260702,Paid Ads,active,False,plan_starter,monthly,29.0,348.0,2.0,01-03 months,87.0,False,0.0,False,False,False,Hibernating / Lost,Automated re-engagement drip campaign; survey feature usability,61,61.0,87.0,1,1,1,111,0.0401,Low,session_frequency_per_month,12,Europe,1,3,Paid Ads
CUST-00095,David,Jackson,David Jackson,david.jackson@company96.com,29,26-35,Male,Canada,British Columbia,Vancouver,2025-05-06,20250506,Referral,active,False,plan_growth,monthly,79.0,948.0,16.1,13-24 months,1343.0,False,0.0,False,False,False,Champions,Offer early access to beta features; invite to executive advisory board,483,746.0,1343.0,4,5,4,454,0.008,Low,avg_satisfaction_score,4,North America,1,5,Referral
CUST-00149,Timothy,Scott,Timothy Scott,timothy.scott@company150.com,38,36-50,Male,Germany,Berlin,Berlin,2024-06-15,20240615,Organic Search,active,False,plan_enterprise,monthly,499.0,5988.0,26.9,25+ months,13473.0,False,0.0,False,False,False,Champions,Offer early access to beta features; invite to executive advisory board,808,2228.0,13473.0,5,5,5,555,0.1057,Low,recency_days,10,Europe,1,2,Organic Search
CUST-00247,Sarah,Martin,Sarah Martin,sarah.martin@company248.com,54,51+,Female,United States,Texas,Austin,2024-10-25,20241025,Referral,active,False,plan_growth,monthly,79.0,948.0,22.5,13-24 months,1817.0,False,0.0,False,False,False,Champions,Offer early access to beta features; invite to executive advisory board,676,979.0,1817.0,5,5,5,555,0.0338,Low,recency_days,22,North America,1,5,Referral
CUST-00252,Daniel,Lewis,Daniel Lewis,daniel.lewis@company253.com,37,36-50,Male,United States,Massachusetts,Boston,2025-08-25,20250825,Referral,active,False,plan_growth,monthly,79.0,948.0,12.4,13-24 months,1027.0,False,0.0,False,False,False,Loyal Customers,Standard ongoing account nurturing,372,566.0,1027.0,3,4,4,344,0.0152,Low,avg_satisfaction_score,20,North America,1,5,Referral
CUST-00413,Steven,Torres,Steven Torres,steven.torres@company414.com,39,36-50,Male,United States,Massachusetts,Boston,2025-11-16,20251116,Organic Search,active,False,plan_growth,annual,79.0,948.0,9.6,07-12 months,790.0,False,0.0,False,False,False,At Risk Accounts,Immediate customer success outreach; schedule quarterly business review,289,436.0,790.0,2,3,3,233,0.0139,Low,avg_satisfaction_score,20,North America,2,2,Organic Search
CUST-00478,Kenneth,Wright,Kenneth Wright,kenneth.wright@company29.com,56,51+,Male,Australia,Victoria,Melbourne,2025-09-11,20250911,Paid Ads,churned,True,plan_growth,annual,0.0,0.0,2.9,01-03 months,790.0,False,0.0,False,False,False,Promising / New Customers,Standard ongoing account nurturing,355,110.0,790.0,3,1,3,313,0.8276,Critical,monthly_price,3,Asia-Pacific,2,3,Paid Ads
CUST-00479,Brenda,Hill,Brenda Hill,brenda.hill@company30.com,38,36-50,Female,United States,Colorado,Denver,2026-06-18,20260618,Organic Search,active,False,plan_starter,monthly,29.0,348.0,2.5,01-03 months,87.0,False,0.0,False,False,False,Hibernating / Lost,Automated re-engagement drip campaign; survey feature usability,75,79.0,87.0,1,1,1,111,0.1054,Low,active_day_ratio,17,North America,1,2,Organic Search
CUST-00504,Linda,Martinez,Linda Martinez,linda.martinez@company55.com,25,18-25,Female,United States,Colorado,Denver,2025-11-02,20251102,Direct,churned,True,plan_growth,monthly,0.0,0.0,3.4,04-06 months,316.0,False,0.0,False,False,False,Hibernating / Lost,Automated re-engagement drip campaign; survey feature usability,303,129.0,316.0,2,1,2,212,0.8246,Critical,monthly_price,17,North America,1,1,Direct
CUST-00552,Sharon,Smith,Sharon Smith,sharon.smith@company103.com,26,26-35,Female,United States,Texas,Austin,2026-01-23,20260123,Organic Search,active,False,plan_growth,monthly,79.0,948.0,7.4,07-12 months,632.0,True,948.0,True,False,False,At Risk Accounts,Immediate customer success outreach; schedule quarterly business review,221,319.0,632.0,2,3,3,233,0.0424,Low,is_engagement_declining,22,North America,1,2,Organic Search
CUST-00581,Larry,Robinson,Larry Robinson,larry.robinson@company132.com,54,51+,Male,United States,New York,New York,2026-04-23,20260423,Organic Search,active,False,plan_pro,multi_year,179.0,2148.0,4.4,04-06 months,1790.0,True,2148.0,True,False,False,At Risk Accounts,Immediate customer success outreach; schedule quarterly business review,131,310.0,1790.0,1,3,4,134,0.0374,Low,avg_satisfaction_score,21,North America,3,2,Organic Search
CUST-00596,Pamela,Wright,Pamela Wright,pamela.wright@company147.com,21,18-25,Female,United States,Colorado,Denver,2026-03-06,20260306,Paid Ads,active,False,plan_starter,monthly,29.0,348.0,6.0,04-06 months,174.0,False,0.0,False,False,False,Hibernating / Lost,Automated re-engagement drip campaign; survey feature usability,179,199.0,174.0,1,2,1,121,0.0456,Low,active_day_ratio,17,North America,1,3,Paid Ads
CUST-00632,Mark,Lee,Mark Lee,mark.lee@company183.com,36,36-50,Male,United States,California,San Francisco,2026-03-17,20260317,Partner,active,False,plan_pro,annual,179.0,2148.0,5.6,04-06 months,1790.0,False,0.0,False,False,False,At Risk Accounts,Immediate customer success outreach; schedule quarterly business review,168,321.0,1790.0,1,3,4,134,0.038,Low,avg_satisfaction_score,16,North America,2,4,Partner
CUST-00711,Kevin,Wright,Kevin Wright,kevin.wright@company262.com,25,18-25,Male,United States,Washington,Seattle,2025-03-23,20250323,Organic Search,active,False,plan_growth,monthly,79.0,948.0,17.6,13-24 months,1422.0,False,0.0,False,False,False,Champions,Offer early access to beta features; invite to executive advisory board,527,817.0,1422.0,4,5,4,454,0.007,Low,recency_days,23,North America,1,2,Organic Search
CUST-00751,Steven,Lee,Steven Lee,steven.lee@company302.com,46,36-50,Male,Australia,New South Wales,Sydney,2025-02-21,20250221,Partner,active,False,plan_pro,annual,179.0,2148.0,18.6,13-24 months,3580.0,True,2148.0,True,False,False,Champions,Offer early access to beta features; invite to executive advisory board,557,1188.0,3580.0,4,5,5,455,0.0385,Low,is_engagement_declining,1,Asia-Pacific,2,4,Partner
CUST-00898,Cynthia,Hernandez,Cynthia Hernandez,cynthia.hernandez@company449.com,32,26-35,Female,United States,Illinois,Chicago,2025-11-02,20251102,Organic Search,active,False,plan_starter,monthly,29.0,348.0,10.1,07-12 months,319.0,False,0.0,False,False,False,General Subscribers,Standard ongoing account nurturing,303,360.0,319.0,2,3,2,232,0.0247,Low,avg_satisfaction_score,19,North America,1,2,Organic Search
CUST-00906,Linda,Hill,Linda Hill,linda.hill@company7.com,39,36-50,Female,United Kingdom,North West,Manchester,2024-04-04,20240404,Partner,active,False,plan_enterprise,annual,499.0,5988.0,29.3,25+ months,14970.0,True,5988.0,True,False,False,Champions,Offer early access to beta features; invite to executive advisory board,880,2406.0,14970.0,5,5,5,555,0.0741,Low,recency_days,13,Europe,2,4,Partner
CUST-00971,Brenda,Brown,Brenda Brown,brenda.brown@company72.com,34,26-35,Female,United States,Texas,Austin,2025-10-05,20251005,Organic Search,active,False,plan_starter,monthly,29.0,348.0,11.0,07-12 months,348.0,False,0.0,False,False,False,General Subscribers,Standard ongoing account nurturing,331,388.0,348.0,3,3,2,332,0.019,Low,avg_satisfaction_score,22,North America,1,2,Organic Search
CUST-00976,Anna,Lopez,Anna Lopez,anna.lopez@company77.com,52,51+,Female,United States,Georgia,Atlanta,2025-08-04,20250804,Partner,active,False,plan_pro,monthly,179.0,2148.0,13.1,13-24 months,2506.0,False,0.0,False,False,False,Loyal Customers,Standard ongoing account nurturing,393,806.0,2506.0,3,5,5,355,0.0095,Low,avg_satisfaction_score,18,North America,1,4,Partner
CUST-00985,Stephen,Thomas,Stephen Thomas,stephen.thomas@company86.com,46,36-50,Male,United States,Colorado,Denver,2024-09-18,20240918,Direct,active,False,plan_growth,annual,79.0,948.0,23.8,13-24 months,1580.0,False,0.0,False,False,False,Champions,Offer early access to beta features; invite to executive advisory board,713,1060.0,1580.0,5,5,4,554,0.0153,Low,recency_days,17,North America,2,1,Direct
CUST-01076,Pamela,Scott,Pamela Scott,pamela.scott@company177.com,32,26-35,Female,United States,Illinois,Chicago,2025-01-20,20250120,Referral,churned,True,plan_growth,monthly,0.0,0.0,6.9,07-12 months,553.0,False,0.0,False,False,False,Potential Loyalists,Standard ongoing account nurturing,589,286.0,553.0,5,3,3,533,0.8335,Critical,monthly_price,19,North America,1,5,Referral
CUST-01089,Larry,Garcia,Larry Garcia,larry.garcia@company190.com,41,36-50,Male,United Kingdom,Greater London,London,2025-08-06,20250806,Direct,active,False,plan_enterprise,annual,499.0,5988.0,13.0,13-24 months,9980.0,True,5988.0,True,False,False,Loyal Customers,Standard ongoing account nurturing,391,1027.0,9980.0,3,5,5,355,0.0451,Low,is_engagement_declining,12,Europe,2,1,Direct
CUST-01205,Joshua,Thomas,Joshua Thomas,joshua.thomas@company306.com,48,36-50,Male,Canada,Quebec,Montreal,2025-11-01,20251101,Organic Search,active,False,plan_growth,monthly,79.0,948.0,10.1,07-12 months,869.0,False,0.0,False,False,False,At Risk Accounts,Immediate customer success outreach; schedule quarterly business review,304,442.0,869.0,2,3,4,234,0.019,Low,avg_satisfaction_score,6,North America,1,2,Organic Search
CUST-01219,Betty,Martinez,Betty Martinez,betty.martinez@company320.com,59,51+,Female,United States,Massachusetts,Boston,2026-02-11,20260211,Paid Ads,active,False,plan_growth,annual,79.0,948.0,6.7,07-12 months,790.0,True,948.0,True,False,False,At Risk Accounts,Immediate customer success outreach; schedule quarterly business review,202,291.0,790.0,2,3,3,233,0.066,Low,active_day_ratio,20,North America,2,3,Paid Ads
CUST-01230,Jason,King,Jason King,jason.king@company331.com,23,18-25,Male,United States,Colorado,Denver,2025-09-08,20250908,Organic Search,active,False,plan_growth,monthly,79.0,948.0,11.9,07-12 months,948.0,False,0.0,False,False,False,Loyal Customers,Standard ongoing account nurturing,358,538.0,948.0,3,4,4,344,0.0518,Low,active_day_ratio,17,North America,1,2,Organic Search
CUST-01247,Richard,Ramirez,Richard Ramirez,richard.ramirez@company348.com,48,36-50,Male,United States,Massachusetts,Boston,2025-07-22,20250722,Social Media,active,False,plan_starter,monthly,29.0,348.0,13.5,13-24 months,406.0,False,0.0,False,False,False,General Subscribers,Standard ongoing account nurturing,406,458.0,406.0,3,3,2,332,0.0162,Low,avg_satisfaction_score,20,North America,1,6,Social Media
CUST-01281,Elizabeth,Scott,Elizabeth Scott,elizabeth.scott@company382.com,33,26-35,Female,United States,Texas,Austin,2024-12-08,20241208,Paid Ads,active,False,plan_growth,multi_year,79.0,948.0,21.1,13-24 months,1580.0,False,0.0,False,False,False,Champions,Offer early access to beta features; invite to executive advisory board,632,916.0,1580.0,5,5,4,554,0.0253,Low,recency_days,22,North America,3,3,Paid Ads
CUST-01391,Jennifer,White,Jennifer White,jennifer.white@company42.com,57,51+,Female,United States,Texas,Austin,2024-08-07,20240807,Paid Ads,churned,True,plan_starter,monthly,0.0,0.0,15.6,13-24 months,464.0,False,0.0,False,False,False,Potential Loyalists,Standard ongoing account nurturing,755,501.0,464.0,5,4,2,542,0.8474,Critical,monthly_price,22,North America,1,3,Paid Ads
CUST-01440,Brandon,Harris,Brandon Harris,brandon.harris@company91.com,25,18-25,Male,United Kingdom,Scotland,Edinburgh,2025-11-26,20251126,Social Media,active,False,plan_growth,monthly,79.0,948.0,9.3,07-12 months,790.0,True,948.0,True,False,False,At Risk Accounts,Immediate customer success outreach; schedule quarterly business review,279,392.0,790.0,2,3,3,233,0.0517,Low,is_engagement_declining,14,Europe,1,6,Social Media
CUST-01496,Sharon,Sanchez,Sharon Sanchez,sharon.sanchez@company147.com,41,36-50,Female,United States,Illinois,Chicago,2025-07-25,20250725,Direct,active,False,plan_growth,monthly,79.0,948.0,13.4,13-24 months,1106.0,False,0.0,False,False,False,Loyal Customers,Standard ongoing account nurturing,403,586.0,1106.0,3,4,4,344,0.0202,Low,avg_satisfaction_score,19,North America,1,1,Direct
CUST-00098,Anthony,Wilson,Anthony Wilson,anthony.wilson@company99.com,56,51+,Male,United States,Illinois,Chicago,2024-10-21,20241021,Direct,active,False,plan_enterprise,monthly,499.0,5988.0,22.7,13-24 months,11477.0,False,0.0,False,False,False,Champions,Offer early access to beta features; invite to executive advisory board,680,1881.0,11477.0,5,5,5,555,0.0543,Low,recency_days,19,North America,1,1,Direct
CUST-00291,Timothy,Allen,Timothy Allen,timothy.allen@company292.com,48,36-50,Male,Australia,Victoria,Melbourne,2025-04-20,20250420,Referral,active,False,plan_starter,annual,29.0,348.0,16.6,13-24 months,580.0,False,0.0,False,False,False,Loyal Customers,Standard ongoing account nurturing,499,578.0,580.0,4,4,3,443,0.03,Low,avg_satisfaction_score,3,Asia-Pacific,2,5,Referral
CUST-00359,Cynthia,Nguyen,Cynthia Nguyen,cynthia.nguyen@company360.com,60,51+,Female,United States,California,San Francisco,2025-03-06,20250306,Paid Ads,churned,True,plan_pro,monthly,0.0,0.0,3.4,04-06 months,716.0,False,0.0,False,False,False,Potential Loyalists,Standard ongoing account nurturing,544,181.0,716.0,4,2,3,423,0.7826,Critical,monthly_price,16,North America,1,3,Paid Ads
CUST-00492,Matthew,Hill,Matthew Hill,matthew.hill@company43.com,50,36-50,Male,United States,Illinois,Chicago,2026-01-19,20260119,Partner,active,False,plan_enterprise,monthly,499.0,5988.0,7.5,07-12 months,3992.0,False,0.0,False,False,False,Loyal Customers,Immediate customer success outreach; schedule quarterly business review,225,589.0,3992.0,2,4,5,245,0.0353,Low,avg_satisfaction_score,19,North America,1,4,Partner
CUST-00521,Karen,Garcia,Karen Garcia,karen.garcia@company72.com,45,36-50,Female,United States,New York,New York,2025-04-12,20250412,Social Media,active,False,plan_starter,monthly,29.0,348.0,16.9,13-24 months,493.0,False,0.0,False,False,False,Potential Loyalists,Standard ongoing account nurturing,507,574.0,493.0,4,4,2,442,0.0205,Low,avg_satisfaction_score,21,North America,1,6,Social Media
CUST-00624,Edward,Thomas,Edward Thomas,edward.thomas@company175.com,58,51+,Male,France,Île-de-France,Paris,2025-11-01,20251101,Direct,active,False,plan_growth,monthly,79.0,948.0,10.1,07-12 months,869.0,False,0.0,False,False,False,At Risk Accounts,Immediate customer success outreach; schedule quarterly business review,304,417.0,869.0,2,3,4,234,0.0568,Low,avg_satisfaction_score,8,Europe,1,1,Direct
CUST-00809,Larry,Harris,Larry Harris,larry.harris@company360.com,29,26-35,Male,United States,Colorado,Denver,2026-03-14,20260314,Organic Search,active,False,plan_starter,monthly,29.0,348.0,5.7,04-06 months,174.0,False,0.0,False,False,False,Hibernating / Lost,Automated re-engagement drip campaign; survey feature usability,171,186.0,174.0,1,2,1,121,0.0208,Low,avg_satisfaction_score,17,North America,1,2,Organic Search
CUST-00890,Laura,Flores,Laura Flores,laura.flores@company441.com,31,26-35,Female,United Kingdom,Greater London,London,2025-01-25,20250125,Organic Search,active,False,plan_growth,annual,79.0,948.0,19.5,13-24 months,1580.0,False,0.0,False,False,False,Champions,Offer early access to beta features; invite to executive advisory board,584,839.0,1580.0,4,5,4,454,0.0391,Low,recency_days,12,Europe,2,2,Organic Search
CUST-00899,Charles,Hernandez,Charles Hernandez,charles.hernandez@company450.com,27,26-35,Male,United States,Massachusetts,Boston,2026-03-23,20260323,Referral,churned,True,plan_growth,monthly,0.0,0.0,1.4,01-03 months,158.0,False,0.0,False,False,False,Hibernating / Lost,Automated re-engagement drip campaign; survey feature usability,162,45.0,158.0,1,1,1,111,0.83,Critical,monthly_price,20,North America,1,5,Referral
CUST-01066,Betty,Martin,Betty Martin,betty.martin@company167.com,26,26-35,Female,United Kingdom,West Midlands,Birmingham,2025-08-26,20250826,Partner,active,False,plan_pro,annual,179.0,2148.0,12.4,13-24 months,3580.0,False,0.0,False,False,False,Loyal Customers,Standard ongoing account nurturing,371,764.0,3580.0,3,5,5,355,0.0091,Low,avg_satisfaction_score,15,Europe,2,4,Partner
CUST-00068,Angela,Scott,Angela Scott,angela.scott@company69.com,23,18-25,Female,France,Auvergne-Rhône-Alpes,Lyon,2025-12-20,20251220,Referral,active,False,plan_growth,annual,79.0,948.0,8.5,07-12 months,790.0,False,0.0,False,False,False,At Risk Accounts,Immediate customer success outreach; schedule quarterly business review,255,360.0,790.0,2,3,3,233,0.0286,Low,avg_satisfaction_score,7,Europe,2,5,Referral
CUST-00611,Amanda,Nguyen,Amanda Nguyen,amanda.nguyen@company162.com,47,36-50,Female,Australia,Queensland,Brisbane,2024-11-07,20241107,Referral,active,False,plan_starter,monthly,29.0,348.0,22.1,13-24 months,667.0,True,348.0,True,False,False,Loyal Customers,Standard ongoing account nurturing,663,753.0,667.0,5,5,3,553,0.0934,Low,recency_days,2,Asia-Pacific,1,5,Referral
CUST-00839,Nicholas,Gonzalez,Nicholas Gonzalez,nicholas.gonzalez@company390.com,54,51+,Male,United States,Georgia,Atlanta,2025-11-09,20251109,Organic Search,active,False,plan_starter,monthly,29.0,348.0,9.9,07-12 months,290.0,False,0.0,False,False,False,General Subscribers,Standard ongoing account nurturing,296,344.0,290.0,2,3,2,232,0.0308,Low,avg_satisfaction_score,18,North America,1,2,Organic Search
CUST-00989,Daniel,Taylor,Daniel Taylor,daniel.taylor@company90.com,37,36-50,Male,United States,Massachusetts,Boston,2025-07-15,20250715,Paid Ads,churned,True,plan_starter,monthly,0.0,0.0,7.1,07-12 months,203.0,False,0.0,False,False,False,Promising / New Customers,Standard ongoing account nurturing,413,214.0,203.0,3,2,1,321,0.9167,Critical,monthly_price,20,North America,1,3,Paid Ads
CUST-01252,Joseph,Torres,Joseph Torres,joseph.torres@company353.com,30,26-35,Male,Germany,Bavaria,Munich,2026-05-15,20260515,Referral,active,False,plan_pro,monthly,179.0,2148.0,3.6,04-06 months,716.0,True,2148.0,True,False,False,About To Sleep,Automated re-engagement drip campaign; survey feature usability,109,218.0,716.0,1,2,3,123,0.0307,Low,avg_satisfaction_score,9,Europe,1,5,Referral
CUST-00191,Matthew,Young,Matthew Young,matthew.young@company192.com,32,26-35,Male,United Kingdom,West Midlands,Birmingham,2026-03-15,20260315,Referral,active,False,plan_pro,annual,179.0,2148.0,5.7,04-06 months,1790.0,False,0.0,False,False,False,At Risk Accounts,Immediate customer success outreach; schedule quarterly business review,170,338.0,1790.0,1,3,5,135,0.0257,Low,avg_satisfaction_score,15,Europe,2,5,Referral
CUST-00533,James,Hernandez,James Hernandez,james.hernandez@company84.com,41,36-50,Male,United States,Georgia,Atlanta,2025-10-12,20251012,Social Media,active,False,plan_starter,monthly,29.0,348.0,10.8,07-12 months,319.0,False,0.0,False,False,False,General Subscribers,Standard ongoing account nurturing,324,391.0,319.0,3,3,2,332,0.0197,Low,avg_satisfaction_score,18,North America,1,6,Social Media
CUST-00652,Emma,Jackson,Emma Jackson,emma.jackson@company203.com,29,26-35,Female,France,Île-de-France,Paris,2024-10-27,20241027,Referral,churned,True,plan_growth,annual,0.0,0.0,14.1,13-24 months,1580.0,False,0.0,False,False,False,Champions,Offer early access to beta features; invite to executive advisory board,674,587.0,1580.0,5,4,4,544,0.7469,High,monthly_price,8,Europe,2,5,Referral
CUST-00958,Dorothy,Brown,Dorothy Brown,dorothy.brown@company59.com,27,26-35,Female,United States,Massachusetts,Boston,2026-02-08,20260208,Paid Ads,active,False,plan_starter,annual,29.0,348.0,6.8,07-12 months,290.0,False,0.0,False,False,False,Hibernating / Lost,Automated re-engagement drip campaign; survey feature usability,205,225.0,290.0,2,2,2,222,0.0179,Low,avg_satisfaction_score,20,North America,2,3,Paid Ads
CUST-00002,Scott,Ramirez,Scott Ramirez,scott.ramirez@company3.com,32,26-35,Male,United States,Washington,Seattle,2025-11-01,20251101,Paid Ads,churned,True,plan_starter,annual,0.0,0.0,1.9,01-03 months,290.0,False,0.0,False,True,False,Hibernating / Lost,Automated re-engagement drip campaign; survey feature usability,304,38.0,290.0,2,1,2,212,0.9918,Critical,monthly_price,23,North America,2,3,Paid Ads
CUST-00027,Andrew,Young,Andrew Young,andrew.young@company28.com,29,26-35,Male,United States,Georgia,Atlanta,2025-08-14,20250814,Organic Search,churned,True,plan_starter,monthly,0.0,0.0,1.1,01-03 months,29.0,False,0.0,False,True,False,Promising / New Customers,Standard ongoing account nurturing,383,17.0,29.0,3,1,1,311,0.9958,Critical,monthly_price,18,North America,1,2,Organic Search
CUST-00070,Andrew,King,Andrew King,andrew.king@company71.com,36,36-50,Male,United States,Georgia,Atlanta,2026-01-19,20260119,Organic Search,churned,True,plan_growth,annual,0.0,0.0,1.8,01-03 months,790.0,False,0.0,False,True,False,About To Sleep,Automated re-engagement drip campaign; survey feature usability,225,53.0,790.0,2,1,3,213,0.9845,Critical,monthly_price,18,North America,2,2,Organic Search
CUST-00083,Jacob,Taylor,Jacob Taylor,jacob.taylor@company84.com,46,36-50,Male,United States,New York,New York,2026-01-22,20260122,Partner,active,False,plan_growth,annual,79.0,948.0,7.4,07-12 months,790.0,False,0.0,False,False,False,At Risk Accounts,Immediate customer success outreach; schedule quarterly business review,222,343.0,790.0,2,3,4,234,0.021,Low,total_logins,21,North America,2,4,Partner
CUST-00086,Nicole,Davis,Nicole Davis,nicole.davis@company87.com,35,26-35,Female,United Kingdom,Greater London,London,2025-03-28,20250328,Paid Ads,churned,True,plan_starter,monthly,0.0,0.0,4.4,04-06 months,145.0,False,0.0,False,True,False,Promising / New Customers,Standard ongoing account nurturing,522,148.0,145.0,4,1,1,411,0.9872,Critical,monthly_price,12,Europe,1,3,Paid Ads
CUST-00127,Karen,Lewis,Karen Lewis,karen.lewis@company128.com,43,36-50,Female,United States,Colorado,Denver,2025-01-27,20250127,Paid Ads,active,False,plan_starter,monthly,29.0,348.0,19.4,13-24 months,580.0,False,0.0,False,False,False,Loyal Customers,Standard ongoing account nurturing,582,632.0,580.0,4,4,3,443,0.0488,Low,recency_days,17,North America,1,3,Paid Ads
CUST-00129,Deborah,Harris,Deborah Harris,deborah.harris@company130.com,59,51+,Female,Germany,Hesse,Frankfurt,2025-02-22,20250222,Direct,active,False,plan_growth,annual,79.0,948.0,18.5,13-24 months,1580.0,False,0.0,False,False,False,Champions,Offer early access to beta features; invite to executive advisory board,556,811.0,1580.0,4,5,4,454,0.0069,Low,recency_days,11,Europe,2,1,Direct
CUST-00156,Jennifer,White,Jennifer White,jennifer.white@company157.com,26,26-35,Female,United States,Washington,Seattle,2024-08-06,20240806,Social Media,churned,True,plan_starter,monthly,0.0,0.0,16.9,13-24 months,493.0,False,0.0,False,True,False,Potential Loyalists,Standard ongoing account nurturing,756,537.0,493.0,5,4,2,542,0.8792,Critical,monthly_price,23,North America,1,6,Social Media
CUST-00172,Amanda,Ramirez,Amanda Ramirez,amanda.ramirez@company173.com,54,51+,Female,Canada,British Columbia,Vancouver,2025-06-02,20250602,Referral,active,False,plan_starter,annual,29.0,348.0,15.2,13-24 months,580.0,False,0.0,False,False,False,Loyal Customers,Standard ongoing account nurturing,456,526.0,580.0,4,4,3,443,0.0123,Low,recency_days,4,North America,2,5,Referral
CUST-00226,Kimberly,Williams,Kimberly Williams,kimberly.williams@company227.com,32,26-35,Female,United States,Massachusetts,Boston,2025-08-05,20250805,Social Media,active,False,plan_growth,annual,79.0,948.0,13.1,13-24 months,1580.0,False,0.0,False,False,False,Loyal Customers,Standard ongoing account nurturing,392,562.0,1580.0,3,4,4,344,0.0103,Low,acquisition_channel_Social Media,20,North America,2,6,Social Media
CUST-00246,George,King,George King,george.king@company247.com,36,36-50,Male,Germany,Bavaria,Munich,2025-02-24,20250224,Organic Search,churned,True,plan_growth,monthly,0.0,0.0,7.8,07-12 months,632.0,False,0.0,False,True,False,Potential Loyalists,Standard ongoing account nurturing,554,352.0,632.0,4,3,3,433,0.9948,Critical,monthly_price,9,Europe,1,2,Organic Search
CUST-00300,Gary,Williams,Gary Williams,gary.williams@company301.com,43,36-50,Male,United States,Texas,Austin,2025-03-31,20250331,Partner,churned,True,plan_enterprise,annual,0.0,0.0,13.4,13-24 months,9980.0,False,0.0,False,True,False,Champions,Offer early access to beta features; invite to executive advisory board,519,1081.0,9980.0,4,5,5,455,0.9164,Critical,monthly_price,22,North America,2,4,Partner
CUST-00305,Emma,Johnson,Emma Johnson,emma.johnson@company306.com,26,26-35,Female,United States,California,San Francisco,2026-04-14,20260414,Paid Ads,active,False,plan_growth,annual,79.0,948.0,4.7,04-06 months,790.0,True,948.0,False,True,False,About To Sleep,Automated re-engagement drip campaign; survey feature usability,140,192.0,790.0,1,2,3,123,0.315,Medium,has_support_friction,16,North America,2,3,Paid Ads
CUST-00310,Anna,Young,Anna Young,anna.young@company311.com,29,26-35,Female,United States,Colorado,Denver,2026-04-14,20260414,Partner,active,False,plan_enterprise,annual,499.0,5988.0,4.7,04-06 months,4990.0,False,0.0,False,False,False,At Risk Accounts,Immediate customer success outreach; schedule quarterly business review,140,402.0,4990.0,1,3,5,135,0.0254,Low,avg_resolution_hours,17,North America,2,4,Partner
CUST-00341,Ashley,Jones,Ashley Jones,ashley.jones@company342.com,29,26-35,Female,United States,Texas,Austin,2025-11-09,20251109,Partner,active,False,plan_enterprise,annual,499.0,5988.0,9.9,07-12 months,4990.0,False,0.0,False,False,False,Loyal Customers,Immediate customer success outreach; schedule quarterly business review,296,793.0,4990.0,2,5,5,255,0.0497,Low,urgent_ticket_ratio,22,North America,2,4,Partner
CUST-00342,Melissa,Miller,Melissa Miller,melissa.miller@company343.com,24,18-25,Female,Australia,Victoria,Melbourne,2025-11-11,20251111,Paid Ads,active,False,plan_pro,monthly,179.0,2148.0,9.8,07-12 months,1790.0,False,0.0,False,False,False,Loyal Customers,Immediate customer success outreach; schedule quarterly business review,294,591.0,1790.0,2,4,4,244,0.025,Low,acquisition_channel_Paid Ads,3,Asia-Pacific,1,3,Paid Ads
CUST-00358,Sharon,Miller,Sharon Miller,sharon.miller@company359.com,46,36-50,Female,United States,Washington,Seattle,2024-12-24,20241224,Paid Ads,churned,True,plan_growth,monthly,0.0,0.0,2.7,01-03 months,237.0,False,0.0,False,False,False,Promising / New Customers,Standard ongoing account nurturing,616,90.0,237.0,5,1,1,511,0.9002,Critical,monthly_price,23,North America,1,3,Paid Ads
CUST-00394,Sandra,Ramirez,Sandra Ramirez,sandra.ramirez@company395.com,44,36-50,Female,Canada,Ontario,Toronto,2024-10-15,20241015,Organic Search,churned,True,plan_starter,monthly,0.0,0.0,6.3,07-12 months,203.0,False,0.0,False,True,False,Potential Loyalists,Standard ongoing account nurturing,686,169.0,203.0,5,2,1,521,0.9618,Critical,monthly_price,5,North America,1,2,Organic Search
CUST-00418,Eric,Brown,Eric Brown,eric.brown@company419.com,33,26-35,Male,Germany,Berlin,Berlin,2025-05-13,20250513,Direct,active,False,plan_starter,annual,29.0,348.0,15.9,13-24 months,580.0,False,0.0,False,False,False,Loyal Customers,Standard ongoing account nurturing,476,557.0,580.0,4,4,3,443,0.0124,Low,avg_resolution_hours,10,Europe,2,1,Direct
CUST-00424,Jason,Young,Jason Young,jason.young@company425.com,24,18-25,Male,France,Île-de-France,Paris,2026-04-06,20260406,Partner,active,False,plan_growth,annual,79.0,948.0,4.9,04-06 months,790.0,False,0.0,False,False,False,About To Sleep,Automated re-engagement drip campaign; survey feature usability,148,204.0,790.0,1,2,3,123,0.1105,Low,avg_resolution_hours,8,Europe,2,4,Partner
CUST-00428,Dorothy,Lee,Dorothy Lee,dorothy.lee@company429.com,35,26-35,Female,United States,Washington,Seattle,2025-09-01,20250901,Organic Search,active,False,plan_growth,annual,79.0,948.0,12.2,13-24 months,1580.0,False,0.0,False,False,False,Loyal Customers,Standard ongoing account nurturing,365,520.0,1580.0,3,4,4,344,0.0508,Low,active_day_ratio,23,North America,2,2,Organic Search
CUST-00433,John,Sanchez,John Sanchez,john.sanchez@company434.com,38,36-50,Male,United Kingdom,North West,Manchester,2024-11-23,20241123,Organic Search,active,False,plan_pro,multi_year,179.0,2148.0,21.6,13-24 months,3580.0,False,0.0,False,False,False,Champions,Offer early access to beta features; invite to executive advisory board,647,1272.0,3580.0,5,5,5,555,0.007,Low,recency_days,13,Europe,3,2,Organic Search
CUST-00484,Amy,King,Amy King,amy.king@company35.com,53,51+,Female,Germany,Hesse,Frankfurt,2026-03-24,20260324,Partner,active,False,plan_growth,annual,79.0,948.0,5.4,04-06 months,790.0,True,948.0,False,True,False,About To Sleep,Automated re-engagement drip campaign; survey feature usability,161,213.0,790.0,1,2,3,123,0.1879,Low,has_support_friction,11,Europe,2,4,Partner
CUST-00506,Kevin,Brown,Kevin Brown,kevin.brown@company57.com,37,36-50,Male,United States,Texas,Austin,2026-04-18,20260418,Referral,active,False,plan_starter,annual,29.0,348.0,4.5,04-06 months,290.0,True,348.0,False,True,False,Hibernating / Lost,Automated re-engagement drip campaign; survey feature usability,136,141.0,290.0,1,1,1,111,0.1604,Low,has_support_friction,22,North America,2,5,Referral
CUST-00508,Deborah,Smith,Deborah Smith,deborah.smith@company59.com,38,36-50,Female,United States,Massachusetts,Boston,2025-08-11,20250811,Direct,active,False,plan_starter,monthly,29.0,348.0,12.9,13-24 months,377.0,False,0.0,False,False,False,General Subscribers,Standard ongoing account nurturing,386,414.0,377.0,3,3,2,332,0.0979,Low,avg_resolution_hours,20,North America,1,1,Direct
CUST-00518,Nicholas,Gonzalez,Nicholas Gonzalez,nicholas.gonzalez@company69.com,51,51+,Male,Canada,Quebec,Montreal,2024-08-17,20240817,Direct,active,False,plan_pro,annual,179.0,2148.0,24.8,25+ months,5370.0,False,0.0,False,False,False,Champions,Offer early access to beta features; invite to executive advisory board,745,1521.0,5370.0,5,5,5,555,0.0871,Low,recency_days,6,North America,2,1,Direct
CUST-00523,Melissa,Lee,Melissa Lee,melissa.lee@company74.com,35,26-35,Female,United States,California,San Francisco,2026-04-19,20260419,Organic Search,active,False,plan_growth,monthly,79.0,948.0,4.5,04-06 months,395.0,False,0.0,False,False,False,Hibernating / Lost,Automated re-engagement drip campaign; survey feature usability,135,190.0,395.0,1,2,2,122,0.0249,Low,total_active_days,16,North America,1,2,Organic Search
CUST-00545,Larry,Ramirez,Larry Ramirez,larry.ramirez@company96.com,38,36-50,Male,United States,Texas,Austin,2024-11-30,20241130,Referral,churned,True,plan_growth,monthly,0.0,0.0,5.2,04-06 months,474.0,False,0.0,False,True,False,Potential Loyalists,Standard ongoing account nurturing,640,204.0,474.0,5,2,2,522,0.9757,Critical,monthly_price,22,North America,1,5,Referral
CUST-00553,Anthony,Moore,Anthony Moore,anthony.moore@company104.com,43,36-50,Male,United States,Illinois,Chicago,2025-09-07,20250907,Referral,active,False,plan_growth,multi_year,79.0,948.0,12.0,07-12 months,790.0,False,0.0,False,False,False,Loyal Customers,Standard ongoing account nurturing,359,525.0,790.0,3,4,3,343,0.0271,Low,active_day_ratio,19,North America,3,5,Referral
CUST-00602,Justin,Nguyen,Justin Nguyen,justin.nguyen@company153.com,23,18-25,Male,United Kingdom,Greater London,London,2024-02-16,20240216,Social Media,active,False,plan_starter,multi_year,29.0,348.0,30.9,25+ months,870.0,False,0.0,False,False,False,Champions,Offer early access to beta features; invite to executive advisory board,928,1018.0,870.0,5,5,4,554,0.0603,Low,recency_days,12,Europe,3,6,Social Media
CUST-00610,Melissa,Williams,Melissa Williams,melissa.williams@company161.com,49,36-50,Female,United States,Georgia,Atlanta,2026-02-19,20260219,Partner,active,False,plan_enterprise,annual,499.0,5988.0,6.5,07-12 months,4990.0,False,0.0,False,False,False,Loyal Customers,Immediate customer success outreach; schedule quarterly business review,194,569.0,4990.0,2,4,5,245,0.0138,Low,total_active_days,18,North America,2,4,Partner
CUST-00612,Sarah,Taylor,Sarah Taylor,sarah.taylor@company163.com,33,26-35,Female,United States,New York,New York,2026-04-27,20260427,Organic Search,active,False,plan_growth,monthly,79.0,948.0,4.2,04-06 months,395.0,False,0.0,False,False,False,Hibernating / Lost,Automated re-engagement drip campaign; survey feature usability,127,180.0,395.0,1,2,2,122,0.0214,Low,total_active_days,21,North America,1,2,Organic Search
CUST-00629,Eric,Taylor,Eric Taylor,eric.taylor@company180.com,42,36-50,Male,Germany,Hesse,Frankfurt,2026-02-25,20260225,Organic Search,active,False,plan_starter,annual,29.0,348.0,6.3,07-12 months,290.0,False,0.0,False,False,False,Hibernating / Lost,Automated re-engagement drip campaign; survey feature usability,188,215.0,290.0,2,2,1,221,0.0297,Low,total_tickets_count,11,Europe,2,2,Organic Search
CUST-00635,Nicholas,Gonzalez,Nicholas Gonzalez,nicholas.gonzalez@company186.com,29,26-35,Male,United States,Illinois,Chicago,2024-12-21,20241221,Organic Search,active,False,plan_growth,annual,79.0,948.0,20.6,13-24 months,1580.0,False,0.0,False,False,False,Champions,Offer early access to beta features; invite to executive advisory board,619,941.0,1580.0,5,5,4,554,0.005,Low,recency_days,19,North America,2,2,Organic Search
CUST-00664,Joshua,Smith,Joshua Smith,joshua.smith@company215.com,28,26-35,Male,Germany,Berlin,Berlin,2025-09-25,20250925,Paid Ads,churned,True,plan_starter,monthly,0.0,0.0,5.7,04-06 months,174.0,False,0.0,False,True,False,Promising / New Customers,Standard ongoing account nurturing,341,184.0,174.0,3,2,1,321,0.9924,Critical,monthly_price,10,Europe,1,3,Paid Ads
CUST-00665,Helen,Smith,Helen Smith,helen.smith@company216.com,35,26-35,Female,United States,Georgia,Atlanta,2026-07-22,20260722,Organic Search,active,False,plan_pro,monthly,179.0,2148.0,1.4,01-03 months,358.0,False,0.0,False,False,False,Hibernating / Lost,Automated re-engagement drip campaign; survey feature usability,41,72.0,358.0,1,1,2,112,0.0336,Low,total_session_minutes,18,North America,1,2,Organic Search
CUST-00672,Mary,Anderson,Mary Anderson,mary.anderson@company223.com,36,36-50,Female,United States,Washington,Seattle,2026-07-20,20260720,Paid Ads,active,False,plan_pro,monthly,179.0,2148.0,1.4,01-03 months,358.0,False,0.0,False,False,False,Hibernating / Lost,Automated re-engagement drip campaign; survey feature usability,43,73.0,358.0,1,1,2,112,0.0699,Low,urgent_ticket_ratio,23,North America,1,3,Paid Ads
CUST-00675,Deborah,Smith,Deborah Smith,deborah.smith@company226.com,21,18-25,Female,Canada,Ontario,Toronto,2025-02-25,20250225,Paid Ads,churned,True,plan_growth,monthly,0.0,0.0,6.8,07-12 months,553.0,False,0.0,False,True,False,Potential Loyalists,Standard ongoing account nurturing,553,282.0,553.0,4,2,3,423,0.9936,Critical,monthly_price,5,North America,1,3,Paid Ads
CUST-00721,Joshua,Lewis,Joshua Lewis,joshua.lewis@company272.com,22,18-25,Male,United States,Washington,Seattle,2026-05-26,20260526,Organic Search,active,False,plan_pro,annual,179.0,2148.0,3.3,04-06 months,1790.0,False,0.0,False,False,False,About To Sleep,Automated re-engagement drip campaign; survey feature usability,98,185.0,1790.0,1,2,5,125,0.0319,Low,urgent_ticket_ratio,23,North America,2,2,Organic Search
CUST-00749,Matthew,Nguyen,Matthew Nguyen,matthew.nguyen@company300.com,33,26-35,Male,Canada,Ontario,Toronto,2025-05-29,20250529,Paid Ads,churned,True,plan_starter,monthly,0.0,0.0,14.8,13-24 months,435.0,False,0.0,True,True,False,Potential Loyalists,Standard ongoing account nurturing,460,483.0,435.0,4,4,2,442,0.9872,Critical,monthly_price,5,North America,1,3,Paid Ads
CUST-00770,Kenneth,Taylor,Kenneth Taylor,kenneth.taylor@company321.com,45,36-50,Male,United States,Massachusetts,Boston,2025-06-13,20250613,Partner,active,False,plan_growth,annual,79.0,948.0,14.8,13-24 months,1580.0,False,0.0,False,False,False,Champions,Offer early access to beta features; invite to executive advisory board,445,661.0,1580.0,4,4,4,444,0.0366,Low,active_day_ratio,20,North America,2,4,Partner
CUST-00795,Kenneth,Thompson,Kenneth Thompson,kenneth.thompson@company346.com,35,26-35,Male,United States,New York,New York,2025-12-22,20251222,Paid Ads,active,False,plan_growth,annual,79.0,948.0,8.4,07-12 months,790.0,True,948.0,False,True,False,At Risk Accounts,Immediate customer success outreach; schedule quarterly business review,253,387.0,790.0,2,3,3,233,0.1409,Low,has_support_friction,21,North America,2,3,Paid Ads
CUST-00820,Linda,Walker,Linda Walker,linda.walker@company371.com,29,26-35,Female,United Kingdom,Scotland,Edinburgh,2025-11-05,20251105,Social Media,active,False,plan_growth,monthly,79.0,948.0,10.0,07-12 months,869.0,False,0.0,False,False,False,At Risk Accounts,Immediate customer success outreach; schedule quarterly business review,300,420.0,869.0,2,3,4,234,0.092,Low,avg_resolution_hours,14,Europe,1,6,Social Media
CUST-00866,Amy,Lopez,Amy Lopez,amy.lopez@company417.com,32,26-35,Female,Australia,New South Wales,Sydney,2026-01-28,20260128,Referral,active,False,plan_starter,monthly,29.0,348.0,7.2,07-12 months,232.0,True,348.0,True,False,False,Hibernating / Lost,Automated re-engagement drip campaign; survey feature usability,216,245.0,232.0,2,2,1,221,0.061,Low,is_engagement_declining,1,Asia-Pacific,1,5,Referral
CUST-00881,Nancy,Robinson,Nancy Robinson,nancy.robinson@company432.com,33,26-35,Female,Canada,Ontario,Toronto,2024-11-22,20241122,Direct,churned,True,plan_pro,monthly,0.0,0.0,1.3,01-03 months,358.0,False,0.0,False,True,False,Promising / New Customers,Standard ongoing account nurturing,648,39.0,358.0,5,1,2,512,0.9982,Critical,monthly_price,5,North America,1,1,Direct
CUST-00883,William,Harris,William Harris,william.harris@company434.com,44,36-50,Male,United States,California,San Francisco,2025-10-09,20251009,Organic Search,active,False,plan_growth,monthly,79.0,948.0,10.9,07-12 months,869.0,True,948.0,True,False,False,Loyal Customers,Standard ongoing account nurturing,327,484.0,869.0,3,4,4,344,0.0427,Low,is_engagement_declining,16,North America,1,2,Organic Search
CUST-00887,Thomas,Perez,Thomas Perez,thomas.perez@company438.com,32,26-35,Male,United States,Georgia,Atlanta,2025-12-01,20251201,Partner,churned,True,plan_starter,monthly,0.0,0.0,3.2,04-06 months,116.0,False,0.0,False,True,False,Hibernating / Lost,Automated re-engagement drip campaign; survey feature usability,274,99.0,116.0,2,1,1,211,0.9979,Critical,monthly_price,18,North America,1,4,Partner
CUST-00978,Timothy,Rodriguez,Timothy Rodriguez,timothy.rodriguez@company79.com,31,26-35,Male,United Kingdom,Greater London,London,2024-12-27,20241227,Paid Ads,churned,True,plan_starter,monthly,0.0,0.0,3.0,01-03 months,87.0,False,0.0,False,True,False,Promising / New Customers,Standard ongoing account nurturing,613,79.0,87.0,5,1,1,511,0.9974,Critical,monthly_price,12,Europe,1,3,Paid Ads
CUST-00993,Steven,Lopez,Steven Lopez,steven.lopez@company94.com,51,51+,Male,Germany,Bavaria,Munich,2026-01-21,20260121,Organic Search,churned,True,plan_pro,monthly,0.0,0.0,6.6,07-12 months,1253.0,False,0.0,True,False,False,At Risk Accounts,Immediate customer success outreach; schedule quarterly business review,223,385.0,1253.0,2,3,4,234,0.9041,Critical,monthly_price,9,Europe,1,2,Organic Search
CUST-01084,Kathleen,Torres,Kathleen Torres,kathleen.torres@company185.com,26,26-35,Female,United States,Massachusetts,Boston,2025-11-19,20251119,Partner,active,False,plan_pro,annual,179.0,2148.0,9.5,07-12 months,1790.0,True,2148.0,False,True,False,Loyal Customers,Immediate customer success outreach; schedule quarterly business review,286,603.0,1790.0,2,4,5,245,0.1695,Low,has_support_friction,20,North America,2,4,Partner
CUST-01085,Nicole,Rodriguez,Nicole Rodriguez,nicole.rodriguez@company186.com,46,36-50,Female,United Kingdom,West Midlands,Birmingham,2026-02-02,20260202,Partner,active,False,plan_pro,annual,179.0,2148.0,7.0,07-12 months,1790.0,False,0.0,False,False,False,At Risk Accounts,Immediate customer success outreach; schedule quarterly business review,211,428.0,1790.0,2,3,5,235,0.0637,Low,urgent_ticket_ratio,15,Europe,2,4,Partner
CUST-01152,Emma,Jones,Emma Jones,emma.jones@company253.com,24,18-25,Female,United States,Massachusetts,Boston,2025-12-13,20251213,Paid Ads,churned,True,plan_starter,monthly,0.0,0.0,8.7,07-12 months,261.0,False,0.0,False,True,False,General Subscribers,Standard ongoing account nurturing,262,288.0,261.0,2,3,1,231,0.9927,Critical,monthly_price,20,North America,1,3,Paid Ads
CUST-01178,Emily,Gonzalez,Emily Gonzalez,emily.gonzalez@company279.com,32,26-35,Female,United States,New York,New York,2026-07-21,20260721,Social Media,active,False,plan_growth,monthly,79.0,948.0,1.4,01-03 months,158.0,False,0.0,False,False,False,Hibernating / Lost,Automated re-engagement drip campaign; survey feature usability,42,56.0,158.0,1,1,1,111,0.0391,Low,total_active_days,21,North America,1,6,Social Media
CUST-01190,Matthew,Jackson,Matthew Jackson,matthew.jackson@company291.com,30,26-35,Male,Canada,Ontario,Toronto,2025-04-06,20250406,Organic Search,active,False,plan_starter,annual,29.0,348.0,17.1,13-24 months,580.0,False,0.0,False,False,False,Loyal Customers,Standard ongoing account nurturing,513,584.0,580.0,4,4,3,443,0.0163,Low,recency_days,5,North America,2,2,Organic Search
CUST-01192,Ryan,Brown,Ryan Brown,ryan.brown@company293.com,47,36-50,Male,Germany,Hesse,Frankfurt,2026-04-01,20260401,Referral,active,False,plan_growth,annual,79.0,948.0,5.1,04-06 months,790.0,False,0.0,False,False,False,About To Sleep,Automated re-engagement drip campaign; survey feature usability,153,211.0,790.0,1,2,3,123,0.0569,Low,urgent_ticket_ratio,11,Europe,2,5,Referral
CUST-01226,Jonathan,Gonzalez,Jonathan Gonzalez,jonathan.gonzalez@company327.com,33,26-35,Male,United States,Colorado,Denver,2025-10-13,20251013,Organic Search,active,False,plan_pro,annual,179.0,2148.0,10.8,07-12 months,1790.0,False,0.0,False,False,False,Loyal Customers,Standard ongoing account nurturing,323,664.0,1790.0,3,4,4,344,0.0121,Low,urgent_ticket_ratio,17,North America,2,2,Organic Search
CUST-01239,James,Robinson,James Robinson,james.robinson@company340.com,50,36-50,Male,United States,Texas,Austin,2026-07-30,20260730,Organic Search,active,False,plan_starter,annual,29.0,348.0,1.1,01-03 months,290.0,True,348.0,False,True,False,Hibernating / Lost,Automated re-engagement drip campaign; survey feature usability,33,29.0,290.0,1,1,2,112,0.3793,Medium,has_support_friction,22,North America,2,2,Organic Search
CUST-01257,Shirley,Davis,Shirley Davis,shirley.davis@company358.com,28,26-35,Female,Germany,Hesse,Frankfurt,2024-06-28,20240628,Paid Ads,churned,True,plan_starter,annual,0.0,0.0,24.3,25+ months,580.0,False,0.0,False,True,False,Loyal Customers,Standard ongoing account nurturing,795,839.0,580.0,5,5,3,553,0.9423,Critical,monthly_price,11,Europe,2,3,Paid Ads
CUST-01318,Andrew,Gonzalez,Andrew Gonzalez,andrew.gonzalez@company419.com,30,26-35,Male,United States,Washington,Seattle,2025-04-11,20250411,Organic Search,churned,True,plan_pro,annual,0.0,0.0,6.2,07-12 months,1790.0,False,0.0,False,True,False,Potential Loyalists,Standard ongoing account nurturing,508,361.0,1790.0,4,3,4,434,0.9812,Critical,monthly_price,23,North America,2,2,Organic Search
CUST-01322,Michael,Lee,Michael Lee,michael.lee@company423.com,26,26-35,Male,United States,New York,New York,2025-05-30,20250530,Paid Ads,active,False,plan_pro,monthly,179.0,2148.0,15.3,13-24 months,2864.0,False,0.0,False,False,False,Champions,Offer early access to beta features; invite to executive advisory board,459,939.0,2864.0,4,5,5,455,0.0117,Low,recency_days,21,North America,1,3,Paid Ads
CUST-01334,Scott,Smith,Scott Smith,scott.smith@company435.com,37,36-50,Male,Germany,Bavaria,Munich,2025-02-16,20250216,Paid Ads,churned,True,plan_starter,multi_year,0.0,0.0,4.8,04-06 months,290.0,False,0.0,False,True,False,Promising / New Customers,Standard ongoing account nurturing,562,146.0,290.0,4,1,1,411,0.9634,Critical,monthly_price,9,Europe,3,3,Paid Ads
CUST-01408,Ryan,Nguyen,Ryan Nguyen,ryan.nguyen@company59.com,40,36-50,Male,United States,Washington,Seattle,2025-06-13,20250613,Paid Ads,active,False,plan_starter,annual,29.0,348.0,14.8,13-24 months,580.0,True,348.0,False,True,False,Loyal Customers,Standard ongoing account nurturing,445,478.0,580.0,4,4,3,443,0.0946,Low,has_support_friction,23,North America,2,3,Paid Ads
CUST-01424,Kevin,Wilson,Kevin Wilson,kevin.wilson@company75.com,40,36-50,Male,United States,California,San Francisco,2025-10-23,20251023,Referral,active,False,plan_starter,annual,29.0,348.0,10.4,07-12 months,290.0,False,0.0,False,False,False,General Subscribers,Standard ongoing account nurturing,313,336.0,290.0,3,3,2,332,0.1292,Low,high_urgency_tickets_count,16,North America,2,5,Referral
CUST-01426,Thomas,Robinson,Thomas Robinson,thomas.robinson@company77.com,38,36-50,Male,Canada,Ontario,Toronto,2025-10-09,20251009,Organic Search,churned,True,plan_pro,monthly,0.0,0.0,4.1,04-06 months,716.0,False,0.0,False,False,False,Promising / New Customers,Standard ongoing account nurturing,327,228.0,716.0,3,2,3,323,0.9298,Critical,monthly_price,5,North America,1,2,Organic Search
CUST-01447,Sharon,Lee,Sharon Lee,sharon.lee@company98.com,65,51+,Female,United States,California,San Francisco,2026-02-18,20260218,Social Media,active,False,plan_starter,monthly,29.0,348.0,6.5,07-12 months,203.0,False,0.0,False,False,False,Hibernating / Lost,Automated re-engagement drip campaign; survey feature usability,195,192.0,203.0,2,2,1,221,0.1832,Low,login_frequency_per_month,16,North America,1,6,Social Media
CUST-01497,Lisa,Torres,Lisa Torres,lisa.torres@company148.com,26,26-35,Female,Australia,Queensland,Brisbane,2025-05-13,20250513,Organic Search,churned,True,plan_growth,monthly,0.0,0.0,4.6,04-06 months,395.0,False,0.0,False,False,False,Potential Loyalists,Standard ongoing account nurturing,476,181.0,395.0,4,2,2,422,0.9675,Critical,monthly_price,2,Asia-Pacific,1,2,Organic Search
CUST-00008,Mark,Miller,Mark Miller,mark.miller@company9.com,30,26-35,Male,United States,Massachusetts,Boston,2026-05-25,20260525,Organic Search,churned,True,plan_growth,monthly,0.0,0.0,1.2,01-03 months,158.0,False,0.0,False,True,False,Hibernating / Lost,Automated re-engagement drip campaign; survey feature usability,99,36.0,158.0,1,1,1,111,0.9893,Critical,monthly_price,20,North America,1,2,Organic Search
CUST-00048,Joshua,White,Joshua White,joshua.white@company49.com,41,36-50,Male,Germany,Berlin,Berlin,2025-05-28,20250528,Social Media,churned,True,plan_pro,monthly,0.0,0.0,4.4,04-06 months,895.0,False,0.0,False,True,False,Potential Loyalists,Standard ongoing account nurturing,461,229.0,895.0,4,2,4,424,0.9945,Critical,monthly_price,10,Europe,1,6,Social Media
CUST-00162,Ashley,Nguyen,Ashley Nguyen,ashley.nguyen@company163.com,40,36-50,Female,United States,California,San Francisco,2025-08-12,20250812,Organic Search,active,False,plan_growth,annual,79.0,948.0,12.8,13-24 months,1580.0,False,0.0,False,False,False,Loyal Customers,Standard ongoing account nurturing,385,547.0,1580.0,3,4,4,344,0.0082,Low,avg_resolution_hours,16,North America,2,2,Organic Search
CUST-00207,Laura,Anderson,Laura Anderson,laura.anderson@company208.com,37,36-50,Female,United States,Georgia,Atlanta,2025-10-23,20251023,Social Media,active,False,plan_starter,monthly,29.0,348.0,10.4,07-12 months,319.0,True,348.0,True,False,False,General Subscribers,Standard ongoing account nurturing,313,362.0,319.0,3,3,2,332,0.1196,Low,avg_resolution_hours,18,North America,1,6,Social Media
CUST-00268,Kimberly,Nguyen,Kimberly Nguyen,kimberly.nguyen@company269.com,40,36-50,Female,Canada,Quebec,Montreal,2025-07-05,20250705,Paid Ads,active,False,plan_pro,annual,179.0,2148.0,14.1,13-24 months,3580.0,False,0.0,False,False,False,Loyal Customers,Standard ongoing account nurturing,423,825.0,3580.0,3,5,5,355,0.0096,Low,acquisition_channel_Paid Ads,6,North America,2,3,Paid Ads
CUST-00283,Kenneth,Williams,Kenneth Williams,kenneth.williams@company284.com,24,18-25,Male,United Kingdom,Greater London,London,2025-08-17,20250817,Direct,churned,True,plan_growth,monthly,0.0,0.0,5.0,04-06 months,474.0,False,0.0,False,True,False,Promising / New Customers,Standard ongoing account nurturing,380,200.0,474.0,3,2,2,322,0.9757,Critical,monthly_price,12,Europe,1,1,Direct
CUST-00301,Melissa,Harris,Melissa Harris,melissa.harris@company302.com,35,26-35,Female,Australia,Victoria,Melbourne,2026-02-01,20260201,Paid Ads,churned,True,plan_starter,monthly,0.0,0.0,5.4,04-06 months,174.0,False,0.0,True,True,False,Hibernating / Lost,Automated re-engagement drip campaign; survey feature usability,212,155.0,174.0,2,1,1,211,0.999,Critical,monthly_price,3,Asia-Pacific,1,3,Paid Ads
CUST-00308,Ashley,Martin,Ashley Martin,ashley.martin@company309.com,58,51+,Female,France,Île-de-France,Paris,2026-03-28,20260328,Paid Ads,active,False,plan_growth,multi_year,79.0,948.0,5.2,04-06 months,790.0,False,0.0,False,False,False,About To Sleep,Automated re-engagement drip campaign; survey feature usability,157,245.0,790.0,1,2,3,123,0.0299,Low,urgent_ticket_ratio,8,Europe,3,3,Paid Ads
CUST-00322,Ronald,Torres,Ronald Torres,ronald.torres@company323.com,41,36-50,Male,United States,Massachusetts,Boston,2026-03-29,20260329,Organic Search,active,False,plan_growth,monthly,79.0,948.0,5.2,04-06 months,474.0,False,0.0,False,False,False,Hibernating / Lost,Automated re-engagement drip campaign; survey feature usability,156,237.0,474.0,1,2,2,122,0.035,Low,active_day_ratio,20,North America,1,2,Organic Search
CUST-00467,Joshua,Sanchez,Joshua Sanchez,joshua.sanchez@company18.com,31,26-35,Male,Australia,Victoria,Melbourne,2024-12-05,20241205,Organic Search,active,False,plan_growth,monthly,79.0,948.0,21.2,13-24 months,1738.0,True,948.0,False,True,False,Champions,Offer early access to beta features; invite to executive advisory board,635,933.0,1738.0,5,5,4,554,0.1273,Low,has_support_friction,3,Asia-Pacific,1,2,Organic Search
CUST-00570,Donald,Wright,Donald Wright,donald.wright@company121.com,46,36-50,Male,Australia,Queensland,Brisbane,2026-04-04,20260404,Partner,active,False,plan_pro,annual,179.0,2148.0,5.0,04-06 months,1790.0,False,0.0,False,False,False,At Risk Accounts,Immediate customer success outreach; schedule quarterly business review,150,314.0,1790.0,1,3,4,134,0.0318,Low,tenure_days,2,Asia-Pacific,2,4,Partner
CUST-00686,Cynthia,Moore,Cynthia Moore,cynthia.moore@company237.com,50,36-50,Female,United Kingdom,North West,Manchester,2025-08-31,20250831,Organic Search,active,False,plan_growth,annual,79.0,948.0,12.2,13-24 months,1580.0,False,0.0,False,False,False,Loyal Customers,Standard ongoing account nurturing,366,539.0,1580.0,3,4,4,344,0.0058,Low,plan_tier_Growth,13,Europe,2,2,Organic Search
CUST-00717,Sharon,White,Sharon White,sharon.white@company268.com,38,36-50,Female,United States,California,San Francisco,2026-04-16,20260416,Partner,active,False,plan_pro,annual,179.0,2148.0,4.6,04-06 months,1790.0,False,0.0,False,False,False,At Risk Accounts,Immediate customer success outreach; schedule quarterly business review,138,288.0,1790.0,1,3,4,134,0.0569,Low,urgent_ticket_ratio,16,North America,2,4,Partner
CUST-00718,George,Flores,George Flores,george.flores@company269.com,47,36-50,Male,Germany,Hesse,Frankfurt,2025-08-04,20250804,Organic Search,churned,True,plan_growth,annual,0.0,0.0,12.8,13-24 months,1580.0,False,0.0,True,True,False,Loyal Customers,Standard ongoing account nurturing,393,577.0,1580.0,3,4,4,344,0.9613,Critical,monthly_price,11,Europe,2,2,Organic Search
CUST-00814,Rebecca,Wright,Rebecca Wright,rebecca.wright@company365.com,22,18-25,Female,United States,California,San Francisco,2024-12-24,20241224,Referral,active,False,plan_starter,annual,29.0,348.0,20.5,13-24 months,580.0,False,0.0,False,False,False,Loyal Customers,Standard ongoing account nurturing,616,689.0,580.0,5,4,3,543,0.0192,Low,recency_days,16,North America,2,5,Referral
CUST-00891,Barbara,Garcia,Barbara Garcia,barbara.garcia@company442.com,36,36-50,Female,United States,New York,New York,2025-09-23,20250923,Organic Search,active,False,plan_enterprise,annual,499.0,5988.0,11.4,07-12 months,4990.0,False,0.0,False,False,False,Loyal Customers,Standard ongoing account nurturing,343,954.0,4990.0,3,5,5,355,0.0015,Low,plan_tier_Starter,21,North America,2,2,Organic Search
CUST-00908,Eric,Sanchez,Eric Sanchez,eric.sanchez@company9.com,21,18-25,Male,United States,California,San Francisco,2025-08-08,20250808,Social Media,active,False,plan_growth,monthly,79.0,948.0,13.0,13-24 months,1027.0,False,0.0,False,False,False,Loyal Customers,Standard ongoing account nurturing,389,586.0,1027.0,3,4,4,344,0.0093,Low,contract_type_annual,16,North America,1,6,Social Media
CUST-00912,Sarah,Nguyen,Sarah Nguyen,sarah.nguyen@company13.com,23,18-25,Female,United States,Illinois,Chicago,2025-05-22,20250522,Paid Ads,active,False,plan_starter,monthly,29.0,348.0,15.6,13-24 months,464.0,False,0.0,False,False,False,Potential Loyalists,Standard ongoing account nurturing,467,512.0,464.0,4,4,2,442,0.0451,Low,login_frequency_per_month,19,North America,1,3,Paid Ads
CUST-01093,Jason,Johnson,Jason Johnson,jason.johnson@company194.com,46,36-50,Male,United States,Illinois,Chicago,2026-05-01,20260501,Organic Search,active,False,plan_growth,annual,79.0,948.0,4.1,04-06 months,790.0,True,948.0,True,False,False,About To Sleep,Automated re-engagement drip campaign; survey feature usability,123,193.0,790.0,1,2,3,123,0.0932,Low,avg_resolution_hours,19,North America,2,2,Organic Search
CUST-01188,Amy,Robinson,Amy Robinson,amy.robinson@company289.com,21,18-25,Female,United Kingdom,North West,Manchester,2024-10-26,20241026,Partner,active,False,plan_growth,monthly,79.0,948.0,22.5,13-24 months,1817.0,False,0.0,False,False,False,Champions,Offer early access to beta features; invite to executive advisory board,675,1024.0,1817.0,5,5,5,555,0.0295,Low,recency_days,13,Europe,1,4,Partner
CUST-01203,Elizabeth,Perez,Elizabeth Perez,elizabeth.perez@company304.com,29,26-35,Female,Australia,Victoria,Melbourne,2025-08-03,20250803,Paid Ads,churned,True,plan_starter,monthly,0.0,0.0,12.4,13-24 months,377.0,False,0.0,True,True,False,General Subscribers,Standard ongoing account nurturing,394,414.0,377.0,3,3,2,332,0.9534,Critical,monthly_price,3,Asia-Pacific,1,3,Paid Ads
CUST-01264,Donald,Wilson,Donald Wilson,donald.wilson@company365.com,39,36-50,Male,United States,California,San Francisco,2025-09-11,20250911,Paid Ads,churned,True,plan_starter,annual,0.0,0.0,8.4,07-12 months,290.0,False,0.0,False,True,False,Promising / New Customers,Standard ongoing account nurturing,355,274.0,290.0,3,2,2,322,0.9197,Critical,monthly_price,16,North America,2,3,Paid Ads
CUST-01290,Kathleen,Nguyen,Kathleen Nguyen,kathleen.nguyen@company391.com,26,26-35,Female,United States,Texas,Austin,2024-06-20,20240620,Referral,active,False,plan_growth,monthly,79.0,948.0,26.8,25+ months,2133.0,True,948.0,True,False,False,Champions,Offer early access to beta features; invite to executive advisory board,803,1151.0,2133.0,5,5,5,555,0.0891,Low,recency_days,22,North America,1,5,Referral
CUST-01312,Shirley,Harris,Shirley Harris,shirley.harris@company413.com,31,26-35,Female,France,Île-de-France,Paris,2026-05-22,20260522,Organic Search,active,False,plan_starter,annual,29.0,348.0,3.4,04-06 months,290.0,True,348.0,True,False,False,Hibernating / Lost,Automated re-engagement drip campaign; survey feature usability,102,88.0,290.0,1,1,2,112,0.0719,Low,session_frequency_per_month,8,Europe,2,2,Organic Search
CUST-01333,Anna,Harris,Anna Harris,anna.harris@company434.com,26,26-35,Female,United States,Texas,Austin,2025-01-02,20250102,Organic Search,churned,True,plan_starter,annual,0.0,0.0,19.6,13-24 months,580.0,False,0.0,True,True,False,Loyal Customers,Standard ongoing account nurturing,607,632.0,580.0,5,4,3,543,0.9411,Critical,monthly_price,22,North America,2,2,Organic Search
CUST-01345,William,Martinez,William Martinez,william.martinez@company446.com,34,26-35,Male,United States,Colorado,Denver,2026-03-08,20260308,Organic Search,active,False,plan_starter,annual,29.0,348.0,5.9,04-06 months,290.0,False,0.0,False,False,False,Hibernating / Lost,Automated re-engagement drip campaign; survey feature usability,177,210.0,290.0,1,2,2,122,0.0191,Low,avg_satisfaction_score,17,North America,2,2,Organic Search
CUST-01372,Anna,Taylor,Anna Taylor,anna.taylor@company23.com,50,36-50,Female,United Kingdom,North West,Manchester,2026-01-06,20260106,Paid Ads,active,False,plan_starter,monthly,29.0,348.0,7.9,07-12 months,232.0,False,0.0,False,False,False,Hibernating / Lost,Automated re-engagement drip campaign; survey feature usability,238,284.0,232.0,2,2,1,221,0.0625,Low,avg_resolution_hours,13,Europe,1,3,Paid Ads
CUST-01423,Eric,Davis,Eric Davis,eric.davis@company74.com,51,51+,Male,Germany,Hesse,Frankfurt,2026-04-16,20260416,Social Media,active,False,plan_growth,monthly,79.0,948.0,4.6,04-06 months,395.0,False,0.0,False,False,False,Hibernating / Lost,Automated re-engagement drip campaign; survey feature usability,138,207.0,395.0,1,2,2,122,0.04,Low,urgent_ticket_ratio,11,Europe,1,6,Social Media
CUST-00044,Shirley,Young,Shirley Young,shirley.young@company45.com,35,26-35,Female,Australia,New South Wales,Sydney,2026-03-29,20260329,Organic Search,churned,True,plan_growth,monthly,0.0,0.0,2.4,01-03 months,237.0,False,0.0,False,True,False,Hibernating / Lost,Automated re-engagement drip campaign; survey feature usability,156,106.0,237.0,1,1,1,111,0.9888,Critical,monthly_price,1,Asia-Pacific,1,2,Organic Search
CUST-00104,Larry,Clark,Larry Clark,larry.clark@company105.com,27,26-35,Male,Germany,Berlin,Berlin,2025-03-26,20250326,Partner,active,False,plan_starter,annual,29.0,348.0,17.5,13-24 months,580.0,False,0.0,False,False,False,Loyal Customers,Standard ongoing account nurturing,524,560.0,580.0,4,4,3,443,0.2326,Low,avg_resolution_hours,10,Europe,2,4,Partner
CUST-00131,Susan,King,Susan King,susan.king@company132.com,55,51+,Female,United States,Texas,Austin,2025-04-09,20250409,Paid Ads,active,False,plan_starter,annual,29.0,348.0,17.0,13-24 months,580.0,False,0.0,False,False,False,Loyal Customers,Standard ongoing account nurturing,510,563.0,580.0,4,4,3,443,0.0369,Low,recency_days,22,North America,2,3,Paid Ads
CUST-00182,James,Wilson,James Wilson,james.wilson@company183.com,35,26-35,Male,United States,Texas,Austin,2025-08-17,20250817,Partner,active,False,plan_starter,multi_year,29.0,348.0,12.7,13-24 months,580.0,False,0.0,False,False,False,General Subscribers,Standard ongoing account nurturing,380,435.0,580.0,3,3,3,333,0.0178,Low,avg_resolution_hours,22,North America,3,4,Partner
CUST-00256,Betty,Hernandez,Betty Hernandez,betty.hernandez@company257.com,25,18-25,Female,United Kingdom,West Midlands,Birmingham,2026-05-17,20260517,Social Media,active,False,plan_enterprise,monthly,499.0,5988.0,3.6,04-06 months,1996.0,False,0.0,False,False,False,At Risk Accounts,Immediate customer success outreach; schedule quarterly business review,107,293.0,1996.0,1,3,5,135,0.1609,Low,avg_resolution_hours,15,Europe,1,6,Social Media
CUST-00643,Emma,Perez,Emma Perez,emma.perez@company194.com,25,18-25,Female,United States,Washington,Seattle,2025-11-20,20251120,Paid Ads,churned,True,plan_enterprise,monthly,0.0,0.0,1.9,01-03 months,998.0,False,0.0,False,True,False,About To Sleep,Automated re-engagement drip campaign; survey feature usability,285,93.0,998.0,2,1,4,214,0.9821,Critical,monthly_price,23,North America,1,3,Paid Ads
CUST-00668,Steven,Garcia,Steven Garcia,steven.garcia@company219.com,33,26-35,Male,United States,Illinois,Chicago,2026-01-09,20260109,Organic Search,active,False,plan_starter,annual,29.0,348.0,7.8,07-12 months,290.0,False,0.0,False,False,False,Hibernating / Lost,Automated re-engagement drip campaign; survey feature usability,235,261.0,290.0,2,2,2,222,0.0631,Low,urgent_ticket_ratio,19,North America,2,2,Organic Search
CUST-00705,Amanda,Martinez,Amanda Martinez,amanda.martinez@company256.com,39,36-50,Female,United States,Washington,Seattle,2024-11-29,20241129,Organic Search,active,False,plan_starter,monthly,29.0,348.0,21.4,13-24 months,638.0,False,0.0,False,False,False,Loyal Customers,Standard ongoing account nurturing,641,708.0,638.0,5,5,3,553,0.0659,Low,urgent_ticket_ratio,23,North America,1,2,Organic Search
CUST-00932,William,Johnson,William Johnson,william.johnson@company33.com,59,51+,Male,Canada,Ontario,Toronto,2024-08-10,20240810,Organic Search,churned,True,plan_growth,annual,0.0,0.0,1.8,01-03 months,790.0,False,0.0,False,True,False,Promising / New Customers,Standard ongoing account nurturing,752,50.0,790.0,5,1,3,513,0.9766,Critical,monthly_price,5,North America,2,2,Organic Search
CUST-00980,Ashley,Ramirez,Ashley Ramirez,ashley.ramirez@company81.com,30,26-35,Female,United States,Washington,Seattle,2025-08-09,20250809,Direct,active,False,plan_growth,annual,79.0,948.0,12.9,13-24 months,1580.0,False,0.0,False,False,False,Loyal Customers,Standard ongoing account nurturing,388,591.0,1580.0,3,4,4,344,0.0041,Low,plan_tier_Growth,23,North America,2,1,Direct
CUST-01042,Amy,Allen,Amy Allen,amy.allen@company143.com,32,26-35,Female,United Kingdom,West Midlands,Birmingham,2025-07-05,20250705,Organic Search,active,False,plan_starter,annual,29.0,348.0,14.1,13-24 months,580.0,False,0.0,False,False,False,General Subscribers,Standard ongoing account nurturing,423,467.0,580.0,3,3,3,333,0.0513,Low,urgent_ticket_ratio,15,Europe,2,2,Organic Search
CUST-01156,Kimberly,Scott,Kimberly Scott,kimberly.scott@company257.com,22,18-25,Female,Canada,British Columbia,Vancouver,2025-05-26,20250526,Paid Ads,churned,True,plan_pro,monthly,0.0,0.0,2.5,01-03 months,537.0,False,0.0,False,True,False,Promising / New Customers,Standard ongoing account nurturing,463,113.0,537.0,4,1,3,413,0.9551,Critical,monthly_price,4,North America,1,3,Paid Ads
CUST-01197,Benjamin,Wilson,Benjamin Wilson,benjamin.wilson@company298.com,39,36-50,Male,United States,Colorado,Denver,2025-04-05,20250405,Organic Search,active,False,plan_pro,annual,179.0,2148.0,17.1,13-24 months,3580.0,False,0.0,False,False,False,Champions,Offer early access to beta features; invite to executive advisory board,514,1019.0,3580.0,4,5,5,455,0.0107,Low,urgent_ticket_ratio,17,North America,2,2,Organic Search
CUST-01202,Sarah,Perez,Sarah Perez,sarah.perez@company303.com,28,26-35,Female,Canada,Quebec,Montreal,2025-12-21,20251221,Paid Ads,active,False,plan_growth,monthly,79.0,948.0,8.5,07-12 months,711.0,True,948.0,False,True,False,At Risk Accounts,Immediate customer success outreach; schedule quarterly business review,254,361.0,711.0,2,3,3,233,0.0987,Low,has_support_friction,6,North America,1,3,Paid Ads
CUST-01233,Laura,Flores,Laura Flores,laura.flores@company334.com,24,18-25,Female,United Kingdom,Greater London,London,2026-04-02,20260402,Organic Search,active,False,plan_enterprise,annual,499.0,5988.0,5.1,04-06 months,4990.0,False,0.0,False,False,False,At Risk Accounts,Immediate customer success outreach; schedule quarterly business review,152,428.0,4990.0,1,3,5,135,0.0259,Low,active_day_ratio,12,Europe,2,2,Organic Search
CUST-01283,Betty,White,Betty White,betty.white@company384.com,34,26-35,Female,United Kingdom,North West,Manchester,2025-03-19,20250319,Paid Ads,active,False,plan_starter,annual,29.0,348.0,17.7,13-24 months,580.0,False,0.0,False,False,False,Loyal Customers,Standard ongoing account nurturing,531,580.0,580.0,4,4,3,443,0.0357,Low,recency_days,13,Europe,2,3,Paid Ads
CUST-01414,David,Johnson,David Johnson,david.johnson@company65.com,63,51+,Male,United States,Georgia,Atlanta,2025-05-12,20250512,Partner,churned,True,plan_pro,annual,0.0,0.0,11.7,07-12 months,1790.0,False,0.0,False,True,False,Champions,Offer early access to beta features; invite to executive advisory board,477,688.0,1790.0,4,4,4,444,0.9612,Critical,monthly_price,18,North America,2,4,Partner
CUST-01446,Larry,Moore,Larry Moore,larry.moore@company97.com,52,51+,Male,Australia,Queensland,Brisbane,2024-10-21,20241021,Organic Search,active,False,plan_starter,annual,29.0,348.0,22.7,13-24 months,580.0,True,348.0,False,True,False,Loyal Customers,Standard ongoing account nurturing,680,765.0,580.0,5,5,3,553,0.1932,Low,has_support_friction,2,Asia-Pacific,2,2,Organic Search
CUST-00805,Barbara,Nguyen,Barbara Nguyen,barbara.nguyen@company356.com,30,26-35,Female,France,Auvergne-Rhône-Alpes,Lyon,2026-06-12,20260612,Social Media,churned,True,plan_pro,annual,0.0,0.0,1.3,01-03 months,1790.0,False,0.0,True,True,False,About To Sleep,Automated re-engagement drip campaign; survey feature usability,81,44.0,1790.0,1,1,5,115,0.957,Critical,monthly_price,7,Europe,2,6,Social Media
CUST-00006,Jacob,Wright,Jacob Wright,jacob.wright@company7.com,34,26-35,Male,Australia,New South Wales,Sydney,2025-05-16,20250516,Referral,churned,True,plan_starter,monthly,0.0,0.0,11.6,07-12 months,348.0,False,0.0,False,True,False,Potential Loyalists,Standard ongoing account nurturing,473,376.0,348.0,4,3,2,432,0.9476,Critical,monthly_price,1,Asia-Pacific,1,5,Referral
CUST-00014,Melissa,Anderson,Melissa Anderson,melissa.anderson@company15.com,41,36-50,Female,United States,Georgia,Atlanta,2025-04-27,20250427,Organic Search,churned,True,plan_starter,monthly,0.0,0.0,13.2,13-24 months,406.0,False,0.0,False,True,False,Potential Loyalists,Standard ongoing account nurturing,492,473.0,406.0,4,4,2,442,0.9956,Critical,monthly_price,18,North America,1,2,Organic Search
CUST-00114,Brenda,Williams,Brenda Williams,brenda.williams@company115.com,43,36-50,Female,United States,Georgia,Atlanta,2025-12-13,20251213,Social Media,active,False,plan_growth,monthly,79.0,948.0,8.7,07-12 months,711.0,False,0.0,False,False,False,At Risk Accounts,Immediate customer success outreach; schedule quarterly business review,262,391.0,711.0,2,3,3,233,0.1203,Low,avg_resolution_hours,18,North America,1,6,Social Media
CUST-00132,William,Walker,William Walker,william.walker@company133.com,42,36-50,Male,United States,Colorado,Denver,2025-06-02,20250602,Referral,churned,True,plan_starter,monthly,0.0,0.0,5.1,04-06 months,174.0,False,0.0,False,True,False,Potential Loyalists,Standard ongoing account nurturing,456,160.0,174.0,4,2,1,421,0.9939,Critical,monthly_price,17,North America,1,5,Referral
CUST-00250,Emma,Johnson,Emma Johnson,emma.johnson@company251.com,31,26-35,Female,United Kingdom,Scotland,Edinburgh,2026-03-11,20260311,Referral,active,False,plan_starter,multi_year,29.0,348.0,5.8,04-06 months,290.0,True,348.0,True,False,False,Hibernating / Lost,Automated re-engagement drip campaign; survey feature usability,174,175.0,290.0,1,2,2,122,0.094,Low,session_frequency_per_month,14,Europe,3,5,Referral
CUST-00284,Donna,Robinson,Donna Robinson,donna.robinson@company285.com,49,36-50,Female,United Kingdom,West Midlands,Birmingham,2026-05-03,20260503,Social Media,churned,True,plan_starter,monthly,0.0,0.0,4.0,04-06 months,145.0,False,0.0,True,True,False,Hibernating / Lost,Automated re-engagement drip campaign; survey feature usability,121,108.0,145.0,1,1,1,111,0.9751,Critical,monthly_price,15,Europe,1,6,Social Media
CUST-00507,Nicholas,Garcia,Nicholas Garcia,nicholas.garcia@company58.com,31,26-35,Male,United States,Colorado,Denver,2025-12-08,20251208,Paid Ads,churned,True,plan_starter,monthly,0.0,0.0,5.9,04-06 months,174.0,False,0.0,False,True,False,Hibernating / Lost,Automated re-engagement drip campaign; survey feature usability,267,172.0,174.0,2,2,1,221,0.9991,Critical,monthly_price,17,North America,1,3,Paid Ads
CUST-00597,Jonathan,Taylor,Jonathan Taylor,jonathan.taylor@company148.com,24,18-25,Male,Australia,Queensland,Brisbane,2025-11-09,20251109,Paid Ads,active,False,plan_starter,monthly,29.0,348.0,9.9,07-12 months,290.0,False,0.0,False,False,False,General Subscribers,Standard ongoing account nurturing,296,329.0,290.0,2,3,2,232,0.0441,Low,total_logins,2,Asia-Pacific,1,3,Paid Ads
CUST-00698,Cynthia,Ramirez,Cynthia Ramirez,cynthia.ramirez@company249.com,59,51+,Female,United States,Texas,Austin,2024-09-11,20240911,Paid Ads,churned,True,plan_starter,monthly,0.0,0.0,20.1,13-24 months,609.0,False,0.0,False,True,False,Loyal Customers,Standard ongoing account nurturing,720,700.0,609.0,5,5,3,553,0.9635,Critical,monthly_price,22,North America,1,3,Paid Ads
CUST-00840,Margaret,Flores,Margaret Flores,margaret.flores@company391.com,25,18-25,Female,Australia,Queensland,Brisbane,2026-02-06,20260206,Organic Search,active,False,plan_starter,annual,29.0,348.0,6.9,07-12 months,290.0,True,348.0,False,True,False,Hibernating / Lost,Automated re-engagement drip campaign; survey feature usability,207,221.0,290.0,2,2,2,222,0.2148,Low,has_support_friction,2,Asia-Pacific,2,2,Organic Search
CUST-01021,Daniel,Harris,Daniel Harris,daniel.harris@company122.com,44,36-50,Male,United States,Texas,Austin,2025-08-04,20250804,Organic Search,churned,True,plan_growth,monthly,0.0,0.0,8.9,07-12 months,711.0,False,0.0,False,False,False,General Subscribers,Standard ongoing account nurturing,393,353.0,711.0,3,3,3,333,0.8028,Critical,monthly_price,22,North America,1,2,Organic Search
CUST-01144,Jennifer,Johnson,Jennifer Johnson,jennifer.johnson@company245.com,30,26-35,Female,United States,Washington,Seattle,2026-06-24,20260624,Social Media,active,False,plan_starter,monthly,29.0,348.0,2.3,01-03 months,87.0,False,0.0,False,False,False,Hibernating / Lost,Automated re-engagement drip campaign; survey feature usability,69,83.0,87.0,1,1,1,111,0.0193,Low,total_session_minutes,23,North America,1,6,Social Media
CUST-01160,Andrew,Anderson,Andrew Anderson,andrew.anderson@company261.com,26,26-35,Male,United States,California,San Francisco,2025-01-02,20250102,Paid Ads,churned,True,plan_pro,monthly,0.0,0.0,16.6,13-24 months,3043.0,False,0.0,False,True,False,Champions,Offer early access to beta features; invite to executive advisory board,607,991.0,3043.0,5,5,5,555,0.9806,Critical,monthly_price,16,North America,1,3,Paid Ads
CUST-01249,Barbara,Perez,Barbara Perez,barbara.perez@company350.com,56,51+,Female,Australia,Queensland,Brisbane,2025-06-17,20250617,Organic Search,active,False,plan_growth,annual,79.0,948.0,14.7,13-24 months,1580.0,False,0.0,False,False,False,Champions,Offer early access to beta features; invite to executive advisory board,441,637.0,1580.0,4,4,4,444,0.0145,Low,recency_days,2,Asia-Pacific,2,2,Organic Search
CUST-01397,Nicole,Young,Nicole Young,nicole.young@company48.com,27,26-35,Female,Canada,Ontario,Toronto,2024-08-21,20240821,Organic Search,active,False,plan_enterprise,annual,499.0,5988.0,24.7,25+ months,14970.0,False,0.0,False,False,False,Champions,Offer early access to beta features; invite to executive advisory board,741,2002.0,14970.0,5,5,5,555,0.0165,Low,recency_days,5,North America,2,2,Organic Search
CUST-00023,Steven,King,Steven King,steven.king@company24.com,48,36-50,Male,United States,Washington,Seattle,2026-07-30,20260730,Direct,active,False,plan_growth,monthly,79.0,948.0,1.1,01-03 months,158.0,False,0.0,False,False,False,Hibernating / Lost,Automated re-engagement drip campaign; survey feature usability,33,37.0,158.0,1,1,1,111,0.0697,Low,total_active_days,23,North America,1,1,Direct
CUST-00194,Elizabeth,Garcia,Elizabeth Garcia,elizabeth.garcia@company195.com,42,36-50,Female,United Kingdom,West Midlands,Birmingham,2026-07-01,20260701,Referral,active,False,plan_growth,annual,79.0,948.0,2.1,01-03 months,790.0,True,948.0,True,False,False,About To Sleep,Automated re-engagement drip campaign; survey feature usability,62,74.0,790.0,1,1,3,113,0.0372,Low,avg_satisfaction_score,15,Europe,2,5,Referral
CUST-00238,Amy,Gonzalez,Amy Gonzalez,amy.gonzalez@company239.com,29,26-35,Female,Germany,Bavaria,Munich,2026-01-22,20260122,Organic Search,active,False,plan_growth,monthly,79.0,948.0,7.4,07-12 months,632.0,False,0.0,False,False,False,At Risk Accounts,Immediate customer success outreach; schedule quarterly business review,222,316.0,632.0,2,3,3,233,0.0305,Low,avg_satisfaction_score,9,Europe,1,2,Organic Search
CUST-00340,Anna,Harris,Anna Harris,anna.harris@company341.com,33,26-35,Female,United Kingdom,West Midlands,Birmingham,2026-02-04,20260204,Organic Search,active,False,plan_growth,monthly,79.0,948.0,7.0,07-12 months,553.0,False,0.0,False,False,False,At Risk Accounts,Immediate customer success outreach; schedule quarterly business review,209,312.0,553.0,2,3,3,233,0.0234,Low,avg_satisfaction_score,15,Europe,1,2,Organic Search
CUST-00439,Robert,Flores,Robert Flores,robert.flores@company440.com,40,36-50,Male,United States,Illinois,Chicago,2025-11-11,20251111,Paid Ads,active,False,plan_starter,monthly,29.0,348.0,9.8,07-12 months,290.0,False,0.0,False,False,False,General Subscribers,Standard ongoing account nurturing,294,316.0,290.0,2,3,2,232,0.0684,Low,avg_satisfaction_score,19,North America,1,3,Paid Ads
CUST-00474,Robert,Ramirez,Robert Ramirez,robert.ramirez@company25.com,33,26-35,Male,Canada,Ontario,Toronto,2025-12-28,20251228,Direct,active,False,plan_pro,monthly,179.0,2148.0,8.2,07-12 months,1611.0,False,0.0,False,False,False,Loyal Customers,Immediate customer success outreach; schedule quarterly business review,247,496.0,1611.0,2,4,4,244,0.018,Low,avg_satisfaction_score,5,North America,1,1,Direct
CUST-00516,Donald,Smith,Donald Smith,donald.smith@company67.com,30,26-35,Male,United Kingdom,Scotland,Edinburgh,2024-12-20,20241220,Referral,active,False,plan_enterprise,monthly,499.0,5988.0,20.7,13-24 months,10479.0,True,5988.0,True,False,False,Champions,Offer early access to beta features; invite to executive advisory board,620,1691.0,10479.0,5,5,5,555,0.0614,Low,is_engagement_declining,14,Europe,1,5,Referral
CUST-00564,Donald,Perez,Donald Perez,donald.perez@company115.com,31,26-35,Male,United States,Georgia,Atlanta,2025-07-10,20250710,Direct,active,False,plan_growth,annual,79.0,948.0,13.9,13-24 months,1580.0,False,0.0,False,False,False,Loyal Customers,Standard ongoing account nurturing,418,634.0,1580.0,3,4,4,344,0.0116,Low,avg_satisfaction_score,18,North America,2,1,Direct
CUST-00599,William,Allen,William Allen,william.allen@company150.com,39,36-50,Male,United States,Texas,Austin,2025-12-21,20251221,Organic Search,active,False,plan_starter,monthly,29.0,348.0,8.5,07-12 months,261.0,False,0.0,False,False,False,General Subscribers,Standard ongoing account nurturing,254,308.0,261.0,2,3,1,231,0.0518,Low,active_day_ratio,22,North America,1,2,Organic Search
CUST-00631,Cynthia,Nguyen,Cynthia Nguyen,cynthia.nguyen@company182.com,24,18-25,Female,United States,Illinois,Chicago,2026-04-24,20260424,Organic Search,active,False,plan_pro,annual,179.0,2148.0,4.3,04-06 months,1790.0,False,0.0,False,False,False,About To Sleep,Automated re-engagement drip campaign; survey feature usability,130,268.0,1790.0,1,2,4,124,0.0384,Low,active_day_ratio,19,North America,2,2,Organic Search
CUST-00642,Kevin,White,Kevin White,kevin.white@company193.com,32,26-35,Male,United States,Illinois,Chicago,2026-07-09,20260709,Organic Search,active,False,plan_growth,monthly,79.0,948.0,1.8,01-03 months,158.0,False,0.0,False,False,False,Hibernating / Lost,Automated re-engagement drip campaign; survey feature usability,54,62.0,158.0,1,1,1,111,0.0473,Low,active_day_ratio,19,North America,1,2,Organic Search
CUST-00737,Karen,Gonzalez,Karen Gonzalez,karen.gonzalez@company288.com,30,26-35,Female,United States,Illinois,Chicago,2024-09-28,20240928,Referral,churned,True,plan_growth,annual,0.0,0.0,5.1,04-06 months,790.0,False,0.0,False,False,False,Potential Loyalists,Standard ongoing account nurturing,703,215.0,790.0,5,2,3,523,0.8701,Critical,monthly_price,19,North America,2,5,Referral
CUST-00744,Emma,Torres,Emma Torres,emma.torres@company295.com,35,26-35,Female,United Kingdom,Greater London,London,2025-09-08,20250908,Paid Ads,churned,True,plan_starter,monthly,0.0,0.0,4.8,04-06 months,145.0,False,0.0,False,False,False,Promising / New Customers,Standard ongoing account nurturing,358,155.0,145.0,3,1,1,311,0.8126,Critical,monthly_price,12,Europe,1,3,Paid Ads
CUST-00746,Larry,Harris,Larry Harris,larry.harris@company297.com,26,26-35,Male,United Kingdom,Greater London,London,2025-02-22,20250222,Organic Search,active,False,plan_growth,monthly,79.0,948.0,18.5,13-24 months,1501.0,False,0.0,False,False,False,Champions,Offer early access to beta features; invite to executive advisory board,556,812.0,1501.0,4,5,4,454,0.0264,Low,recency_days,12,Europe,1,2,Organic Search
CUST-00804,Michelle,Torres,Michelle Torres,michelle.torres@company355.com,61,51+,Female,United Kingdom,West Midlands,Birmingham,2025-03-31,20250331,Partner,active,False,plan_enterprise,annual,499.0,5988.0,17.3,13-24 months,9980.0,False,0.0,False,False,False,Champions,Offer early access to beta features; invite to executive advisory board,519,1441.0,9980.0,4,5,5,455,0.0098,Low,recency_days,15,Europe,2,4,Partner
CUST-00832,Jonathan,Perez,Jonathan Perez,jonathan.perez@company383.com,32,26-35,Male,France,Auvergne-Rhône-Alpes,Lyon,2025-09-14,20250914,Paid Ads,active,False,plan_starter,monthly,29.0,348.0,11.7,07-12 months,348.0,False,0.0,False,False,False,General Subscribers,Standard ongoing account nurturing,352,380.0,348.0,3,3,2,332,0.0517,Low,avg_satisfaction_score,7,Europe,1,3,Paid Ads
CUST-00847,Ronald,Gonzalez,Ronald Gonzalez,ronald.gonzalez@company398.com,25,18-25,Male,United States,New York,New York,2024-10-30,20241030,Referral,active,False,plan_enterprise,monthly,499.0,5988.0,22.4,13-24 months,11477.0,False,0.0,False,False,False,Champions,Offer early access to beta features; invite to executive advisory board,671,1834.0,11477.0,5,5,5,555,0.0369,Low,recency_days,21,North America,1,5,Referral
CUST-00896,Cynthia,Martin,Cynthia Martin,cynthia.martin@company447.com,36,36-50,Female,Australia,Victoria,Melbourne,2024-11-27,20241127,Organic Search,active,False,plan_starter,annual,29.0,348.0,21.4,13-24 months,580.0,False,0.0,False,False,False,Loyal Customers,Standard ongoing account nurturing,643,722.0,580.0,5,5,3,553,0.0289,Low,recency_days,3,Asia-Pacific,2,2,Organic Search
CUST-01070,Jessica,Brown,Jessica Brown,jessica.brown@company171.com,44,36-50,Female,Australia,Victoria,Melbourne,2024-10-16,20241016,Organic Search,active,False,plan_pro,annual,179.0,2148.0,22.8,13-24 months,3580.0,False,0.0,False,False,False,Champions,Offer early access to beta features; invite to executive advisory board,685,1331.0,3580.0,5,5,5,555,0.0144,Low,recency_days,3,Asia-Pacific,2,2,Organic Search
CUST-01143,Patricia,Scott,Patricia Scott,patricia.scott@company244.com,33,26-35,Female,United States,Washington,Seattle,2026-04-30,20260430,Referral,active,False,plan_growth,monthly,79.0,948.0,4.1,04-06 months,395.0,False,0.0,False,False,False,Hibernating / Lost,Automated re-engagement drip campaign; survey feature usability,124,169.0,395.0,1,2,2,122,0.0479,Low,active_day_ratio,23,North America,1,5,Referral
CUST-01189,Sarah,Walker,Sarah Walker,sarah.walker@company290.com,44,36-50,Female,Germany,Berlin,Berlin,2025-05-29,20250529,Social Media,active,False,plan_pro,monthly,179.0,2148.0,15.3,13-24 months,2864.0,False,0.0,False,False,False,Champions,Offer early access to beta features; invite to executive advisory board,460,899.0,2864.0,4,5,5,455,0.0121,Low,avg_satisfaction_score,10,Europe,1,6,Social Media
CUST-01282,Steven,Ramirez,Steven Ramirez,steven.ramirez@company383.com,49,36-50,Male,United States,Washington,Seattle,2026-04-29,20260429,Organic Search,active,False,plan_starter,monthly,29.0,348.0,4.2,04-06 months,145.0,False,0.0,False,False,False,Hibernating / Lost,Automated re-engagement drip campaign; survey feature usability,125,141.0,145.0,1,1,1,111,0.0486,Low,active_day_ratio,23,North America,1,2,Organic Search
CUST-01360,Sharon,Walker,Sharon Walker,sharon.walker@company11.com,34,26-35,Female,United States,Massachusetts,Boston,2026-07-18,20260718,Organic Search,active,False,plan_pro,monthly,179.0,2148.0,1.5,01-03 months,358.0,False,0.0,False,False,False,Hibernating / Lost,Automated re-engagement drip campaign; survey feature usability,45,84.0,358.0,1,1,2,112,0.0306,Low,avg_satisfaction_score,20,North America,1,2,Organic Search
CUST-01390,Kimberly,Lewis,Kimberly Lewis,kimberly.lewis@company41.com,46,36-50,Female,United States,New York,New York,2026-04-28,20260428,Direct,active,False,plan_pro,annual,179.0,2148.0,4.2,04-06 months,1790.0,False,0.0,False,False,False,At Risk Accounts,Immediate customer success outreach; schedule quarterly business review,126,306.0,1790.0,1,3,5,135,0.0307,Low,avg_satisfaction_score,21,North America,2,1,Direct
CUST-01484,Angela,Johnson,Angela Johnson,angela.johnson@company135.com,38,36-50,Female,United States,Washington,Seattle,2025-07-18,20250718,Referral,churned,True,plan_starter,monthly,0.0,0.0,13.1,13-24 months,377.0,False,0.0,True,False,True,General Subscribers,Standard ongoing account nurturing,410,431.0,377.0,3,3,2,332,0.8403,Critical,monthly_price,23,North America,1,5,Referral
CUST-00099,Kenneth,Anderson,Kenneth Anderson,kenneth.anderson@company100.com,21,18-25,Male,United States,Texas,Austin,2025-09-17,20250917,Organic Search,active,False,plan_starter,monthly,29.0,348.0,11.6,07-12 months,348.0,True,348.0,True,False,False,General Subscribers,Standard ongoing account nurturing,349,407.0,348.0,3,3,2,332,0.0532,Low,is_engagement_declining,22,North America,1,2,Organic Search
CUST-00167,Deborah,Hill,Deborah Hill,deborah.hill@company168.com,37,36-50,Female,United States,Colorado,Denver,2025-04-02,20250402,Organic Search,active,False,plan_starter,annual,29.0,348.0,17.2,13-24 months,580.0,False,0.0,False,False,False,Loyal Customers,Standard ongoing account nurturing,517,554.0,580.0,4,4,3,443,0.0539,Low,recency_days,17,North America,2,2,Organic Search
CUST-00265,Nancy,Sanchez,Nancy Sanchez,nancy.sanchez@company266.com,43,36-50,Female,Canada,British Columbia,Vancouver,2025-10-27,20251027,Referral,active,False,plan_growth,annual,79.0,948.0,10.3,07-12 months,790.0,False,0.0,False,False,False,General Subscribers,Standard ongoing account nurturing,309,455.0,790.0,3,3,3,333,0.0141,Low,avg_satisfaction_score,4,North America,2,5,Referral
CUST-00364,Brian,Scott,Brian Scott,brian.scott@company365.com,30,26-35,Male,United States,Colorado,Denver,2026-03-09,20260309,Referral,active,False,plan_growth,monthly,79.0,948.0,5.9,04-06 months,474.0,False,0.0,False,False,False,Hibernating / Lost,Automated re-engagement drip campaign; survey feature usability,176,262.0,474.0,1,2,2,122,0.0189,Low,avg_satisfaction_score,17,North America,1,5,Referral
CUST-00618,Mark,Lewis,Mark Lewis,mark.lewis@company169.com,43,36-50,Male,Australia,New South Wales,Sydney,2025-06-20,20250620,Organic Search,active,False,plan_growth,monthly,79.0,948.0,14.6,13-24 months,1185.0,False,0.0,False,False,False,Champions,Offer early access to beta features; invite to executive advisory board,438,607.0,1185.0,4,4,4,444,0.0987,Low,active_day_ratio,1,Asia-Pacific,1,2,Organic Search
CUST-00707,Kathleen,Lopez,Kathleen Lopez,kathleen.lopez@company258.com,25,18-25,Female,Australia,Queensland,Brisbane,2025-11-25,20251125,Referral,active,False,plan_growth,monthly,79.0,948.0,9.3,07-12 months,790.0,False,0.0,False,False,False,At Risk Accounts,Immediate customer success outreach; schedule quarterly business review,280,390.0,790.0,2,3,3,233,0.0292,Low,avg_satisfaction_score,2,Asia-Pacific,1,5,Referral
CUST-00720,Paul,Flores,Paul Flores,paul.flores@company271.com,29,26-35,Male,Germany,Bavaria,Munich,2026-05-24,20260524,Organic Search,active,False,plan_growth,monthly,79.0,948.0,3.3,04-06 months,316.0,False,0.0,False,False,False,Hibernating / Lost,Automated re-engagement drip campaign; survey feature usability,100,133.0,316.0,1,1,2,112,0.058,Low,active_day_ratio,9,Europe,1,2,Organic Search
CUST-00757,Amy,Wright,Amy Wright,amy.wright@company308.com,58,51+,Female,United Kingdom,West Midlands,Birmingham,2026-04-09,20260409,Organic Search,active,False,plan_starter,monthly,29.0,348.0,4.8,04-06 months,145.0,False,0.0,False,False,False,Hibernating / Lost,Automated re-engagement drip campaign; survey feature usability,145,140.0,145.0,1,1,1,111,0.1743,Low,session_frequency_per_month,15,Europe,1,2,Organic Search
CUST-00760,Jennifer,Martinez,Jennifer Martinez,jennifer.martinez@company311.com,31,26-35,Female,United Kingdom,Scotland,Edinburgh,2026-06-26,20260626,Paid Ads,active,False,plan_starter,monthly,29.0,348.0,2.2,01-03 months,87.0,False,0.0,False,False,False,Hibernating / Lost,Automated re-engagement drip campaign; survey feature usability,67,62.0,87.0,1,1,1,111,0.0914,Low,session_frequency_per_month,14,Europe,1,3,Paid Ads
CUST-00861,Charles,Moore,Charles Moore,charles.moore@company412.com,30,26-35,Male,United States,Texas,Austin,2025-06-11,20250611,Referral,active,False,plan_growth,monthly,79.0,948.0,14.9,13-24 months,1185.0,True,948.0,True,False,False,Champions,Offer early access to beta features; invite to executive advisory board,447,642.0,1185.0,4,4,4,444,0.1057,Low,is_engagement_declining,22,North America,1,5,Referral
CUST-00988,Barbara,Young,Barbara Young,barbara.young@company89.com,28,26-35,Female,United States,Massachusetts,Boston,2025-03-16,20250316,Partner,active,False,plan_pro,annual,179.0,2148.0,17.8,13-24 months,3580.0,False,0.0,False,False,False,Champions,Offer early access to beta features; invite to executive advisory board,534,1086.0,3580.0,4,5,5,455,0.0348,Low,active_day_ratio,20,North America,2,4,Partner
CUST-01221,Joseph,Harris,Joseph Harris,joseph.harris@company322.com,46,36-50,Male,United States,Colorado,Denver,2025-09-30,20250930,Direct,active,False,plan_enterprise,annual,499.0,5988.0,11.2,07-12 months,4990.0,False,0.0,False,False,False,Loyal Customers,Standard ongoing account nurturing,336,885.0,4990.0,3,5,5,355,0.0041,Low,avg_satisfaction_score,17,North America,2,1,Direct
CUST-01377,Patricia,Thomas,Patricia Thomas,patricia.thomas@company28.com,25,18-25,Female,United Kingdom,Greater London,London,2025-11-04,20251104,Organic Search,active,False,plan_growth,annual,79.0,948.0,10.0,07-12 months,790.0,False,0.0,False,False,False,Loyal Customers,Immediate customer success outreach; schedule quarterly business review,301,474.0,790.0,2,4,4,244,0.0189,Low,avg_satisfaction_score,12,Europe,2,2,Organic Search
CUST-01450,Sarah,Sanchez,Sarah Sanchez,sarah.sanchez@company101.com,38,36-50,Female,United Kingdom,Greater London,London,2026-05-24,20260524,Paid Ads,active,False,plan_starter,monthly,29.0,348.0,3.3,04-06 months,116.0,False,0.0,False,False,False,Hibernating / Lost,Automated re-engagement drip campaign; survey feature usability,100,107.0,116.0,1,1,1,111,0.0274,Low,avg_satisfaction_score,12,Europe,1,3,Paid Ads
CUST-00200,Brian,Garcia,Brian Garcia,brian.garcia@company201.com,34,26-35,Male,United States,Massachusetts,Boston,2026-02-21,20260221,Paid Ads,active,False,plan_starter,monthly,29.0,348.0,6.4,07-12 months,203.0,False,0.0,False,False,False,Hibernating / Lost,Automated re-engagement drip campaign; survey feature usability,192,202.0,203.0,2,2,1,221,0.0839,Low,session_frequency_per_month,20,North America,1,3,Paid Ads
CUST-00285,Eric,Robinson,Eric Robinson,eric.robinson@company286.com,21,18-25,Male,Germany,Bavaria,Munich,2026-01-09,20260109,Organic Search,active,False,plan_starter,annual,29.0,348.0,7.8,07-12 months,290.0,False,0.0,False,False,False,Hibernating / Lost,Automated re-engagement drip campaign; survey feature usability,235,267.0,290.0,2,2,2,222,0.0366,Low,active_day_ratio,9,Europe,2,2,Organic Search
CUST-00303,James,Johnson,James Johnson,james.johnson@company304.com,42,36-50,Male,United States,Colorado,Denver,2025-08-31,20250831,Paid Ads,active,False,plan_growth,monthly,79.0,948.0,12.2,13-24 months,1027.0,False,0.0,False,False,False,Loyal Customers,Standard ongoing account nurturing,366,510.0,1027.0,3,4,4,344,0.0354,Low,avg_satisfaction_score,17,North America,1,3,Paid Ads
CUST-00981,Rebecca,Taylor,Rebecca Taylor,rebecca.taylor@company82.com,41,36-50,Female,United States,Massachusetts,Boston,2025-09-05,20250905,Referral,active,False,plan_growth,annual,79.0,948.0,12.0,07-12 months,790.0,False,0.0,False,False,False,Loyal Customers,Standard ongoing account nurturing,361,550.0,790.0,3,4,3,343,0.0116,Low,avg_satisfaction_score,20,North America,2,5,Referral
CUST-01028,Donna,Torres,Donna Torres,donna.torres@company129.com,35,26-35,Female,United States,California,San Francisco,2025-02-12,20250212,Paid Ads,churned,True,plan_starter,monthly,0.0,0.0,17.4,13-24 months,522.0,False,0.0,True,False,False,Loyal Customers,Standard ongoing account nurturing,566,568.0,522.0,4,4,3,443,0.8202,Critical,monthly_price,16,North America,1,3,Paid Ads
CUST-01100,Joshua,Torres,Joshua Torres,joshua.torres@company201.com,28,26-35,Male,United States,Washington,Seattle,2025-10-11,20251011,Partner,active,False,plan_pro,annual,179.0,2148.0,10.8,07-12 months,1790.0,False,0.0,False,False,False,Loyal Customers,Standard ongoing account nurturing,325,616.0,1790.0,3,4,5,345,0.0304,Low,avg_satisfaction_score,23,North America,2,4,Partner
CUST-00163,Angela,Davis,Angela Davis,angela.davis@company164.com,50,36-50,Female,United States,Massachusetts,Boston,2026-03-24,20260324,Paid Ads,active,False,plan_starter,monthly,29.0,348.0,5.4,04-06 months,174.0,False,0.0,False,False,False,Hibernating / Lost,Automated re-engagement drip campaign; survey feature usability,161,189.0,174.0,1,2,1,121,0.0247,Low,avg_satisfaction_score,20,North America,1,3,Paid Ads
CUST-00187,Melissa,Garcia,Melissa Garcia,melissa.garcia@company188.com,27,26-35,Female,United States,Colorado,Denver,2026-03-09,20260309,Referral,active,False,plan_starter,monthly,29.0,348.0,5.9,04-06 months,174.0,False,0.0,False,False,False,Hibernating / Lost,Automated re-engagement drip campaign; survey feature usability,176,194.0,174.0,1,2,1,121,0.0424,Low,avg_satisfaction_score,17,North America,1,5,Referral
CUST-00297,Sarah,Allen,Sarah Allen,sarah.allen@company298.com,23,18-25,Female,United Kingdom,West Midlands,Birmingham,2025-10-04,20251004,Referral,active,False,plan_growth,monthly,79.0,948.0,11.1,07-12 months,948.0,False,0.0,False,False,False,Loyal Customers,Standard ongoing account nurturing,332,523.0,948.0,3,4,4,344,0.021,Low,avg_satisfaction_score,15,Europe,1,5,Referral
CUST-00430,Margaret,Lewis,Margaret Lewis,margaret.lewis@company431.com,30,26-35,Female,United States,New York,New York,2025-10-16,20251016,Organic Search,active,False,plan_pro,annual,179.0,2148.0,10.7,07-12 months,1790.0,False,0.0,False,False,False,Loyal Customers,Standard ongoing account nurturing,320,649.0,1790.0,3,4,4,344,0.0516,Low,active_day_ratio,21,North America,2,2,Organic Search
CUST-00713,Karen,Rodriguez,Karen Rodriguez,karen.rodriguez@company264.com,33,26-35,Female,United States,California,San Francisco,2026-03-14,20260314,Paid Ads,active,False,plan_growth,monthly,79.0,948.0,5.7,04-06 months,474.0,False,0.0,False,False,False,Hibernating / Lost,Automated re-engagement drip campaign; survey feature usability,171,243.0,474.0,1,2,2,122,0.0209,Low,avg_satisfaction_score,16,North America,1,3,Paid Ads
CUST-00876,Margaret,Nguyen,Margaret Nguyen,margaret.nguyen@company427.com,32,26-35,Female,United States,California,San Francisco,2025-11-20,20251120,Partner,active,False,plan_starter,monthly,29.0,348.0,9.5,07-12 months,290.0,False,0.0,False,False,False,General Subscribers,Standard ongoing account nurturing,285,307.0,290.0,2,3,2,232,0.0634,Low,login_frequency_per_month,16,North America,1,4,Partner
CUST-00895,Rebecca,Nguyen,Rebecca Nguyen,rebecca.nguyen@company446.com,28,26-35,Female,United Kingdom,Scotland,Edinburgh,2025-09-28,20250928,Paid Ads,churned,True,plan_pro,monthly,0.0,0.0,9.9,07-12 months,1790.0,False,0.0,True,False,False,Loyal Customers,Standard ongoing account nurturing,338,567.0,1790.0,3,4,5,345,0.8009,Critical,monthly_price,14,Europe,1,3,Paid Ads
CUST-01019,Donald,Brown,Donald Brown,donald.brown@company120.com,24,18-25,Male,United States,California,San Francisco,2024-12-12,20241212,Partner,active,False,plan_growth,annual,79.0,948.0,20.9,13-24 months,1580.0,False,0.0,False,False,False,Champions,Offer early access to beta features; invite to executive advisory board,628,943.0,1580.0,5,5,4,554,0.0106,Low,recency_days,16,North America,2,4,Partner
CUST-01265,Charles,Harris,Charles Harris,charles.harris@company366.com,49,36-50,Male,United States,Texas,Austin,2025-07-13,20250713,Direct,active,False,plan_starter,monthly,29.0,348.0,13.8,13-24 months,406.0,False,0.0,False,False,False,General Subscribers,Standard ongoing account nurturing,415,454.0,406.0,3,3,2,332,0.0227,Low,avg_satisfaction_score,22,North America,1,1,Direct
CUST-01358,Laura,Walker,Laura Walker,laura.walker@company9.com,43,36-50,Female,United States,Colorado,Denver,2026-07-11,20260711,Direct,active,False,plan_growth,annual,79.0,948.0,1.7,01-03 months,790.0,False,0.0,False,False,False,About To Sleep,Automated re-engagement drip campaign; survey feature usability,52,58.0,790.0,1,1,3,113,0.0752,Low,active_day_ratio,17,North America,2,1,Direct
CUST-01465,Edward,Harris,Edward Harris,edward.harris@company116.com,46,36-50,Male,Germany,Hesse,Frankfurt,2025-11-21,20251121,Organic Search,active,False,plan_starter,annual,29.0,348.0,9.5,07-12 months,290.0,False,0.0,False,False,False,General Subscribers,Standard ongoing account nurturing,284,334.0,290.0,2,3,2,232,0.0263,Low,avg_satisfaction_score,11,Europe,2,2,Organic Search
CUST-00015,Joseph,Martinez,Joseph Martinez,joseph.martinez@company16.com,37,36-50,Male,Germany,Bavaria,Munich,2024-09-07,20240907,Referral,churned,True,plan_starter,monthly,0.0,0.0,24.1,25+ months,696.0,False,0.0,True,True,True,Loyal Customers,Standard ongoing account nurturing,724,863.0,696.0,5,5,3,553,0.9491,Critical,monthly_price,9,Europe,1,5,Referral
CUST-00054,Amanda,Allen,Amanda Allen,amanda.allen@company55.com,37,36-50,Female,France,Auvergne-Rhône-Alpes,Lyon,2025-11-21,20251121,Direct,active,False,plan_pro,monthly,179.0,2148.0,9.5,07-12 months,1790.0,False,0.0,False,False,False,Loyal Customers,Immediate customer success outreach; schedule quarterly business review,284,601.0,1790.0,2,4,5,245,0.018,Low,avg_resolution_hours,7,Europe,1,1,Direct
CUST-00073,Rebecca,Brown,Rebecca Brown,rebecca.brown@company74.com,34,26-35,Female,United States,California,San Francisco,2026-03-14,20260314,Social Media,active,False,plan_growth,monthly,79.0,948.0,5.7,04-06 months,474.0,False,0.0,False,False,False,Hibernating / Lost,Automated re-engagement drip campaign; survey feature usability,171,245.0,474.0,1,2,2,122,0.027,Low,total_session_minutes,16,North America,1,6,Social Media
CUST-00108,Donna,Williams,Donna Williams,donna.williams@company109.com,25,18-25,Female,Canada,Quebec,Montreal,2026-01-14,20260114,Social Media,active,False,plan_starter,monthly,29.0,348.0,7.7,07-12 months,232.0,False,0.0,False,False,False,Hibernating / Lost,Automated re-engagement drip campaign; survey feature usability,230,271.0,232.0,2,2,1,221,0.0595,Low,urgent_ticket_ratio,6,North America,1,6,Social Media
CUST-00111,Laura,Davis,Laura Davis,laura.davis@company112.com,41,36-50,Female,United States,Colorado,Denver,2026-04-21,20260421,Direct,active,False,plan_enterprise,annual,499.0,5988.0,4.4,04-06 months,4990.0,False,0.0,False,False,False,At Risk Accounts,Immediate customer success outreach; schedule quarterly business review,133,361.0,4990.0,1,3,5,135,0.046,Low,urgent_ticket_ratio,17,North America,2,1,Direct
CUST-00115,Scott,Ramirez,Scott Ramirez,scott.ramirez@company116.com,42,36-50,Male,United States,New York,New York,2025-08-21,20250821,Paid Ads,churned,True,plan_starter,monthly,0.0,0.0,9.2,07-12 months,261.0,False,0.0,False,True,False,Promising / New Customers,Standard ongoing account nurturing,376,272.0,261.0,3,2,1,321,0.9863,Critical,monthly_price,21,North America,1,3,Paid Ads
CUST-00121,Jessica,Johnson,Jessica Johnson,jessica.johnson@company122.com,32,26-35,Female,United Kingdom,North West,Manchester,2026-07-18,20260718,Partner,active,False,plan_pro,annual,179.0,2148.0,1.5,01-03 months,1790.0,True,2148.0,False,True,False,About To Sleep,Automated re-engagement drip campaign; survey feature usability,45,109.0,1790.0,1,1,5,115,0.1108,Low,has_support_friction,13,Europe,2,4,Partner
CUST-00128,Betty,Thomas,Betty Thomas,betty.thomas@company129.com,26,26-35,Female,United States,Colorado,Denver,2024-06-20,20240620,Organic Search,churned,True,plan_starter,monthly,0.0,0.0,11.1,07-12 months,319.0,False,0.0,False,True,False,Potential Loyalists,Standard ongoing account nurturing,803,360.0,319.0,5,3,2,532,0.9634,Critical,monthly_price,17,North America,1,2,Organic Search
CUST-00135,Jeffrey,Miller,Jeffrey Miller,jeffrey.miller@company136.com,38,36-50,Male,Canada,Ontario,Toronto,2025-09-06,20250906,Paid Ads,churned,True,plan_starter,monthly,0.0,0.0,6.7,07-12 months,203.0,False,0.0,False,True,False,Promising / New Customers,Standard ongoing account nurturing,360,215.0,203.0,3,2,1,321,0.9968,Critical,monthly_price,5,North America,1,3,Paid Ads
CUST-00171,Sarah,Scott,Sarah Scott,sarah.scott@company172.com,33,26-35,Female,France,Auvergne-Rhône-Alpes,Lyon,2025-04-18,20250418,Referral,active,False,plan_growth,annual,79.0,948.0,16.7,13-24 months,1580.0,True,948.0,True,False,False,Champions,Offer early access to beta features; invite to executive advisory board,501,704.0,1580.0,4,5,4,454,0.0458,Low,avg_resolution_hours,7,Europe,2,5,Referral
CUST-00227,Brian,Moore,Brian Moore,brian.moore@company228.com,21,18-25,Male,United States,Colorado,Denver,2025-10-28,20251028,Partner,active,False,plan_starter,annual,29.0,348.0,10.3,07-12 months,290.0,False,0.0,False,False,False,General Subscribers,Standard ongoing account nurturing,308,375.0,290.0,2,3,2,232,0.0424,Low,urgent_ticket_ratio,17,North America,2,4,Partner
CUST-00240,Nancy,Lopez,Nancy Lopez,nancy.lopez@company241.com,30,26-35,Female,United Kingdom,Greater London,London,2025-06-30,20250630,Direct,churned,True,plan_growth,monthly,0.0,0.0,1.6,01-03 months,158.0,False,0.0,False,True,False,Promising / New Customers,Standard ongoing account nurturing,428,49.0,158.0,3,1,1,311,0.9968,Critical,monthly_price,12,Europe,1,1,Direct
CUST-00253,Dorothy,Thompson,Dorothy Thompson,dorothy.thompson@company254.com,45,36-50,Female,United States,Massachusetts,Boston,2026-02-25,20260225,Paid Ads,churned,True,plan_starter,monthly,0.0,0.0,5.9,04-06 months,174.0,False,0.0,True,True,False,Hibernating / Lost,Automated re-engagement drip campaign; survey feature usability,188,181.0,174.0,2,2,1,221,0.9187,Critical,monthly_price,20,North America,1,3,Paid Ads
CUST-00296,Jessica,Wilson,Jessica Wilson,jessica.wilson@company297.com,49,36-50,Female,United States,Georgia,Atlanta,2025-03-20,20250320,Social Media,churned,True,plan_growth,monthly,0.0,0.0,1.6,01-03 months,158.0,False,0.0,False,True,False,Promising / New Customers,Standard ongoing account nurturing,530,34.0,158.0,4,1,1,411,0.9994,Critical,monthly_price,18,North America,1,6,Social Media
CUST-00311,Rebecca,Clark,Rebecca Clark,rebecca.clark@company312.com,36,36-50,Female,United States,Georgia,Atlanta,2025-06-15,20250615,Organic Search,active,False,plan_growth,monthly,79.0,948.0,14.8,13-24 months,1185.0,False,0.0,False,False,False,Champions,Offer early access to beta features; invite to executive advisory board,443,650.0,1185.0,4,4,4,444,0.004,Low,recency_days,18,North America,1,2,Organic Search
CUST-00355,Elizabeth,Lewis,Elizabeth Lewis,elizabeth.lewis@company356.com,40,36-50,Female,United States,Colorado,Denver,2025-09-29,20250929,Paid Ads,churned,True,plan_growth,monthly,0.0,0.0,6.3,07-12 months,553.0,False,0.0,False,True,False,Promising / New Customers,Standard ongoing account nurturing,337,249.0,553.0,3,2,3,323,0.9147,Critical,monthly_price,17,North America,1,3,Paid Ads
CUST-00357,George,Hernandez,George Hernandez,george.hernandez@company358.com,36,36-50,Male,United States,Colorado,Denver,2024-12-23,20241223,Direct,active,False,plan_enterprise,multi_year,499.0,5988.0,20.6,13-24 months,9980.0,False,0.0,False,False,False,Champions,Offer early access to beta features; invite to executive advisory board,617,1720.0,9980.0,5,5,5,555,0.0155,Low,recency_days,17,North America,3,1,Direct
CUST-00371,Eric,Harris,Eric Harris,eric.harris@company372.com,29,26-35,Male,United States,Colorado,Denver,2025-07-30,20250730,Paid Ads,churned,True,plan_starter,monthly,0.0,0.0,3.6,04-06 months,116.0,False,0.0,False,True,False,Promising / New Customers,Standard ongoing account nurturing,398,96.0,116.0,3,1,1,311,0.9999,Critical,monthly_price,17,North America,1,3,Paid Ads
CUST-00372,Helen,Lopez,Helen Lopez,helen.lopez@company373.com,29,26-35,Female,United States,Texas,Austin,2026-03-09,20260309,Organic Search,active,False,plan_pro,monthly,179.0,2148.0,5.9,04-06 months,1074.0,True,2148.0,False,True,False,At Risk Accounts,Immediate customer success outreach; schedule quarterly business review,176,370.0,1074.0,1,3,4,134,0.0693,Low,has_support_friction,22,North America,1,2,Organic Search
CUST-00377,Anna,Allen,Anna Allen,anna.allen@company378.com,26,26-35,Female,United States,Massachusetts,Boston,2026-03-03,20260303,Paid Ads,active,False,plan_starter,multi_year,29.0,348.0,6.1,07-12 months,290.0,False,0.0,False,False,False,Hibernating / Lost,Automated re-engagement drip campaign; survey feature usability,182,218.0,290.0,1,2,2,122,0.0378,Low,urgent_ticket_ratio,20,North America,3,3,Paid Ads
CUST-00405,Gary,Jones,Gary Jones,gary.jones@company406.com,30,26-35,Male,United States,Illinois,Chicago,2025-07-21,20250721,Organic Search,active,False,plan_starter,monthly,29.0,348.0,13.6,13-24 months,406.0,False,0.0,False,False,False,General Subscribers,Standard ongoing account nurturing,407,482.0,406.0,3,4,2,342,0.0727,Low,urgent_ticket_ratio,19,North America,1,2,Organic Search
CUST-00434,Thomas,Davis,Thomas Davis,thomas.davis@company435.com,29,26-35,Male,Germany,Berlin,Berlin,2024-12-12,20241212,Organic Search,churned,True,plan_pro,monthly,0.0,0.0,11.2,07-12 months,2148.0,False,0.0,False,True,False,Champions,Offer early access to beta features; invite to executive advisory board,628,659.0,2148.0,5,4,5,545,0.9512,Critical,monthly_price,10,Europe,1,2,Organic Search
CUST-00456,David,Perez,David Perez,david.perez@company7.com,37,36-50,Male,United States,Washington,Seattle,2024-12-28,20241228,Referral,churned,True,plan_pro,monthly,0.0,0.0,2.3,01-03 months,537.0,False,0.0,False,True,False,Promising / New Customers,Standard ongoing account nurturing,612,90.0,537.0,5,1,3,513,0.993,Critical,monthly_price,23,North America,1,5,Referral
CUST-00539,Mark,Robinson,Mark Robinson,mark.robinson@company90.com,26,26-35,Male,Canada,Quebec,Montreal,2024-05-10,20240510,Paid Ads,churned,True,plan_starter,monthly,0.0,0.0,4.9,04-06 months,145.0,False,0.0,False,True,False,Potential Loyalists,Standard ongoing account nurturing,844,169.0,145.0,5,2,1,521,0.9836,Critical,monthly_price,6,North America,1,3,Paid Ads
CUST-00542,Susan,Taylor,Susan Taylor,susan.taylor@company93.com,54,51+,Female,United States,Colorado,Denver,2024-05-26,20240526,Organic Search,churned,True,plan_starter,monthly,0.0,0.0,11.0,07-12 months,348.0,False,0.0,False,True,False,Potential Loyalists,Standard ongoing account nurturing,828,334.0,348.0,5,3,2,532,0.9478,Critical,monthly_price,17,North America,1,2,Organic Search
CUST-00576,Gary,Hernandez,Gary Hernandez,gary.hernandez@company127.com,28,26-35,Male,United States,Colorado,Denver,2025-07-18,20250718,Partner,churned,True,plan_pro,multi_year,0.0,0.0,4.9,04-06 months,1790.0,False,0.0,False,False,False,General Subscribers,Standard ongoing account nurturing,410,290.0,1790.0,3,3,4,334,0.8506,Critical,monthly_price,17,North America,3,4,Partner
CUST-00619,Carol,Scott,Carol Scott,carol.scott@company170.com,75,51+,Female,Canada,Ontario,Toronto,2025-12-21,20251221,Organic Search,active,False,plan_starter,monthly,29.0,348.0,8.5,07-12 months,261.0,False,0.0,False,False,False,General Subscribers,Standard ongoing account nurturing,254,307.0,261.0,2,3,1,231,0.0481,Low,total_tickets_count,5,North America,1,2,Organic Search
CUST-00630,Deborah,Torres,Deborah Torres,deborah.torres@company181.com,24,18-25,Female,United States,Massachusetts,Boston,2025-09-30,20250930,Direct,active,False,plan_enterprise,multi_year,499.0,5988.0,11.2,07-12 months,4990.0,False,0.0,False,False,False,Loyal Customers,Standard ongoing account nurturing,336,923.0,4990.0,3,5,5,355,0.0072,Low,avg_resolution_hours,20,North America,3,1,Direct
CUST-00657,Donald,Hernandez,Donald Hernandez,donald.hernandez@company208.com,32,26-35,Male,United States,Georgia,Atlanta,2025-12-08,20251208,Paid Ads,active,False,plan_growth,monthly,79.0,948.0,8.9,07-12 months,711.0,False,0.0,False,False,False,At Risk Accounts,Immediate customer success outreach; schedule quarterly business review,267,394.0,711.0,2,3,3,233,0.0141,Low,avg_resolution_hours,18,North America,1,3,Paid Ads
CUST-00661,Helen,Moore,Helen Moore,helen.moore@company212.com,30,26-35,Female,United States,Texas,Austin,2025-10-10,20251010,Referral,active,False,plan_growth,annual,79.0,948.0,10.9,07-12 months,790.0,True,948.0,False,True,False,Loyal Customers,Standard ongoing account nurturing,326,470.0,790.0,3,4,4,344,0.2406,Low,has_support_friction,22,North America,2,5,Referral
CUST-00663,Helen,Anderson,Helen Anderson,helen.anderson@company214.com,54,51+,Female,United States,Massachusetts,Boston,2025-04-04,20250404,Paid Ads,active,False,plan_growth,annual,79.0,948.0,17.2,13-24 months,1580.0,False,0.0,False,False,False,Champions,Offer early access to beta features; invite to executive advisory board,515,755.0,1580.0,4,5,4,454,0.0111,Low,recency_days,20,North America,2,3,Paid Ads
CUST-00669,Rebecca,Gonzalez,Rebecca Gonzalez,rebecca.gonzalez@company220.com,30,26-35,Female,United States,Illinois,Chicago,2026-02-21,20260221,Organic Search,active,False,plan_starter,annual,29.0,348.0,6.4,07-12 months,290.0,False,0.0,False,False,False,Hibernating / Lost,Automated re-engagement drip campaign; survey feature usability,192,211.0,290.0,2,2,2,222,0.0226,Low,total_tickets_count,19,North America,2,2,Organic Search
CUST-00708,Brandon,Martin,Brandon Martin,brandon.martin@company259.com,30,26-35,Male,Germany,Bavaria,Munich,2026-05-31,20260531,Organic Search,active,False,plan_growth,annual,79.0,948.0,3.1,04-06 months,790.0,False,0.0,False,False,False,About To Sleep,Automated re-engagement drip campaign; survey feature usability,93,136.0,790.0,1,1,4,114,0.1627,Low,active_day_ratio,9,Europe,2,2,Organic Search
CUST-00734,Jeffrey,Martinez,Jeffrey Martinez,jeffrey.martinez@company285.com,43,36-50,Male,United Kingdom,North West,Manchester,2024-09-21,20240921,Paid Ads,active,False,plan_pro,monthly,179.0,2148.0,23.7,13-24 months,4296.0,False,0.0,False,False,False,Champions,Offer early access to beta features; invite to executive advisory board,710,1472.0,4296.0,5,5,5,555,0.038,Low,recency_days,13,Europe,1,3,Paid Ads
CUST-00747,Stephanie,Martin,Stephanie Martin,stephanie.martin@company298.com,57,51+,Female,United States,Texas,Austin,2024-05-13,20240513,Paid Ads,churned,True,plan_growth,annual,0.0,0.0,1.9,01-03 months,790.0,False,0.0,False,True,False,Promising / New Customers,Standard ongoing account nurturing,841,58.0,790.0,5,1,3,513,0.9798,Critical,monthly_price,22,North America,2,3,Paid Ads
CUST-00752,David,Davis,David Davis,david.davis@company303.com,54,51+,Male,United Kingdom,Greater London,London,2026-07-14,20260714,Paid Ads,active,False,plan_starter,monthly,29.0,348.0,1.6,01-03 months,58.0,False,0.0,False,False,False,Hibernating / Lost,Automated re-engagement drip campaign; survey feature usability,49,52.0,58.0,1,1,1,111,0.0981,Low,active_day_ratio,12,Europe,1,3,Paid Ads
CUST-00768,James,Davis,James Davis,james.davis@company319.com,22,18-25,Male,United Kingdom,Greater London,London,2025-02-08,20250208,Partner,active,False,plan_starter,annual,29.0,348.0,19.0,13-24 months,580.0,False,0.0,False,False,False,Loyal Customers,Standard ongoing account nurturing,570,672.0,580.0,4,4,3,443,0.0944,Low,urgent_ticket_ratio,12,Europe,2,4,Partner
CUST-00773,Gary,Martinez,Gary Martinez,gary.martinez@company324.com,46,36-50,Male,Australia,Queensland,Brisbane,2025-08-02,20250802,Social Media,active,False,plan_starter,monthly,29.0,348.0,13.2,13-24 months,406.0,False,0.0,False,False,False,General Subscribers,Standard ongoing account nurturing,395,446.0,406.0,3,3,2,332,0.0307,Low,avg_resolution_hours,2,Asia-Pacific,1,6,Social Media
CUST-00789,Gary,Brown,Gary Brown,gary.brown@company340.com,25,18-25,Male,United States,Colorado,Denver,2024-06-02,20240602,Paid Ads,churned,True,plan_starter,monthly,0.0,0.0,17.8,13-24 months,522.0,False,0.0,False,True,False,Loyal Customers,Standard ongoing account nurturing,821,565.0,522.0,5,4,3,543,0.9599,Critical,monthly_price,17,North America,1,3,Paid Ads
CUST-00800,Dorothy,Scott,Dorothy Scott,dorothy.scott@company351.com,22,18-25,Female,United States,Illinois,Chicago,2025-12-04,20251204,Direct,churned,True,plan_pro,annual,0.0,0.0,3.8,04-06 months,1790.0,False,0.0,False,True,False,About To Sleep,Automated re-engagement drip campaign; survey feature usability,271,194.0,1790.0,2,2,5,225,0.9914,Critical,monthly_price,19,North America,2,1,Direct
CUST-00807,Jessica,Jackson,Jessica Jackson,jessica.jackson@company358.com,41,36-50,Female,United States,Colorado,Denver,2025-09-08,20250908,Referral,active,False,plan_growth,annual,79.0,948.0,11.9,07-12 months,790.0,True,948.0,False,True,False,Loyal Customers,Standard ongoing account nurturing,358,551.0,790.0,3,4,3,343,0.0599,Low,has_support_friction,17,North America,2,5,Referral
CUST-00811,David,Rodriguez,David Rodriguez,david.rodriguez@company362.com,47,36-50,Male,United States,Georgia,Atlanta,2026-02-22,20260222,Social Media,churned,True,plan_growth,monthly,0.0,0.0,2.6,01-03 months,237.0,False,0.0,False,True,False,Hibernating / Lost,Automated re-engagement drip campaign; survey feature usability,191,97.0,237.0,2,1,1,211,0.9976,Critical,monthly_price,18,North America,1,6,Social Media
CUST-00816,Cynthia,King,Cynthia King,cynthia.king@company367.com,38,36-50,Female,Australia,New South Wales,Sydney,2025-03-20,20250320,Organic Search,churned,True,plan_starter,annual,0.0,0.0,10.2,07-12 months,290.0,False,0.0,False,True,False,Potential Loyalists,Standard ongoing account nurturing,530,332.0,290.0,4,3,2,432,0.9833,Critical,monthly_price,1,Asia-Pacific,2,2,Organic Search
CUST-00836,Joseph,Lopez,Joseph Lopez,joseph.lopez@company387.com,34,26-35,Male,United States,New York,New York,2025-08-24,20250824,Referral,churned,True,plan_starter,monthly,0.0,0.0,8.9,07-12 months,261.0,False,0.0,False,True,False,Promising / New Customers,Standard ongoing account nurturing,373,274.0,261.0,3,2,1,321,0.9888,Critical,monthly_price,21,North America,1,5,Referral
CUST-00842,Karen,Smith,Karen Smith,karen.smith@company393.com,36,36-50,Female,United Kingdom,Scotland,Edinburgh,2024-12-29,20241229,Organic Search,active,False,plan_growth,annual,79.0,948.0,20.4,13-24 months,1580.0,False,0.0,False,False,False,Champions,Offer early access to beta features; invite to executive advisory board,611,931.0,1580.0,5,5,4,554,0.0137,Low,urgent_ticket_ratio,14,Europe,2,2,Organic Search
CUST-00850,Patricia,Williams,Patricia Williams,patricia.williams@company401.com,28,26-35,Female,United States,California,San Francisco,2024-07-12,20240712,Paid Ads,churned,True,plan_growth,monthly,0.0,0.0,21.5,13-24 months,1738.0,False,0.0,False,True,False,Champions,Offer early access to beta features; invite to executive advisory board,781,920.0,1738.0,5,5,4,554,0.9627,Critical,monthly_price,16,North America,1,3,Paid Ads
CUST-00852,William,Williams,William Williams,william.williams@company403.com,46,36-50,Male,United States,California,San Francisco,2025-06-07,20250607,Paid Ads,churned,True,plan_starter,monthly,0.0,0.0,5.1,04-06 months,174.0,False,0.0,False,True,False,Promising / New Customers,Standard ongoing account nurturing,451,137.0,174.0,4,1,1,411,0.9636,Critical,monthly_price,16,North America,1,3,Paid Ads
CUST-00870,Kevin,Anderson,Kevin Anderson,kevin.anderson@company421.com,35,26-35,Male,Canada,Ontario,Toronto,2025-10-16,20251016,Paid Ads,active,False,plan_starter,annual,29.0,348.0,10.7,07-12 months,290.0,False,0.0,False,False,False,General Subscribers,Standard ongoing account nurturing,320,376.0,290.0,3,3,2,332,0.0675,Low,urgent_ticket_ratio,5,North America,2,3,Paid Ads
CUST-00934,Mary,Miller,Mary Miller,mary.miller@company35.com,41,36-50,Female,Australia,New South Wales,Sydney,2026-07-25,20260725,Referral,active,False,plan_growth,monthly,79.0,948.0,1.3,01-03 months,158.0,False,0.0,False,False,False,Hibernating / Lost,Automated re-engagement drip campaign; survey feature usability,38,67.0,158.0,1,1,1,111,0.0215,Low,total_active_days,1,Asia-Pacific,1,5,Referral
CUST-00937,Richard,Nguyen,Richard Nguyen,richard.nguyen@company38.com,50,36-50,Male,United Kingdom,North West,Manchester,2025-03-16,20250316,Direct,active,False,plan_pro,annual,179.0,2148.0,17.8,13-24 months,3580.0,False,0.0,False,False,False,Champions,Offer early access to beta features; invite to executive advisory board,534,1172.0,3580.0,4,5,5,455,0.0164,Low,avg_resolution_hours,13,Europe,2,1,Direct
CUST-00986,Michelle,Garcia,Michelle Garcia,michelle.garcia@company87.com,54,51+,Female,Canada,British Columbia,Vancouver,2025-11-13,20251113,Organic Search,active,False,plan_growth,monthly,79.0,948.0,9.7,07-12 months,790.0,False,0.0,False,False,False,At Risk Accounts,Immediate customer success outreach; schedule quarterly business review,292,431.0,790.0,2,3,3,233,0.012,Low,contract_type_annual,4,North America,1,2,Organic Search
CUST-01043,Jonathan,Johnson,Jonathan Johnson,jonathan.johnson@company144.com,28,26-35,Male,United States,New York,New York,2025-12-21,20251221,Organic Search,active,False,plan_growth,monthly,79.0,948.0,8.5,07-12 months,711.0,True,948.0,False,True,False,At Risk Accounts,Immediate customer success outreach; schedule quarterly business review,254,355.0,711.0,2,3,3,233,0.0883,Low,has_support_friction,21,North America,1,2,Organic Search
CUST-01090,Gary,Allen,Gary Allen,gary.allen@company191.com,52,51+,Male,United States,Texas,Austin,2025-11-19,20251119,Direct,active,False,plan_growth,monthly,79.0,948.0,9.5,07-12 months,790.0,True,948.0,False,True,False,At Risk Accounts,Immediate customer success outreach; schedule quarterly business review,286,420.0,790.0,2,3,3,233,0.1386,Low,has_support_friction,22,North America,1,1,Direct
CUST-01108,Nicole,Perez,Nicole Perez,nicole.perez@company209.com,32,26-35,Female,Canada,Quebec,Montreal,2026-02-26,20260226,Direct,active,False,plan_starter,annual,29.0,348.0,6.2,07-12 months,290.0,True,348.0,True,False,False,Hibernating / Lost,Automated re-engagement drip campaign; survey feature usability,187,201.0,290.0,2,2,2,222,0.0504,Low,active_day_ratio,6,North America,2,1,Direct
CUST-01129,Larry,Brown,Larry Brown,larry.brown@company230.com,23,18-25,Male,United States,New York,New York,2026-05-05,20260505,Referral,active,False,plan_starter,annual,29.0,348.0,4.0,04-06 months,290.0,False,0.0,False,False,False,Hibernating / Lost,Automated re-engagement drip campaign; survey feature usability,119,134.0,290.0,1,1,2,112,0.1165,Low,avg_resolution_hours,21,North America,2,5,Referral
CUST-01141,Paul,Walker,Paul Walker,paul.walker@company242.com,42,36-50,Male,France,Auvergne-Rhône-Alpes,Lyon,2026-03-29,20260329,Social Media,active,False,plan_starter,annual,29.0,348.0,5.2,04-06 months,290.0,True,348.0,False,True,False,Hibernating / Lost,Automated re-engagement drip campaign; survey feature usability,156,176.0,290.0,1,2,2,122,0.1463,Low,has_support_friction,7,Europe,2,6,Social Media
CUST-01142,Margaret,Sanchez,Margaret Sanchez,margaret.sanchez@company243.com,33,26-35,Female,France,Auvergne-Rhône-Alpes,Lyon,2026-02-22,20260222,Organic Search,active,False,plan_pro,annual,179.0,2148.0,6.4,07-12 months,1790.0,False,0.0,False,False,False,At Risk Accounts,Immediate customer success outreach; schedule quarterly business review,191,392.0,1790.0,2,3,5,235,0.04,Low,urgent_ticket_ratio,7,Europe,2,2,Organic Search
CUST-01161,Betty,Perez,Betty Perez,betty.perez@company262.com,27,26-35,Female,Canada,Quebec,Montreal,2024-09-18,20240918,Social Media,churned,True,plan_starter,monthly,0.0,0.0,2.6,01-03 months,87.0,False,0.0,False,True,False,Promising / New Customers,Standard ongoing account nurturing,713,63.0,87.0,5,1,1,511,0.9975,Critical,monthly_price,6,North America,1,6,Social Media
CUST-01172,Michelle,Garcia,Michelle Garcia,michelle.garcia@company273.com,23,18-25,Female,United Kingdom,North West,Manchester,2024-11-29,20241129,Organic Search,churned,True,plan_pro,monthly,0.0,0.0,7.5,07-12 months,1432.0,False,0.0,False,True,False,Champions,Offer early access to beta features; invite to executive advisory board,641,481.0,1432.0,5,4,4,544,0.9736,Critical,monthly_price,13,Europe,1,2,Organic Search
CUST-01182,Cynthia,Harris,Cynthia Harris,cynthia.harris@company283.com,27,26-35,Female,United States,New York,New York,2025-10-02,20251002,Paid Ads,active,False,plan_starter,annual,29.0,348.0,11.1,07-12 months,290.0,False,0.0,False,False,False,General Subscribers,Standard ongoing account nurturing,334,400.0,290.0,3,3,2,332,0.0296,Low,avg_resolution_hours,21,North America,2,3,Paid Ads
CUST-01186,Eric,Williams,Eric Williams,eric.williams@company287.com,31,26-35,Male,United States,Georgia,Atlanta,2024-08-17,20240817,Paid Ads,churned,True,plan_growth,monthly,0.0,0.0,5.6,04-06 months,474.0,False,0.0,False,True,False,Potential Loyalists,Standard ongoing account nurturing,745,204.0,474.0,5,2,2,522,0.9637,Critical,monthly_price,18,North America,1,3,Paid Ads
CUST-01194,Paul,White,Paul White,paul.white@company295.com,37,36-50,Male,United States,California,San Francisco,2024-12-25,20241225,Paid Ads,churned,True,plan_starter,monthly,0.0,0.0,1.3,01-03 months,58.0,False,0.0,False,True,False,Promising / New Customers,Standard ongoing account nurturing,615,20.0,58.0,5,1,1,511,0.9999,Critical,monthly_price,16,North America,1,3,Paid Ads
CUST-01218,Cynthia,Jackson,Cynthia Jackson,cynthia.jackson@company319.com,39,36-50,Female,United Kingdom,Greater London,London,2026-06-17,20260617,Paid Ads,active,False,plan_growth,annual,79.0,948.0,2.5,01-03 months,790.0,True,948.0,False,True,False,About To Sleep,Automated re-engagement drip campaign; survey feature usability,76,123.0,790.0,1,1,3,113,0.1869,Low,has_support_friction,12,Europe,2,3,Paid Ads
CUST-01258,Nicholas,Jackson,Nicholas Jackson,nicholas.jackson@company359.com,52,51+,Male,United States,Massachusetts,Boston,2026-07-09,20260709,Organic Search,active,False,plan_starter,monthly,29.0,348.0,1.8,01-03 months,58.0,False,0.0,False,False,False,Hibernating / Lost,Automated re-engagement drip campaign; survey feature usability,54,60.0,58.0,1,1,1,111,0.0319,Low,active_day_ratio,20,North America,1,2,Organic Search
CUST-01271,Scott,Lopez,Scott Lopez,scott.lopez@company372.com,21,18-25,Male,France,Auvergne-Rhône-Alpes,Lyon,2025-12-24,20251224,Organic Search,churned,True,plan_growth,annual,0.0,0.0,2.9,01-03 months,790.0,False,0.0,False,True,False,About To Sleep,Automated re-engagement drip campaign; survey feature usability,251,103.0,790.0,2,1,3,213,0.9557,Critical,monthly_price,7,Europe,2,2,Organic Search
CUST-01285,Stephen,Davis,Stephen Davis,stephen.davis@company386.com,41,36-50,Male,United States,Massachusetts,Boston,2025-04-24,20250424,Referral,active,False,plan_enterprise,annual,499.0,5988.0,16.5,13-24 months,9980.0,False,0.0,False,False,False,Champions,Offer early access to beta features; invite to executive advisory board,495,1283.0,9980.0,4,5,5,455,0.0213,Low,urgent_ticket_ratio,20,North America,2,5,Referral
CUST-01323,Amy,White,Amy White,amy.white@company424.com,38,36-50,Female,United States,California,San Francisco,2025-03-07,20250307,Referral,active,False,plan_growth,annual,79.0,948.0,18.1,13-24 months,1580.0,False,0.0,False,False,False,Champions,Offer early access to beta features; invite to executive advisory board,543,800.0,1580.0,4,5,4,454,0.0068,Low,recency_days,16,North America,2,5,Referral
CUST-01325,Margaret,Nguyen,Margaret Nguyen,margaret.nguyen@company426.com,29,26-35,Female,Australia,New South Wales,Sydney,2024-12-31,20241231,Referral,churned,True,plan_starter,monthly,0.0,0.0,9.9,07-12 months,290.0,False,0.0,False,True,False,Potential Loyalists,Standard ongoing account nurturing,609,316.0,290.0,5,3,2,532,0.9951,Critical,monthly_price,1,Asia-Pacific,1,5,Referral
CUST-01326,Robert,Nguyen,Robert Nguyen,robert.nguyen@company427.com,35,26-35,Male,Australia,New South Wales,Sydney,2024-04-12,20240412,Organic Search,churned,True,plan_starter,monthly,0.0,0.0,1.8,01-03 months,58.0,False,0.0,False,True,False,Promising / New Customers,Standard ongoing account nurturing,872,30.0,58.0,5,1,1,511,1.0,Critical,monthly_price,1,Asia-Pacific,1,2,Organic Search
CUST-01336,Stephen,Thomas,Stephen Thomas,stephen.thomas@company437.com,24,18-25,Male,United Kingdom,Scotland,Edinburgh,2026-07-11,20260711,Direct,active,False,plan_starter,annual,29.0,348.0,1.7,01-03 months,290.0,False,0.0,False,False,False,Hibernating / Lost,Automated re-engagement drip campaign; survey feature usability,52,64.0,290.0,1,1,2,112,0.0254,Low,total_active_days,14,Europe,2,1,Direct
CUST-01429,Richard,Martinez,Richard Martinez,richard.martinez@company80.com,30,26-35,Male,Australia,New South Wales,Sydney,2025-02-13,20250213,Organic Search,active,False,plan_starter,annual,29.0,348.0,18.8,13-24 months,580.0,True,348.0,True,True,False,Loyal Customers,Standard ongoing account nurturing,565,651.0,580.0,4,4,3,443,0.1971,Low,has_support_friction,1,Asia-Pacific,2,2,Organic Search
CUST-01442,Nicole,King,Nicole King,nicole.king@company93.com,21,18-25,Female,United States,Texas,Austin,2026-05-01,20260501,Social Media,churned,True,plan_pro,monthly,0.0,0.0,1.5,01-03 months,358.0,False,0.0,False,True,False,Hibernating / Lost,Automated re-engagement drip campaign; survey feature usability,123,44.0,358.0,1,1,2,112,0.9586,Critical,monthly_price,22,North America,1,6,Social Media
CUST-01478,James,Walker,James Walker,james.walker@company129.com,37,36-50,Male,United States,Illinois,Chicago,2025-01-23,20250123,Social Media,active,False,plan_starter,monthly,29.0,348.0,19.5,13-24 months,580.0,False,0.0,False,False,False,Loyal Customers,Standard ongoing account nurturing,586,638.0,580.0,5,4,3,543,0.0346,Low,avg_resolution_hours,19,North America,1,6,Social Media
CUST-00029,Linda,Miller,Linda Miller,linda.miller@company30.com,39,36-50,Female,Canada,Ontario,Toronto,2025-07-24,20250724,Organic Search,churned,True,plan_growth,monthly,0.0,0.0,5.9,04-06 months,474.0,False,0.0,False,True,False,Promising / New Customers,Standard ongoing account nurturing,404,239.0,474.0,3,2,2,322,0.9919,Critical,monthly_price,5,North America,1,2,Organic Search
CUST-00164,Ryan,Allen,Ryan Allen,ryan.allen@company165.com,34,26-35,Male,United Kingdom,Scotland,Edinburgh,2026-02-15,20260215,Paid Ads,active,False,plan_enterprise,monthly,499.0,5988.0,6.6,07-12 months,3493.0,False,0.0,False,False,False,Loyal Customers,Immediate customer success outreach; schedule quarterly business review,198,505.0,3493.0,2,4,5,245,0.1054,Low,urgent_ticket_ratio,14,Europe,1,3,Paid Ads
CUST-00213,Ashley,Harris,Ashley Harris,ashley.harris@company214.com,45,36-50,Female,United States,California,San Francisco,2026-03-22,20260322,Paid Ads,churned,True,plan_starter,monthly,0.0,0.0,4.2,04-06 months,116.0,False,0.0,True,True,True,Hibernating / Lost,Automated re-engagement drip campaign; survey feature usability,163,123.0,116.0,1,1,1,111,0.9911,Critical,monthly_price,16,North America,1,3,Paid Ads
CUST-00260,Jennifer,Sanchez,Jennifer Sanchez,jennifer.sanchez@company261.com,39,36-50,Female,United Kingdom,Scotland,Edinburgh,2025-10-12,20251012,Referral,churned,True,plan_pro,multi_year,0.0,0.0,3.6,04-06 months,1790.0,False,0.0,False,True,False,Promising / New Customers,Standard ongoing account nurturing,324,173.0,1790.0,3,2,5,325,0.9842,Critical,monthly_price,14,Europe,3,5,Referral
CUST-00400,Thomas,Davis,Thomas Davis,thomas.davis@company401.com,23,18-25,Male,United States,Colorado,Denver,2026-02-02,20260202,Paid Ads,churned,True,plan_pro,monthly,0.0,0.0,5.2,04-06 months,895.0,False,0.0,False,True,True,About To Sleep,Automated re-engagement drip campaign; survey feature usability,211,285.0,895.0,2,2,4,224,0.9656,Critical,monthly_price,17,North America,1,3,Paid Ads
CUST-00461,Larry,Garcia,Larry Garcia,larry.garcia@company12.com,26,26-35,Male,France,Auvergne-Rhône-Alpes,Lyon,2025-08-26,20250826,Partner,active,False,plan_enterprise,annual,499.0,5988.0,12.4,13-24 months,9980.0,False,0.0,False,False,False,Loyal Customers,Standard ongoing account nurturing,371,1006.0,9980.0,3,5,5,355,0.1055,Low,avg_resolution_hours,7,Europe,2,4,Partner
CUST-00559,William,Lopez,William Lopez,william.lopez@company110.com,30,26-35,Male,Canada,Ontario,Toronto,2026-05-21,20260521,Paid Ads,active,False,plan_growth,monthly,79.0,948.0,3.4,04-06 months,316.0,False,0.0,False,False,False,Hibernating / Lost,Automated re-engagement drip campaign; survey feature usability,103,136.0,316.0,1,1,2,112,0.0598,Low,high_urgency_tickets_count,5,North America,1,3,Paid Ads
CUST-00567,Patricia,King,Patricia King,patricia.king@company118.com,40,36-50,Female,United States,Georgia,Atlanta,2025-10-07,20251007,Paid Ads,churned,True,plan_growth,annual,0.0,0.0,2.0,01-03 months,790.0,False,0.0,False,True,False,Promising / New Customers,Standard ongoing account nurturing,329,71.0,790.0,3,1,3,313,0.9799,Critical,monthly_price,18,North America,2,3,Paid Ads
CUST-00573,Stephanie,Ramirez,Stephanie Ramirez,stephanie.ramirez@company124.com,34,26-35,Female,United States,New York,New York,2024-08-05,20240805,Paid Ads,churned,True,plan_starter,monthly,0.0,0.0,2.0,01-03 months,87.0,False,0.0,False,False,False,Promising / New Customers,Standard ongoing account nurturing,757,46.0,87.0,5,1,1,511,0.9386,Critical,monthly_price,21,North America,1,3,Paid Ads
CUST-00595,Jennifer,Williams,Jennifer Williams,jennifer.williams@company146.com,40,36-50,Female,United States,Illinois,Chicago,2025-10-27,20251027,Social Media,churned,True,plan_pro,monthly,0.0,0.0,10.1,07-12 months,1790.0,False,0.0,False,False,True,Loyal Customers,Standard ongoing account nurturing,309,623.0,1790.0,3,4,4,344,0.8574,Critical,monthly_price,19,North America,1,6,Social Media
CUST-00715,Anna,Gonzalez,Anna Gonzalez,anna.gonzalez@company266.com,34,26-35,Female,United Kingdom,North West,Manchester,2024-07-22,20240722,Referral,active,False,plan_starter,monthly,29.0,348.0,25.7,25+ months,754.0,False,0.0,False,False,False,Loyal Customers,Standard ongoing account nurturing,771,881.0,754.0,5,5,3,553,0.0709,Low,recency_days,13,Europe,1,5,Referral
CUST-00740,Amy,Walker,Amy Walker,amy.walker@company291.com,27,26-35,Female,United States,California,San Francisco,2024-09-20,20240920,Paid Ads,churned,True,plan_starter,monthly,0.0,0.0,3.1,04-06 months,116.0,False,0.0,False,False,False,Promising / New Customers,Standard ongoing account nurturing,711,84.0,116.0,5,1,1,511,0.8944,Critical,monthly_price,16,North America,1,3,Paid Ads
CUST-00865,Andrew,Brown,Andrew Brown,andrew.brown@company416.com,26,26-35,Male,Germany,Hesse,Frankfurt,2025-01-21,20250121,Social Media,churned,True,plan_pro,monthly,0.0,0.0,5.5,04-06 months,1074.0,False,0.0,False,True,False,Potential Loyalists,Standard ongoing account nurturing,588,283.0,1074.0,5,2,4,524,0.9935,Critical,monthly_price,11,Europe,1,6,Social Media
CUST-01009,Donna,Taylor,Donna Taylor,donna.taylor@company110.com,45,36-50,Female,Canada,British Columbia,Vancouver,2025-10-17,20251017,Paid Ads,churned,True,plan_pro,monthly,0.0,0.0,6.6,07-12 months,1253.0,False,0.0,False,False,False,General Subscribers,Standard ongoing account nurturing,319,359.0,1253.0,3,3,4,334,0.8797,Critical,monthly_price,4,North America,1,3,Paid Ads
CUST-01032,Laura,Flores,Laura Flores,laura.flores@company133.com,44,36-50,Female,United States,Texas,Austin,2024-09-16,20240916,Organic Search,active,False,plan_growth,monthly,79.0,948.0,23.8,13-24 months,1896.0,False,0.0,False,False,False,Champions,Offer early access to beta features; invite to executive advisory board,715,1065.0,1896.0,5,5,5,555,0.0229,Low,recency_days,22,North America,1,2,Organic Search
CUST-01092,Stephanie,Nguyen,Stephanie Nguyen,stephanie.nguyen@company193.com,31,26-35,Female,Germany,Berlin,Berlin,2026-05-10,20260510,Paid Ads,active,False,plan_starter,monthly,29.0,348.0,3.8,04-06 months,116.0,False,0.0,False,False,False,Hibernating / Lost,Automated re-engagement drip campaign; survey feature usability,114,115.0,116.0,1,1,1,111,0.0822,Low,login_frequency_per_month,10,Europe,1,3,Paid Ads
CUST-01130,Sandra,Hill,Sandra Hill,sandra.hill@company231.com,52,51+,Female,United Kingdom,West Midlands,Birmingham,2026-04-08,20260408,Paid Ads,churned,True,plan_growth,monthly,0.0,0.0,1.4,01-03 months,158.0,False,0.0,False,True,False,Hibernating / Lost,Automated re-engagement drip campaign; survey feature usability,146,46.0,158.0,1,1,1,111,0.9879,Critical,monthly_price,15,Europe,1,3,Paid Ads
CUST-01165,Gary,Anderson,Gary Anderson,gary.anderson@company266.com,25,18-25,Male,Germany,Bavaria,Munich,2025-04-25,20250425,Partner,active,False,plan_pro,monthly,179.0,2148.0,16.5,13-24 months,3043.0,False,0.0,False,False,False,Champions,Offer early access to beta features; invite to executive advisory board,494,968.0,3043.0,4,5,5,455,0.0166,Low,recency_days,9,Europe,1,4,Partner
CUST-01168,Nicholas,Thompson,Nicholas Thompson,nicholas.thompson@company269.com,37,36-50,Male,United States,Colorado,Denver,2025-04-19,20250419,Partner,active,False,plan_starter,annual,29.0,348.0,16.7,13-24 months,580.0,False,0.0,False,False,False,Loyal Customers,Standard ongoing account nurturing,500,571.0,580.0,4,4,3,443,0.014,Low,recency_days,17,North America,2,4,Partner
CUST-01208,Jonathan,Clark,Jonathan Clark,jonathan.clark@company309.com,50,36-50,Male,United States,California,San Francisco,2024-01-28,20240128,Organic Search,churned,True,plan_starter,monthly,0.0,0.0,5.5,04-06 months,174.0,False,0.0,False,True,False,Potential Loyalists,Standard ongoing account nurturing,947,165.0,174.0,5,2,1,521,0.9961,Critical,monthly_price,16,North America,1,2,Organic Search
CUST-01240,Jonathan,Moore,Jonathan Moore,jonathan.moore@company341.com,60,51+,Male,Canada,Ontario,Toronto,2025-09-25,20250925,Paid Ads,churned,True,plan_starter,monthly,0.0,0.0,2.8,01-03 months,87.0,False,0.0,False,True,False,Promising / New Customers,Standard ongoing account nurturing,341,80.0,87.0,3,1,1,311,0.992,Critical,monthly_price,5,North America,1,3,Paid Ads
CUST-01304,Benjamin,Robinson,Benjamin Robinson,benjamin.robinson@company405.com,35,26-35,Male,United States,California,San Francisco,2026-03-25,20260325,Paid Ads,churned,True,plan_starter,monthly,0.0,0.0,5.3,04-06 months,174.0,False,0.0,True,True,False,Hibernating / Lost,Automated re-engagement drip campaign; survey feature usability,160,168.0,174.0,1,2,1,121,0.8022,Critical,monthly_price,16,North America,1,3,Paid Ads
CUST-01346,James,Hill,James Hill,james.hill@company447.com,25,18-25,Male,United States,New York,New York,2025-11-15,20251115,Social Media,churned,True,plan_growth,monthly,0.0,0.0,1.8,01-03 months,158.0,False,0.0,False,True,False,Hibernating / Lost,Automated re-engagement drip campaign; survey feature usability,290,59.0,158.0,2,1,1,211,0.9968,Critical,monthly_price,21,North America,1,6,Social Media
CUST-01376,Sharon,Gonzalez,Sharon Gonzalez,sharon.gonzalez@company27.com,36,36-50,Female,United States,Massachusetts,Boston,2024-08-11,20240811,Referral,churned,True,plan_starter,monthly,0.0,0.0,2.5,01-03 months,87.0,False,0.0,False,False,False,Promising / New Customers,Standard ongoing account nurturing,751,81.0,87.0,5,1,1,511,0.9663,Critical,monthly_price,20,North America,1,5,Referral
CUST-01418,Sandra,Allen,Sandra Allen,sandra.allen@company69.com,33,26-35,Female,Australia,Victoria,Melbourne,2025-07-28,20250728,Paid Ads,churned,True,plan_growth,monthly,0.0,0.0,1.1,01-03 months,79.0,False,0.0,False,True,False,Promising / New Customers,Standard ongoing account nurturing,400,20.0,79.0,3,1,1,311,1.0,Critical,monthly_price,3,Asia-Pacific,1,3,Paid Ads
CUST-01437,Cynthia,Young,Cynthia Young,cynthia.young@company88.com,32,26-35,Female,Australia,New South Wales,Sydney,2025-09-30,20250930,Organic Search,active,False,plan_pro,monthly,179.0,2148.0,11.2,07-12 months,2148.0,True,2148.0,False,True,False,Loyal Customers,Standard ongoing account nurturing,336,674.0,2148.0,3,4,5,345,0.0768,Low,has_support_friction,1,Asia-Pacific,1,2,Organic Search
CUST-01456,Michael,Taylor,Michael Taylor,michael.taylor@company107.com,49,36-50,Male,United States,California,San Francisco,2024-05-11,20240511,Direct,churned,True,plan_growth,annual,0.0,0.0,9.6,07-12 months,790.0,False,0.0,False,False,False,Potential Loyalists,Standard ongoing account nurturing,843,377.0,790.0,5,3,3,533,0.9306,Critical,monthly_price,16,North America,2,1,Direct
CUST-01477,Daniel,Lee,Daniel Lee,daniel.lee@company128.com,40,36-50,Male,United States,Massachusetts,Boston,2026-04-23,20260423,Social Media,churned,True,plan_growth,monthly,0.0,0.0,1.2,01-03 months,79.0,False,0.0,False,True,False,Hibernating / Lost,Automated re-engagement drip campaign; survey feature usability,131,37.0,79.0,1,1,1,111,0.9923,Critical,monthly_price,20,North America,1,6,Social Media
CUST-00003,Larry,Gonzalez,Larry Gonzalez,larry.gonzalez@company4.com,42,36-50,Male,Canada,British Columbia,Vancouver,2026-02-17,20260217,Organic Search,active,False,plan_starter,annual,29.0,348.0,6.5,07-12 months,290.0,False,0.0,False,False,False,Hibernating / Lost,Automated re-engagement drip campaign; survey feature usability,196,244.0,290.0,2,2,2,222,0.0351,Low,urgent_ticket_ratio,4,North America,2,2,Organic Search
CUST-00180,Amy,Hill,Amy Hill,amy.hill@company181.com,38,36-50,Female,United States,New York,New York,2025-08-04,20250804,Paid Ads,active,False,plan_starter,annual,29.0,348.0,13.1,13-24 months,580.0,True,348.0,False,True,False,General Subscribers,Standard ongoing account nurturing,393,459.0,580.0,3,3,3,333,0.1009,Low,has_support_friction,21,North America,2,3,Paid Ads
CUST-00212,Mark,Lewis,Mark Lewis,mark.lewis@company213.com,40,36-50,Male,Australia,Victoria,Melbourne,2026-05-17,20260517,Organic Search,active,False,plan_pro,monthly,179.0,2148.0,3.6,04-06 months,716.0,False,0.0,False,False,False,About To Sleep,Automated re-engagement drip campaign; survey feature usability,107,206.0,716.0,1,2,3,123,0.0355,Low,total_active_days,3,Asia-Pacific,1,2,Organic Search
CUST-00235,Melissa,White,Melissa White,melissa.white@company236.com,34,26-35,Female,United States,Texas,Austin,2025-03-06,20250306,Paid Ads,churned,True,plan_pro,monthly,0.0,0.0,14.5,13-24 months,2685.0,False,0.0,False,True,False,Champions,Offer early access to beta features; invite to executive advisory board,544,848.0,2685.0,4,5,5,455,0.9843,Critical,monthly_price,22,North America,1,3,Paid Ads
CUST-00249,David,Williams,David Williams,david.williams@company250.com,51,51+,Male,Canada,British Columbia,Vancouver,2025-12-20,20251220,Referral,active,False,plan_growth,annual,79.0,948.0,8.5,07-12 months,790.0,False,0.0,False,False,False,At Risk Accounts,Immediate customer success outreach; schedule quarterly business review,255,382.0,790.0,2,3,3,233,0.062,Low,urgent_ticket_ratio,4,North America,2,5,Referral
CUST-00391,Ryan,Robinson,Ryan Robinson,ryan.robinson@company392.com,27,26-35,Male,France,Île-de-France,Paris,2025-05-19,20250519,Direct,active,False,plan_growth,annual,79.0,948.0,15.7,13-24 months,1580.0,False,0.0,False,False,False,Champions,Offer early access to beta features; invite to executive advisory board,470,690.0,1580.0,4,4,4,444,0.0121,Low,recency_days,8,Europe,2,1,Direct
CUST-00432,George,Sanchez,George Sanchez,george.sanchez@company433.com,26,26-35,Male,United Kingdom,Scotland,Edinburgh,2025-07-23,20250723,Social Media,churned,True,plan_pro,monthly,0.0,0.0,6.1,07-12 months,1253.0,False,0.0,False,False,False,General Subscribers,Standard ongoing account nurturing,405,335.0,1253.0,3,3,4,334,0.8177,Critical,monthly_price,14,Europe,1,6,Social Media
CUST-00648,Donald,Taylor,Donald Taylor,donald.taylor@company199.com,26,26-35,Male,United Kingdom,West Midlands,Birmingham,2024-05-29,20240529,Partner,churned,True,plan_pro,annual,0.0,0.0,12.4,13-24 months,1790.0,False,0.0,False,True,False,Champions,Offer early access to beta features; invite to executive advisory board,825,698.0,1790.0,5,4,4,544,0.9247,Critical,monthly_price,15,Europe,2,4,Partner
CUST-00780,Ryan,Allen,Ryan Allen,ryan.allen@company331.com,29,26-35,Male,United States,Texas,Austin,2025-05-01,20250501,Organic Search,churned,True,plan_starter,annual,0.0,0.0,5.3,04-06 months,290.0,False,0.0,False,True,False,Potential Loyalists,Standard ongoing account nurturing,488,169.0,290.0,4,2,2,422,0.968,Critical,monthly_price,22,North America,2,2,Organic Search
CUST-00853,Paul,Rodriguez,Paul Rodriguez,paul.rodriguez@company404.com,24,18-25,Male,United Kingdom,Scotland,Edinburgh,2024-07-25,20240725,Social Media,churned,True,plan_starter,monthly,0.0,0.0,11.2,07-12 months,348.0,False,0.0,False,True,False,Potential Loyalists,Standard ongoing account nurturing,768,350.0,348.0,5,3,2,532,0.9916,Critical,monthly_price,14,Europe,1,6,Social Media
CUST-00919,Pamela,Walker,Pamela Walker,pamela.walker@company20.com,38,36-50,Female,Germany,Hesse,Frankfurt,2025-02-10,20250210,Referral,churned,True,plan_growth,monthly,0.0,0.0,4.6,04-06 months,395.0,False,0.0,False,True,False,Potential Loyalists,Standard ongoing account nurturing,568,170.0,395.0,4,2,2,422,0.999,Critical,monthly_price,11,Europe,1,5,Referral
CUST-00938,Stephen,Smith,Stephen Smith,stephen.smith@company39.com,34,26-35,Male,United States,Washington,Seattle,2025-11-20,20251120,Direct,churned,True,plan_growth,monthly,0.0,0.0,1.4,01-03 months,158.0,False,0.0,False,True,False,Hibernating / Lost,Automated re-engagement drip campaign; survey feature usability,285,50.0,158.0,2,1,1,211,0.9533,Critical,monthly_price,23,North America,1,1,Direct
CUST-01171,Timothy,Jones,Timothy Jones,timothy.jones@company272.com,28,26-35,Male,United States,New York,New York,2026-07-27,20260727,Paid Ads,active,False,plan_starter,monthly,29.0,348.0,1.2,01-03 months,58.0,False,0.0,False,False,False,Hibernating / Lost,Automated re-engagement drip campaign; survey feature usability,36,40.0,58.0,1,1,1,111,0.1003,Low,high_urgency_tickets_count,21,North America,1,3,Paid Ads
CUST-01185,Richard,Allen,Richard Allen,richard.allen@company286.com,44,36-50,Male,United States,Georgia,Atlanta,2026-04-10,20260410,Organic Search,active,False,plan_growth,annual,79.0,948.0,4.8,04-06 months,790.0,False,0.0,False,False,False,About To Sleep,Automated re-engagement drip campaign; survey feature usability,144,195.0,790.0,1,2,3,123,0.0219,Low,total_tickets_count,18,North America,2,2,Organic Search
CUST-01195,Brian,Gonzalez,Brian Gonzalez,brian.gonzalez@company296.com,59,51+,Male,United States,New York,New York,2026-01-03,20260103,Partner,active,False,plan_pro,annual,179.0,2148.0,8.0,07-12 months,1790.0,False,0.0,False,False,False,Loyal Customers,Immediate customer success outreach; schedule quarterly business review,241,476.0,1790.0,2,4,5,245,0.0102,Low,tenure_months,21,North America,2,4,Partner
CUST-01438,Andrew,Sanchez,Andrew Sanchez,andrew.sanchez@company89.com,37,36-50,Male,Germany,Hesse,Frankfurt,2026-01-26,20260126,Paid Ads,churned,True,plan_starter,monthly,0.0,0.0,3.8,04-06 months,116.0,False,0.0,False,True,False,Hibernating / Lost,Automated re-engagement drip campaign; survey feature usability,218,133.0,116.0,2,1,1,211,0.8644,Critical,monthly_price,11,Europe,1,3,Paid Ads
CUST-00192,Dorothy,Martinez,Dorothy Martinez,dorothy.martinez@company193.com,31,26-35,Female,United States,Illinois,Chicago,2025-06-17,20250617,Partner,churned,True,plan_pro,monthly,0.0,0.0,5.5,04-06 months,1074.0,False,0.0,False,True,False,Potential Loyalists,Standard ongoing account nurturing,441,279.0,1074.0,4,2,4,424,0.99,Critical,monthly_price,19,North America,1,4,Partner
CUST-00205,Brian,Flores,Brian Flores,brian.flores@company206.com,21,18-25,Male,United States,Texas,Austin,2026-04-10,20260410,Organic Search,active,False,plan_growth,monthly,79.0,948.0,4.8,04-06 months,395.0,False,0.0,False,False,False,Hibernating / Lost,Automated re-engagement drip campaign; survey feature usability,144,232.0,395.0,1,2,2,122,0.0271,Low,urgent_ticket_ratio,22,North America,1,2,Organic Search
CUST-00209,Nancy,Gonzalez,Nancy Gonzalez,nancy.gonzalez@company210.com,44,36-50,Female,United States,Illinois,Chicago,2024-06-23,20240623,Organic Search,active,False,plan_starter,annual,29.0,348.0,26.7,25+ months,870.0,False,0.0,False,False,False,Champions,Offer early access to beta features; invite to executive advisory board,800,886.0,870.0,5,5,4,554,0.0568,Low,recency_days,19,North America,2,2,Organic Search
CUST-00339,Dorothy,Johnson,Dorothy Johnson,dorothy.johnson@company340.com,41,36-50,Female,Germany,Bavaria,Munich,2026-05-27,20260527,Paid Ads,active,False,plan_starter,monthly,29.0,348.0,3.2,04-06 months,116.0,True,348.0,True,False,False,Hibernating / Lost,Automated re-engagement drip campaign; survey feature usability,97,105.0,116.0,1,1,1,111,0.1203,Low,avg_resolution_hours,9,Europe,1,3,Paid Ads
CUST-00483,Emily,Clark,Emily Clark,emily.clark@company34.com,39,36-50,Female,United States,Georgia,Atlanta,2026-01-25,20260125,Organic Search,churned,True,plan_starter,monthly,0.0,0.0,6.4,07-12 months,203.0,False,0.0,True,True,False,Hibernating / Lost,Automated re-engagement drip campaign; survey feature usability,219,208.0,203.0,2,2,1,221,0.9965,Critical,monthly_price,18,North America,1,2,Organic Search
CUST-00566,Robert,Lee,Robert Lee,robert.lee@company117.com,30,26-35,Male,Germany,Berlin,Berlin,2025-08-24,20250824,Paid Ads,churned,True,plan_starter,monthly,0.0,0.0,10.6,07-12 months,319.0,False,0.0,False,True,False,General Subscribers,Standard ongoing account nurturing,373,357.0,319.0,3,3,2,332,0.9877,Critical,monthly_price,10,Europe,1,3,Paid Ads
CUST-00594,Robert,Wilson,Robert Wilson,robert.wilson@company145.com,29,26-35,Male,Germany,Bavaria,Munich,2025-08-03,20250803,Paid Ads,churned,True,plan_growth,monthly,0.0,0.0,12.6,13-24 months,1027.0,False,0.0,True,True,False,Loyal Customers,Standard ongoing account nurturing,394,510.0,1027.0,3,4,4,344,0.9786,Critical,monthly_price,9,Europe,1,3,Paid Ads
CUST-00703,Mary,Martin,Mary Martin,mary.martin@company254.com,28,26-35,Female,United States,Massachusetts,Boston,2026-06-10,20260610,Organic Search,active,False,plan_pro,annual,179.0,2148.0,2.8,01-03 months,1790.0,False,0.0,False,False,False,About To Sleep,Automated re-engagement drip campaign; survey feature usability,83,155.0,1790.0,1,1,5,115,0.0486,Low,avg_resolution_hours,20,North America,2,2,Organic Search
CUST-00716,Paul,Jones,Paul Jones,paul.jones@company267.com,21,18-25,Male,United States,New York,New York,2026-05-05,20260505,Organic Search,churned,True,plan_starter,annual,0.0,0.0,1.8,01-03 months,290.0,False,0.0,False,True,False,Hibernating / Lost,Automated re-engagement drip campaign; survey feature usability,119,41.0,290.0,1,1,2,112,0.9888,Critical,monthly_price,21,North America,2,2,Organic Search
CUST-00730,Sandra,Martinez,Sandra Martinez,sandra.martinez@company281.com,34,26-35,Female,United States,Texas,Austin,2025-01-20,20250120,Organic Search,churned,True,plan_growth,monthly,0.0,0.0,13.7,13-24 months,1106.0,False,0.0,False,True,False,Champions,Offer early access to beta features; invite to executive advisory board,589,547.0,1106.0,5,4,4,544,0.9963,Critical,monthly_price,22,North America,1,2,Organic Search
CUST-00959,Brian,Harris,Brian Harris,brian.harris@company60.com,33,26-35,Male,United States,Massachusetts,Boston,2024-12-17,20241217,Paid Ads,active,False,plan_growth,monthly,79.0,948.0,20.8,13-24 months,1659.0,False,0.0,False,False,False,Champions,Offer early access to beta features; invite to executive advisory board,623,962.0,1659.0,5,5,4,554,0.0125,Low,recency_days,20,North America,1,3,Paid Ads
CUST-01091,Margaret,Thomas,Margaret Thomas,margaret.thomas@company192.com,46,36-50,Female,Germany,Hesse,Frankfurt,2025-05-16,20250516,Paid Ads,active,False,plan_growth,annual,79.0,948.0,15.8,13-24 months,1580.0,True,948.0,False,True,False,Champions,Offer early access to beta features; invite to executive advisory board,473,696.0,1580.0,4,4,4,444,0.0491,Low,has_support_friction,11,Europe,2,3,Paid Ads
CUST-01306,Jason,Davis,Jason Davis,jason.davis@company407.com,47,36-50,Male,United States,Illinois,Chicago,2025-11-29,20251129,Organic Search,active,False,plan_growth,monthly,79.0,948.0,9.2,07-12 months,790.0,False,0.0,False,False,False,At Risk Accounts,Immediate customer success outreach; schedule quarterly business review,276,385.0,790.0,2,3,3,233,0.0561,Low,active_day_ratio,19,North America,1,2,Organic Search
CUST-01310,Daniel,Gonzalez,Daniel Gonzalez,daniel.gonzalez@company411.com,49,36-50,Male,France,Auvergne-Rhône-Alpes,Lyon,2024-06-17,20240617,Organic Search,churned,True,plan_starter,monthly,0.0,0.0,5.5,04-06 months,174.0,False,0.0,False,True,False,Promising / New Customers,Standard ongoing account nurturing,806,159.0,174.0,5,1,1,511,0.9965,Critical,monthly_price,7,Europe,1,2,Organic Search
CUST-01329,Melissa,Lewis,Melissa Lewis,melissa.lewis@company430.com,35,26-35,Female,United States,Colorado,Denver,2025-05-04,20250504,Organic Search,active,False,plan_pro,annual,179.0,2148.0,16.2,13-24 months,3580.0,False,0.0,False,False,False,Champions,Offer early access to beta features; invite to executive advisory board,485,958.0,3580.0,4,5,5,455,0.0052,Low,recency_days,17,North America,2,2,Organic Search
CUST-01340,Andrew,Lopez,Andrew Lopez,andrew.lopez@company441.com,28,26-35,Male,United States,New York,New York,2025-06-15,20250615,Partner,active,False,plan_pro,annual,179.0,2148.0,14.8,13-24 months,3580.0,False,0.0,False,False,False,Champions,Offer early access to beta features; invite to executive advisory board,443,893.0,3580.0,4,5,5,455,0.0174,Low,urgent_ticket_ratio,21,North America,2,4,Partner
CUST-01385,Brian,Jackson,Brian Jackson,brian.jackson@company36.com,29,26-35,Male,Germany,Bavaria,Munich,2024-11-15,20241115,Organic Search,churned,True,plan_growth,monthly,0.0,0.0,8.1,07-12 months,632.0,False,0.0,False,True,False,Potential Loyalists,Standard ongoing account nurturing,655,338.0,632.0,5,3,3,533,0.9611,Critical,monthly_price,9,Europe,1,2,Organic Search
CUST-01420,Angela,Hill,Angela Hill,angela.hill@company71.com,30,26-35,Female,United States,Colorado,Denver,2025-03-23,20250323,Organic Search,churned,True,plan_starter,annual,0.0,0.0,2.6,01-03 months,290.0,False,0.0,False,True,False,Promising / New Customers,Standard ongoing account nurturing,527,67.0,290.0,4,1,2,412,0.9513,Critical,monthly_price,17,North America,2,2,Organic Search
CUST-01421,Betty,Flores,Betty Flores,betty.flores@company72.com,36,36-50,Female,Germany,Hesse,Frankfurt,2024-12-24,20241224,Paid Ads,active,False,plan_pro,monthly,179.0,2148.0,20.5,13-24 months,3759.0,False,0.0,False,False,False,Champions,Offer early access to beta features; invite to executive advisory board,616,1237.0,3759.0,5,5,5,555,0.0987,Low,total_tickets_count,11,Europe,1,3,Paid Ads
CUST-00059,Rebecca,Lee,Rebecca Lee,rebecca.lee@company60.com,35,26-35,Female,United States,Texas,Austin,2026-02-27,20260227,Organic Search,active,False,plan_starter,annual,29.0,348.0,6.2,07-12 months,290.0,True,348.0,True,False,False,Hibernating / Lost,Automated re-engagement drip campaign; survey feature usability,186,212.0,290.0,2,2,1,221,0.0245,Low,is_engagement_declining,22,North America,2,2,Organic Search
CUST-00103,Charles,Martinez,Charles Martinez,charles.martinez@company104.com,45,36-50,Male,Australia,New South Wales,Sydney,2025-02-20,20250220,Direct,active,False,plan_enterprise,multi_year,499.0,5988.0,18.6,13-24 months,9980.0,True,5988.0,True,False,False,Champions,Offer early access to beta features; invite to executive advisory board,558,1567.0,9980.0,4,5,5,455,0.0444,Low,is_engagement_declining,1,Asia-Pacific,3,1,Direct
CUST-00107,Daniel,Thomas,Daniel Thomas,daniel.thomas@company108.com,40,36-50,Male,United States,California,San Francisco,2025-02-16,20250216,Paid Ads,churned,True,plan_starter,annual,0.0,0.0,18.6,13-24 months,580.0,False,0.0,True,False,False,Loyal Customers,Standard ongoing account nurturing,562,633.0,580.0,4,4,3,443,0.7733,Critical,monthly_price,16,North America,2,3,Paid Ads
CUST-00165,Michael,Walker,Michael Walker,michael.walker@company166.com,38,36-50,Male,United States,New York,New York,2026-04-04,20260404,Paid Ads,active,False,plan_growth,monthly,79.0,948.0,5.0,04-06 months,474.0,False,0.0,False,False,False,Hibernating / Lost,Automated re-engagement drip campaign; survey feature usability,150,231.0,474.0,1,2,2,122,0.0257,Low,active_day_ratio,21,North America,1,3,Paid Ads
CUST-00208,Edward,Torres,Edward Torres,edward.torres@company209.com,45,36-50,Male,United States,Illinois,Chicago,2024-08-25,20240825,Partner,active,False,plan_pro,annual,179.0,2148.0,24.6,25+ months,5370.0,False,0.0,False,False,False,Champions,Offer early access to beta features; invite to executive advisory board,737,1519.0,5370.0,5,5,5,555,0.0304,Low,recency_days,19,North America,2,4,Partner
CUST-00254,Kevin,Thomas,Kevin Thomas,kevin.thomas@company255.com,39,36-50,Male,United States,Washington,Seattle,2025-12-30,20251230,Organic Search,active,False,plan_enterprise,monthly,499.0,5988.0,8.2,07-12 months,4491.0,False,0.0,False,False,False,Loyal Customers,Immediate customer success outreach; schedule quarterly business review,245,677.0,4491.0,2,4,5,245,0.0102,Low,avg_satisfaction_score,23,North America,1,2,Organic Search
CUST-00335,Matthew,Lee,Matthew Lee,matthew.lee@company336.com,29,26-35,Male,United States,Texas,Austin,2026-04-15,20260415,Partner,active,False,plan_pro,annual,179.0,2148.0,4.6,04-06 months,1790.0,False,0.0,False,False,False,About To Sleep,Automated re-engagement drip campaign; survey feature usability,139,283.0,1790.0,1,2,4,124,0.0346,Low,active_day_ratio,22,North America,2,4,Partner
CUST-00417,Ashley,Clark,Ashley Clark,ashley.clark@company418.com,33,26-35,Female,United States,New York,New York,2025-08-22,20250822,Referral,active,False,plan_starter,monthly,29.0,348.0,12.5,13-24 months,377.0,False,0.0,False,False,False,General Subscribers,Standard ongoing account nurturing,375,394.0,377.0,3,3,2,332,0.1298,Low,login_frequency_per_month,21,North America,1,5,Referral
CUST-00601,Margaret,Nguyen,Margaret Nguyen,margaret.nguyen@company152.com,21,18-25,Female,Germany,Berlin,Berlin,2024-11-17,20241117,Organic Search,active,False,plan_starter,annual,29.0,348.0,21.8,13-24 months,580.0,False,0.0,False,False,False,Loyal Customers,Standard ongoing account nurturing,653,771.0,580.0,5,5,3,553,0.0224,Low,recency_days,10,Europe,2,2,Organic Search
CUST-00608,Matthew,Walker,Matthew Walker,matthew.walker@company159.com,36,36-50,Male,United Kingdom,Greater London,London,2025-03-26,20250326,Organic Search,active,False,plan_starter,annual,29.0,348.0,17.5,13-24 months,580.0,False,0.0,False,False,False,Loyal Customers,Standard ongoing account nurturing,524,555.0,580.0,4,4,3,443,0.0997,Low,session_frequency_per_month,12,Europe,2,2,Organic Search
CUST-00683,Kevin,Scott,Kevin Scott,kevin.scott@company234.com,53,51+,Male,Canada,British Columbia,Vancouver,2026-04-04,20260404,Partner,active,False,plan_growth,annual,79.0,948.0,5.0,04-06 months,790.0,False,0.0,False,False,False,About To Sleep,Automated re-engagement drip campaign; survey feature usability,150,223.0,790.0,1,2,4,124,0.032,Low,avg_satisfaction_score,4,North America,2,4,Partner
CUST-00755,Michael,Clark,Michael Clark,michael.clark@company306.com,27,26-35,Male,Canada,British Columbia,Vancouver,2025-06-07,20250607,Organic Search,active,False,plan_starter,annual,29.0,348.0,15.0,13-24 months,580.0,False,0.0,False,False,False,Loyal Customers,Standard ongoing account nurturing,451,481.0,580.0,4,4,3,443,0.0467,Low,avg_satisfaction_score,4,North America,2,2,Organic Search
CUST-00826,Linda,Taylor,Linda Taylor,linda.taylor@company377.com,55,51+,Female,United States,Texas,Austin,2024-09-06,20240906,Paid Ads,churned,True,plan_pro,monthly,0.0,0.0,14.3,13-24 months,2685.0,False,0.0,False,False,False,Champions,Offer early access to beta features; invite to executive advisory board,725,892.0,2685.0,5,5,5,555,0.6672,High,monthly_price,22,North America,1,3,Paid Ads
CUST-01024,Barbara,Ramirez,Barbara Ramirez,barbara.ramirez@company125.com,58,51+,Female,United Kingdom,West Midlands,Birmingham,2024-11-18,20241118,Referral,active,False,plan_starter,annual,29.0,348.0,21.7,13-24 months,580.0,False,0.0,False,False,False,Loyal Customers,Standard ongoing account nurturing,652,774.0,580.0,5,5,3,553,0.0331,Low,recency_days,15,Europe,2,5,Referral
CUST-01036,Thomas,Rodriguez,Thomas Rodriguez,thomas.rodriguez@company137.com,26,26-35,Male,United States,California,San Francisco,2026-01-22,20260122,Referral,active,False,plan_pro,annual,179.0,2148.0,7.4,07-12 months,1790.0,False,0.0,False,False,False,At Risk Accounts,Immediate customer success outreach; schedule quarterly business review,222,430.0,1790.0,2,3,5,235,0.0228,Low,avg_satisfaction_score,16,North America,2,5,Referral
CUST-01068,John,Johnson,John Johnson,john.johnson@company169.com,40,36-50,Male,United Kingdom,Scotland,Edinburgh,2026-07-01,20260701,Organic Search,active,False,plan_starter,annual,29.0,348.0,2.1,01-03 months,290.0,False,0.0,False,False,False,Hibernating / Lost,Automated re-engagement drip campaign; survey feature usability,62,53.0,290.0,1,1,2,112,0.0536,Low,session_frequency_per_month,14,Europe,2,2,Organic Search
CUST-01135,Shirley,Thompson,Shirley Thompson,shirley.thompson@company236.com,38,36-50,Female,Australia,New South Wales,Sydney,2025-12-12,20251212,Organic Search,active,False,plan_growth,monthly,79.0,948.0,8.8,07-12 months,711.0,False,0.0,False,False,False,At Risk Accounts,Immediate customer success outreach; schedule quarterly business review,263,384.0,711.0,2,3,3,233,0.0202,Low,avg_satisfaction_score,1,Asia-Pacific,1,2,Organic Search
CUST-01201,Stephen,Torres,Stephen Torres,stephen.torres@company302.com,36,36-50,Male,France,Auvergne-Rhône-Alpes,Lyon,2025-08-05,20250805,Direct,active,False,plan_growth,annual,79.0,948.0,13.1,13-24 months,1580.0,False,0.0,False,False,False,Loyal Customers,Standard ongoing account nurturing,392,601.0,1580.0,3,4,4,344,0.0137,Low,avg_satisfaction_score,7,Europe,2,1,Direct
CUST-01291,Ronald,Torres,Ronald Torres,ronald.torres@company392.com,38,36-50,Male,United States,Massachusetts,Boston,2026-01-13,20260113,Partner,active,False,plan_enterprise,monthly,499.0,5988.0,7.7,07-12 months,3992.0,False,0.0,False,False,False,Loyal Customers,Immediate customer success outreach; schedule quarterly business review,231,668.0,3992.0,2,4,5,245,0.0183,Low,avg_satisfaction_score,20,North America,1,4,Partner
CUST-01461,Anna,Thomas,Anna Thomas,anna.thomas@company112.com,49,36-50,Female,Canada,Ontario,Toronto,2026-07-06,20260706,Referral,active,False,plan_growth,monthly,79.0,948.0,1.9,01-03 months,158.0,False,0.0,False,False,False,Hibernating / Lost,Automated re-engagement drip campaign; survey feature usability,57,85.0,158.0,1,1,1,111,0.0233,Low,avg_satisfaction_score,5,North America,1,5,Referral
CUST-00241,Paul,Young,Paul Young,paul.young@company242.com,21,18-25,Male,United Kingdom,Scotland,Edinburgh,2026-01-06,20260106,Paid Ads,active,False,plan_pro,monthly,179.0,2148.0,7.9,07-12 months,1432.0,False,0.0,False,False,False,At Risk Accounts,Immediate customer success outreach; schedule quarterly business review,238,461.0,1432.0,2,3,4,234,0.0269,Low,avg_satisfaction_score,14,Europe,1,3,Paid Ads
CUST-00316,Michelle,Smith,Michelle Smith,michelle.smith@company317.com,35,26-35,Female,United States,New York,New York,2025-08-02,20250802,Partner,active,False,plan_pro,monthly,179.0,2148.0,13.2,13-24 months,2506.0,False,0.0,False,False,False,Loyal Customers,Standard ongoing account nurturing,395,832.0,2506.0,3,5,5,355,0.0274,Low,active_day_ratio,21,North America,1,4,Partner
CUST-00365,Jeffrey,Sanchez,Jeffrey Sanchez,jeffrey.sanchez@company366.com,28,26-35,Male,United Kingdom,North West,Manchester,2025-06-12,20250612,Paid Ads,churned,True,plan_growth,monthly,0.0,0.0,11.6,07-12 months,948.0,False,0.0,False,False,False,Champions,Offer early access to beta features; invite to executive advisory board,446,518.0,948.0,4,4,4,444,0.6769,High,monthly_price,13,Europe,1,3,Paid Ads
CUST-00370,Thomas,Lee,Thomas Lee,thomas.lee@company371.com,30,26-35,Male,United States,Texas,Austin,2025-10-22,20251022,Paid Ads,active,False,plan_starter,monthly,29.0,348.0,10.5,07-12 months,319.0,True,348.0,True,False,False,General Subscribers,Standard ongoing account nurturing,314,357.0,319.0,3,3,2,332,0.058,Low,is_engagement_declining,22,North America,1,3,Paid Ads
CUST-00396,Jessica,Ramirez,Jessica Ramirez,jessica.ramirez@company397.com,53,51+,Female,United States,Washington,Seattle,2025-10-04,20251004,Paid Ads,active,False,plan_pro,annual,179.0,2148.0,11.1,07-12 months,1790.0,False,0.0,False,False,False,Loyal Customers,Standard ongoing account nurturing,332,650.0,1790.0,3,4,4,344,0.025,Low,avg_satisfaction_score,23,North America,2,3,Paid Ads
CUST-00563,Jonathan,Jones,Jonathan Jones,jonathan.jones@company114.com,57,51+,Male,United States,Colorado,Denver,2025-05-13,20250513,Organic Search,active,False,plan_pro,annual,179.0,2148.0,15.9,13-24 months,3580.0,False,0.0,False,False,False,Champions,Offer early access to beta features; invite to executive advisory board,476,999.0,3580.0,4,5,5,455,0.0105,Low,avg_satisfaction_score,17,North America,2,2,Organic Search
CUST-00806,Linda,White,Linda White,linda.white@company357.com,48,36-50,Female,France,Île-de-France,Paris,2025-01-25,20250125,Partner,churned,True,plan_starter,monthly,0.0,0.0,10.4,07-12 months,319.0,False,0.0,False,False,False,Potential Loyalists,Standard ongoing account nurturing,584,344.0,319.0,4,3,2,432,0.8576,Critical,monthly_price,8,Europe,1,4,Partner
CUST-01102,Jennifer,Smith,Jennifer Smith,jennifer.smith@company203.com,36,36-50,Female,France,Auvergne-Rhône-Alpes,Lyon,2026-06-07,20260607,Referral,active,False,plan_starter,monthly,29.0,348.0,2.9,01-03 months,87.0,False,0.0,False,False,False,Hibernating / Lost,Automated re-engagement drip campaign; survey feature usability,86,94.0,87.0,1,1,1,111,0.0473,Low,active_day_ratio,7,Europe,1,5,Referral
CUST-01248,Sandra,Taylor,Sandra Taylor,sandra.taylor@company349.com,60,51+,Female,France,Île-de-France,Paris,2025-02-17,20250217,Referral,active,False,plan_enterprise,monthly,499.0,5988.0,18.7,13-24 months,9481.0,False,0.0,False,False,False,Champions,Offer early access to beta features; invite to executive advisory board,561,1478.0,9481.0,4,5,5,455,0.0121,Low,recency_days,8,Europe,1,5,Referral
CUST-01289,Michael,Hernandez,Michael Hernandez,michael.hernandez@company390.com,31,26-35,Male,Canada,Ontario,Toronto,2025-05-05,20250505,Paid Ads,active,False,plan_growth,monthly,79.0,948.0,16.1,13-24 months,1343.0,False,0.0,False,False,False,Champions,Offer early access to beta features; invite to executive advisory board,484,711.0,1343.0,4,5,4,454,0.0187,Low,avg_satisfaction_score,5,North America,1,3,Paid Ads
CUST-01307,Melissa,Martin,Melissa Martin,melissa.martin@company408.com,37,36-50,Female,Australia,Queensland,Brisbane,2024-11-26,20241126,Social Media,active,False,plan_pro,monthly,179.0,2148.0,21.5,13-24 months,3938.0,False,0.0,False,False,False,Champions,Offer early access to beta features; invite to executive advisory board,644,1316.0,3938.0,5,5,5,555,0.0584,Low,recency_days,2,Asia-Pacific,1,6,Social Media
CUST-00036,Matthew,Jones,Matthew Jones,matthew.jones@company37.com,38,36-50,Male,United Kingdom,North West,Manchester,2026-02-18,20260218,Paid Ads,active,False,plan_starter,annual,29.0,348.0,6.5,07-12 months,290.0,True,348.0,True,False,False,Hibernating / Lost,Automated re-engagement drip campaign; survey feature usability,195,195.0,290.0,2,2,2,222,0.0916,Low,session_frequency_per_month,13,Europe,2,3,Paid Ads
CUST-00042,Larry,Martin,Larry Martin,larry.martin@company43.com,45,36-50,Male,United States,Texas,Austin,2024-11-23,20241123,Organic Search,active,False,plan_starter,monthly,29.0,348.0,21.6,13-24 months,638.0,False,0.0,False,False,False,Loyal Customers,Standard ongoing account nurturing,647,694.0,638.0,5,4,3,543,0.0592,Low,recency_days,22,North America,1,2,Organic Search
CUST-00136,Patricia,Williams,Patricia Williams,patricia.williams@company137.com,24,18-25,Female,United States,Massachusetts,Boston,2026-05-30,20260530,Paid Ads,active,False,plan_starter,monthly,29.0,348.0,3.1,04-06 months,116.0,False,0.0,False,False,False,Hibernating / Lost,Automated re-engagement drip campaign; survey feature usability,94,119.0,116.0,1,1,1,111,0.0263,Low,avg_satisfaction_score,20,North America,1,3,Paid Ads
CUST-00625,Amanda,Sanchez,Amanda Sanchez,amanda.sanchez@company176.com,30,26-35,Female,United States,California,San Francisco,2025-10-06,20251006,Partner,active,False,plan_starter,annual,29.0,348.0,11.0,07-12 months,290.0,False,0.0,False,False,False,General Subscribers,Standard ongoing account nurturing,330,395.0,290.0,3,3,2,332,0.0262,Low,avg_satisfaction_score,16,North America,2,4,Partner
CUST-00987,Ryan,Lee,Ryan Lee,ryan.lee@company88.com,45,36-50,Male,Canada,British Columbia,Vancouver,2024-11-09,20241109,Partner,active,False,plan_growth,monthly,79.0,948.0,22.0,13-24 months,1817.0,False,0.0,False,False,False,Champions,Offer early access to beta features; invite to executive advisory board,661,964.0,1817.0,5,5,5,555,0.0153,Low,recency_days,4,North America,1,4,Partner
CUST-01179,Jonathan,Perez,Jonathan Perez,jonathan.perez@company280.com,44,36-50,Male,Australia,Victoria,Melbourne,2024-10-18,20241018,Paid Ads,churned,True,plan_growth,monthly,0.0,0.0,18.4,13-24 months,1501.0,False,0.0,False,False,False,Champions,Offer early access to beta features; invite to executive advisory board,683,758.0,1501.0,5,5,4,554,0.7845,Critical,monthly_price,3,Asia-Pacific,1,3,Paid Ads
CUST-01296,Mary,Ramirez,Mary Ramirez,mary.ramirez@company397.com,60,51+,Female,Australia,New South Wales,Sydney,2026-04-15,20260415,Paid Ads,active,False,plan_starter,monthly,29.0,348.0,4.6,04-06 months,145.0,True,348.0,True,False,False,Hibernating / Lost,Automated re-engagement drip campaign; survey feature usability,139,143.0,145.0,1,1,1,111,0.084,Low,session_frequency_per_month,1,Asia-Pacific,1,3,Paid Ads
CUST-01344,Lisa,Jackson,Lisa Jackson,lisa.jackson@company445.com,24,18-25,Female,United States,Texas,Austin,2026-03-18,20260318,Social Media,active,False,plan_starter,monthly,29.0,348.0,5.6,04-06 months,174.0,False,0.0,False,False,False,Hibernating / Lost,Automated re-engagement drip campaign; survey feature usability,167,183.0,174.0,1,2,1,121,0.0374,Low,avg_satisfaction_score,22,North America,1,6,Social Media
CUST-01400,Michael,Wilson,Michael Wilson,michael.wilson@company51.com,43,36-50,Male,France,Auvergne-Rhône-Alpes,Lyon,2025-01-14,20250114,Organic Search,active,False,plan_starter,annual,29.0,348.0,19.8,13-24 months,580.0,False,0.0,False,False,False,Loyal Customers,Standard ongoing account nurturing,595,680.0,580.0,5,4,3,543,0.0442,Low,recency_days,7,Europe,2,2,Organic Search
CUST-00047,Stephen,Williams,Stephen Williams,stephen.williams@company48.com,54,51+,Male,United Kingdom,North West,Manchester,2025-08-15,20250815,Paid Ads,active,False,plan_starter,annual,29.0,348.0,12.7,13-24 months,580.0,False,0.0,False,False,False,General Subscribers,Standard ongoing account nurturing,382,407.0,580.0,3,3,3,333,0.0638,Low,avg_satisfaction_score,13,Europe,2,3,Paid Ads
CUST-00210,Melissa,Scott,Melissa Scott,melissa.scott@company211.com,48,36-50,Female,Canada,Quebec,Montreal,2025-08-14,20250814,Social Media,active,False,plan_starter,monthly,29.0,348.0,12.8,13-24 months,377.0,False,0.0,False,False,False,General Subscribers,Standard ongoing account nurturing,383,427.0,377.0,3,3,2,332,0.0248,Low,avg_satisfaction_score,6,North America,1,6,Social Media
CUST-00218,Nicole,Wright,Nicole Wright,nicole.wright@company219.com,24,18-25,Female,United Kingdom,North West,Manchester,2025-01-19,20250119,Partner,active,False,plan_growth,annual,79.0,948.0,19.7,13-24 months,1580.0,False,0.0,False,False,False,Champions,Offer early access to beta features; invite to executive advisory board,590,875.0,1580.0,5,5,4,554,0.0106,Low,recency_days,13,Europe,2,4,Partner
CUST-00745,Cynthia,Williams,Cynthia Williams,cynthia.williams@company296.com,40,36-50,Female,United States,Colorado,Denver,2025-09-24,20250924,Direct,active,False,plan_growth,monthly,79.0,948.0,11.4,07-12 months,948.0,True,948.0,True,False,False,Loyal Customers,Standard ongoing account nurturing,342,502.0,948.0,3,4,4,344,0.0627,Low,is_engagement_declining,17,North America,1,1,Direct
CUST-01081,Joseph,White,Joseph White,joseph.white@company182.com,31,26-35,Male,United States,Illinois,Chicago,2026-02-22,20260222,Paid Ads,active,False,plan_starter,monthly,29.0,348.0,6.4,07-12 months,203.0,False,0.0,False,False,False,Hibernating / Lost,Automated re-engagement drip campaign; survey feature usability,191,199.0,203.0,2,2,1,221,0.0878,Low,login_frequency_per_month,19,North America,1,3,Paid Ads
CUST-01485,George,Young,George Young,george.young@company136.com,21,18-25,Male,United Kingdom,West Midlands,Birmingham,2025-02-21,20250221,Paid Ads,active,False,plan_growth,monthly,79.0,948.0,18.6,13-24 months,1501.0,False,0.0,False,False,False,Champions,Offer early access to beta features; invite to executive advisory board,557,848.0,1501.0,4,5,4,454,0.0287,Low,recency_days,15,Europe,1,3,Paid Ads
CUST-00001,John,Moore,John Moore,john.moore@company2.com,33,26-35,Male,United States,New York,New York,2026-03-19,20260319,Referral,active,False,plan_growth,multi_year,79.0,948.0,5.5,04-06 months,790.0,False,0.0,False,False,False,About To Sleep,Automated re-engagement drip campaign; survey feature usability,166,256.0,790.0,1,2,4,124,0.0134,Low,tenure_days,21,North America,3,5,Referral
CUST-00012,Margaret,Young,Margaret Young,margaret.young@company13.com,31,26-35,Female,Australia,Victoria,Melbourne,2025-01-14,20250114,Organic Search,churned,True,plan_growth,monthly,0.0,0.0,17.2,13-24 months,1343.0,False,0.0,False,True,False,Champions,Offer early access to beta features; invite to executive advisory board,595,744.0,1343.0,5,5,4,554,0.947,Critical,monthly_price,3,Asia-Pacific,1,2,Organic Search
CUST-00065,Jacob,Clark,Jacob Clark,jacob.clark@company66.com,41,36-50,Male,United Kingdom,West Midlands,Birmingham,2025-07-13,20250713,Paid Ads,active,False,plan_starter,monthly,29.0,348.0,13.8,13-24 months,406.0,False,0.0,False,False,False,General Subscribers,Standard ongoing account nurturing,415,509.0,406.0,3,4,2,342,0.014,Low,total_tickets_count,15,Europe,1,3,Paid Ads
CUST-00094,Anna,Thomas,Anna Thomas,anna.thomas@company95.com,62,51+,Female,United Kingdom,West Midlands,Birmingham,2026-01-06,20260106,Paid Ads,active,False,plan_pro,monthly,179.0,2148.0,7.9,07-12 months,1432.0,False,0.0,False,False,False,Loyal Customers,Immediate customer success outreach; schedule quarterly business review,238,492.0,1432.0,2,4,4,244,0.0214,Low,age,15,Europe,1,3,Paid Ads
CUST-00097,Emily,Martin,Emily Martin,emily.martin@company98.com,29,26-35,Female,United States,Washington,Seattle,2026-02-18,20260218,Paid Ads,churned,True,plan_growth,monthly,0.0,0.0,2.5,01-03 months,237.0,False,0.0,False,True,False,Hibernating / Lost,Automated re-engagement drip campaign; survey feature usability,195,90.0,237.0,2,1,1,211,0.8202,Critical,monthly_price,23,North America,1,3,Paid Ads
CUST-00126,Mary,Jackson,Mary Jackson,mary.jackson@company127.com,43,36-50,Female,Germany,Hesse,Frankfurt,2025-05-19,20250519,Direct,active,False,plan_pro,annual,179.0,2148.0,15.7,13-24 months,3580.0,False,0.0,False,False,False,Champions,Offer early access to beta features; invite to executive advisory board,470,994.0,3580.0,4,5,5,455,0.013,Low,recency_days,11,Europe,2,1,Direct
CUST-00161,Thomas,Wright,Thomas Wright,thomas.wright@company162.com,37,36-50,Male,United States,California,San Francisco,2025-02-07,20250207,Organic Search,churned,True,plan_starter,monthly,0.0,0.0,3.6,04-06 months,116.0,False,0.0,False,True,False,Promising / New Customers,Standard ongoing account nurturing,571,110.0,116.0,4,1,1,411,0.9936,Critical,monthly_price,16,North America,1,2,Organic Search
CUST-00170,Karen,Walker,Karen Walker,karen.walker@company171.com,37,36-50,Female,Germany,Berlin,Berlin,2025-04-26,20250426,Paid Ads,active,False,plan_starter,multi_year,29.0,348.0,16.4,13-24 months,580.0,False,0.0,False,False,False,Loyal Customers,Standard ongoing account nurturing,493,561.0,580.0,4,4,3,443,0.02,Low,recency_days,10,Europe,3,3,Paid Ads
CUST-00232,Emily,Brown,Emily Brown,emily.brown@company233.com,21,18-25,Female,United Kingdom,Scotland,Edinburgh,2025-11-10,20251110,Paid Ads,churned,True,plan_growth,monthly,0.0,0.0,1.1,01-03 months,79.0,False,0.0,False,True,False,Hibernating / Lost,Automated re-engagement drip campaign; survey feature usability,295,17.0,79.0,2,1,1,211,0.9944,Critical,monthly_price,14,Europe,1,3,Paid Ads
CUST-00242,Benjamin,Garcia,Benjamin Garcia,benjamin.garcia@company243.com,24,18-25,Male,United States,Georgia,Atlanta,2026-02-07,20260207,Paid Ads,churned,True,plan_growth,monthly,0.0,0.0,5.3,04-06 months,474.0,False,0.0,True,True,False,Hibernating / Lost,Automated re-engagement drip campaign; survey feature usability,206,195.0,474.0,2,2,2,222,0.9821,Critical,monthly_price,18,North America,1,3,Paid Ads
CUST-00258,Linda,Brown,Linda Brown,linda.brown@company259.com,34,26-35,Female,United Kingdom,West Midlands,Birmingham,2024-06-24,20240624,Organic Search,churned,True,plan_starter,monthly,0.0,0.0,2.2,01-03 months,87.0,False,0.0,False,True,False,Promising / New Customers,Standard ongoing account nurturing,799,41.0,87.0,5,1,1,511,0.9881,Critical,monthly_price,15,Europe,1,2,Organic Search
CUST-00263,Brandon,Allen,Brandon Allen,brandon.allen@company264.com,35,26-35,Male,United States,California,San Francisco,2025-11-04,20251104,Organic Search,active,False,plan_starter,annual,29.0,348.0,10.0,07-12 months,290.0,False,0.0,False,False,False,General Subscribers,Standard ongoing account nurturing,301,335.0,290.0,2,3,2,232,0.0279,Low,avg_session_minutes,16,North America,2,2,Organic Search
CUST-00280,Jason,Walker,Jason Walker,jason.walker@company281.com,33,26-35,Male,United States,Illinois,Chicago,2025-10-10,20251010,Paid Ads,active,False,plan_starter,monthly,29.0,348.0,10.9,07-12 months,319.0,False,0.0,False,False,False,General Subscribers,Standard ongoing account nurturing,326,340.0,319.0,3,3,2,332,0.1248,Low,login_frequency_per_month,19,North America,1,3,Paid Ads
CUST-00282,Jason,Lopez,Jason Lopez,jason.lopez@company283.com,48,36-50,Male,United States,Colorado,Denver,2025-08-06,20250806,Partner,active,False,plan_starter,monthly,29.0,348.0,13.0,13-24 months,406.0,True,348.0,True,False,False,General Subscribers,Standard ongoing account nurturing,391,444.0,406.0,3,3,2,332,0.1627,Low,avg_resolution_hours,17,North America,1,4,Partner
CUST-00320,Dorothy,Clark,Dorothy Clark,dorothy.clark@company321.com,28,26-35,Female,Germany,Hesse,Frankfurt,2026-05-02,20260502,Organic Search,active,False,plan_growth,annual,79.0,948.0,4.1,04-06 months,790.0,True,948.0,False,True,False,About To Sleep,Automated re-engagement drip campaign; survey feature usability,122,197.0,790.0,1,2,3,123,0.2333,Low,has_support_friction,11,Europe,2,2,Organic Search
CUST-00366,Deborah,Smith,Deborah Smith,deborah.smith@company367.com,35,26-35,Female,United States,New York,New York,2024-08-02,20240802,Referral,active,False,plan_growth,monthly,79.0,948.0,25.3,25+ months,2054.0,False,0.0,False,False,False,Champions,Offer early access to beta features; invite to executive advisory board,760,1103.0,2054.0,5,5,5,555,0.096,Low,avg_resolution_hours,21,North America,1,5,Referral
CUST-00380,Paul,Wilson,Paul Wilson,paul.wilson@company381.com,31,26-35,Male,United Kingdom,Scotland,Edinburgh,2025-11-13,20251113,Social Media,active,False,plan_starter,monthly,29.0,348.0,9.7,07-12 months,290.0,True,348.0,True,False,False,General Subscribers,Standard ongoing account nurturing,292,332.0,290.0,2,3,2,232,0.0772,Low,active_day_ratio,14,Europe,1,6,Social Media
CUST-00383,Shirley,Miller,Shirley Miller,shirley.miller@company384.com,34,26-35,Female,Canada,British Columbia,Vancouver,2025-04-14,20250414,Social Media,churned,True,plan_growth,monthly,0.0,0.0,2.5,01-03 months,237.0,False,0.0,False,True,False,Promising / New Customers,Standard ongoing account nurturing,505,79.0,237.0,4,1,1,411,0.9979,Critical,monthly_price,4,North America,1,6,Social Media
CUST-00387,Dorothy,Nguyen,Dorothy Nguyen,dorothy.nguyen@company388.com,47,36-50,Female,Canada,Quebec,Montreal,2025-04-03,20250403,Organic Search,churned,True,plan_starter,monthly,0.0,0.0,1.5,01-03 months,58.0,False,0.0,False,True,False,Promising / New Customers,Standard ongoing account nurturing,516,21.0,58.0,4,1,1,411,0.9984,Critical,monthly_price,6,North America,1,2,Organic Search
CUST-00390,Carol,Brown,Carol Brown,carol.brown@company391.com,32,26-35,Female,United Kingdom,West Midlands,Birmingham,2025-06-01,20250601,Organic Search,active,False,plan_enterprise,monthly,499.0,5988.0,15.2,13-24 months,7984.0,False,0.0,False,False,False,Champions,Offer early access to beta features; invite to executive advisory board,457,1202.0,7984.0,4,5,5,455,0.0049,Low,total_tickets_count,15,Europe,1,2,Organic Search
CUST-00407,Barbara,Wright,Barbara Wright,barbara.wright@company408.com,28,26-35,Female,United States,New York,New York,2025-06-24,20250624,Paid Ads,churned,True,plan_starter,monthly,0.0,0.0,7.6,07-12 months,232.0,False,0.0,False,True,False,Promising / New Customers,Standard ongoing account nurturing,434,243.0,232.0,3,2,1,321,0.9997,Critical,monthly_price,21,North America,1,3,Paid Ads
CUST-00472,Gary,Martin,Gary Martin,gary.martin@company23.com,31,26-35,Male,Australia,Queensland,Brisbane,2026-04-12,20260412,Organic Search,active,False,plan_starter,annual,29.0,348.0,4.7,04-06 months,290.0,False,0.0,False,False,False,Hibernating / Lost,Automated re-engagement drip campaign; survey feature usability,142,153.0,290.0,1,1,1,111,0.0386,Low,avg_session_minutes,2,Asia-Pacific,2,2,Organic Search
CUST-00481,Emily,White,Emily White,emily.white@company32.com,21,18-25,Female,Germany,Bavaria,Munich,2025-11-29,20251129,Paid Ads,churned,True,plan_growth,monthly,0.0,0.0,1.5,01-03 months,158.0,False,0.0,False,True,False,Hibernating / Lost,Automated re-engagement drip campaign; survey feature usability,276,39.0,158.0,2,1,1,211,0.9987,Critical,monthly_price,9,Europe,1,3,Paid Ads
CUST-00485,Joshua,Allen,Joshua Allen,joshua.allen@company36.com,33,26-35,Male,Germany,Hesse,Frankfurt,2025-04-10,20250410,Social Media,active,False,plan_starter,monthly,29.0,348.0,17.0,13-24 months,493.0,True,348.0,True,False,False,Potential Loyalists,Standard ongoing account nurturing,509,608.0,493.0,4,4,2,442,0.0377,Low,is_engagement_declining,11,Europe,1,6,Social Media
CUST-00493,Sharon,Harris,Sharon Harris,sharon.harris@company44.com,41,36-50,Female,United States,Washington,Seattle,2026-04-18,20260418,Paid Ads,active,False,plan_pro,monthly,179.0,2148.0,4.5,04-06 months,895.0,True,2148.0,False,True,False,About To Sleep,Automated re-engagement drip campaign; survey feature usability,136,253.0,895.0,1,2,4,124,0.0781,Low,has_support_friction,23,North America,1,3,Paid Ads
CUST-00501,Brian,Garcia,Brian Garcia,brian.garcia@company52.com,36,36-50,Male,United States,Illinois,Chicago,2025-05-30,20250530,Paid Ads,churned,True,plan_starter,monthly,0.0,0.0,5.6,04-06 months,174.0,False,0.0,False,True,False,Potential Loyalists,Standard ongoing account nurturing,459,190.0,174.0,4,2,1,421,0.9941,Critical,monthly_price,19,North America,1,3,Paid Ads
CUST-00510,Michelle,Rodriguez,Michelle Rodriguez,michelle.rodriguez@company61.com,39,36-50,Female,United Kingdom,Scotland,Edinburgh,2026-03-04,20260304,Organic Search,active,False,plan_growth,monthly,79.0,948.0,6.0,04-06 months,553.0,True,948.0,False,True,False,About To Sleep,Automated re-engagement drip campaign; survey feature usability,181,258.0,553.0,1,2,3,123,0.0503,Low,has_support_friction,14,Europe,1,2,Organic Search
CUST-00582,Scott,Young,Scott Young,scott.young@company133.com,51,51+,Male,United States,Washington,Seattle,2025-07-19,20250719,Organic Search,churned,True,plan_growth,annual,0.0,0.0,4.6,04-06 months,790.0,False,0.0,False,True,False,Promising / New Customers,Standard ongoing account nurturing,409,189.0,790.0,3,2,3,323,0.8686,Critical,monthly_price,23,North America,2,2,Organic Search
CUST-00588,Steven,Jones,Steven Jones,steven.jones@company139.com,50,36-50,Male,Australia,Queensland,Brisbane,2025-11-29,20251129,Referral,active,False,plan_growth,monthly,79.0,948.0,9.2,07-12 months,790.0,False,0.0,False,False,False,At Risk Accounts,Immediate customer success outreach; schedule quarterly business review,276,431.0,790.0,2,3,3,233,0.0258,Low,urgent_ticket_ratio,2,Asia-Pacific,1,5,Referral
CUST-00614,Jonathan,Smith,Jonathan Smith,jonathan.smith@company165.com,32,26-35,Male,United States,Massachusetts,Boston,2026-02-13,20260213,Paid Ads,active,False,plan_enterprise,monthly,499.0,5988.0,6.7,07-12 months,3493.0,False,0.0,False,False,False,Loyal Customers,Immediate customer success outreach; schedule quarterly business review,200,569.0,3493.0,2,4,5,245,0.1033,Low,avg_resolution_hours,20,North America,1,3,Paid Ads
CUST-00712,Laura,Hill,Laura Hill,laura.hill@company263.com,38,36-50,Female,United States,Colorado,Denver,2025-11-18,20251118,Organic Search,churned,True,plan_starter,monthly,0.0,0.0,6.8,07-12 months,203.0,False,0.0,False,True,False,Hibernating / Lost,Automated re-engagement drip campaign; survey feature usability,287,217.0,203.0,2,2,1,221,0.9851,Critical,monthly_price,17,North America,1,2,Organic Search
CUST-00736,Rebecca,Martin,Rebecca Martin,rebecca.martin@company287.com,38,36-50,Female,Australia,Queensland,Brisbane,2025-08-18,20250818,Direct,active,False,plan_enterprise,monthly,499.0,5988.0,12.6,13-24 months,6487.0,False,0.0,False,False,False,Loyal Customers,Standard ongoing account nurturing,379,1046.0,6487.0,3,5,5,355,0.0045,Low,contract_type_annual,2,Asia-Pacific,1,1,Direct
CUST-00775,Donald,Torres,Donald Torres,donald.torres@company326.com,51,51+,Male,Germany,Bavaria,Munich,2025-05-31,20250531,Organic Search,churned,True,plan_starter,annual,0.0,0.0,15.3,13-24 months,580.0,False,0.0,True,True,False,Loyal Customers,Standard ongoing account nurturing,458,472.0,580.0,4,4,3,443,0.8679,Critical,monthly_price,9,Europe,2,2,Organic Search
CUST-00782,Donald,Williams,Donald Williams,donald.williams@company333.com,24,18-25,Male,Canada,Quebec,Montreal,2025-12-28,20251228,Organic Search,churned,True,plan_growth,monthly,0.0,0.0,5.6,04-06 months,474.0,False,0.0,False,True,False,Hibernating / Lost,Automated re-engagement drip campaign; survey feature usability,247,259.0,474.0,2,2,2,222,0.9951,Critical,monthly_price,6,North America,1,2,Organic Search
CUST-00798,Margaret,Nguyen,Margaret Nguyen,margaret.nguyen@company349.com,21,18-25,Female,France,Auvergne-Rhône-Alpes,Lyon,2026-06-30,20260630,Paid Ads,active,False,plan_growth,monthly,79.0,948.0,2.1,01-03 months,237.0,False,0.0,False,False,False,Hibernating / Lost,Automated re-engagement drip campaign; survey feature usability,63,84.0,237.0,1,1,1,111,0.0272,Low,total_tickets_count,7,Europe,1,3,Paid Ads
CUST-00879,Kathleen,Miller,Kathleen Miller,kathleen.miller@company430.com,26,26-35,Female,United States,California,San Francisco,2026-03-25,20260325,Referral,active,False,plan_growth,annual,79.0,948.0,5.3,04-06 months,790.0,False,0.0,False,False,False,About To Sleep,Automated re-engagement drip campaign; survey feature usability,160,211.0,790.0,1,2,3,123,0.0215,Low,total_active_days,16,North America,2,5,Referral
CUST-00888,Mark,Lee,Mark Lee,mark.lee@company439.com,30,26-35,Male,United States,Colorado,Denver,2026-02-01,20260201,Organic Search,active,False,plan_growth,monthly,79.0,948.0,7.1,07-12 months,632.0,False,0.0,False,False,False,At Risk Accounts,Immediate customer success outreach; schedule quarterly business review,212,287.0,632.0,2,3,3,233,0.0224,Low,total_session_minutes,17,North America,1,2,Organic Search
CUST-00893,Kenneth,Clark,Kenneth Clark,kenneth.clark@company444.com,60,51+,Male,United Kingdom,North West,Manchester,2026-02-03,20260203,Paid Ads,churned,True,plan_starter,monthly,0.0,0.0,1.3,01-03 months,58.0,False,0.0,False,True,False,Hibernating / Lost,Automated re-engagement drip campaign; survey feature usability,210,20.0,58.0,2,1,1,211,0.997,Critical,monthly_price,13,Europe,1,3,Paid Ads
CUST-00905,Joshua,Johnson,Joshua Johnson,joshua.johnson@company6.com,33,26-35,Male,Germany,Bavaria,Munich,2026-04-12,20260412,Paid Ads,active,False,plan_starter,monthly,29.0,348.0,4.7,04-06 months,145.0,False,0.0,False,False,False,Hibernating / Lost,Automated re-engagement drip campaign; survey feature usability,142,172.0,145.0,1,2,1,121,0.0194,Low,total_tickets_count,9,Europe,1,3,Paid Ads
CUST-00909,Stephanie,Martinez,Stephanie Martinez,stephanie.martinez@company10.com,63,51+,Female,United States,Colorado,Denver,2025-06-17,20250617,Paid Ads,active,False,plan_starter,monthly,29.0,348.0,14.7,13-24 months,435.0,True,348.0,False,True,False,Potential Loyalists,Standard ongoing account nurturing,441,495.0,435.0,4,4,2,442,0.0826,Low,has_support_friction,17,North America,1,3,Paid Ads
CUST-00921,Charles,Lee,Charles Lee,charles.lee@company22.com,23,18-25,Male,Canada,British Columbia,Vancouver,2025-09-21,20250921,Organic Search,churned,True,plan_starter,annual,0.0,0.0,6.2,07-12 months,290.0,False,0.0,False,True,False,Promising / New Customers,Standard ongoing account nurturing,345,214.0,290.0,3,2,1,321,0.9897,Critical,monthly_price,4,North America,2,2,Organic Search
CUST-00922,Melissa,Clark,Melissa Clark,melissa.clark@company23.com,46,36-50,Female,France,Île-de-France,Paris,2026-04-08,20260408,Organic Search,active,False,plan_enterprise,annual,499.0,5988.0,4.9,04-06 months,4990.0,False,0.0,False,False,False,At Risk Accounts,Immediate customer success outreach; schedule quarterly business review,146,401.0,4990.0,1,3,5,135,0.0499,Low,urgent_ticket_ratio,8,Europe,2,2,Organic Search
CUST-00928,Jason,Robinson,Jason Robinson,jason.robinson@company29.com,30,26-35,Male,United States,Texas,Austin,2026-07-06,20260706,Direct,active,False,plan_enterprise,annual,499.0,5988.0,1.9,01-03 months,4990.0,False,0.0,False,False,False,About To Sleep,Automated re-engagement drip campaign; survey feature usability,57,147.0,4990.0,1,1,5,115,0.0194,Low,total_active_days,22,North America,2,1,Direct
CUST-00929,Amanda,Martin,Amanda Martin,amanda.martin@company30.com,46,36-50,Female,United States,Georgia,Atlanta,2025-03-15,20250315,Social Media,churned,True,plan_starter,monthly,0.0,0.0,6.3,07-12 months,203.0,False,0.0,False,True,False,Potential Loyalists,Standard ongoing account nurturing,535,204.0,203.0,4,2,1,421,0.9989,Critical,monthly_price,18,North America,1,6,Social Media
CUST-00955,Nicholas,Ramirez,Nicholas Ramirez,nicholas.ramirez@company56.com,32,26-35,Male,Canada,British Columbia,Vancouver,2025-10-11,20251011,Partner,active,False,plan_starter,monthly,29.0,348.0,10.8,07-12 months,319.0,False,0.0,False,False,False,General Subscribers,Standard ongoing account nurturing,325,341.0,319.0,3,3,2,332,0.1152,Low,session_frequency_per_month,4,North America,1,4,Partner
CUST-00998,Amy,Davis,Amy Davis,amy.davis@company99.com,37,36-50,Female,United States,Illinois,Chicago,2026-03-15,20260315,Organic Search,active,False,plan_starter,multi_year,29.0,348.0,5.7,04-06 months,290.0,False,0.0,False,False,False,Hibernating / Lost,Automated re-engagement drip campaign; survey feature usability,170,195.0,290.0,1,2,2,122,0.03,Low,high_urgency_tickets_count,19,North America,3,2,Organic Search
CUST-01004,Gary,Thompson,Gary Thompson,gary.thompson@company105.com,45,36-50,Male,Australia,Queensland,Brisbane,2026-04-25,20260425,Partner,active,False,plan_pro,annual,179.0,2148.0,4.3,04-06 months,1790.0,False,0.0,False,False,False,About To Sleep,Automated re-engagement drip campaign; survey feature usability,129,260.0,1790.0,1,2,5,125,0.0403,Low,urgent_ticket_ratio,2,Asia-Pacific,2,4,Partner
CUST-01006,Larry,Williams,Larry Williams,larry.williams@company107.com,31,26-35,Male,United States,Georgia,Atlanta,2024-09-26,20240926,Direct,active,False,plan_enterprise,annual,499.0,5988.0,23.5,13-24 months,9980.0,True,5988.0,True,False,False,Champions,Offer early access to beta features; invite to executive advisory board,705,1937.0,9980.0,5,5,5,555,0.0373,Low,recency_days,18,North America,2,1,Direct
CUST-01023,Shirley,Gonzalez,Shirley Gonzalez,shirley.gonzalez@company124.com,35,26-35,Female,Australia,Victoria,Melbourne,2025-06-07,20250607,Organic Search,churned,True,plan_growth,annual,0.0,0.0,3.3,04-06 months,790.0,False,0.0,False,False,False,Promising / New Customers,Standard ongoing account nurturing,451,108.0,790.0,4,1,3,413,0.9748,Critical,monthly_price,3,Asia-Pacific,2,2,Organic Search
CUST-01067,Jonathan,Wright,Jonathan Wright,jonathan.wright@company168.com,34,26-35,Male,United States,Illinois,Chicago,2024-12-24,20241224,Paid Ads,churned,True,plan_starter,monthly,0.0,0.0,3.1,04-06 months,87.0,False,0.0,False,True,False,Promising / New Customers,Standard ongoing account nurturing,616,81.0,87.0,5,1,1,511,0.9558,Critical,monthly_price,19,North America,1,3,Paid Ads
CUST-01072,George,Martin,George Martin,george.martin@company173.com,31,26-35,Male,Germany,Hesse,Frankfurt,2025-10-12,20251012,Referral,active,False,plan_growth,monthly,79.0,948.0,10.8,07-12 months,869.0,False,0.0,False,False,False,Loyal Customers,Standard ongoing account nurturing,324,498.0,869.0,3,4,4,344,0.0098,Low,contract_type_annual,11,Europe,1,5,Referral
CUST-01074,Cynthia,Miller,Cynthia Miller,cynthia.miller@company175.com,21,18-25,Female,United States,Colorado,Denver,2025-06-15,20250615,Organic Search,churned,True,plan_pro,annual,0.0,0.0,11.3,07-12 months,1790.0,False,0.0,False,True,False,Champions,Offer early access to beta features; invite to executive advisory board,443,644.0,1790.0,4,4,4,444,0.8866,Critical,monthly_price,17,North America,2,2,Organic Search
CUST-01088,Daniel,Johnson,Daniel Johnson,daniel.johnson@company189.com,34,26-35,Male,Germany,Hesse,Frankfurt,2026-04-21,20260421,Paid Ads,active,False,plan_starter,annual,29.0,348.0,4.4,04-06 months,290.0,False,0.0,False,False,False,Hibernating / Lost,Automated re-engagement drip campaign; survey feature usability,133,142.0,290.0,1,1,1,111,0.1004,Low,login_frequency_per_month,11,Europe,2,3,Paid Ads
CUST-01096,Deborah,Miller,Deborah Miller,deborah.miller@company197.com,25,18-25,Female,United States,Massachusetts,Boston,2026-03-17,20260317,Organic Search,active,False,plan_starter,annual,29.0,348.0,5.6,04-06 months,290.0,False,0.0,False,False,False,Hibernating / Lost,Automated re-engagement drip campaign; survey feature usability,168,179.0,290.0,1,2,2,122,0.0794,Low,login_frequency_per_month,20,North America,2,2,Organic Search
CUST-01114,Mark,Young,Mark Young,mark.young@company215.com,39,36-50,Male,United States,Georgia,Atlanta,2025-10-26,20251026,Social Media,active,False,plan_pro,annual,179.0,2148.0,10.3,07-12 months,1790.0,False,0.0,False,False,False,Loyal Customers,Standard ongoing account nurturing,310,620.0,1790.0,3,4,4,344,0.0122,Low,acquisition_channel_Social Media,18,North America,2,6,Social Media
CUST-01124,John,Walker,John Walker,john.walker@company225.com,21,18-25,Male,United States,Massachusetts,Boston,2025-03-05,20250305,Social Media,churned,True,plan_starter,monthly,0.0,0.0,6.3,07-12 months,203.0,False,0.0,False,True,False,Potential Loyalists,Standard ongoing account nurturing,545,188.0,203.0,4,2,1,421,0.9957,Critical,monthly_price,20,North America,1,6,Social Media
CUST-01237,Carol,Hill,Carol Hill,carol.hill@company338.com,23,18-25,Female,United States,Massachusetts,Boston,2024-05-29,20240529,Direct,churned,True,plan_growth,annual,0.0,0.0,13.9,13-24 months,1580.0,False,0.0,False,True,False,Champions,Offer early access to beta features; invite to executive advisory board,825,602.0,1580.0,5,4,4,544,0.9612,Critical,monthly_price,20,North America,2,1,Direct
CUST-01255,Stephen,Robinson,Stephen Robinson,stephen.robinson@company356.com,27,26-35,Male,Germany,Bavaria,Munich,2024-08-15,20240815,Social Media,churned,True,plan_starter,monthly,0.0,0.0,3.5,04-06 months,116.0,False,0.0,False,False,False,Promising / New Customers,Standard ongoing account nurturing,747,104.0,116.0,5,1,1,511,0.973,Critical,monthly_price,9,Europe,1,6,Social Media
CUST-01314,Jeffrey,Walker,Jeffrey Walker,jeffrey.walker@company415.com,21,18-25,Male,United States,Colorado,Denver,2025-08-01,20250801,Organic Search,active,False,plan_growth,monthly,79.0,948.0,13.2,13-24 months,1106.0,False,0.0,False,False,False,Loyal Customers,Standard ongoing account nurturing,396,609.0,1106.0,3,4,4,344,0.0263,Low,urgent_ticket_ratio,17,North America,1,2,Organic Search
CUST-01317,Anthony,Nguyen,Anthony Nguyen,anthony.nguyen@company418.com,49,36-50,Male,United States,New York,New York,2025-02-20,20250220,Organic Search,active,False,plan_growth,annual,79.0,948.0,18.6,13-24 months,1580.0,True,948.0,False,True,False,Champions,Offer early access to beta features; invite to executive advisory board,558,796.0,1580.0,4,5,4,454,0.0579,Low,has_support_friction,21,North America,2,2,Organic Search
CUST-01364,Joseph,Brown,Joseph Brown,joseph.brown@company15.com,35,26-35,Male,United States,Texas,Austin,2025-07-11,20250711,Organic Search,active,False,plan_growth,annual,79.0,948.0,13.9,13-24 months,1580.0,False,0.0,False,False,False,Loyal Customers,Standard ongoing account nurturing,417,597.0,1580.0,3,4,4,344,0.02,Low,plan_tier_Growth,22,North America,2,2,Organic Search
CUST-01369,Gary,Rodriguez,Gary Rodriguez,gary.rodriguez@company20.com,45,36-50,Male,Canada,British Columbia,Vancouver,2025-11-14,20251114,Paid Ads,churned,True,plan_growth,annual,0.0,0.0,4.5,04-06 months,790.0,False,0.0,False,True,False,About To Sleep,Automated re-engagement drip campaign; survey feature usability,291,173.0,790.0,2,2,3,223,0.9057,Critical,monthly_price,4,North America,2,3,Paid Ads
CUST-01384,Donald,Martinez,Donald Martinez,donald.martinez@company35.com,43,36-50,Male,United States,Massachusetts,Boston,2026-04-16,20260416,Paid Ads,active,False,plan_growth,annual,79.0,948.0,4.6,04-06 months,790.0,False,0.0,False,False,False,About To Sleep,Automated re-engagement drip campaign; survey feature usability,138,209.0,790.0,1,2,3,123,0.036,Low,active_day_ratio,20,North America,2,3,Paid Ads
CUST-01415,Ryan,Allen,Ryan Allen,ryan.allen@company66.com,21,18-25,Male,United States,Illinois,Chicago,2026-07-29,20260729,Social Media,active,False,plan_starter,monthly,29.0,348.0,1.1,01-03 months,58.0,False,0.0,False,False,False,Hibernating / Lost,Automated re-engagement drip campaign; survey feature usability,34,40.0,58.0,1,1,1,111,0.0818,Low,active_day_ratio,19,North America,1,6,Social Media
CUST-01417,Cynthia,Clark,Cynthia Clark,cynthia.clark@company68.com,58,51+,Female,United Kingdom,West Midlands,Birmingham,2026-06-12,20260612,Organic Search,active,False,plan_pro,annual,179.0,2148.0,2.7,01-03 months,1790.0,False,0.0,False,False,False,About To Sleep,Automated re-engagement drip campaign; survey feature usability,81,147.0,1790.0,1,1,5,115,0.0956,Low,high_urgency_tickets_count,15,Europe,2,2,Organic Search
CUST-01434,Jessica,Gonzalez,Jessica Gonzalez,jessica.gonzalez@company85.com,34,26-35,Female,United Kingdom,North West,Manchester,2026-07-28,20260728,Organic Search,active,False,plan_pro,annual,179.0,2148.0,1.2,01-03 months,1790.0,False,0.0,False,False,False,About To Sleep,Automated re-engagement drip campaign; survey feature usability,35,63.0,1790.0,1,1,5,115,0.0559,Low,active_day_ratio,13,Europe,2,2,Organic Search
CUST-01452,Amanda,Sanchez,Amanda Sanchez,amanda.sanchez@company103.com,30,26-35,Female,Canada,British Columbia,Vancouver,2025-03-08,20250308,Referral,active,False,plan_pro,annual,179.0,2148.0,18.1,13-24 months,3580.0,False,0.0,False,False,False,Champions,Offer early access to beta features; invite to executive advisory board,542,1119.0,3580.0,4,5,5,455,0.0176,Low,avg_resolution_hours,4,North America,2,5,Referral
CUST-01476,Nicole,Jackson,Nicole Jackson,nicole.jackson@company127.com,43,36-50,Female,United States,Georgia,Atlanta,2026-01-18,20260118,Partner,active,False,plan_growth,monthly,79.0,948.0,7.5,07-12 months,632.0,False,0.0,False,False,False,At Risk Accounts,Immediate customer success outreach; schedule quarterly business review,226,346.0,632.0,2,3,3,233,0.0231,Low,total_logins,18,North America,1,4,Partner
CUST-01481,Charles,Miller,Charles Miller,charles.miller@company132.com,29,26-35,Male,Germany,Bavaria,Munich,2026-03-18,20260318,Paid Ads,active,False,plan_growth,monthly,79.0,948.0,5.6,04-06 months,474.0,True,948.0,True,False,False,Hibernating / Lost,Automated re-engagement drip campaign; survey feature usability,167,235.0,474.0,1,2,2,122,0.0339,Low,is_engagement_declining,9,Europe,1,3,Paid Ads
CUST-00137,Paul,King,Paul King,paul.king@company138.com,39,36-50,Male,Canada,Ontario,Toronto,2024-09-01,20240901,Organic Search,churned,True,plan_starter,multi_year,0.0,0.0,15.7,13-24 months,580.0,False,0.0,False,False,False,Loyal Customers,Standard ongoing account nurturing,730,519.0,580.0,5,4,3,543,0.8148,Critical,monthly_price,5,North America,3,2,Organic Search
CUST-00166,Elizabeth,Garcia,Elizabeth Garcia,elizabeth.garcia@company167.com,32,26-35,Female,United States,Texas,Austin,2025-05-08,20250508,Organic Search,active,False,plan_growth,annual,79.0,948.0,16.0,13-24 months,1580.0,False,0.0,False,False,False,Champions,Offer early access to beta features; invite to executive advisory board,481,703.0,1580.0,4,5,4,454,0.0054,Low,avg_resolution_hours,22,North America,2,2,Organic Search
CUST-00215,Gary,Lewis,Gary Lewis,gary.lewis@company216.com,37,36-50,Male,Australia,New South Wales,Sydney,2025-03-29,20250329,Organic Search,churned,True,plan_starter,annual,0.0,0.0,1.5,01-03 months,290.0,False,0.0,False,True,False,Promising / New Customers,Standard ongoing account nurturing,521,35.0,290.0,4,1,2,412,0.9988,Critical,monthly_price,1,Asia-Pacific,2,2,Organic Search
CUST-00273,Emma,Walker,Emma Walker,emma.walker@company274.com,35,26-35,Female,United States,Illinois,Chicago,2026-05-19,20260519,Organic Search,active,False,plan_starter,annual,29.0,348.0,3.5,04-06 months,290.0,False,0.0,False,False,False,Hibernating / Lost,Automated re-engagement drip campaign; survey feature usability,105,114.0,290.0,1,1,2,112,0.07,Low,urgent_ticket_ratio,19,North America,2,2,Organic Search
CUST-00318,Deborah,Robinson,Deborah Robinson,deborah.robinson@company319.com,33,26-35,Female,United States,Illinois,Chicago,2026-02-11,20260211,Paid Ads,active,False,plan_growth,monthly,79.0,948.0,6.7,07-12 months,553.0,True,948.0,True,False,False,At Risk Accounts,Immediate customer success outreach; schedule quarterly business review,202,297.0,553.0,2,3,3,233,0.041,Low,is_engagement_declining,19,North America,1,3,Paid Ads
CUST-00345,Kenneth,Clark,Kenneth Clark,kenneth.clark@company346.com,24,18-25,Male,United States,Washington,Seattle,2026-01-26,20260126,Referral,active,False,plan_starter,monthly,29.0,348.0,7.3,07-12 months,232.0,False,0.0,False,False,False,Hibernating / Lost,Automated re-engagement drip campaign; survey feature usability,218,264.0,232.0,2,2,1,221,0.0324,Low,historical_revenue,23,North America,1,5,Referral
CUST-00347,Jeffrey,Moore,Jeffrey Moore,jeffrey.moore@company348.com,26,26-35,Male,United States,New York,New York,2025-12-04,20251204,Paid Ads,churned,True,plan_pro,monthly,0.0,0.0,4.8,04-06 months,895.0,False,0.0,False,True,False,About To Sleep,Automated re-engagement drip campaign; survey feature usability,271,252.0,895.0,2,2,4,224,0.9908,Critical,monthly_price,21,North America,1,3,Paid Ads
CUST-00557,James,Taylor,James Taylor,james.taylor@company108.com,26,26-35,Male,Germany,Bavaria,Munich,2025-10-21,20251021,Social Media,active,False,plan_pro,monthly,179.0,2148.0,10.5,07-12 months,1969.0,False,0.0,False,False,False,Loyal Customers,Standard ongoing account nurturing,315,652.0,1969.0,3,4,5,345,0.0117,Low,avg_satisfaction_score,9,Europe,1,6,Social Media
CUST-00577,Karen,Martin,Karen Martin,karen.martin@company128.com,50,36-50,Female,Australia,Queensland,Brisbane,2025-12-01,20251201,Referral,active,False,plan_starter,monthly,29.0,348.0,9.1,07-12 months,290.0,True,348.0,False,True,False,General Subscribers,Standard ongoing account nurturing,274,317.0,290.0,2,3,2,232,0.1286,Low,has_support_friction,2,Asia-Pacific,1,5,Referral
CUST-00590,Edward,Sanchez,Edward Sanchez,edward.sanchez@company141.com,21,18-25,Male,Canada,Quebec,Montreal,2025-01-28,20250128,Social Media,churned,True,plan_growth,monthly,0.0,0.0,2.9,01-03 months,237.0,False,0.0,False,True,False,Promising / New Customers,Standard ongoing account nurturing,581,119.0,237.0,4,1,1,411,0.9782,Critical,monthly_price,6,North America,1,6,Social Media
CUST-00606,Nancy,Perez,Nancy Perez,nancy.perez@company157.com,41,36-50,Female,United Kingdom,Greater London,London,2024-09-27,20240927,Organic Search,active,False,plan_growth,annual,79.0,948.0,23.5,13-24 months,1580.0,True,948.0,False,True,False,Champions,Offer early access to beta features; invite to executive advisory board,704,1039.0,1580.0,5,5,4,554,0.1194,Low,has_support_friction,12,Europe,2,2,Organic Search
CUST-00673,Amy,White,Amy White,amy.white@company224.com,33,26-35,Female,Germany,Bavaria,Munich,2025-07-15,20250715,Organic Search,active,False,plan_growth,monthly,79.0,948.0,13.8,13-24 months,1106.0,False,0.0,False,False,False,Loyal Customers,Standard ongoing account nurturing,413,598.0,1106.0,3,4,4,344,0.0243,Low,avg_resolution_hours,9,Europe,1,2,Organic Search
CUST-00738,Brandon,Anderson,Brandon Anderson,brandon.anderson@company289.com,39,36-50,Male,United States,New York,New York,2025-07-17,20250717,Referral,churned,True,plan_growth,annual,0.0,0.0,7.9,07-12 months,790.0,False,0.0,False,True,False,General Subscribers,Standard ongoing account nurturing,411,317.0,790.0,3,3,3,333,0.9797,Critical,monthly_price,21,North America,2,5,Referral
CUST-00812,Emma,Lopez,Emma Lopez,emma.lopez@company363.com,32,26-35,Female,United States,Georgia,Atlanta,2025-11-10,20251110,Paid Ads,active,False,plan_growth,monthly,79.0,948.0,9.8,07-12 months,790.0,False,0.0,False,False,False,At Risk Accounts,Immediate customer success outreach; schedule quarterly business review,295,440.0,790.0,2,3,3,233,0.0218,Low,avg_satisfaction_score,18,North America,1,3,Paid Ads
CUST-00873,Betty,Perez,Betty Perez,betty.perez@company424.com,29,26-35,Female,Canada,Ontario,Toronto,2024-10-20,20241020,Organic Search,active,False,plan_pro,annual,179.0,2148.0,22.7,13-24 months,3580.0,False,0.0,False,False,False,Champions,Offer early access to beta features; invite to executive advisory board,681,1423.0,3580.0,5,5,5,555,0.021,Low,avg_resolution_hours,5,North America,2,2,Organic Search
CUST-00878,Jason,Williams,Jason Williams,jason.williams@company429.com,34,26-35,Male,United States,California,San Francisco,2026-06-17,20260617,Paid Ads,active,False,plan_starter,monthly,29.0,348.0,2.5,01-03 months,87.0,False,0.0,False,False,False,Hibernating / Lost,Automated re-engagement drip campaign; survey feature usability,76,67.0,87.0,1,1,1,111,0.0754,Low,session_frequency_per_month,16,North America,1,3,Paid Ads
CUST-00882,Sarah,Sanchez,Sarah Sanchez,sarah.sanchez@company433.com,23,18-25,Female,Australia,Queensland,Brisbane,2025-12-22,20251222,Paid Ads,churned,True,plan_growth,monthly,0.0,0.0,7.4,07-12 months,632.0,False,0.0,True,True,False,About To Sleep,Automated re-engagement drip campaign; survey feature usability,253,260.0,632.0,2,2,3,223,0.9878,Critical,monthly_price,2,Asia-Pacific,1,3,Paid Ads
CUST-00935,Matthew,Thompson,Matthew Thompson,matthew.thompson@company36.com,43,36-50,Male,United States,Illinois,Chicago,2025-10-23,20251023,Direct,active,False,plan_growth,annual,79.0,948.0,10.4,07-12 months,790.0,False,0.0,False,False,False,General Subscribers,Standard ongoing account nurturing,313,422.0,790.0,3,3,3,333,0.0451,Low,total_tickets_count,19,North America,2,1,Direct
CUST-00951,Ronald,Hill,Ronald Hill,ronald.hill@company52.com,55,51+,Male,United States,New York,New York,2025-09-28,20250928,Partner,active,False,plan_pro,monthly,179.0,2148.0,11.3,07-12 months,2148.0,False,0.0,False,False,False,Loyal Customers,Standard ongoing account nurturing,338,697.0,2148.0,3,4,5,345,0.0221,Low,total_tickets_count,21,North America,1,4,Partner
CUST-01013,Anna,Young,Anna Young,anna.young@company114.com,29,26-35,Female,United States,Texas,Austin,2025-04-13,20250413,Organic Search,active,False,plan_starter,monthly,29.0,348.0,16.9,13-24 months,493.0,True,348.0,False,True,False,Potential Loyalists,Standard ongoing account nurturing,506,560.0,493.0,4,4,2,442,0.2444,Low,has_support_friction,22,North America,1,2,Organic Search
CUST-01071,Jacob,Perez,Jacob Perez,jacob.perez@company172.com,51,51+,Male,Germany,Hesse,Frankfurt,2025-06-02,20250602,Referral,churned,True,plan_starter,monthly,0.0,0.0,4.2,04-06 months,145.0,False,0.0,False,True,False,Promising / New Customers,Standard ongoing account nurturing,456,139.0,145.0,4,1,1,411,0.9865,Critical,monthly_price,11,Europe,1,5,Referral
CUST-01121,Mark,Brown,Mark Brown,mark.brown@company222.com,21,18-25,Male,United States,Georgia,Atlanta,2025-06-18,20250618,Paid Ads,churned,True,plan_starter,monthly,0.0,0.0,2.6,01-03 months,87.0,False,0.0,False,True,False,Promising / New Customers,Standard ongoing account nurturing,440,72.0,87.0,4,1,1,411,0.9934,Critical,monthly_price,18,North America,1,3,Paid Ads
CUST-01163,Mary,Martin,Mary Martin,mary.martin@company264.com,31,26-35,Female,United States,Colorado,Denver,2025-04-19,20250419,Direct,active,False,plan_growth,monthly,79.0,948.0,16.7,13-24 months,1343.0,False,0.0,False,False,False,Champions,Offer early access to beta features; invite to executive advisory board,500,769.0,1343.0,4,5,4,454,0.0301,Low,avg_resolution_hours,17,North America,1,1,Direct
CUST-01175,Stephanie,Hernandez,Stephanie Hernandez,stephanie.hernandez@company276.com,42,36-50,Female,United States,Colorado,Denver,2026-05-17,20260517,Paid Ads,churned,True,plan_starter,monthly,0.0,0.0,3.4,04-06 months,116.0,False,0.0,True,True,False,Hibernating / Lost,Automated re-engagement drip campaign; survey feature usability,107,96.0,116.0,1,1,1,111,0.9897,Critical,monthly_price,17,North America,1,3,Paid Ads
CUST-01183,Paul,Hernandez,Paul Hernandez,paul.hernandez@company284.com,25,18-25,Male,United Kingdom,Scotland,Edinburgh,2025-08-21,20250821,Referral,active,False,plan_starter,monthly,29.0,348.0,12.5,13-24 months,377.0,False,0.0,False,False,False,General Subscribers,Standard ongoing account nurturing,376,421.0,377.0,3,3,2,332,0.0176,Low,contract_type_annual,14,Europe,1,5,Referral
CUST-01199,Jacob,Anderson,Jacob Anderson,jacob.anderson@company300.com,31,26-35,Male,Germany,Hesse,Frankfurt,2025-08-09,20250809,Referral,active,False,plan_pro,multi_year,179.0,2148.0,12.9,13-24 months,3580.0,True,2148.0,False,True,False,Loyal Customers,Standard ongoing account nurturing,388,800.0,3580.0,3,5,5,355,0.172,Low,has_support_friction,11,Europe,3,5,Referral
CUST-01243,George,Ramirez,George Ramirez,george.ramirez@company344.com,47,36-50,Male,Australia,Victoria,Melbourne,2026-07-21,20260721,Direct,active,False,plan_pro,monthly,179.0,2148.0,1.4,01-03 months,358.0,True,2148.0,False,True,False,Hibernating / Lost,Automated re-engagement drip campaign; survey feature usability,42,90.0,358.0,1,1,2,112,0.1728,Low,has_support_friction,3,Asia-Pacific,1,1,Direct
CUST-01274,Donald,Davis,Donald Davis,donald.davis@company375.com,31,26-35,Male,United Kingdom,North West,Manchester,2025-10-31,20251031,Organic Search,active,False,plan_growth,annual,79.0,948.0,10.2,07-12 months,790.0,False,0.0,False,False,False,Loyal Customers,Immediate customer success outreach; schedule quarterly business review,305,469.0,790.0,2,4,4,244,0.0398,Low,avg_resolution_hours,13,Europe,2,2,Organic Search
CUST-01407,Jessica,Clark,Jessica Clark,jessica.clark@company58.com,25,18-25,Female,Canada,British Columbia,Vancouver,2025-06-02,20250602,Direct,active,False,plan_pro,annual,179.0,2148.0,15.2,13-24 months,3580.0,False,0.0,False,False,False,Champions,Offer early access to beta features; invite to executive advisory board,456,957.0,3580.0,4,5,5,455,0.002,Low,recency_days,4,North America,2,1,Direct
CUST-01409,Brandon,Harris,Brandon Harris,brandon.harris@company60.com,38,36-50,Male,United States,Washington,Seattle,2026-03-23,20260323,Direct,active,False,plan_starter,annual,29.0,348.0,5.4,04-06 months,290.0,False,0.0,False,False,False,Hibernating / Lost,Automated re-engagement drip campaign; survey feature usability,162,190.0,290.0,1,2,2,122,0.0065,Low,tenure_days,23,North America,2,1,Direct
CUST-01435,Jessica,Wilson,Jessica Wilson,jessica.wilson@company86.com,35,26-35,Female,United States,New York,New York,2025-05-27,20250527,Partner,churned,True,plan_pro,monthly,0.0,0.0,2.9,01-03 months,537.0,False,0.0,False,True,False,Promising / New Customers,Standard ongoing account nurturing,462,140.0,537.0,4,1,3,413,0.993,Critical,monthly_price,21,North America,1,4,Partner
CUST-01448,Jennifer,Moore,Jennifer Moore,jennifer.moore@company99.com,30,26-35,Female,United States,Texas,Austin,2024-11-28,20241128,Referral,active,False,plan_growth,monthly,79.0,948.0,21.4,13-24 months,1738.0,True,948.0,True,False,False,Champions,Offer early access to beta features; invite to executive advisory board,642,972.0,1738.0,5,5,4,554,0.0428,Low,recency_days,22,North America,1,5,Referral
CUST-01457,Steven,Perez,Steven Perez,steven.perez@company108.com,27,26-35,Male,Germany,Bavaria,Munich,2025-09-19,20250919,Organic Search,active,False,plan_starter,monthly,29.0,348.0,11.6,07-12 months,348.0,True,348.0,True,False,False,General Subscribers,Standard ongoing account nurturing,347,376.0,348.0,3,3,2,332,0.159,Low,urgent_ticket_ratio,9,Europe,1,2,Organic Search
CUST-01498,Steven,Rodriguez,Steven Rodriguez,steven.rodriguez@company149.com,29,26-35,Male,United States,Illinois,Chicago,2025-03-26,20250326,Organic Search,churned,True,plan_growth,monthly,0.0,0.0,1.1,01-03 months,158.0,False,0.0,False,True,False,Promising / New Customers,Standard ongoing account nurturing,524,23.0,158.0,4,1,1,411,0.9893,Critical,monthly_price,19,North America,1,2,Organic Search
CUST-00057,Steven,Williams,Steven Williams,steven.williams@company58.com,53,51+,Male,United States,Washington,Seattle,2025-01-20,20250120,Paid Ads,active,False,plan_growth,annual,79.0,948.0,19.6,13-24 months,1580.0,False,0.0,False,False,False,Champions,Offer early access to beta features; invite to executive advisory board,589,864.0,1580.0,5,5,4,554,0.035,Low,urgent_ticket_ratio,23,North America,2,3,Paid Ads
CUST-00066,Charles,Smith,Charles Smith,charles.smith@company67.com,57,51+,Male,Germany,Berlin,Berlin,2025-08-31,20250831,Partner,active,False,plan_growth,annual,79.0,948.0,12.2,13-24 months,1580.0,False,0.0,False,False,False,Loyal Customers,Standard ongoing account nurturing,366,522.0,1580.0,3,4,4,344,0.0169,Low,avg_satisfaction_score,10,Europe,2,4,Partner
CUST-00118,Dorothy,Davis,Dorothy Davis,dorothy.davis@company119.com,50,36-50,Female,United States,California,San Francisco,2026-06-15,20260615,Referral,active,False,plan_starter,monthly,29.0,348.0,2.6,01-03 months,87.0,False,0.0,False,False,False,Hibernating / Lost,Automated re-engagement drip campaign; survey feature usability,78,108.0,87.0,1,1,1,111,0.0492,Low,active_day_ratio,16,North America,1,5,Referral
CUST-00222,George,Thomas,George Thomas,george.thomas@company223.com,56,51+,Male,United Kingdom,Scotland,Edinburgh,2025-07-19,20250719,Organic Search,churned,True,plan_starter,monthly,0.0,0.0,4.7,04-06 months,145.0,False,0.0,False,True,False,Promising / New Customers,Standard ongoing account nurturing,409,128.0,145.0,3,1,1,311,0.9929,Critical,monthly_price,14,Europe,1,2,Organic Search
CUST-00225,Robert,Gonzalez,Robert Gonzalez,robert.gonzalez@company226.com,36,36-50,Male,United States,Illinois,Chicago,2025-12-31,20251231,Paid Ads,active,False,plan_starter,monthly,29.0,348.0,8.1,07-12 months,261.0,False,0.0,False,False,False,Hibernating / Lost,Automated re-engagement drip campaign; survey feature usability,244,272.0,261.0,2,2,1,221,0.0184,Low,urgent_ticket_ratio,19,North America,1,3,Paid Ads
CUST-00465,Mary,Ramirez,Mary Ramirez,mary.ramirez@company16.com,34,26-35,Female,Germany,Hesse,Frankfurt,2025-01-26,20250126,Referral,active,False,plan_enterprise,annual,499.0,5988.0,19.4,13-24 months,9980.0,False,0.0,False,False,False,Champions,Offer early access to beta features; invite to executive advisory board,583,1623.0,9980.0,4,5,5,455,0.0128,Low,recency_days,11,Europe,2,5,Referral
CUST-00499,Stephen,Walker,Stephen Walker,stephen.walker@company50.com,37,36-50,Male,United Kingdom,Scotland,Edinburgh,2025-08-10,20250810,Social Media,active,False,plan_starter,monthly,29.0,348.0,12.9,13-24 months,377.0,False,0.0,False,False,False,General Subscribers,Standard ongoing account nurturing,387,450.0,377.0,3,3,2,332,0.0184,Low,contract_type_annual,14,Europe,1,6,Social Media
CUST-00503,Gary,Gonzalez,Gary Gonzalez,gary.gonzalez@company54.com,27,26-35,Male,Germany,Bavaria,Munich,2025-06-06,20250606,Paid Ads,churned,True,plan_starter,monthly,0.0,0.0,6.2,07-12 months,174.0,False,0.0,False,True,False,Potential Loyalists,Standard ongoing account nurturing,452,219.0,174.0,4,2,1,421,0.9717,Critical,monthly_price,9,Europe,1,3,Paid Ads
CUST-00561,Karen,Williams,Karen Williams,karen.williams@company112.com,24,18-25,Female,United States,California,San Francisco,2025-01-24,20250124,Partner,active,False,plan_pro,annual,179.0,2148.0,19.5,13-24 months,3580.0,True,2148.0,True,False,False,Champions,Offer early access to beta features; invite to executive advisory board,585,1196.0,3580.0,4,5,5,455,0.0325,Low,urgent_ticket_ratio,16,North America,2,4,Partner
CUST-00569,William,Wilson,William Wilson,william.wilson@company120.com,58,51+,Male,Canada,Quebec,Montreal,2025-10-10,20251010,Paid Ads,active,False,plan_growth,monthly,79.0,948.0,10.9,07-12 months,869.0,True,948.0,True,False,False,Loyal Customers,Standard ongoing account nurturing,326,510.0,869.0,3,4,4,344,0.036,Low,is_engagement_declining,6,North America,1,3,Paid Ads
CUST-00845,Carol,Martin,Carol Martin,carol.martin@company396.com,27,26-35,Female,United Kingdom,Greater London,London,2026-02-12,20260212,Paid Ads,active,False,plan_growth,monthly,79.0,948.0,6.7,07-12 months,553.0,True,948.0,True,False,False,At Risk Accounts,Immediate customer success outreach; schedule quarterly business review,201,303.0,553.0,2,3,3,233,0.0473,Low,total_tickets_count,12,Europe,1,3,Paid Ads
CUST-00855,William,Gonzalez,William Gonzalez,william.gonzalez@company406.com,26,26-35,Male,Germany,Hesse,Frankfurt,2025-11-02,20251102,Referral,active,False,plan_pro,monthly,179.0,2148.0,10.1,07-12 months,1969.0,False,0.0,False,False,False,Loyal Customers,Immediate customer success outreach; schedule quarterly business review,303,627.0,1969.0,2,4,5,245,0.0251,Low,urgent_ticket_ratio,11,Europe,1,5,Referral
CUST-00930,Lisa,Martin,Lisa Martin,lisa.martin@company31.com,27,26-35,Female,Germany,Berlin,Berlin,2025-07-01,20250701,Organic Search,active,False,plan_growth,annual,79.0,948.0,14.2,13-24 months,1580.0,False,0.0,False,False,False,Loyal Customers,Standard ongoing account nurturing,427,631.0,1580.0,3,4,4,344,0.0115,Low,total_tickets_count,10,Europe,2,2,Organic Search
CUST-00933,Eric,Nguyen,Eric Nguyen,eric.nguyen@company34.com,32,26-35,Male,United States,Illinois,Chicago,2026-06-30,20260630,Organic Search,churned,True,plan_pro,monthly,0.0,0.0,2.0,01-03 months,537.0,False,0.0,True,True,False,About To Sleep,Automated re-engagement drip campaign; survey feature usability,63,92.0,537.0,1,1,3,113,0.9956,Critical,monthly_price,19,North America,1,2,Organic Search
CUST-01025,Robert,Allen,Robert Allen,robert.allen@company126.com,28,26-35,Male,United States,Washington,Seattle,2024-10-23,20241023,Referral,churned,True,plan_growth,monthly,0.0,0.0,9.8,07-12 months,790.0,False,0.0,False,True,False,Potential Loyalists,Standard ongoing account nurturing,678,393.0,790.0,5,3,3,533,0.9908,Critical,monthly_price,23,North America,1,5,Referral
CUST-01055,Larry,Williams,Larry Williams,larry.williams@company156.com,38,36-50,Male,United States,New York,New York,2025-11-25,20251125,Social Media,active,False,plan_growth,monthly,79.0,948.0,9.3,07-12 months,790.0,False,0.0,False,False,False,At Risk Accounts,Immediate customer success outreach; schedule quarterly business review,280,402.0,790.0,2,3,3,233,0.126,Low,avg_resolution_hours,21,North America,1,6,Social Media
CUST-01056,Nancy,Jackson,Nancy Jackson,nancy.jackson@company157.com,63,51+,Female,Canada,British Columbia,Vancouver,2026-04-22,20260422,Partner,active,False,plan_growth,multi_year,79.0,948.0,4.4,04-06 months,790.0,True,948.0,True,False,False,About To Sleep,Automated re-engagement drip campaign; survey feature usability,132,190.0,790.0,1,2,3,123,0.1197,Low,active_day_ratio,4,North America,3,4,Partner
CUST-01229,Timothy,Martin,Timothy Martin,timothy.martin@company330.com,29,26-35,Male,United States,Georgia,Atlanta,2025-04-11,20250411,Organic Search,active,False,plan_growth,annual,79.0,948.0,16.9,13-24 months,1580.0,False,0.0,False,False,False,Champions,Offer early access to beta features; invite to executive advisory board,508,783.0,1580.0,4,5,4,454,0.0065,Low,recency_days,18,North America,2,2,Organic Search
CUST-01236,Ronald,Hill,Ronald Hill,ronald.hill@company337.com,27,26-35,Male,France,Auvergne-Rhône-Alpes,Lyon,2025-03-23,20250323,Direct,churned,True,plan_starter,monthly,0.0,0.0,4.7,04-06 months,145.0,False,0.0,False,True,False,Promising / New Customers,Standard ongoing account nurturing,527,142.0,145.0,4,1,1,411,0.9979,Critical,monthly_price,7,Europe,1,1,Direct
CUST-01250,Deborah,Harris,Deborah Harris,deborah.harris@company351.com,51,51+,Female,Germany,Bavaria,Munich,2026-06-20,20260620,Social Media,active,False,plan_starter,monthly,29.0,348.0,2.4,01-03 months,87.0,False,0.0,False,False,False,Hibernating / Lost,Automated re-engagement drip campaign; survey feature usability,73,78.0,87.0,1,1,1,111,0.1285,Low,urgent_ticket_ratio,9,Europe,1,6,Social Media
CUST-01266,George,Walker,George Walker,george.walker@company367.com,28,26-35,Male,United States,Massachusetts,Boston,2025-04-05,20250405,Referral,churned,True,plan_starter,monthly,0.0,0.0,15.5,13-24 months,464.0,False,0.0,True,True,False,Potential Loyalists,Standard ongoing account nurturing,514,507.0,464.0,4,4,2,442,0.9838,Critical,monthly_price,20,North America,1,5,Referral
CUST-01276,Jennifer,Garcia,Jennifer Garcia,jennifer.garcia@company377.com,63,51+,Female,United Kingdom,Scotland,Edinburgh,2025-05-23,20250523,Direct,churned,True,plan_growth,annual,0.0,0.0,4.3,04-06 months,790.0,False,0.0,False,False,False,Potential Loyalists,Standard ongoing account nurturing,466,164.0,790.0,4,2,3,423,0.8897,Critical,monthly_price,14,Europe,2,1,Direct
CUST-01302,Donna,Taylor,Donna Taylor,donna.taylor@company403.com,30,26-35,Female,Canada,Quebec,Montreal,2025-08-06,20250806,Paid Ads,active,False,plan_starter,annual,29.0,348.0,13.0,13-24 months,580.0,True,348.0,True,False,False,General Subscribers,Standard ongoing account nurturing,391,435.0,580.0,3,3,3,333,0.0539,Low,is_engagement_declining,6,North America,2,3,Paid Ads
CUST-01405,Mary,Scott,Mary Scott,mary.scott@company56.com,50,36-50,Female,United Kingdom,Greater London,London,2026-05-06,20260506,Partner,active,False,plan_pro,annual,179.0,2148.0,3.9,04-06 months,1790.0,True,2148.0,True,False,False,About To Sleep,Automated re-engagement drip campaign; survey feature usability,118,222.0,1790.0,1,2,5,125,0.0234,Low,active_day_ratio,12,Europe,2,4,Partner
CUST-01464,Michelle,Robinson,Michelle Robinson,michelle.robinson@company115.com,37,36-50,Female,Germany,Berlin,Berlin,2024-08-05,20240805,Social Media,churned,True,plan_starter,monthly,0.0,0.0,2.8,01-03 months,87.0,False,0.0,False,True,False,Promising / New Customers,Standard ongoing account nurturing,757,75.0,87.0,5,1,1,511,0.9944,Critical,monthly_price,10,Europe,1,6,Social Media
CUST-01486,Anthony,Harris,Anthony Harris,anthony.harris@company137.com,34,26-35,Male,France,Auvergne-Rhône-Alpes,Lyon,2024-08-28,20240828,Direct,churned,True,plan_starter,annual,0.0,0.0,14.7,13-24 months,580.0,False,0.0,False,True,False,Loyal Customers,Standard ongoing account nurturing,734,484.0,580.0,5,4,3,543,0.9692,Critical,monthly_price,7,Europe,2,1,Direct
CUST-00967,Scott,Miller,Scott Miller,scott.miller@company68.com,30,26-35,Male,United States,Georgia,Atlanta,2025-04-15,20250415,Paid Ads,churned,True,plan_starter,monthly,0.0,0.0,1.0,01-03 months,29.0,False,0.0,False,True,False,Promising / New Customers,Standard ongoing account nurturing,504,20.0,29.0,4,1,1,411,0.9948,Critical,monthly_price,18,North America,1,3,Paid Ads
CUST-00052,Gary,Anderson,Gary Anderson,gary.anderson@company53.com,34,26-35,Male,Australia,Victoria,Melbourne,2025-01-04,20250104,Paid Ads,churned,True,plan_starter,monthly,0.0,0.0,10.5,07-12 months,319.0,False,0.0,False,False,False,Potential Loyalists,Standard ongoing account nurturing,605,328.0,319.0,5,3,2,532,0.8626,Critical,monthly_price,3,Asia-Pacific,1,3,Paid Ads
CUST-00113,Patricia,Garcia,Patricia Garcia,patricia.garcia@company114.com,25,18-25,Female,United Kingdom,Greater London,London,2024-07-25,20240725,Direct,churned,True,plan_growth,annual,0.0,0.0,13.8,13-24 months,1580.0,False,0.0,False,True,False,Champions,Offer early access to beta features; invite to executive advisory board,768,581.0,1580.0,5,4,4,544,0.856,Critical,monthly_price,12,Europe,2,1,Direct
CUST-00184,Eric,Scott,Eric Scott,eric.scott@company185.com,51,51+,Male,Germany,Berlin,Berlin,2026-01-31,20260131,Paid Ads,churned,True,plan_pro,monthly,0.0,0.0,4.1,04-06 months,716.0,False,0.0,False,True,False,About To Sleep,Automated re-engagement drip campaign; survey feature usability,213,247.0,716.0,2,2,3,223,0.9926,Critical,monthly_price,10,Europe,1,3,Paid Ads
CUST-00368,Nicole,Harris,Nicole Harris,nicole.harris@company369.com,49,36-50,Female,United Kingdom,Scotland,Edinburgh,2024-09-05,20240905,Paid Ads,churned,True,plan_starter,monthly,0.0,0.0,11.1,07-12 months,348.0,False,0.0,False,True,False,Potential Loyalists,Standard ongoing account nurturing,726,401.0,348.0,5,3,2,532,0.9709,Critical,monthly_price,14,Europe,1,3,Paid Ads
CUST-00497,Dorothy,Rodriguez,Dorothy Rodriguez,dorothy.rodriguez@company48.com,53,51+,Female,United Kingdom,Scotland,Edinburgh,2025-12-26,20251226,Organic Search,active,False,plan_pro,monthly,179.0,2148.0,8.3,07-12 months,1611.0,True,2148.0,True,True,False,Loyal Customers,Immediate customer success outreach; schedule quarterly business review,249,503.0,1611.0,2,4,4,244,0.1134,Low,has_support_friction,14,Europe,1,2,Organic Search
CUST-00513,Thomas,Wilson,Thomas Wilson,thomas.wilson@company64.com,38,36-50,Male,United Kingdom,North West,Manchester,2024-08-20,20240820,Organic Search,active,False,plan_pro,annual,179.0,2148.0,24.7,25+ months,5370.0,False,0.0,False,False,False,Champions,Offer early access to beta features; invite to executive advisory board,742,1464.0,5370.0,5,5,5,555,0.0236,Low,recency_days,13,Europe,2,2,Organic Search
CUST-00585,Ashley,Anderson,Ashley Anderson,ashley.anderson@company136.com,57,51+,Female,United Kingdom,Scotland,Edinburgh,2026-04-23,20260423,Social Media,churned,True,plan_starter,monthly,0.0,0.0,4.2,04-06 months,116.0,False,0.0,True,True,True,Hibernating / Lost,Automated re-engagement drip campaign; survey feature usability,131,142.0,116.0,1,1,1,111,0.9478,Critical,monthly_price,14,Europe,1,6,Social Media
CUST-00699,Nancy,Wright,Nancy Wright,nancy.wright@company250.com,38,36-50,Female,United States,Massachusetts,Boston,2025-12-18,20251218,Social Media,churned,True,plan_starter,monthly,0.0,0.0,4.4,04-06 months,145.0,False,0.0,False,True,False,Hibernating / Lost,Automated re-engagement drip campaign; survey feature usability,257,135.0,145.0,2,1,1,211,0.9992,Critical,monthly_price,20,North America,1,6,Social Media
CUST-00743,Jeffrey,Sanchez,Jeffrey Sanchez,jeffrey.sanchez@company294.com,47,36-50,Male,United Kingdom,West Midlands,Birmingham,2025-04-23,20250423,Partner,active,False,plan_starter,annual,29.0,348.0,16.5,13-24 months,580.0,False,0.0,False,False,False,Loyal Customers,Standard ongoing account nurturing,496,560.0,580.0,4,4,3,443,0.0329,Low,recency_days,15,Europe,2,4,Partner
CUST-00871,William,Walker,William Walker,william.walker@company422.com,26,26-35,Male,United States,Colorado,Denver,2026-05-25,20260525,Organic Search,active,False,plan_growth,annual,79.0,948.0,3.3,04-06 months,790.0,False,0.0,False,False,False,About To Sleep,Automated re-engagement drip campaign; survey feature usability,99,138.0,790.0,1,1,3,113,0.1157,Low,avg_resolution_hours,17,North America,2,2,Organic Search
CUST-00960,Paul,Thomas,Paul Thomas,paul.thomas@company61.com,25,18-25,Male,United States,New York,New York,2024-10-10,20241010,Social Media,churned,True,plan_growth,monthly,0.0,0.0,19.6,13-24 months,1580.0,False,0.0,False,False,False,Champions,Offer early access to beta features; invite to executive advisory board,691,824.0,1580.0,5,5,4,554,0.7745,Critical,monthly_price,21,North America,1,6,Social Media
CUST-01214,Joshua,Jackson,Joshua Jackson,joshua.jackson@company315.com,35,26-35,Male,France,Île-de-France,Paris,2026-04-03,20260403,Organic Search,active,False,plan_starter,multi_year,29.0,348.0,5.0,04-06 months,290.0,False,0.0,False,False,False,Hibernating / Lost,Automated re-engagement drip campaign; survey feature usability,151,168.0,290.0,1,2,2,122,0.0429,Low,active_day_ratio,8,Europe,3,2,Organic Search
CUST-01223,Ashley,Thomas,Ashley Thomas,ashley.thomas@company324.com,24,18-25,Female,Australia,Victoria,Melbourne,2025-11-29,20251129,Referral,active,False,plan_starter,monthly,29.0,348.0,9.2,07-12 months,290.0,False,0.0,False,False,False,General Subscribers,Standard ongoing account nurturing,276,328.0,290.0,2,3,2,232,0.0813,Low,avg_resolution_hours,3,Asia-Pacific,1,5,Referral
CUST-01234,Jessica,Moore,Jessica Moore,jessica.moore@company335.com,21,18-25,Female,United States,Washington,Seattle,2025-09-20,20250920,Paid Ads,churned,True,plan_growth,monthly,0.0,0.0,2.9,01-03 months,237.0,False,0.0,False,True,False,Promising / New Customers,Standard ongoing account nurturing,346,97.0,237.0,3,1,1,311,0.9949,Critical,monthly_price,23,North America,1,3,Paid Ads
CUST-01275,Dorothy,Davis,Dorothy Davis,dorothy.davis@company376.com,35,26-35,Female,United Kingdom,North West,Manchester,2025-09-18,20250918,Organic Search,active,False,plan_starter,annual,29.0,348.0,11.6,07-12 months,290.0,True,348.0,True,False,False,General Subscribers,Standard ongoing account nurturing,348,399.0,290.0,3,3,2,332,0.0346,Low,is_engagement_declining,13,Europe,2,2,Organic Search
CUST-01330,Angela,Allen,Angela Allen,angela.allen@company431.com,42,36-50,Female,United States,Illinois,Chicago,2024-10-16,20241016,Referral,active,False,plan_growth,annual,79.0,948.0,22.8,13-24 months,1580.0,True,948.0,True,False,False,Champions,Offer early access to beta features; invite to executive advisory board,685,988.0,1580.0,5,5,4,554,0.0377,Low,recency_days,19,North America,2,5,Referral
CUST-01380,Barbara,Martin,Barbara Martin,barbara.martin@company31.com,34,26-35,Female,United States,Illinois,Chicago,2026-04-03,20260403,Direct,active,False,plan_growth,monthly,79.0,948.0,5.0,04-06 months,474.0,False,0.0,False,False,False,Hibernating / Lost,Automated re-engagement drip campaign; survey feature usability,151,215.0,474.0,1,2,2,122,0.085,Low,urgent_ticket_ratio,19,North America,1,1,Direct
CUST-01460,Dorothy,Walker,Dorothy Walker,dorothy.walker@company111.com,33,26-35,Female,United States,Illinois,Chicago,2025-08-20,20250820,Partner,churned,True,plan_pro,annual,0.0,0.0,5.6,04-06 months,1790.0,False,0.0,False,True,False,Promising / New Customers,Standard ongoing account nurturing,377,282.0,1790.0,3,2,4,324,0.9839,Critical,monthly_price,19,North America,2,4,Partner
CUST-00091,Brenda,Flores,Brenda Flores,brenda.flores@company92.com,46,36-50,Female,United States,Georgia,Atlanta,2025-11-12,20251112,Social Media,churned,True,plan_starter,monthly,0.0,0.0,8.1,07-12 months,232.0,False,0.0,True,False,True,Hibernating / Lost,Automated re-engagement drip campaign; survey feature usability,293,254.0,232.0,2,2,1,221,0.9207,Critical,monthly_price,18,North America,1,6,Social Media
CUST-00116,Carol,Lee,Carol Lee,carol.lee@company117.com,25,18-25,Female,Germany,Bavaria,Munich,2026-01-08,20260108,Paid Ads,active,False,plan_starter,monthly,29.0,348.0,7.9,07-12 months,232.0,False,0.0,False,False,False,Hibernating / Lost,Automated re-engagement drip campaign; survey feature usability,236,272.0,232.0,2,2,1,221,0.0238,Low,avg_satisfaction_score,9,Europe,1,3,Paid Ads
CUST-00138,Benjamin,Harris,Benjamin Harris,benjamin.harris@company139.com,60,51+,Male,United States,Texas,Austin,2026-03-24,20260324,Organic Search,active,False,plan_starter,monthly,29.0,348.0,5.4,04-06 months,174.0,False,0.0,False,False,False,Hibernating / Lost,Automated re-engagement drip campaign; survey feature usability,161,186.0,174.0,1,2,1,121,0.0264,Low,avg_satisfaction_score,22,North America,1,2,Organic Search
CUST-00221,Jennifer,Harris,Jennifer Harris,jennifer.harris@company222.com,51,51+,Female,United States,California,San Francisco,2026-03-21,20260321,Paid Ads,active,False,plan_starter,monthly,29.0,348.0,5.5,04-06 months,174.0,False,0.0,False,False,False,Hibernating / Lost,Automated re-engagement drip campaign; survey feature usability,164,185.0,174.0,1,2,1,121,0.0228,Low,avg_satisfaction_score,16,North America,1,3,Paid Ads
CUST-00314,Ryan,White,Ryan White,ryan.white@company315.com,38,36-50,Male,Canada,Ontario,Toronto,2024-09-15,20240915,Organic Search,churned,True,plan_growth,monthly,0.0,0.0,12.2,13-24 months,948.0,False,0.0,False,False,False,Champions,Offer early access to beta features; invite to executive advisory board,716,489.0,948.0,5,4,4,544,0.8995,Critical,monthly_price,5,North America,1,2,Organic Search
CUST-00460,Kimberly,Miller,Kimberly Miller,kimberly.miller@company11.com,26,26-35,Female,United States,Colorado,Denver,2025-11-04,20251104,Organic Search,active,False,plan_pro,monthly,179.0,2148.0,10.0,07-12 months,1969.0,False,0.0,False,False,False,Loyal Customers,Immediate customer success outreach; schedule quarterly business review,301,619.0,1969.0,2,4,5,245,0.017,Low,avg_satisfaction_score,17,North America,1,2,Organic Search
CUST-00579,Joshua,Wilson,Joshua Wilson,joshua.wilson@company130.com,35,26-35,Male,Australia,Victoria,Melbourne,2025-10-28,20251028,Organic Search,active,False,plan_starter,monthly,29.0,348.0,10.3,07-12 months,319.0,False,0.0,False,False,False,General Subscribers,Standard ongoing account nurturing,308,346.0,319.0,2,3,2,232,0.0315,Low,avg_satisfaction_score,3,Asia-Pacific,1,2,Organic Search
CUST-00647,Kimberly,Scott,Kimberly Scott,kimberly.scott@company198.com,24,18-25,Female,United States,New York,New York,2026-03-15,20260315,Referral,active,False,plan_pro,monthly,179.0,2148.0,5.7,04-06 months,1074.0,False,0.0,False,False,False,At Risk Accounts,Immediate customer success outreach; schedule quarterly business review,170,364.0,1074.0,1,3,4,134,0.0571,Low,avg_satisfaction_score,21,North America,1,5,Referral
CUST-00659,Ronald,Martin,Ronald Martin,ronald.martin@company210.com,40,36-50,Male,Canada,British Columbia,Vancouver,2026-04-17,20260417,Referral,active,False,plan_enterprise,monthly,499.0,5988.0,4.6,04-06 months,2495.0,False,0.0,False,False,False,At Risk Accounts,Immediate customer success outreach; schedule quarterly business review,137,373.0,2495.0,1,3,5,135,0.0328,Low,avg_satisfaction_score,4,North America,1,5,Referral
CUST-00954,Laura,Robinson,Laura Robinson,laura.robinson@company55.com,34,26-35,Female,United States,Illinois,Chicago,2025-10-09,20251009,Social Media,active,False,plan_starter,monthly,29.0,348.0,10.9,07-12 months,319.0,False,0.0,False,False,False,General Subscribers,Standard ongoing account nurturing,327,401.0,319.0,3,3,2,332,0.0589,Low,active_day_ratio,19,North America,1,6,Social Media
CUST-01216,Karen,Walker,Karen Walker,karen.walker@company317.com,31,26-35,Female,United States,New York,New York,2025-06-09,20250609,Partner,active,False,plan_growth,monthly,79.0,948.0,15.0,13-24 months,1185.0,False,0.0,False,False,False,Champions,Offer early access to beta features; invite to executive advisory board,449,647.0,1185.0,4,4,4,444,0.0257,Low,avg_satisfaction_score,21,North America,1,4,Partner
CUST-01301,Jessica,Perez,Jessica Perez,jessica.perez@company402.com,48,36-50,Female,United States,New York,New York,2025-06-16,20250616,Organic Search,active,False,plan_growth,monthly,79.0,948.0,14.7,13-24 months,1185.0,False,0.0,False,False,False,Champions,Offer early access to beta features; invite to executive advisory board,442,676.0,1185.0,4,4,4,444,0.0137,Low,avg_satisfaction_score,21,North America,1,2,Organic Search
CUST-01335,Michelle,Anderson,Michelle Anderson,michelle.anderson@company436.com,21,18-25,Female,United States,New York,New York,2025-12-28,20251228,Organic Search,active,False,plan_pro,annual,179.0,2148.0,8.2,07-12 months,1790.0,False,0.0,False,False,False,Loyal Customers,Immediate customer success outreach; schedule quarterly business review,247,515.0,1790.0,2,4,5,245,0.0209,Low,avg_satisfaction_score,21,North America,2,2,Organic Search
CUST-01347,Thomas,Thomas,Thomas Thomas,thomas.thomas@company448.com,53,51+,Male,United States,California,San Francisco,2025-12-24,20251224,Partner,active,False,plan_enterprise,monthly,499.0,5988.0,8.4,07-12 months,4491.0,False,0.0,False,False,False,Loyal Customers,Immediate customer success outreach; schedule quarterly business review,251,651.0,4491.0,2,4,5,245,0.0147,Low,avg_satisfaction_score,16,North America,1,4,Partner
CUST-01381,Kevin,Sanchez,Kevin Sanchez,kevin.sanchez@company32.com,52,51+,Male,France,Île-de-France,Paris,2025-10-23,20251023,Paid Ads,active,False,plan_pro,monthly,179.0,2148.0,10.4,07-12 months,1969.0,False,0.0,False,False,False,Loyal Customers,Standard ongoing account nurturing,313,651.0,1969.0,3,4,5,345,0.0205,Low,avg_satisfaction_score,8,Europe,1,3,Paid Ads
CUST-01489,Jeffrey,Robinson,Jeffrey Robinson,jeffrey.robinson@company140.com,28,26-35,Male,Germany,Bavaria,Munich,2026-03-20,20260320,Organic Search,active,False,plan_growth,annual,79.0,948.0,5.5,04-06 months,790.0,False,0.0,False,False,False,About To Sleep,Automated re-engagement drip campaign; survey feature usability,165,216.0,790.0,1,2,3,123,0.0277,Low,avg_satisfaction_score,9,Europe,2,2,Organic Search
CUST-00178,Ronald,Clark,Ronald Clark,ronald.clark@company179.com,27,26-35,Male,United States,Illinois,Chicago,2025-11-24,20251124,Partner,active,False,plan_enterprise,monthly,499.0,5988.0,9.4,07-12 months,4990.0,False,0.0,False,False,False,Loyal Customers,Immediate customer success outreach; schedule quarterly business review,281,733.0,4990.0,2,5,5,255,0.0099,Low,avg_satisfaction_score,19,North America,1,4,Partner
CUST-00261,Ronald,Allen,Ronald Allen,ronald.allen@company262.com,29,26-35,Male,United Kingdom,Greater London,London,2026-05-27,20260527,Organic Search,active,False,plan_starter,monthly,29.0,348.0,3.2,04-06 months,116.0,True,348.0,True,False,False,Hibernating / Lost,Automated re-engagement drip campaign; survey feature usability,97,100.0,116.0,1,1,1,111,0.0692,Low,session_frequency_per_month,12,Europe,1,2,Organic Search
CUST-00381,Nancy,Flores,Nancy Flores,nancy.flores@company382.com,38,36-50,Female,United States,Washington,Seattle,2026-02-17,20260217,Social Media,active,False,plan_starter,monthly,29.0,348.0,6.5,07-12 months,203.0,False,0.0,False,False,False,Hibernating / Lost,Automated re-engagement drip campaign; survey feature usability,196,228.0,203.0,2,2,1,221,0.0241,Low,avg_satisfaction_score,23,North America,1,6,Social Media
CUST-00558,Pamela,Wright,Pamela Wright,pamela.wright@company109.com,53,51+,Female,United States,Washington,Seattle,2025-04-13,20250413,Organic Search,active,False,plan_enterprise,annual,499.0,5988.0,16.9,13-24 months,9980.0,False,0.0,False,False,False,Champions,Offer early access to beta features; invite to executive advisory board,506,1447.0,9980.0,4,5,5,455,0.012,Low,recency_days,23,North America,2,2,Organic Search
CUST-00603,Michael,Hernandez,Michael Hernandez,michael.hernandez@company154.com,35,26-35,Male,United States,Colorado,Denver,2025-01-26,20250126,Referral,churned,True,plan_growth,annual,0.0,0.0,1.1,01-03 months,790.0,False,0.0,False,False,False,Promising / New Customers,Standard ongoing account nurturing,583,19.0,790.0,4,1,3,413,0.9047,Critical,monthly_price,17,North America,2,5,Referral
CUST-00709,Brian,Thompson,Brian Thompson,brian.thompson@company260.com,49,36-50,Male,United States,New York,New York,2026-05-28,20260528,Social Media,active,False,plan_starter,monthly,29.0,348.0,3.2,04-06 months,116.0,False,0.0,False,False,False,Hibernating / Lost,Automated re-engagement drip campaign; survey feature usability,96,103.0,116.0,1,1,1,111,0.0628,Low,active_day_ratio,21,North America,1,6,Social Media
CUST-00837,Sharon,Lee,Sharon Lee,sharon.lee@company388.com,41,36-50,Female,Germany,Bavaria,Munich,2025-09-18,20250918,Partner,active,False,plan_pro,multi_year,179.0,2148.0,11.6,07-12 months,1790.0,False,0.0,False,False,False,Loyal Customers,Standard ongoing account nurturing,348,733.0,1790.0,3,5,5,355,0.0063,Low,avg_satisfaction_score,9,Europe,3,4,Partner
CUST-00880,Margaret,Rodriguez,Margaret Rodriguez,margaret.rodriguez@company431.com,26,26-35,Female,United States,New York,New York,2024-07-03,20240703,Organic Search,churned,True,plan_pro,monthly,0.0,0.0,26.3,25+ months,4833.0,False,0.0,True,False,False,Champions,Offer early access to beta features; invite to executive advisory board,790,1674.0,4833.0,5,5,5,555,0.7838,Critical,monthly_price,21,North America,1,2,Organic Search
CUST-00910,Amanda,Thompson,Amanda Thompson,amanda.thompson@company11.com,37,36-50,Female,United States,New York,New York,2026-03-02,20260302,Organic Search,active,False,plan_enterprise,monthly,499.0,5988.0,6.1,07-12 months,3493.0,False,0.0,False,False,False,Loyal Customers,Immediate customer success outreach; schedule quarterly business review,183,494.0,3493.0,1,4,5,145,0.0319,Low,avg_satisfaction_score,21,North America,1,2,Organic Search
CUST-00915,Donna,Scott,Donna Scott,donna.scott@company16.com,30,26-35,Female,Germany,Bavaria,Munich,2025-09-01,20250901,Social Media,active,False,plan_pro,monthly,179.0,2148.0,12.2,13-24 months,2327.0,False,0.0,False,False,False,Loyal Customers,Standard ongoing account nurturing,365,787.0,2327.0,3,5,5,355,0.0084,Low,avg_satisfaction_score,9,Europe,1,6,Social Media
CUST-01241,Shirley,Clark,Shirley Clark,shirley.clark@company342.com,45,36-50,Female,United States,Massachusetts,Boston,2024-12-14,20241214,Organic Search,active,False,plan_pro,monthly,179.0,2148.0,20.9,13-24 months,3759.0,False,0.0,False,False,False,Champions,Offer early access to beta features; invite to executive advisory board,626,1287.0,3759.0,5,5,5,555,0.0145,Low,recency_days,20,North America,1,2,Organic Search
CUST-01382,Eric,Martinez,Eric Martinez,eric.martinez@company33.com,21,18-25,Male,Germany,Bavaria,Munich,2026-07-10,20260710,Referral,active,False,plan_starter,annual,29.0,348.0,1.8,01-03 months,290.0,False,0.0,False,False,False,Hibernating / Lost,Automated re-engagement drip campaign; survey feature usability,53,53.0,290.0,1,1,2,112,0.0553,Low,session_frequency_per_month,9,Europe,2,5,Referral
CUST-00011,Mark,Williams,Mark Williams,mark.williams@company12.com,42,36-50,Male,United States,New York,New York,2026-05-25,20260525,Organic Search,active,False,plan_enterprise,annual,499.0,5988.0,3.3,04-06 months,4990.0,False,0.0,False,False,False,About To Sleep,Automated re-engagement drip campaign; survey feature usability,99,255.0,4990.0,1,2,5,125,0.0204,Low,avg_satisfaction_score,21,North America,2,2,Organic Search
CUST-00033,Ronald,Smith,Ronald Smith,ronald.smith@company34.com,52,51+,Male,United States,Georgia,Atlanta,2024-07-03,20240703,Organic Search,churned,True,plan_pro,monthly,0.0,0.0,25.9,25+ months,4654.0,False,0.0,True,False,False,Champions,Offer early access to beta features; invite to executive advisory board,790,1530.0,4654.0,5,5,5,555,0.7718,Critical,monthly_price,18,North America,1,2,Organic Search
CUST-00079,Margaret,Robinson,Margaret Robinson,margaret.robinson@company80.com,30,26-35,Female,Canada,British Columbia,Vancouver,2025-08-22,20250822,Organic Search,active,False,plan_growth,annual,79.0,948.0,12.5,13-24 months,1580.0,False,0.0,False,False,False,Loyal Customers,Standard ongoing account nurturing,375,549.0,1580.0,3,4,4,344,0.0118,Low,avg_satisfaction_score,4,North America,2,2,Organic Search
CUST-00382,Helen,Moore,Helen Moore,helen.moore@company383.com,21,18-25,Female,United States,Illinois,Chicago,2024-11-11,20241111,Organic Search,active,False,plan_growth,monthly,79.0,948.0,22.0,13-24 months,1738.0,False,0.0,False,False,False,Champions,Offer early access to beta features; invite to executive advisory board,659,1012.0,1738.0,5,5,4,554,0.0128,Low,recency_days,19,North America,1,2,Organic Search
CUST-00758,Cynthia,Clark,Cynthia Clark,cynthia.clark@company309.com,34,26-35,Female,United Kingdom,Greater London,London,2025-12-01,20251201,Organic Search,active,False,plan_enterprise,monthly,499.0,5988.0,9.1,07-12 months,4990.0,False,0.0,False,False,False,Loyal Customers,Immediate customer success outreach; schedule quarterly business review,274,749.0,4990.0,2,5,5,255,0.0153,Low,avg_satisfaction_score,12,Europe,1,2,Organic Search
CUST-00767,Angela,Young,Angela Young,angela.young@company318.com,38,36-50,Female,United States,Washington,Seattle,2025-03-24,20250324,Partner,active,False,plan_growth,monthly,79.0,948.0,17.5,13-24 months,1422.0,False,0.0,False,False,False,Champions,Offer early access to beta features; invite to executive advisory board,526,762.0,1422.0,4,5,4,454,0.0075,Low,recency_days,23,North America,1,4,Partner
CUST-00774,Rebecca,Brown,Rebecca Brown,rebecca.brown@company325.com,50,36-50,Female,United States,Massachusetts,Boston,2025-05-25,20250525,Referral,active,False,plan_growth,monthly,79.0,948.0,15.5,13-24 months,1264.0,False,0.0,False,False,False,Champions,Offer early access to beta features; invite to executive advisory board,464,681.0,1264.0,4,4,4,444,0.0087,Low,avg_satisfaction_score,20,North America,1,5,Referral
CUST-01118,Jonathan,Moore,Jonathan Moore,jonathan.moore@company219.com,33,26-35,Male,United Kingdom,Scotland,Edinburgh,2026-03-03,20260303,Referral,active,False,plan_growth,annual,79.0,948.0,6.1,07-12 months,790.0,False,0.0,False,False,False,At Risk Accounts,Immediate customer success outreach; schedule quarterly business review,182,308.0,790.0,1,3,3,133,0.0359,Low,avg_satisfaction_score,14,Europe,2,5,Referral
CUST-01153,Lisa,Lee,Lisa Lee,lisa.lee@company254.com,56,51+,Female,United Kingdom,West Midlands,Birmingham,2025-02-07,20250207,Partner,active,False,plan_enterprise,monthly,499.0,5988.0,19.0,13-24 months,9980.0,False,0.0,False,False,False,Champions,Offer early access to beta features; invite to executive advisory board,571,1582.0,9980.0,4,5,5,455,0.0295,Low,recency_days,15,Europe,1,4,Partner
CUST-01232,Matthew,Gonzalez,Matthew Gonzalez,matthew.gonzalez@company333.com,21,18-25,Male,United States,Washington,Seattle,2025-09-14,20250914,Organic Search,active,False,plan_starter,annual,29.0,348.0,11.7,07-12 months,290.0,False,0.0,False,False,False,General Subscribers,Standard ongoing account nurturing,352,397.0,290.0,3,3,2,332,0.0388,Low,avg_satisfaction_score,23,North America,2,2,Organic Search
CUST-00451,Sarah,Hernandez,Sarah Hernandez,sarah.hernandez@company2.com,54,51+,Female,United States,Georgia,Atlanta,2025-08-06,20250806,Referral,active,False,plan_pro,monthly,179.0,2148.0,13.0,13-24 months,2506.0,False,0.0,False,False,False,Loyal Customers,Standard ongoing account nurturing,391,825.0,2506.0,3,5,5,355,0.0097,Low,avg_satisfaction_score,18,North America,1,5,Referral
CUST-00693,James,Wilson,James Wilson,james.wilson@company244.com,54,51+,Male,Australia,New South Wales,Sydney,2024-06-07,20240607,Paid Ads,active,False,plan_growth,monthly,79.0,948.0,27.2,25+ months,2212.0,False,0.0,False,False,False,Champions,Offer early access to beta features; invite to executive advisory board,816,1192.0,2212.0,5,5,5,555,0.0915,Low,recency_days,1,Asia-Pacific,1,3,Paid Ads
CUST-00733,Scott,Wright,Scott Wright,scott.wright@company284.com,39,36-50,Male,United States,Texas,Austin,2026-01-13,20260113,Paid Ads,active,False,plan_starter,monthly,29.0,348.0,7.7,07-12 months,232.0,False,0.0,False,False,False,Hibernating / Lost,Automated re-engagement drip campaign; survey feature usability,231,246.0,232.0,2,2,1,221,0.0769,Low,login_frequency_per_month,22,North America,1,3,Paid Ads
CUST-00762,Jacob,Nguyen,Jacob Nguyen,jacob.nguyen@company313.com,25,18-25,Male,United States,Illinois,Chicago,2026-07-15,20260715,Paid Ads,active,False,plan_growth,annual,79.0,948.0,1.6,01-03 months,790.0,False,0.0,False,False,False,About To Sleep,Automated re-engagement drip campaign; survey feature usability,48,62.0,790.0,1,1,3,113,0.0569,Low,active_day_ratio,19,North America,2,3,Paid Ads
CUST-01037,John,Wilson,John Wilson,john.wilson@company138.com,26,26-35,Male,United States,Washington,Seattle,2025-06-15,20250615,Paid Ads,active,False,plan_starter,annual,29.0,348.0,14.8,13-24 months,580.0,False,0.0,False,False,False,Loyal Customers,Standard ongoing account nurturing,443,510.0,580.0,4,4,3,443,0.0379,Low,avg_satisfaction_score,23,North America,2,3,Paid Ads
CUST-01099,Jason,Anderson,Jason Anderson,jason.anderson@company200.com,49,36-50,Male,United States,New York,New York,2025-07-22,20250722,Organic Search,active,False,plan_starter,annual,29.0,348.0,13.5,13-24 months,580.0,False,0.0,False,False,False,Loyal Customers,Standard ongoing account nurturing,406,476.0,580.0,3,4,3,343,0.0238,Low,avg_satisfaction_score,21,North America,2,2,Organic Search
CUST-00004,Mary,Hernandez,Mary Hernandez,mary.hernandez@company5.com,38,36-50,Female,United States,Texas,Austin,2025-02-06,20250206,Organic Search,active,False,plan_starter,annual,29.0,348.0,19.1,13-24 months,580.0,False,0.0,False,False,False,Loyal Customers,Standard ongoing account nurturing,572,679.0,580.0,4,4,3,443,0.0777,Low,urgent_ticket_ratio,22,North America,2,2,Organic Search
CUST-00049,Paul,Miller,Paul Miller,paul.miller@company50.com,34,26-35,Male,United Kingdom,West Midlands,Birmingham,2026-02-21,20260221,Direct,churned,True,plan_pro,annual,0.0,0.0,3.8,04-06 months,1790.0,False,0.0,False,True,False,About To Sleep,Automated re-engagement drip campaign; survey feature usability,192,213.0,1790.0,2,2,4,224,0.9848,Critical,monthly_price,15,Europe,2,1,Direct
CUST-00084,Joshua,Miller,Joshua Miller,joshua.miller@company85.com,42,36-50,Male,Australia,Queensland,Brisbane,2025-11-20,20251120,Referral,active,False,plan_growth,monthly,79.0,948.0,9.5,07-12 months,790.0,True,948.0,True,False,False,At Risk Accounts,Immediate customer success outreach; schedule quarterly business review,285,414.0,790.0,2,3,3,233,0.0314,Low,is_engagement_declining,2,Asia-Pacific,1,5,Referral
CUST-00085,Stephanie,Gonzalez,Stephanie Gonzalez,stephanie.gonzalez@company86.com,44,36-50,Female,Canada,Quebec,Montreal,2025-05-25,20250525,Organic Search,churned,True,plan_starter,monthly,0.0,0.0,7.6,07-12 months,232.0,False,0.0,False,True,False,Potential Loyalists,Standard ongoing account nurturing,464,241.0,232.0,4,2,1,421,0.9961,Critical,monthly_price,6,North America,1,2,Organic Search
CUST-00090,Dorothy,Thomas,Dorothy Thomas,dorothy.thomas@company91.com,37,36-50,Female,United States,Georgia,Atlanta,2025-01-06,20250106,Organic Search,active,False,plan_starter,multi_year,29.0,348.0,20.1,13-24 months,580.0,False,0.0,False,False,False,Loyal Customers,Standard ongoing account nurturing,603,665.0,580.0,5,4,3,543,0.0505,Low,urgent_ticket_ratio,18,North America,3,2,Organic Search
CUST-00117,Donna,Sanchez,Donna Sanchez,donna.sanchez@company118.com,38,36-50,Female,United Kingdom,West Midlands,Birmingham,2025-08-17,20250817,Organic Search,churned,True,plan_growth,monthly,0.0,0.0,4.6,04-06 months,395.0,False,0.0,False,True,False,Promising / New Customers,Standard ongoing account nurturing,380,180.0,395.0,3,2,2,322,0.9404,Critical,monthly_price,15,Europe,1,2,Organic Search
CUST-00147,Angela,Allen,Angela Allen,angela.allen@company148.com,41,36-50,Female,Germany,Bavaria,Munich,2024-06-17,20240617,Social Media,churned,True,plan_starter,annual,0.0,0.0,8.1,07-12 months,290.0,False,0.0,False,True,False,Potential Loyalists,Standard ongoing account nurturing,806,254.0,290.0,5,2,2,522,0.9932,Critical,monthly_price,9,Europe,2,6,Social Media
CUST-00148,Donna,Perez,Donna Perez,donna.perez@company149.com,37,36-50,Female,United States,New York,New York,2024-11-08,20241108,Organic Search,active,False,plan_growth,monthly,79.0,948.0,22.1,13-24 months,1817.0,False,0.0,False,False,False,Champions,Offer early access to beta features; invite to executive advisory board,662,924.0,1817.0,5,5,5,555,0.0432,Low,recency_days,21,North America,1,2,Organic Search
CUST-00153,Robert,Martin,Robert Martin,robert.martin@company154.com,44,36-50,Male,United States,Washington,Seattle,2025-05-20,20250520,Social Media,churned,True,plan_starter,monthly,0.0,0.0,6.2,07-12 months,174.0,False,0.0,False,True,False,Potential Loyalists,Standard ongoing account nurturing,469,196.0,174.0,4,2,1,421,0.9984,Critical,monthly_price,23,North America,1,6,Social Media
CUST-00155,Pamela,Martinez,Pamela Martinez,pamela.martinez@company156.com,48,36-50,Female,United Kingdom,West Midlands,Birmingham,2025-12-03,20251203,Referral,churned,True,plan_growth,monthly,0.0,0.0,1.7,01-03 months,158.0,False,0.0,False,True,False,Hibernating / Lost,Automated re-engagement drip campaign; survey feature usability,272,40.0,158.0,2,1,1,211,0.9948,Critical,monthly_price,15,Europe,1,5,Referral
CUST-00176,Patricia,Lopez,Patricia Lopez,patricia.lopez@company177.com,22,18-25,Female,Canada,British Columbia,Vancouver,2025-10-01,20251001,Paid Ads,active,False,plan_pro,monthly,179.0,2148.0,11.2,07-12 months,2148.0,False,0.0,False,False,False,Loyal Customers,Standard ongoing account nurturing,335,656.0,2148.0,3,4,5,345,0.0227,Low,avg_satisfaction_score,4,North America,1,3,Paid Ads
CUST-00203,Lisa,Wilson,Lisa Wilson,lisa.wilson@company204.com,32,26-35,Female,Canada,Ontario,Toronto,2026-06-27,20260627,Organic Search,active,False,plan_pro,monthly,179.0,2148.0,2.2,01-03 months,537.0,False,0.0,False,False,False,About To Sleep,Automated re-engagement drip campaign; survey feature usability,66,128.0,537.0,1,1,3,113,0.0426,Low,active_day_ratio,5,North America,1,2,Organic Search
CUST-00230,David,Lee,David Lee,david.lee@company231.com,49,36-50,Male,United States,Colorado,Denver,2025-12-11,20251211,Organic Search,churned,True,plan_starter,monthly,0.0,0.0,5.4,04-06 months,174.0,False,0.0,False,True,False,Hibernating / Lost,Automated re-engagement drip campaign; survey feature usability,264,158.0,174.0,2,1,1,211,0.9979,Critical,monthly_price,17,North America,1,2,Organic Search
CUST-00231,Amanda,Lewis,Amanda Lewis,amanda.lewis@company232.com,30,26-35,Female,Australia,Victoria,Melbourne,2025-07-09,20250709,Referral,active,False,plan_growth,monthly,79.0,948.0,14.0,13-24 months,1106.0,False,0.0,False,False,False,Loyal Customers,Standard ongoing account nurturing,419,615.0,1106.0,3,4,4,344,0.0082,Low,avg_resolution_hours,3,Asia-Pacific,1,5,Referral
CUST-00251,Kathleen,Thomas,Kathleen Thomas,kathleen.thomas@company252.com,33,26-35,Female,Canada,British Columbia,Vancouver,2024-10-14,20241014,Paid Ads,active,False,plan_starter,annual,29.0,348.0,22.9,13-24 months,580.0,False,0.0,False,False,False,Loyal Customers,Standard ongoing account nurturing,687,763.0,580.0,5,5,3,553,0.0351,Low,recency_days,4,North America,2,3,Paid Ads
CUST-00257,Patricia,Garcia,Patricia Garcia,patricia.garcia@company258.com,49,36-50,Female,United Kingdom,North West,Manchester,2024-09-28,20240928,Organic Search,churned,True,plan_starter,monthly,0.0,0.0,11.9,07-12 months,348.0,False,0.0,False,True,False,Potential Loyalists,Standard ongoing account nurturing,703,394.0,348.0,5,3,2,532,0.9797,Critical,monthly_price,13,Europe,1,2,Organic Search
CUST-00334,Emily,Williams,Emily Williams,emily.williams@company335.com,45,36-50,Female,Canada,British Columbia,Vancouver,2025-05-25,20250525,Social Media,churned,True,plan_starter,monthly,0.0,0.0,7.2,07-12 months,232.0,False,0.0,False,True,False,Potential Loyalists,Standard ongoing account nurturing,464,228.0,232.0,4,2,1,421,0.9962,Critical,monthly_price,4,North America,1,6,Social Media
CUST-00350,Joshua,Lee,Joshua Lee,joshua.lee@company351.com,55,51+,Male,Canada,British Columbia,Vancouver,2024-08-12,20240812,Paid Ads,churned,True,plan_growth,monthly,0.0,0.0,1.9,01-03 months,158.0,False,0.0,False,True,False,Promising / New Customers,Standard ongoing account nurturing,750,63.0,158.0,5,1,1,511,0.9598,Critical,monthly_price,4,North America,1,3,Paid Ads
CUST-00361,Cynthia,Wilson,Cynthia Wilson,cynthia.wilson@company362.com,34,26-35,Female,United States,New York,New York,2025-06-06,20250606,Paid Ads,churned,True,plan_starter,monthly,0.0,0.0,6.8,07-12 months,203.0,False,0.0,False,True,False,Potential Loyalists,Standard ongoing account nurturing,452,213.0,203.0,4,2,1,421,0.9996,Critical,monthly_price,21,North America,1,3,Paid Ads
CUST-00374,Anna,Allen,Anna Allen,anna.allen@company375.com,43,36-50,Female,United States,Georgia,Atlanta,2024-10-27,20241027,Paid Ads,churned,True,plan_starter,monthly,0.0,0.0,5.7,04-06 months,174.0,False,0.0,False,True,False,Potential Loyalists,Standard ongoing account nurturing,674,169.0,174.0,5,2,1,521,0.9433,Critical,monthly_price,18,North America,1,3,Paid Ads
CUST-00378,Ryan,Wright,Ryan Wright,ryan.wright@company379.com,32,26-35,Male,United States,Washington,Seattle,2025-06-15,20250615,Organic Search,churned,True,plan_starter,monthly,0.0,0.0,9.8,07-12 months,290.0,False,0.0,False,True,False,Potential Loyalists,Standard ongoing account nurturing,443,300.0,290.0,4,3,2,432,0.9791,Critical,monthly_price,23,North America,1,2,Organic Search
CUST-00408,Charles,Wright,Charles Wright,charles.wright@company409.com,28,26-35,Male,United Kingdom,Greater London,London,2026-03-19,20260319,Paid Ads,active,False,plan_starter,monthly,29.0,348.0,5.5,04-06 months,174.0,False,0.0,False,False,False,Hibernating / Lost,Automated re-engagement drip campaign; survey feature usability,166,189.0,174.0,1,2,1,121,0.0541,Low,active_day_ratio,12,Europe,1,3,Paid Ads
CUST-00412,Andrew,Davis,Andrew Davis,andrew.davis@company413.com,51,51+,Male,United States,Colorado,Denver,2026-04-24,20260424,Organic Search,active,False,plan_pro,monthly,179.0,2148.0,4.3,04-06 months,895.0,False,0.0,False,False,False,About To Sleep,Automated re-engagement drip campaign; survey feature usability,130,262.0,895.0,1,2,4,124,0.0366,Low,active_day_ratio,17,North America,1,2,Organic Search
CUST-00436,Anthony,Lewis,Anthony Lewis,anthony.lewis@company437.com,47,36-50,Male,United States,Massachusetts,Boston,2025-01-07,20250107,Organic Search,active,False,plan_starter,monthly,29.0,348.0,20.1,13-24 months,609.0,False,0.0,False,False,False,Loyal Customers,Standard ongoing account nurturing,602,674.0,609.0,5,4,3,543,0.0186,Low,recency_days,20,North America,1,2,Organic Search
CUST-00437,Linda,Hernandez,Linda Hernandez,linda.hernandez@company438.com,50,36-50,Female,United States,Colorado,Denver,2026-01-09,20260109,Paid Ads,churned,True,plan_growth,annual,0.0,0.0,7.5,07-12 months,790.0,False,0.0,True,False,False,At Risk Accounts,Immediate customer success outreach; schedule quarterly business review,235,309.0,790.0,2,3,3,233,0.8724,Critical,monthly_price,17,North America,2,3,Paid Ads
CUST-00441,Stephen,Johnson,Stephen Johnson,stephen.johnson@company442.com,51,51+,Male,Germany,Bavaria,Munich,2025-04-24,20250424,Paid Ads,churned,True,plan_starter,monthly,0.0,0.0,9.0,07-12 months,290.0,False,0.0,False,True,False,Potential Loyalists,Standard ongoing account nurturing,495,249.0,290.0,4,2,2,422,0.9885,Critical,monthly_price,9,Europe,1,3,Paid Ads
CUST-00443,John,Moore,John Moore,john.moore@company444.com,30,26-35,Male,France,Auvergne-Rhône-Alpes,Lyon,2025-09-09,20250909,Partner,active,False,plan_pro,monthly,179.0,2148.0,11.9,07-12 months,2148.0,True,2148.0,False,True,False,Loyal Customers,Standard ongoing account nurturing,357,748.0,2148.0,3,5,5,355,0.1207,Low,has_support_friction,7,Europe,1,4,Partner
CUST-00463,Jason,Scott,Jason Scott,jason.scott@company14.com,48,36-50,Male,Canada,British Columbia,Vancouver,2025-12-11,20251211,Referral,active,False,plan_growth,monthly,79.0,948.0,8.8,07-12 months,711.0,False,0.0,False,False,False,At Risk Accounts,Immediate customer success outreach; schedule quarterly business review,264,374.0,711.0,2,3,3,233,0.019,Low,contract_type_annual,4,North America,1,5,Referral
CUST-00466,Richard,Johnson,Richard Johnson,richard.johnson@company17.com,30,26-35,Male,United Kingdom,Greater London,London,2025-03-28,20250328,Paid Ads,churned,True,plan_starter,monthly,0.0,0.0,10.7,07-12 months,319.0,False,0.0,False,True,False,Potential Loyalists,Standard ongoing account nurturing,522,332.0,319.0,4,3,2,432,0.9151,Critical,monthly_price,12,Europe,1,3,Paid Ads
CUST-00489,Pamela,Scott,Pamela Scott,pamela.scott@company40.com,30,26-35,Female,United States,Illinois,Chicago,2026-03-23,20260323,Partner,active,False,plan_growth,monthly,79.0,948.0,5.4,04-06 months,474.0,False,0.0,False,False,False,Hibernating / Lost,Automated re-engagement drip campaign; survey feature usability,162,241.0,474.0,1,2,2,122,0.0203,Low,urgent_ticket_ratio,19,North America,1,4,Partner
CUST-00500,Kenneth,Miller,Kenneth Miller,kenneth.miller@company51.com,21,18-25,Male,Canada,Quebec,Montreal,2025-04-13,20250413,Social Media,active,False,plan_growth,monthly,79.0,948.0,16.9,13-24 months,1343.0,True,948.0,False,True,False,Champions,Offer early access to beta features; invite to executive advisory board,506,777.0,1343.0,4,5,4,454,0.2744,Medium,has_support_friction,6,North America,1,6,Social Media
CUST-00512,Brian,Young,Brian Young,brian.young@company63.com,23,18-25,Male,United States,Colorado,Denver,2025-10-31,20251031,Organic Search,active,False,plan_enterprise,annual,499.0,5988.0,10.2,07-12 months,4990.0,False,0.0,False,False,False,Loyal Customers,Immediate customer success outreach; schedule quarterly business review,305,843.0,4990.0,2,5,5,255,0.0641,Low,avg_resolution_hours,17,North America,2,2,Organic Search
CUST-00605,Mark,Clark,Mark Clark,mark.clark@company156.com,59,51+,Male,Germany,Berlin,Berlin,2024-12-18,20241218,Referral,churned,True,plan_growth,monthly,0.0,0.0,3.8,04-06 months,316.0,False,0.0,False,True,False,Promising / New Customers,Standard ongoing account nurturing,622,145.0,316.0,5,1,2,512,0.9827,Critical,monthly_price,10,Europe,1,5,Referral
CUST-00622,Nicole,Brown,Nicole Brown,nicole.brown@company173.com,57,51+,Female,Germany,Hesse,Frankfurt,2025-11-09,20251109,Paid Ads,churned,True,plan_starter,monthly,0.0,0.0,8.5,07-12 months,261.0,False,0.0,True,False,False,Hibernating / Lost,Automated re-engagement drip campaign; survey feature usability,296,277.0,261.0,2,2,1,221,0.8552,Critical,monthly_price,11,Europe,1,3,Paid Ads
CUST-00646,Gary,Smith,Gary Smith,gary.smith@company197.com,24,18-25,Male,United States,Massachusetts,Boston,2026-04-16,20260416,Partner,active,False,plan_pro,annual,179.0,2148.0,4.6,04-06 months,1790.0,False,0.0,False,False,False,About To Sleep,Automated re-engagement drip campaign; survey feature usability,138,257.0,1790.0,1,2,4,124,0.0223,Low,active_day_ratio,20,North America,2,4,Partner
CUST-00649,Melissa,White,Melissa White,melissa.white@company200.com,33,26-35,Female,Australia,Victoria,Melbourne,2025-12-12,20251212,Paid Ads,churned,True,plan_starter,monthly,0.0,0.0,7.2,07-12 months,203.0,False,0.0,True,True,True,Hibernating / Lost,Automated re-engagement drip campaign; survey feature usability,263,235.0,203.0,2,2,1,221,0.953,Critical,monthly_price,3,Asia-Pacific,1,3,Paid Ads
CUST-00655,Emily,Lewis,Emily Lewis,emily.lewis@company206.com,47,36-50,Female,Australia,Queensland,Brisbane,2025-09-21,20250921,Referral,active,False,plan_growth,monthly,79.0,948.0,11.5,07-12 months,948.0,True,948.0,False,True,False,General Subscribers,Standard ongoing account nurturing,345,465.0,948.0,3,3,4,334,0.1634,Low,has_support_friction,2,Asia-Pacific,1,5,Referral
CUST-00666,Donna,Hill,Donna Hill,donna.hill@company217.com,38,36-50,Female,United States,Massachusetts,Boston,2026-03-22,20260322,Organic Search,active,False,plan_starter,annual,29.0,348.0,5.4,04-06 months,290.0,False,0.0,False,False,False,Hibernating / Lost,Automated re-engagement drip campaign; survey feature usability,163,176.0,290.0,1,2,2,122,0.0151,Low,login_frequency_per_month,20,North America,2,2,Organic Search
CUST-00725,Kenneth,Harris,Kenneth Harris,kenneth.harris@company276.com,38,36-50,Male,United States,New York,New York,2024-05-19,20240519,Social Media,churned,True,plan_starter,monthly,0.0,0.0,12.1,13-24 months,348.0,False,0.0,False,True,False,Potential Loyalists,Standard ongoing account nurturing,835,360.0,348.0,5,3,2,532,0.9928,Critical,monthly_price,21,North America,1,6,Social Media
CUST-00726,Nicole,Wright,Nicole Wright,nicole.wright@company277.com,31,26-35,Female,United States,Georgia,Atlanta,2026-04-14,20260414,Referral,active,False,plan_starter,monthly,29.0,348.0,4.7,04-06 months,145.0,False,0.0,False,False,False,Hibernating / Lost,Automated re-engagement drip campaign; survey feature usability,140,147.0,145.0,1,1,1,111,0.0362,Low,session_frequency_per_month,18,North America,1,5,Referral
CUST-00765,Justin,King,Justin King,justin.king@company316.com,56,51+,Male,United States,Illinois,Chicago,2025-04-24,20250424,Paid Ads,churned,True,plan_starter,monthly,0.0,0.0,14.8,13-24 months,435.0,False,0.0,True,False,False,Potential Loyalists,Standard ongoing account nurturing,495,504.0,435.0,4,4,2,442,0.8525,Critical,monthly_price,19,North America,1,3,Paid Ads
CUST-00862,Brandon,Lopez,Brandon Lopez,brandon.lopez@company413.com,43,36-50,Male,United Kingdom,Greater London,London,2024-08-07,20240807,Referral,churned,True,plan_growth,annual,0.0,0.0,21.4,13-24 months,1580.0,False,0.0,False,True,False,Champions,Offer early access to beta features; invite to executive advisory board,755,928.0,1580.0,5,5,4,554,0.9684,Critical,monthly_price,12,Europe,2,5,Referral
CUST-00874,Jacob,Robinson,Jacob Robinson,jacob.robinson@company425.com,30,26-35,Male,Canada,Ontario,Toronto,2025-01-02,20250102,Social Media,churned,True,plan_enterprise,monthly,0.0,0.0,3.8,04-06 months,1996.0,False,0.0,False,True,False,Potential Loyalists,Standard ongoing account nurturing,607,286.0,1996.0,5,2,5,525,0.8855,Critical,monthly_price,5,North America,1,6,Social Media
CUST-00877,Paul,Lee,Paul Lee,paul.lee@company428.com,32,26-35,Male,United States,Texas,Austin,2025-09-01,20250901,Social Media,churned,True,plan_growth,monthly,0.0,0.0,7.9,07-12 months,632.0,False,0.0,False,True,False,General Subscribers,Standard ongoing account nurturing,365,339.0,632.0,3,3,3,333,0.9819,Critical,monthly_price,22,North America,1,6,Social Media
CUST-00886,Cynthia,Flores,Cynthia Flores,cynthia.flores@company437.com,32,26-35,Female,United States,New York,New York,2025-08-31,20250831,Referral,active,False,plan_enterprise,monthly,499.0,5988.0,12.2,13-24 months,6487.0,False,0.0,False,False,False,Loyal Customers,Standard ongoing account nurturing,366,975.0,6487.0,3,5,5,355,0.0143,Low,total_tickets_count,21,North America,1,5,Referral
CUST-00927,Eric,Anderson,Eric Anderson,eric.anderson@company28.com,43,36-50,Male,Germany,Hesse,Frankfurt,2025-04-06,20250406,Referral,active,False,plan_starter,monthly,29.0,348.0,17.1,13-24 months,522.0,False,0.0,False,False,False,Potential Loyalists,Standard ongoing account nurturing,513,563.0,522.0,4,4,2,442,0.0666,Low,active_day_ratio,11,Europe,1,5,Referral
CUST-00945,Laura,King,Laura King,laura.king@company46.com,46,36-50,Female,United States,Texas,Austin,2025-07-17,20250717,Paid Ads,churned,True,plan_starter,annual,0.0,0.0,10.3,07-12 months,290.0,False,0.0,False,True,False,General Subscribers,Standard ongoing account nurturing,411,363.0,290.0,3,3,2,332,0.9778,Critical,monthly_price,22,North America,2,3,Paid Ads
CUST-00974,Charles,Gonzalez,Charles Gonzalez,charles.gonzalez@company75.com,40,36-50,Male,Germany,Bavaria,Munich,2025-03-10,20250310,Paid Ads,churned,True,plan_starter,monthly,0.0,0.0,5.7,04-06 months,174.0,False,0.0,False,False,False,Promising / New Customers,Standard ongoing account nurturing,540,151.0,174.0,4,1,1,411,0.9382,Critical,monthly_price,9,Europe,1,3,Paid Ads
CUST-00975,Sharon,Williams,Sharon Williams,sharon.williams@company76.com,36,36-50,Female,United States,California,San Francisco,2025-01-21,20250121,Organic Search,churned,True,plan_starter,monthly,0.0,0.0,11.1,07-12 months,348.0,False,0.0,False,True,False,Potential Loyalists,Standard ongoing account nurturing,588,379.0,348.0,5,3,2,532,0.9957,Critical,monthly_price,16,North America,1,2,Organic Search
CUST-01020,Barbara,Sanchez,Barbara Sanchez,barbara.sanchez@company121.com,21,18-25,Female,United States,Colorado,Denver,2026-07-15,20260715,Organic Search,active,False,plan_starter,monthly,29.0,348.0,1.6,01-03 months,58.0,False,0.0,False,False,False,Hibernating / Lost,Automated re-engagement drip campaign; survey feature usability,48,41.0,58.0,1,1,1,111,0.1331,Low,session_frequency_per_month,17,North America,1,2,Organic Search
CUST-01054,Michael,Lewis,Michael Lewis,michael.lewis@company155.com,44,36-50,Male,France,Île-de-France,Paris,2025-10-01,20251001,Direct,active,False,plan_growth,multi_year,79.0,948.0,11.2,07-12 months,790.0,False,0.0,False,False,False,Loyal Customers,Standard ongoing account nurturing,335,479.0,790.0,3,4,4,344,0.012,Low,avg_satisfaction_score,8,Europe,3,1,Direct
CUST-01061,Patricia,Lewis,Patricia Lewis,patricia.lewis@company162.com,29,26-35,Female,United States,New York,New York,2026-04-08,20260408,Organic Search,churned,True,plan_pro,annual,0.0,0.0,3.7,04-06 months,1790.0,False,0.0,True,True,False,About To Sleep,Automated re-engagement drip campaign; survey feature usability,146,213.0,1790.0,1,2,5,125,0.9408,Critical,monthly_price,21,North America,2,2,Organic Search
CUST-01065,Margaret,Wright,Margaret Wright,margaret.wright@company166.com,59,51+,Female,United Kingdom,West Midlands,Birmingham,2025-11-21,20251121,Referral,active,False,plan_growth,monthly,79.0,948.0,9.5,07-12 months,790.0,False,0.0,False,False,False,At Risk Accounts,Immediate customer success outreach; schedule quarterly business review,284,412.0,790.0,2,3,3,233,0.0862,Low,urgent_ticket_ratio,15,Europe,1,5,Referral
CUST-01069,Sharon,Allen,Sharon Allen,sharon.allen@company170.com,29,26-35,Female,United States,Massachusetts,Boston,2025-07-21,20250721,Organic Search,churned,True,plan_starter,monthly,0.0,0.0,2.8,01-03 months,87.0,False,0.0,False,False,False,Promising / New Customers,Standard ongoing account nurturing,407,78.0,87.0,3,1,1,311,0.9234,Critical,monthly_price,20,North America,1,2,Organic Search
CUST-01104,Amanda,Wilson,Amanda Wilson,amanda.wilson@company205.com,31,26-35,Female,United Kingdom,Greater London,London,2026-07-13,20260713,Organic Search,active,False,plan_growth,monthly,79.0,948.0,1.7,01-03 months,158.0,False,0.0,False,False,False,Hibernating / Lost,Automated re-engagement drip campaign; survey feature usability,50,79.0,158.0,1,1,1,111,0.0687,Low,active_day_ratio,12,Europe,1,2,Organic Search
CUST-01111,George,Harris,George Harris,george.harris@company212.com,43,36-50,Male,United States,Texas,Austin,2025-08-18,20250818,Social Media,active,False,plan_starter,monthly,29.0,348.0,12.6,13-24 months,377.0,False,0.0,False,False,False,General Subscribers,Standard ongoing account nurturing,379,422.0,377.0,3,3,2,332,0.0286,Low,avg_satisfaction_score,22,North America,1,6,Social Media
CUST-01113,Andrew,Thompson,Andrew Thompson,andrew.thompson@company214.com,27,26-35,Male,Germany,Hesse,Frankfurt,2025-11-24,20251124,Paid Ads,churned,True,plan_starter,monthly,0.0,0.0,2.6,01-03 months,87.0,False,0.0,False,True,False,Hibernating / Lost,Automated re-engagement drip campaign; survey feature usability,281,80.0,87.0,2,1,1,211,0.9959,Critical,monthly_price,11,Europe,1,3,Paid Ads
CUST-01146,John,Rodriguez,John Rodriguez,john.rodriguez@company247.com,26,26-35,Male,Germany,Berlin,Berlin,2024-12-29,20241229,Paid Ads,churned,True,plan_growth,monthly,0.0,0.0,18.6,13-24 months,1501.0,False,0.0,False,True,False,Champions,Offer early access to beta features; invite to executive advisory board,611,816.0,1501.0,5,5,4,554,0.962,Critical,monthly_price,10,Europe,1,3,Paid Ads
CUST-01191,Andrew,Martinez,Andrew Martinez,andrew.martinez@company292.com,27,26-35,Male,United States,California,San Francisco,2025-01-21,20250121,Social Media,churned,True,plan_starter,annual,0.0,0.0,1.1,01-03 months,290.0,False,0.0,False,True,False,Promising / New Customers,Standard ongoing account nurturing,588,15.0,290.0,5,1,2,512,0.9932,Critical,monthly_price,16,North America,2,6,Social Media
CUST-01220,Stephanie,White,Stephanie White,stephanie.white@company321.com,28,26-35,Female,United States,New York,New York,2025-04-23,20250423,Paid Ads,active,False,plan_growth,monthly,79.0,948.0,16.5,13-24 months,1343.0,False,0.0,False,False,False,Champions,Offer early access to beta features; invite to executive advisory board,496,735.0,1343.0,4,5,4,454,0.1715,Low,urgent_ticket_ratio,21,North America,1,3,Paid Ads
CUST-01222,Shirley,Young,Shirley Young,shirley.young@company323.com,56,51+,Female,United States,California,San Francisco,2025-07-08,20250708,Referral,active,False,plan_enterprise,monthly,499.0,5988.0,14.0,13-24 months,7485.0,True,5988.0,False,True,False,Loyal Customers,Standard ongoing account nurturing,420,1086.0,7485.0,3,5,5,355,0.0582,Low,has_support_friction,16,North America,1,5,Referral
CUST-01245,Thomas,Young,Thomas Young,thomas.young@company346.com,39,36-50,Male,United States,Georgia,Atlanta,2026-02-15,20260215,Organic Search,churned,True,plan_growth,monthly,0.0,0.0,3.7,04-06 months,316.0,False,0.0,False,True,False,Hibernating / Lost,Automated re-engagement drip campaign; survey feature usability,198,124.0,316.0,2,1,2,212,0.9555,Critical,monthly_price,18,North America,1,2,Organic Search
CUST-01263,Cynthia,Hernandez,Cynthia Hernandez,cynthia.hernandez@company364.com,37,36-50,Female,United States,Georgia,Atlanta,2026-03-13,20260313,Organic Search,churned,True,plan_starter,monthly,0.0,0.0,5.1,04-06 months,174.0,False,0.0,True,True,False,Hibernating / Lost,Automated re-engagement drip campaign; survey feature usability,172,157.0,174.0,1,1,1,111,0.986,Critical,monthly_price,18,North America,1,2,Organic Search
CUST-01268,Ronald,Garcia,Ronald Garcia,ronald.garcia@company369.com,53,51+,Male,Germany,Hesse,Frankfurt,2024-05-28,20240528,Paid Ads,churned,True,plan_starter,monthly,0.0,0.0,3.5,04-06 months,116.0,False,0.0,False,False,False,Promising / New Customers,Standard ongoing account nurturing,826,124.0,116.0,5,1,1,511,0.8275,Critical,monthly_price,11,Europe,1,3,Paid Ads
CUST-01286,Carol,Moore,Carol Moore,carol.moore@company387.com,37,36-50,Female,Germany,Bavaria,Munich,2025-05-04,20250504,Organic Search,churned,True,plan_growth,annual,0.0,0.0,6.8,07-12 months,790.0,False,0.0,False,True,False,Potential Loyalists,Standard ongoing account nurturing,485,298.0,790.0,4,3,3,433,0.9856,Critical,monthly_price,9,Europe,2,2,Organic Search
CUST-01324,Brian,White,Brian White,brian.white@company425.com,53,51+,Male,United States,Massachusetts,Boston,2025-12-23,20251223,Organic Search,active,False,plan_pro,monthly,179.0,2148.0,8.4,07-12 months,1611.0,False,0.0,False,False,False,Loyal Customers,Immediate customer success outreach; schedule quarterly business review,252,530.0,1611.0,2,4,4,244,0.032,Low,active_day_ratio,20,North America,1,2,Organic Search
CUST-01371,Eric,Hernandez,Eric Hernandez,eric.hernandez@company22.com,23,18-25,Male,Germany,Hesse,Frankfurt,2026-03-10,20260310,Direct,active,False,plan_pro,annual,179.0,2148.0,5.8,04-06 months,1790.0,False,0.0,False,False,False,At Risk Accounts,Immediate customer success outreach; schedule quarterly business review,175,310.0,1790.0,1,3,4,134,0.0109,Low,tenure_months,11,Europe,2,1,Direct
CUST-01396,Richard,Sanchez,Richard Sanchez,richard.sanchez@company47.com,46,36-50,Male,United States,Massachusetts,Boston,2024-12-08,20241208,Organic Search,active,False,plan_starter,monthly,29.0,348.0,21.1,13-24 months,638.0,False,0.0,False,False,False,Loyal Customers,Standard ongoing account nurturing,632,681.0,638.0,5,4,3,543,0.0873,Low,recency_days,20,North America,1,2,Organic Search
CUST-01398,Stephen,Martinez,Stephen Martinez,stephen.martinez@company49.com,46,36-50,Male,United States,Washington,Seattle,2025-02-15,20250215,Paid Ads,active,False,plan_pro,annual,179.0,2148.0,18.8,13-24 months,3580.0,False,0.0,False,False,False,Champions,Offer early access to beta features; invite to executive advisory board,563,1132.0,3580.0,4,5,5,455,0.0218,Low,urgent_ticket_ratio,23,North America,2,3,Paid Ads
CUST-01459,Laura,Davis,Laura Davis,laura.davis@company110.com,26,26-35,Female,United States,Georgia,Atlanta,2024-11-28,20241128,Referral,active,False,plan_starter,monthly,29.0,348.0,21.4,13-24 months,638.0,False,0.0,False,False,False,Loyal Customers,Standard ongoing account nurturing,642,707.0,638.0,5,5,3,553,0.0306,Low,avg_resolution_hours,18,North America,1,5,Referral
CUST-01480,Gary,Davis,Gary Davis,gary.davis@company131.com,33,26-35,Male,United States,Illinois,Chicago,2026-01-02,20260102,Social Media,churned,True,plan_starter,monthly,0.0,0.0,4.6,04-06 months,145.0,False,0.0,False,False,False,Hibernating / Lost,Automated re-engagement drip campaign; survey feature usability,242,130.0,145.0,2,1,1,211,0.892,Critical,monthly_price,19,North America,1,6,Social Media
CUST-00021,Ashley,Brown,Ashley Brown,ashley.brown@company22.com,36,36-50,Female,United Kingdom,Greater London,London,2025-02-23,20250223,Organic Search,churned,True,plan_pro,monthly,0.0,0.0,4.7,04-06 months,895.0,False,0.0,False,False,False,Potential Loyalists,Standard ongoing account nurturing,555,289.0,895.0,4,3,4,434,0.9248,Critical,monthly_price,12,Europe,1,2,Organic Search
CUST-00177,Charles,Torres,Charles Torres,charles.torres@company178.com,42,36-50,Male,United States,California,San Francisco,2025-06-29,20250629,Organic Search,churned,True,plan_starter,annual,0.0,0.0,5.1,04-06 months,290.0,False,0.0,False,True,False,Promising / New Customers,Standard ongoing account nurturing,429,171.0,290.0,3,2,2,322,0.9831,Critical,monthly_price,16,North America,2,2,Organic Search
CUST-00202,Sarah,King,Sarah King,sarah.king@company203.com,28,26-35,Female,United Kingdom,Scotland,Edinburgh,2025-12-10,20251210,Organic Search,churned,True,plan_growth,annual,0.0,0.0,8.0,07-12 months,790.0,False,0.0,True,False,False,At Risk Accounts,Immediate customer success outreach; schedule quarterly business review,265,337.0,790.0,2,3,3,233,0.9357,Critical,monthly_price,14,Europe,2,2,Organic Search
CUST-00219,Sharon,Smith,Sharon Smith,sharon.smith@company220.com,50,36-50,Female,United States,Colorado,Denver,2025-09-21,20250921,Organic Search,active,False,plan_growth,monthly,79.0,948.0,11.5,07-12 months,948.0,True,948.0,False,True,False,Loyal Customers,Standard ongoing account nurturing,345,545.0,948.0,3,4,4,344,0.0359,Low,has_support_friction,17,North America,1,2,Organic Search
CUST-00229,Barbara,Ramirez,Barbara Ramirez,barbara.ramirez@company230.com,50,36-50,Female,Germany,Hesse,Frankfurt,2025-06-17,20250617,Organic Search,active,False,plan_starter,annual,29.0,348.0,14.7,13-24 months,580.0,True,348.0,False,True,False,Loyal Customers,Standard ongoing account nurturing,441,542.0,580.0,4,4,3,443,0.1231,Low,has_support_friction,11,Europe,2,2,Organic Search
CUST-00269,Karen,Thomas,Karen Thomas,karen.thomas@company270.com,32,26-35,Female,Australia,New South Wales,Sydney,2025-09-02,20250902,Organic Search,churned,True,plan_growth,annual,0.0,0.0,4.1,04-06 months,790.0,False,0.0,False,True,False,Promising / New Customers,Standard ongoing account nurturing,364,156.0,790.0,3,1,3,313,0.9753,Critical,monthly_price,1,Asia-Pacific,2,2,Organic Search
CUST-00344,George,Scott,George Scott,george.scott@company345.com,33,26-35,Male,United Kingdom,Scotland,Edinburgh,2025-03-17,20250317,Social Media,active,False,plan_growth,monthly,79.0,948.0,17.8,13-24 months,1422.0,False,0.0,False,False,False,Champions,Offer early access to beta features; invite to executive advisory board,533,832.0,1422.0,4,5,4,454,0.0274,Low,urgent_ticket_ratio,14,Europe,1,6,Social Media
CUST-00388,Amanda,Jones,Amanda Jones,amanda.jones@company389.com,43,36-50,Female,United States,Colorado,Denver,2025-04-26,20250426,Social Media,churned,True,plan_growth,annual,0.0,0.0,3.6,04-06 months,790.0,False,0.0,False,True,False,Promising / New Customers,Standard ongoing account nurturing,493,134.0,790.0,4,1,3,413,0.9571,Critical,monthly_price,17,North America,2,6,Social Media
CUST-00420,Edward,Gonzalez,Edward Gonzalez,edward.gonzalez@company421.com,30,26-35,Male,Germany,Hesse,Frankfurt,2025-07-03,20250703,Referral,churned,True,plan_growth,monthly,0.0,0.0,3.3,04-06 months,316.0,False,0.0,False,True,False,Promising / New Customers,Standard ongoing account nurturing,425,124.0,316.0,3,1,2,312,0.9875,Critical,monthly_price,11,Europe,1,5,Referral
CUST-00540,Laura,Davis,Laura Davis,laura.davis@company91.com,26,26-35,Female,United Kingdom,Greater London,London,2026-01-20,20260120,Paid Ads,active,False,plan_starter,annual,29.0,348.0,7.5,07-12 months,290.0,False,0.0,False,False,False,Hibernating / Lost,Automated re-engagement drip campaign; survey feature usability,224,260.0,290.0,2,2,2,222,0.0672,Low,avg_resolution_hours,12,Europe,2,3,Paid Ads
CUST-00637,Emma,Smith,Emma Smith,emma.smith@company188.com,46,36-50,Female,United Kingdom,Greater London,London,2025-05-26,20250526,Social Media,active,False,plan_pro,monthly,179.0,2148.0,15.4,13-24 months,2864.0,False,0.0,False,False,False,Champions,Offer early access to beta features; invite to executive advisory board,463,905.0,2864.0,4,5,5,455,0.0086,Low,recency_days,12,Europe,1,6,Social Media
CUST-00671,Michael,Wright,Michael Wright,michael.wright@company222.com,31,26-35,Male,France,Auvergne-Rhône-Alpes,Lyon,2026-04-15,20260415,Organic Search,active,False,plan_growth,monthly,79.0,948.0,4.6,04-06 months,395.0,True,948.0,True,False,False,Hibernating / Lost,Automated re-engagement drip campaign; survey feature usability,139,187.0,395.0,1,2,2,122,0.0343,Low,is_engagement_declining,7,Europe,1,2,Organic Search
CUST-00682,Linda,Brown,Linda Brown,linda.brown@company233.com,26,26-35,Female,United States,New York,New York,2024-08-30,20240830,Organic Search,churned,True,plan_starter,annual,0.0,0.0,4.9,04-06 months,290.0,False,0.0,False,True,False,Promising / New Customers,Standard ongoing account nurturing,732,159.0,290.0,5,1,1,511,0.8958,Critical,monthly_price,21,North America,2,2,Organic Search
CUST-00694,Edward,Scott,Edward Scott,edward.scott@company245.com,61,51+,Male,Australia,Victoria,Melbourne,2024-05-31,20240531,Partner,churned,True,plan_pro,monthly,0.0,0.0,25.2,25+ months,4654.0,False,0.0,False,True,False,Champions,Offer early access to beta features; invite to executive advisory board,823,1629.0,4654.0,5,5,5,555,0.9046,Critical,monthly_price,3,Asia-Pacific,1,4,Partner
CUST-00741,Andrew,Clark,Andrew Clark,andrew.clark@company292.com,31,26-35,Male,United Kingdom,North West,Manchester,2025-01-09,20250109,Partner,active,False,plan_growth,annual,79.0,948.0,20.0,13-24 months,1580.0,True,948.0,False,True,False,Champions,Offer early access to beta features; invite to executive advisory board,600,878.0,1580.0,5,5,4,554,0.1767,Low,avg_resolution_hours,13,Europe,2,4,Partner
CUST-00764,Carol,King,Carol King,carol.king@company315.com,36,36-50,Female,United States,Washington,Seattle,2025-11-26,20251126,Referral,active,False,plan_starter,multi_year,29.0,348.0,9.3,07-12 months,290.0,True,348.0,True,False,False,General Subscribers,Standard ongoing account nurturing,279,315.0,290.0,2,3,2,232,0.0374,Low,is_engagement_declining,23,North America,3,5,Referral
CUST-00784,Patricia,Torres,Patricia Torres,patricia.torres@company335.com,44,36-50,Female,United Kingdom,North West,Manchester,2025-06-10,20250610,Paid Ads,active,False,plan_starter,monthly,29.0,348.0,14.9,13-24 months,435.0,False,0.0,False,False,False,Potential Loyalists,Standard ongoing account nurturing,448,505.0,435.0,4,4,2,442,0.0386,Low,avg_resolution_hours,13,Europe,1,3,Paid Ads
CUST-00786,Daniel,Moore,Daniel Moore,daniel.moore@company337.com,36,36-50,Male,France,Île-de-France,Paris,2026-01-23,20260123,Organic Search,active,False,plan_growth,monthly,79.0,948.0,7.4,07-12 months,632.0,False,0.0,False,False,False,At Risk Accounts,Immediate customer success outreach; schedule quarterly business review,221,325.0,632.0,2,3,3,233,0.0355,Low,total_logins,8,Europe,1,2,Organic Search
CUST-00828,Kathleen,Taylor,Kathleen Taylor,kathleen.taylor@company379.com,30,26-35,Female,Australia,New South Wales,Sydney,2025-01-11,20250111,Organic Search,active,False,plan_starter,annual,29.0,348.0,19.9,13-24 months,580.0,False,0.0,False,False,False,Loyal Customers,Standard ongoing account nurturing,598,691.0,580.0,5,4,3,543,0.019,Low,recency_days,1,Asia-Pacific,2,2,Organic Search
CUST-00860,Scott,Jackson,Scott Jackson,scott.jackson@company411.com,38,36-50,Male,Germany,Bavaria,Munich,2025-11-19,20251119,Referral,active,False,plan_starter,annual,29.0,348.0,9.5,07-12 months,290.0,False,0.0,False,False,False,General Subscribers,Standard ongoing account nurturing,286,319.0,290.0,2,3,2,232,0.0908,Low,avg_resolution_hours,9,Europe,2,5,Referral
CUST-00897,Sandra,Walker,Sandra Walker,sandra.walker@company448.com,21,18-25,Female,United States,California,San Francisco,2025-05-21,20250521,Organic Search,churned,True,plan_growth,monthly,0.0,0.0,4.3,04-06 months,395.0,False,0.0,False,True,False,Potential Loyalists,Standard ongoing account nurturing,468,166.0,395.0,4,2,2,422,0.9945,Critical,monthly_price,16,North America,1,2,Organic Search
CUST-01007,Sarah,Garcia,Sarah Garcia,sarah.garcia@company108.com,31,26-35,Female,United Kingdom,North West,Manchester,2024-02-27,20240227,Organic Search,active,False,plan_starter,annual,29.0,348.0,30.6,25+ months,870.0,True,348.0,False,True,False,Champions,Offer early access to beta features; invite to executive advisory board,917,1081.0,870.0,5,5,4,554,0.0583,Low,has_support_friction,13,Europe,2,2,Organic Search
CUST-01011,Linda,Gonzalez,Linda Gonzalez,linda.gonzalez@company112.com,35,26-35,Female,United States,California,San Francisco,2024-11-01,20241101,Paid Ads,churned,True,plan_pro,monthly,0.0,0.0,21.0,13-24 months,3759.0,False,0.0,True,True,True,Champions,Offer early access to beta features; invite to executive advisory board,669,1285.0,3759.0,5,5,5,555,0.9687,Critical,monthly_price,16,North America,1,3,Paid Ads
CUST-01048,Kathleen,Hernandez,Kathleen Hernandez,kathleen.hernandez@company149.com,39,36-50,Female,United States,New York,New York,2025-11-11,20251111,Referral,active,False,plan_growth,monthly,79.0,948.0,9.8,07-12 months,790.0,False,0.0,False,False,False,At Risk Accounts,Immediate customer success outreach; schedule quarterly business review,294,419.0,790.0,2,3,3,233,0.0247,Low,urgent_ticket_ratio,21,North America,1,5,Referral
CUST-01110,William,Wright,William Wright,william.wright@company211.com,29,26-35,Male,Germany,Hesse,Frankfurt,2025-09-09,20250909,Paid Ads,active,False,plan_pro,monthly,179.0,2148.0,11.9,07-12 months,2148.0,False,0.0,False,False,False,Loyal Customers,Standard ongoing account nurturing,357,750.0,2148.0,3,5,5,355,0.0333,Low,active_day_ratio,11,Europe,1,3,Paid Ads
CUST-01125,Richard,Walker,Richard Walker,richard.walker@company226.com,33,26-35,Male,United States,California,San Francisco,2025-02-13,20250213,Social Media,churned,True,plan_starter,monthly,0.0,0.0,2.1,01-03 months,58.0,False,0.0,False,True,False,Promising / New Customers,Standard ongoing account nurturing,565,58.0,58.0,4,1,1,411,0.9998,Critical,monthly_price,16,North America,1,6,Social Media
CUST-01211,Elizabeth,Gonzalez,Elizabeth Gonzalez,elizabeth.gonzalez@company312.com,37,36-50,Female,France,Île-de-France,Paris,2025-11-16,20251116,Organic Search,active,False,plan_pro,annual,179.0,2148.0,9.6,07-12 months,1790.0,False,0.0,False,False,False,Loyal Customers,Immediate customer success outreach; schedule quarterly business review,289,579.0,1790.0,2,4,5,245,0.0158,Low,urgent_ticket_ratio,8,Europe,2,2,Organic Search
CUST-01231,Lisa,Rodriguez,Lisa Rodriguez,lisa.rodriguez@company332.com,28,26-35,Female,United States,New York,New York,2025-10-08,20251008,Paid Ads,active,False,plan_starter,monthly,29.0,348.0,10.9,07-12 months,319.0,False,0.0,False,False,False,General Subscribers,Standard ongoing account nurturing,328,392.0,319.0,3,3,2,332,0.0222,Low,contract_type_annual,21,North America,1,3,Paid Ads
CUST-01259,Mark,Brown,Mark Brown,mark.brown@company360.com,57,51+,Male,Canada,British Columbia,Vancouver,2026-05-21,20260521,Partner,active,False,plan_growth,multi_year,79.0,948.0,3.4,04-06 months,790.0,False,0.0,False,False,False,About To Sleep,Automated re-engagement drip campaign; survey feature usability,103,160.0,790.0,1,2,3,123,0.0225,Low,total_tickets_count,4,North America,3,4,Partner
CUST-01267,Timothy,Thomas,Timothy Thomas,timothy.thomas@company368.com,31,26-35,Male,United States,Georgia,Atlanta,2026-04-03,20260403,Paid Ads,active,False,plan_starter,annual,29.0,348.0,5.0,04-06 months,290.0,False,0.0,False,False,False,Hibernating / Lost,Automated re-engagement drip campaign; survey feature usability,151,168.0,290.0,1,2,2,122,0.0271,Low,urgent_ticket_ratio,18,North America,2,3,Paid Ads
CUST-01280,Thomas,Hill,Thomas Hill,thomas.hill@company381.com,37,36-50,Male,United Kingdom,Scotland,Edinburgh,2025-03-26,20250326,Organic Search,active,False,plan_starter,monthly,29.0,348.0,17.5,13-24 months,522.0,False,0.0,False,False,False,Potential Loyalists,Standard ongoing account nurturing,524,590.0,522.0,4,4,2,442,0.0282,Low,recency_days,14,Europe,1,2,Organic Search
CUST-01332,Amy,Wright,Amy Wright,amy.wright@company433.com,56,51+,Female,France,Île-de-France,Paris,2025-01-31,20250131,Paid Ads,churned,True,plan_starter,monthly,0.0,0.0,10.6,07-12 months,319.0,False,0.0,False,True,False,Potential Loyalists,Standard ongoing account nurturing,578,326.0,319.0,4,3,2,432,0.9904,Critical,monthly_price,8,Europe,1,3,Paid Ads
CUST-01353,Jessica,Young,Jessica Young,jessica.young@company4.com,38,36-50,Female,United States,New York,New York,2024-11-21,20241121,Direct,churned,True,plan_growth,annual,0.0,0.0,21.5,13-24 months,1580.0,False,0.0,True,True,False,Champions,Offer early access to beta features; invite to executive advisory board,649,942.0,1580.0,5,5,4,554,0.9594,Critical,monthly_price,21,North America,2,1,Direct
CUST-01355,Matthew,Ramirez,Matthew Ramirez,matthew.ramirez@company6.com,25,18-25,Male,United Kingdom,West Midlands,Birmingham,2025-02-17,20250217,Organic Search,active,False,plan_growth,monthly,79.0,948.0,18.7,13-24 months,1501.0,False,0.0,False,False,False,Champions,Offer early access to beta features; invite to executive advisory board,561,817.0,1501.0,4,5,4,454,0.065,Low,urgent_ticket_ratio,15,Europe,1,2,Organic Search
CUST-01368,Karen,Garcia,Karen Garcia,karen.garcia@company19.com,32,26-35,Female,United States,Colorado,Denver,2025-03-30,20250330,Organic Search,churned,True,plan_growth,monthly,0.0,0.0,8.7,07-12 months,711.0,False,0.0,False,True,False,Potential Loyalists,Standard ongoing account nurturing,520,377.0,711.0,4,3,3,433,0.9957,Critical,monthly_price,17,North America,1,2,Organic Search
CUST-01469,Larry,Garcia,Larry Garcia,larry.garcia@company120.com,40,36-50,Male,United States,Colorado,Denver,2025-08-10,20250810,Paid Ads,churned,True,plan_growth,monthly,0.0,0.0,1.6,01-03 months,158.0,False,0.0,False,True,False,Promising / New Customers,Standard ongoing account nurturing,387,53.0,158.0,3,1,1,311,0.9497,Critical,monthly_price,17,North America,1,3,Paid Ads
CUST-00045,Emily,Williams,Emily Williams,emily.williams@company46.com,32,26-35,Female,Canada,Quebec,Montreal,2024-09-28,20240928,Direct,churned,True,plan_pro,annual,0.0,0.0,12.3,13-24 months,1790.0,False,0.0,False,True,False,Champions,Offer early access to beta features; invite to executive advisory board,703,711.0,1790.0,5,5,5,555,0.9962,Critical,monthly_price,6,North America,2,1,Direct
CUST-00062,Eric,Walker,Eric Walker,eric.walker@company63.com,44,36-50,Male,France,Île-de-France,Paris,2025-08-23,20250823,Referral,active,False,plan_pro,annual,179.0,2148.0,12.5,13-24 months,3580.0,True,2148.0,False,True,False,Loyal Customers,Standard ongoing account nurturing,374,823.0,3580.0,3,5,5,355,0.1643,Low,has_support_friction,8,Europe,2,5,Referral
CUST-00292,Melissa,Flores,Melissa Flores,melissa.flores@company293.com,31,26-35,Female,France,Auvergne-Rhône-Alpes,Lyon,2024-07-04,20240704,Organic Search,active,False,plan_starter,annual,29.0,348.0,26.3,25+ months,870.0,True,348.0,True,True,False,Champions,Offer early access to beta features; invite to executive advisory board,789,888.0,870.0,5,5,4,554,0.0817,Low,has_support_friction,7,Europe,2,2,Organic Search
CUST-00307,Thomas,Allen,Thomas Allen,thomas.allen@company308.com,55,51+,Male,United States,Massachusetts,Boston,2024-11-28,20241128,Referral,active,False,plan_growth,monthly,79.0,948.0,21.4,13-24 months,1738.0,False,0.0,False,False,False,Champions,Offer early access to beta features; invite to executive advisory board,642,957.0,1738.0,5,5,4,554,0.0167,Low,avg_resolution_hours,20,North America,1,5,Referral
CUST-00332,Deborah,Scott,Deborah Scott,deborah.scott@company333.com,30,26-35,Female,United Kingdom,North West,Manchester,2025-11-01,20251101,Organic Search,active,False,plan_starter,annual,29.0,348.0,10.1,07-12 months,290.0,False,0.0,False,False,False,General Subscribers,Standard ongoing account nurturing,304,360.0,290.0,2,3,2,232,0.0487,Low,avg_resolution_hours,13,Europe,2,2,Organic Search
CUST-00660,Jonathan,Hernandez,Jonathan Hernandez,jonathan.hernandez@company211.com,31,26-35,Male,United Kingdom,Scotland,Edinburgh,2026-05-30,20260530,Social Media,churned,True,plan_growth,monthly,0.0,0.0,3.1,04-06 months,237.0,False,0.0,False,True,True,Hibernating / Lost,Automated re-engagement drip campaign; survey feature usability,94,120.0,237.0,1,1,1,111,0.9304,Critical,monthly_price,14,Europe,1,6,Social Media
CUST-00821,Kenneth,Young,Kenneth Young,kenneth.young@company372.com,37,36-50,Male,United Kingdom,Scotland,Edinburgh,2024-10-17,20241017,Organic Search,churned,True,plan_growth,annual,0.0,0.0,6.3,07-12 months,790.0,False,0.0,False,False,False,Potential Loyalists,Standard ongoing account nurturing,684,275.0,790.0,5,2,3,523,0.8446,Critical,monthly_price,14,Europe,2,2,Organic Search
CUST-01000,Betty,Clark,Betty Clark,betty.clark@company101.com,27,26-35,Female,Germany,Berlin,Berlin,2024-11-17,20241117,Organic Search,active,False,plan_growth,monthly,79.0,948.0,21.8,13-24 months,1738.0,False,0.0,False,False,False,Champions,Offer early access to beta features; invite to executive advisory board,653,1015.0,1738.0,5,5,4,554,0.0432,Low,recency_days,10,Europe,1,2,Organic Search
CUST-01046,Scott,Perez,Scott Perez,scott.perez@company147.com,55,51+,Male,Germany,Hesse,Frankfurt,2025-08-14,20250814,Referral,active,False,plan_growth,monthly,79.0,948.0,12.8,13-24 months,1027.0,False,0.0,False,False,False,Loyal Customers,Standard ongoing account nurturing,383,578.0,1027.0,3,4,4,344,0.0212,Low,avg_satisfaction_score,11,Europe,1,5,Referral
CUST-01083,Matthew,Young,Matthew Young,matthew.young@company184.com,40,36-50,Male,United Kingdom,Greater London,London,2025-05-24,20250524,Social Media,churned,True,plan_growth,monthly,0.0,0.0,7.1,07-12 months,632.0,False,0.0,False,True,False,Potential Loyalists,Standard ongoing account nurturing,465,294.0,632.0,4,3,3,433,0.9965,Critical,monthly_price,12,Europe,1,6,Social Media
CUST-01198,Richard,Thompson,Richard Thompson,richard.thompson@company299.com,32,26-35,Male,United States,Massachusetts,Boston,2025-12-18,20251218,Organic Search,churned,True,plan_growth,monthly,0.0,0.0,3.1,04-06 months,316.0,False,0.0,False,False,False,Hibernating / Lost,Automated re-engagement drip campaign; survey feature usability,257,107.0,316.0,2,1,2,212,0.9163,Critical,monthly_price,20,North America,1,2,Organic Search
CUST-01422,Lisa,Sanchez,Lisa Sanchez,lisa.sanchez@company73.com,47,36-50,Female,United Kingdom,West Midlands,Birmingham,2025-05-27,20250527,Organic Search,churned,True,plan_starter,annual,0.0,0.0,7.7,07-12 months,290.0,False,0.0,False,True,False,Potential Loyalists,Standard ongoing account nurturing,462,246.0,290.0,4,2,2,422,0.9498,Critical,monthly_price,15,Europe,2,2,Organic Search
CUST-01453,Michelle,Robinson,Michelle Robinson,michelle.robinson@company104.com,34,26-35,Female,United Kingdom,Greater London,London,2025-07-03,20250703,Social Media,churned,True,plan_starter,monthly,0.0,0.0,5.4,04-06 months,174.0,False,0.0,False,True,False,Promising / New Customers,Standard ongoing account nurturing,425,161.0,174.0,3,2,1,321,0.9963,Critical,monthly_price,12,Europe,1,6,Social Media
CUST-01462,Nicholas,Brown,Nicholas Brown,nicholas.brown@company113.com,27,26-35,Male,United Kingdom,West Midlands,Birmingham,2026-03-05,20260305,Social Media,active,False,plan_growth,annual,79.0,948.0,6.0,04-06 months,790.0,False,0.0,False,False,False,About To Sleep,Automated re-engagement drip campaign; survey feature usability,180,229.0,790.0,1,2,3,123,0.0217,Low,avg_resolution_hours,15,Europe,2,6,Social Media
CUST-01488,Michelle,Gonzalez,Michelle Gonzalez,michelle.gonzalez@company139.com,32,26-35,Female,United Kingdom,Scotland,Edinburgh,2025-09-14,20250914,Social Media,churned,True,plan_starter,monthly,0.0,0.0,6.3,07-12 months,203.0,False,0.0,False,True,False,Promising / New Customers,Standard ongoing account nurturing,352,186.0,203.0,3,2,1,321,0.9905,Critical,monthly_price,14,Europe,1,6,Social Media
CUST-00183,Dorothy,Davis,Dorothy Davis,dorothy.davis@company184.com,30,26-35,Female,Canada,Ontario,Toronto,2026-04-09,20260409,Organic Search,active,False,plan_enterprise,annual,499.0,5988.0,4.8,04-06 months,4990.0,False,0.0,False,False,False,At Risk Accounts,Immediate customer success outreach; schedule quarterly business review,145,361.0,4990.0,1,3,5,135,0.0423,Low,active_day_ratio,5,North America,2,2,Organic Search
CUST-00556,Linda,Harris,Linda Harris,linda.harris@company107.com,33,26-35,Female,France,Auvergne-Rhône-Alpes,Lyon,2026-04-04,20260404,Direct,active,False,plan_enterprise,annual,499.0,5988.0,5.0,04-06 months,4990.0,False,0.0,False,False,False,At Risk Accounts,Immediate customer success outreach; schedule quarterly business review,150,417.0,4990.0,1,3,5,135,0.0105,Low,total_active_days,7,Europe,2,1,Direct
CUST-00580,Daniel,Lopez,Daniel Lopez,daniel.lopez@company131.com,37,36-50,Male,Germany,Berlin,Berlin,2026-02-14,20260214,Organic Search,active,False,plan_growth,monthly,79.0,948.0,6.6,07-12 months,553.0,False,0.0,False,False,False,About To Sleep,Automated re-engagement drip campaign; survey feature usability,199,277.0,553.0,2,2,3,223,0.0192,Low,total_session_minutes,10,Europe,1,2,Organic Search
CUST-00615,Charles,Ramirez,Charles Ramirez,charles.ramirez@company166.com,49,36-50,Male,United States,Colorado,Denver,2025-07-05,20250705,Referral,active,False,plan_growth,annual,79.0,948.0,14.1,13-24 months,1580.0,False,0.0,False,False,False,Loyal Customers,Standard ongoing account nurturing,423,650.0,1580.0,3,4,4,344,0.0024,Low,recency_days,17,North America,2,5,Referral
CUST-00701,Ronald,Scott,Ronald Scott,ronald.scott@company252.com,38,36-50,Male,United States,Georgia,Atlanta,2026-01-27,20260127,Paid Ads,churned,True,plan_growth,monthly,0.0,0.0,4.9,04-06 months,395.0,False,0.0,False,True,False,Hibernating / Lost,Automated re-engagement drip campaign; survey feature usability,217,202.0,395.0,2,2,2,222,0.9289,Critical,monthly_price,18,North America,1,3,Paid Ads
CUST-00723,Steven,Hernandez,Steven Hernandez,steven.hernandez@company274.com,23,18-25,Male,United States,Illinois,Chicago,2024-04-14,20240414,Organic Search,churned,True,plan_starter,multi_year,0.0,0.0,7.7,07-12 months,290.0,False,0.0,False,True,False,Potential Loyalists,Standard ongoing account nurturing,870,241.0,290.0,5,2,2,522,0.9425,Critical,monthly_price,19,North America,3,2,Organic Search
CUST-00854,Jacob,Flores,Jacob Flores,jacob.flores@company405.com,22,18-25,Male,United Kingdom,Greater London,London,2024-11-05,20241105,Organic Search,churned,True,plan_starter,monthly,0.0,0.0,5.2,04-06 months,174.0,False,0.0,False,True,False,Potential Loyalists,Standard ongoing account nurturing,665,169.0,174.0,5,2,1,521,0.9922,Critical,monthly_price,12,Europe,1,2,Organic Search
CUST-01136,Nicole,Perez,Nicole Perez,nicole.perez@company237.com,29,26-35,Female,France,Île-de-France,Paris,2026-02-26,20260226,Organic Search,active,False,plan_pro,monthly,179.0,2148.0,6.2,07-12 months,1253.0,False,0.0,False,False,False,At Risk Accounts,Immediate customer success outreach; schedule quarterly business review,187,349.0,1253.0,2,3,4,234,0.0479,Low,active_day_ratio,8,Europe,1,2,Organic Search
CUST-01294,Joshua,Clark,Joshua Clark,joshua.clark@company395.com,28,26-35,Male,Germany,Hesse,Frankfurt,2025-01-04,20250104,Organic Search,active,False,plan_growth,monthly,79.0,948.0,20.2,13-24 months,1659.0,False,0.0,False,False,False,Champions,Offer early access to beta features; invite to executive advisory board,605,901.0,1659.0,5,5,4,554,0.0183,Low,recency_days,11,Europe,1,2,Organic Search
CUST-01343,Barbara,Young,Barbara Young,barbara.young@company444.com,36,36-50,Female,United States,Texas,Austin,2025-09-18,20250918,Organic Search,churned,True,plan_growth,monthly,0.0,0.0,10.9,07-12 months,869.0,False,0.0,True,False,False,General Subscribers,Standard ongoing account nurturing,348,455.0,869.0,3,3,4,334,0.746,High,monthly_price,22,North America,1,2,Organic Search
CUST-01350,Stephen,Moore,Stephen Moore,stephen.moore@company1.com,37,36-50,Male,United States,California,San Francisco,2026-05-17,20260517,Organic Search,active,False,plan_starter,monthly,29.0,348.0,3.6,04-06 months,116.0,False,0.0,False,False,False,Hibernating / Lost,Automated re-engagement drip campaign; survey feature usability,107,115.0,116.0,1,1,1,111,0.1129,Low,avg_resolution_hours,16,North America,1,2,Organic Search
CUST-01500,Dorothy,Allen,Dorothy Allen,dorothy.allen@company151.com,45,36-50,Female,Canada,British Columbia,Vancouver,2025-05-29,20250529,Paid Ads,active,False,plan_growth,annual,79.0,948.0,15.3,13-24 months,1580.0,False,0.0,False,False,False,Champions,Offer early access to beta features; invite to executive advisory board,460,650.0,1580.0,4,4,4,444,0.0118,Low,recency_days,4,North America,2,3,Paid Ads
CUST-00088,Jeffrey,White,Jeffrey White,jeffrey.white@company89.com,53,51+,Male,Germany,Hesse,Frankfurt,2024-05-14,20240514,Organic Search,active,False,plan_growth,annual,79.0,948.0,28.0,25+ months,2370.0,False,0.0,False,False,False,Champions,Offer early access to beta features; invite to executive advisory board,840,1237.0,2370.0,5,5,5,555,0.0457,Low,recency_days,11,Europe,2,2,Organic Search
CUST-00109,Mark,Taylor,Mark Taylor,mark.taylor@company110.com,33,26-35,Male,United Kingdom,North West,Manchester,2025-11-08,20251108,Paid Ads,active,False,plan_starter,monthly,29.0,348.0,9.9,07-12 months,290.0,False,0.0,False,False,False,General Subscribers,Standard ongoing account nurturing,297,348.0,290.0,2,3,2,232,0.0387,Low,avg_satisfaction_score,13,Europe,1,3,Paid Ads
CUST-00124,Kathleen,Thomas,Kathleen Thomas,kathleen.thomas@company125.com,32,26-35,Female,United States,Washington,Seattle,2025-09-01,20250901,Direct,active,False,plan_growth,annual,79.0,948.0,12.2,13-24 months,1580.0,False,0.0,False,False,False,Loyal Customers,Standard ongoing account nurturing,365,550.0,1580.0,3,4,4,344,0.0159,Low,avg_satisfaction_score,23,North America,2,1,Direct
CUST-00140,William,Lewis,William Lewis,william.lewis@company141.com,52,51+,Male,France,Auvergne-Rhône-Alpes,Lyon,2025-02-25,20250225,Referral,active,False,plan_starter,monthly,29.0,348.0,18.4,13-24 months,551.0,False,0.0,False,False,False,Loyal Customers,Standard ongoing account nurturing,553,660.0,551.0,4,4,3,443,0.0271,Low,recency_days,7,Europe,1,5,Referral
CUST-00264,Kathleen,King,Kathleen King,kathleen.king@company265.com,32,26-35,Female,United Kingdom,North West,Manchester,2026-06-28,20260628,Paid Ads,active,False,plan_starter,monthly,29.0,348.0,2.2,01-03 months,87.0,False,0.0,False,False,False,Hibernating / Lost,Automated re-engagement drip campaign; survey feature usability,65,66.0,87.0,1,1,1,111,0.0571,Low,login_frequency_per_month,13,Europe,1,3,Paid Ads
CUST-00329,Jonathan,Martinez,Jonathan Martinez,jonathan.martinez@company330.com,21,18-25,Male,United Kingdom,Scotland,Edinburgh,2026-02-16,20260216,Social Media,active,False,plan_growth,annual,79.0,948.0,6.6,07-12 months,790.0,False,0.0,False,False,False,About To Sleep,Automated re-engagement drip campaign; survey feature usability,197,284.0,790.0,2,2,4,224,0.038,Low,avg_satisfaction_score,14,Europe,2,6,Social Media
CUST-00338,Linda,Miller,Linda Miller,linda.miller@company339.com,31,26-35,Female,Germany,Bavaria,Munich,2025-11-30,20251130,Referral,active,False,plan_growth,multi_year,79.0,948.0,9.2,07-12 months,790.0,False,0.0,False,False,False,At Risk Accounts,Immediate customer success outreach; schedule quarterly business review,275,391.0,790.0,2,3,3,233,0.03,Low,avg_satisfaction_score,9,Europe,3,5,Referral
CUST-00468,Lisa,White,Lisa White,lisa.white@company19.com,43,36-50,Female,United States,Georgia,Atlanta,2026-07-22,20260722,Organic Search,active,False,plan_starter,monthly,29.0,348.0,1.4,01-03 months,58.0,False,0.0,False,False,False,Hibernating / Lost,Automated re-engagement drip campaign; survey feature usability,41,40.0,58.0,1,1,1,111,0.1121,Low,session_frequency_per_month,18,North America,1,2,Organic Search
CUST-00490,Kenneth,Johnson,Kenneth Johnson,kenneth.johnson@company41.com,24,18-25,Male,United States,Washington,Seattle,2026-05-12,20260512,Social Media,active,False,plan_starter,monthly,29.0,348.0,3.7,04-06 months,116.0,False,0.0,False,False,False,Hibernating / Lost,Automated re-engagement drip campaign; survey feature usability,112,117.0,116.0,1,1,1,111,0.0922,Low,session_frequency_per_month,23,North America,1,6,Social Media
CUST-00498,Stephanie,Harris,Stephanie Harris,stephanie.harris@company49.com,42,36-50,Female,United Kingdom,North West,Manchester,2026-02-26,20260226,Paid Ads,active,False,plan_starter,monthly,29.0,348.0,6.2,07-12 months,203.0,False,0.0,False,False,False,Hibernating / Lost,Automated re-engagement drip campaign; survey feature usability,187,216.0,203.0,2,2,1,221,0.0206,Low,avg_satisfaction_score,13,Europe,1,3,Paid Ads
CUST-00529,Gary,Young,Gary Young,gary.young@company80.com,35,26-35,Male,United States,California,San Francisco,2025-10-29,20251029,Organic Search,active,False,plan_growth,annual,79.0,948.0,10.2,07-12 months,790.0,True,948.0,True,False,False,Loyal Customers,Immediate customer success outreach; schedule quarterly business review,307,471.0,790.0,2,4,4,244,0.0354,Low,is_engagement_declining,16,North America,2,2,Organic Search
CUST-00704,Anna,Allen,Anna Allen,anna.allen@company255.com,27,26-35,Female,Australia,New South Wales,Sydney,2025-07-27,20250727,Organic Search,active,False,plan_starter,annual,29.0,348.0,13.4,13-24 months,580.0,False,0.0,False,False,False,General Subscribers,Standard ongoing account nurturing,401,446.0,580.0,3,3,3,333,0.0361,Low,avg_satisfaction_score,1,Asia-Pacific,2,2,Organic Search
CUST-00925,Melissa,Miller,Melissa Miller,melissa.miller@company26.com,28,26-35,Female,United States,Texas,Austin,2025-05-03,20250503,Organic Search,active,False,plan_pro,monthly,179.0,2148.0,16.2,13-24 months,3043.0,False,0.0,False,False,False,Champions,Offer early access to beta features; invite to executive advisory board,486,1006.0,3043.0,4,5,5,455,0.0139,Low,recency_days,22,North America,1,2,Organic Search
CUST-00948,Stephanie,Thompson,Stephanie Thompson,stephanie.thompson@company49.com,21,18-25,Female,United Kingdom,West Midlands,Birmingham,2025-07-19,20250719,Direct,active,False,plan_growth,monthly,79.0,948.0,13.6,13-24 months,1106.0,False,0.0,False,False,False,Loyal Customers,Standard ongoing account nurturing,409,605.0,1106.0,3,4,4,344,0.037,Low,active_day_ratio,15,Europe,1,1,Direct
CUST-01106,Sharon,Wilson,Sharon Wilson,sharon.wilson@company207.com,41,36-50,Female,France,Auvergne-Rhône-Alpes,Lyon,2026-01-30,20260130,Social Media,active,False,plan_starter,monthly,29.0,348.0,7.1,07-12 months,232.0,False,0.0,False,False,False,Hibernating / Lost,Automated re-engagement drip campaign; survey feature usability,214,229.0,232.0,2,2,1,221,0.039,Low,avg_satisfaction_score,7,Europe,1,6,Social Media
CUST-01213,Cynthia,Martin,Cynthia Martin,cynthia.martin@company314.com,35,26-35,Female,United States,Colorado,Denver,2025-11-06,20251106,Organic Search,active,False,plan_enterprise,monthly,499.0,5988.0,10.0,07-12 months,4990.0,True,5988.0,True,False,False,Loyal Customers,Immediate customer success outreach; schedule quarterly business review,299,778.0,4990.0,2,5,5,255,0.0506,Low,is_engagement_declining,17,North America,1,2,Organic Search
CUST-01298,Helen,Thompson,Helen Thompson,helen.thompson@company399.com,24,18-25,Female,Canada,Quebec,Montreal,2024-11-03,20241103,Referral,churned,True,plan_growth,monthly,0.0,0.0,20.9,13-24 months,1659.0,False,0.0,True,False,False,Champions,Offer early access to beta features; invite to executive advisory board,667,896.0,1659.0,5,5,4,554,0.8079,Critical,monthly_price,6,North America,1,5,Referral
CUST-01313,Shirley,Smith,Shirley Smith,shirley.smith@company414.com,36,36-50,Female,United States,Massachusetts,Boston,2025-09-05,20250905,Paid Ads,active,False,plan_growth,monthly,79.0,948.0,12.0,07-12 months,1027.0,False,0.0,False,False,False,Loyal Customers,Standard ongoing account nurturing,361,547.0,1027.0,3,4,4,344,0.0247,Low,avg_satisfaction_score,20,North America,1,3,Paid Ads
CUST-01320,Kathleen,Brown,Kathleen Brown,kathleen.brown@company421.com,22,18-25,Female,United Kingdom,Scotland,Edinburgh,2025-08-07,20250807,Organic Search,active,False,plan_enterprise,annual,499.0,5988.0,13.0,13-24 months,9980.0,False,0.0,False,False,False,Loyal Customers,Standard ongoing account nurturing,390,1061.0,9980.0,3,5,5,355,0.0057,Low,avg_satisfaction_score,14,Europe,2,2,Organic Search
CUST-00063,Shirley,Flores,Shirley Flores,shirley.flores@company64.com,34,26-35,Female,Germany,Berlin,Berlin,2025-02-26,20250226,Referral,active,False,plan_growth,annual,79.0,948.0,18.4,13-24 months,1580.0,False,0.0,False,False,False,Champions,Offer early access to beta features; invite to executive advisory board,552,809.0,1580.0,4,5,4,454,0.0114,Low,recency_days,10,Europe,2,5,Referral
CUST-00220,Jonathan,White,Jonathan White,jonathan.white@company221.com,31,26-35,Male,United Kingdom,Greater London,London,2025-02-28,20250228,Paid Ads,active,False,plan_growth,monthly,79.0,948.0,18.3,13-24 months,1501.0,False,0.0,False,False,False,Champions,Offer early access to beta features; invite to executive advisory board,550,782.0,1501.0,4,5,4,454,0.0265,Low,recency_days,12,Europe,1,3,Paid Ads
CUST-00323,Amy,Robinson,Amy Robinson,amy.robinson@company324.com,26,26-35,Female,Germany,Berlin,Berlin,2025-10-16,20251016,Organic Search,active,False,plan_growth,multi_year,79.0,948.0,10.7,07-12 months,790.0,False,0.0,False,False,False,Loyal Customers,Standard ongoing account nurturing,320,503.0,790.0,3,4,3,343,0.0178,Low,avg_satisfaction_score,10,Europe,3,2,Organic Search
CUST-00455,Nicholas,Martinez,Nicholas Martinez,nicholas.martinez@company6.com,34,26-35,Male,United States,Massachusetts,Boston,2026-04-06,20260406,Direct,active,False,plan_pro,multi_year,179.0,2148.0,4.9,04-06 months,1790.0,False,0.0,False,False,False,At Risk Accounts,Immediate customer success outreach; schedule quarterly business review,148,322.0,1790.0,1,3,5,135,0.0345,Low,active_day_ratio,20,North America,3,1,Direct
CUST-00477,Jessica,Clark,Jessica Clark,jessica.clark@company28.com,26,26-35,Female,United Kingdom,Greater London,London,2025-04-11,20250411,Direct,active,False,plan_pro,annual,179.0,2148.0,16.9,13-24 months,3580.0,False,0.0,False,False,False,Champions,Offer early access to beta features; invite to executive advisory board,508,1039.0,3580.0,4,5,5,455,0.0061,Low,recency_days,12,Europe,2,1,Direct
CUST-00546,Thomas,Miller,Thomas Miller,thomas.miller@company97.com,29,26-35,Male,United Kingdom,Scotland,Edinburgh,2025-12-09,20251209,Paid Ads,active,False,plan_starter,monthly,29.0,348.0,8.9,07-12 months,261.0,False,0.0,False,False,False,General Subscribers,Standard ongoing account nurturing,266,320.0,261.0,2,3,1,231,0.0254,Low,avg_satisfaction_score,14,Europe,1,3,Paid Ads
CUST-00679,Donald,Davis,Donald Davis,donald.davis@company230.com,23,18-25,Male,United States,California,San Francisco,2026-01-28,20260128,Organic Search,active,False,plan_enterprise,monthly,499.0,5988.0,7.2,07-12 months,3992.0,False,0.0,False,False,False,Loyal Customers,Immediate customer success outreach; schedule quarterly business review,216,564.0,3992.0,2,4,5,245,0.0285,Low,avg_satisfaction_score,16,North America,1,2,Organic Search
CUST-00680,Pamela,Davis,Pamela Davis,pamela.davis@company231.com,34,26-35,Female,United States,California,San Francisco,2025-03-27,20250327,Referral,active,False,plan_starter,monthly,29.0,348.0,17.4,13-24 months,522.0,False,0.0,False,False,False,Loyal Customers,Standard ongoing account nurturing,523,594.0,522.0,4,4,3,443,0.0198,Low,recency_days,16,North America,1,5,Referral
CUST-00688,Lisa,Johnson,Lisa Johnson,lisa.johnson@company239.com,59,51+,Female,United States,Washington,Seattle,2025-02-21,20250221,Paid Ads,active,False,plan_starter,monthly,29.0,348.0,18.6,13-24 months,551.0,False,0.0,False,False,False,Loyal Customers,Standard ongoing account nurturing,557,631.0,551.0,4,4,3,443,0.0653,Low,recency_days,23,North America,1,3,Paid Ads
CUST-00776,Andrew,Johnson,Andrew Johnson,andrew.johnson@company327.com,34,26-35,Male,United States,Texas,Austin,2026-07-21,20260721,Referral,active,False,plan_growth,annual,79.0,948.0,1.4,01-03 months,790.0,False,0.0,False,False,False,About To Sleep,Automated re-engagement drip campaign; survey feature usability,42,67.0,790.0,1,1,3,113,0.031,Low,avg_satisfaction_score,22,North America,2,5,Referral
CUST-00926,Melissa,Young,Melissa Young,melissa.young@company27.com,33,26-35,Female,Australia,New South Wales,Sydney,2026-07-23,20260723,Organic Search,active,False,plan_growth,annual,79.0,948.0,1.3,01-03 months,790.0,False,0.0,False,False,False,About To Sleep,Automated re-engagement drip campaign; survey feature usability,40,51.0,790.0,1,1,3,113,0.0639,Low,active_day_ratio,1,Asia-Pacific,2,2,Organic Search
CUST-01227,Shirley,Wright,Shirley Wright,shirley.wright@company328.com,36,36-50,Female,United States,Illinois,Chicago,2025-10-05,20251005,Partner,active,False,plan_pro,monthly,179.0,2148.0,11.0,07-12 months,2148.0,False,0.0,False,False,False,Loyal Customers,Standard ongoing account nurturing,331,692.0,2148.0,3,4,5,345,0.0156,Low,avg_satisfaction_score,19,North America,1,4,Partner
CUST-00306,Paul,Williams,Paul Williams,paul.williams@company307.com,29,26-35,Male,United States,Washington,Seattle,2025-03-24,20250324,Partner,churned,True,plan_pro,multi_year,0.0,0.0,5.1,04-06 months,1790.0,False,0.0,False,False,False,Potential Loyalists,Standard ongoing account nurturing,526,275.0,1790.0,4,2,4,424,0.8573,Critical,monthly_price,23,North America,3,4,Partner
CUST-00362,Dorothy,Jones,Dorothy Jones,dorothy.jones@company363.com,28,26-35,Female,Germany,Berlin,Berlin,2026-06-21,20260621,Organic Search,active,False,plan_pro,monthly,179.0,2148.0,2.4,01-03 months,537.0,False,0.0,False,False,False,About To Sleep,Automated re-engagement drip campaign; survey feature usability,72,139.0,537.0,1,1,3,113,0.038,Low,avg_satisfaction_score,10,Europe,1,2,Organic Search
CUST-01079,Jacob,Walker,Jacob Walker,jacob.walker@company180.com,30,26-35,Male,United States,Massachusetts,Boston,2025-06-05,20250605,Direct,active,False,plan_starter,annual,29.0,348.0,15.1,13-24 months,580.0,False,0.0,False,False,False,Loyal Customers,Standard ongoing account nurturing,453,529.0,580.0,4,4,3,443,0.0244,Low,avg_satisfaction_score,20,North America,2,1,Direct
CUST-01309,Joseph,Gonzalez,Joseph Gonzalez,joseph.gonzalez@company410.com,24,18-25,Male,United States,Colorado,Denver,2024-10-31,20241031,Partner,active,False,plan_pro,annual,179.0,2148.0,22.3,13-24 months,3580.0,False,0.0,False,False,False,Champions,Offer early access to beta features; invite to executive advisory board,670,1402.0,3580.0,5,5,5,555,0.0176,Low,recency_days,17,North America,2,4,Partner
CUST-01354,Amanda,Jones,Amanda Jones,amanda.jones@company5.com,44,36-50,Female,United States,New York,New York,2026-02-10,20260210,Social Media,active,False,plan_starter,monthly,29.0,348.0,6.8,07-12 months,203.0,False,0.0,False,False,False,Hibernating / Lost,Automated re-engagement drip campaign; survey feature usability,203,234.0,203.0,2,2,1,221,0.0225,Low,avg_satisfaction_score,21,North America,1,6,Social Media
CUST-00537,Jennifer,Scott,Jennifer Scott,jennifer.scott@company88.com,29,26-35,Female,Germany,Hesse,Frankfurt,2026-04-23,20260423,Direct,active,False,plan_enterprise,annual,499.0,5988.0,4.4,04-06 months,4990.0,True,5988.0,True,False,False,At Risk Accounts,Immediate customer success outreach; schedule quarterly business review,131,334.0,4990.0,1,3,5,135,0.0218,Low,avg_satisfaction_score,11,Europe,2,1,Direct
CUST-00794,Cynthia,Young,Cynthia Young,cynthia.young@company345.com,31,26-35,Female,United States,Massachusetts,Boston,2026-04-29,20260429,Paid Ads,active,False,plan_starter,monthly,29.0,348.0,4.2,04-06 months,145.0,False,0.0,False,False,False,Hibernating / Lost,Automated re-engagement drip campaign; survey feature usability,125,150.0,145.0,1,1,1,111,0.0207,Low,avg_satisfaction_score,20,North America,1,3,Paid Ads
CUST-01078,Nicholas,Robinson,Nicholas Robinson,nicholas.robinson@company179.com,40,36-50,Male,Canada,Quebec,Montreal,2026-06-29,20260629,Organic Search,active,False,plan_pro,monthly,179.0,2148.0,2.1,01-03 months,537.0,False,0.0,False,False,False,About To Sleep,Automated re-engagement drip campaign; survey feature usability,64,128.0,537.0,1,1,3,113,0.0196,Low,avg_satisfaction_score,6,North America,1,2,Organic Search
CUST-01147,Joshua,Robinson,Joshua Robinson,joshua.robinson@company248.com,31,26-35,Male,Germany,Hesse,Frankfurt,2025-05-19,20250519,Organic Search,active,False,plan_pro,annual,179.0,2148.0,15.7,13-24 months,3580.0,False,0.0,False,False,False,Champions,Offer early access to beta features; invite to executive advisory board,470,968.0,3580.0,4,5,5,455,0.0084,Low,avg_satisfaction_score,11,Europe,2,2,Organic Search
CUST-00020,Brandon,Lee,Brandon Lee,brandon.lee@company21.com,35,26-35,Male,United States,Massachusetts,Boston,2025-08-14,20250814,Social Media,active,False,plan_growth,monthly,79.0,948.0,12.8,13-24 months,1027.0,False,0.0,False,False,False,Loyal Customers,Standard ongoing account nurturing,383,568.0,1027.0,3,4,4,344,0.028,Low,urgent_ticket_ratio,20,North America,1,6,Social Media
CUST-00032,Daniel,Clark,Daniel Clark,daniel.clark@company33.com,25,18-25,Male,United States,Colorado,Denver,2025-07-07,20250707,Social Media,active,False,plan_growth,monthly,79.0,948.0,14.0,13-24 months,1185.0,False,0.0,False,False,False,Loyal Customers,Standard ongoing account nurturing,421,629.0,1185.0,3,4,4,344,0.0293,Low,active_day_ratio,17,North America,1,6,Social Media
CUST-00060,Lisa,Flores,Lisa Flores,lisa.flores@company61.com,21,18-25,Female,United States,California,San Francisco,2025-04-19,20250419,Paid Ads,active,False,plan_growth,monthly,79.0,948.0,16.7,13-24 months,1343.0,False,0.0,False,False,False,Champions,Offer early access to beta features; invite to executive advisory board,500,740.0,1343.0,4,5,4,454,0.0114,Low,recency_days,16,North America,1,3,Paid Ads
CUST-00064,Anthony,Martinez,Anthony Martinez,anthony.martinez@company65.com,30,26-35,Male,United States,Georgia,Atlanta,2026-02-02,20260202,Referral,active,False,plan_pro,monthly,179.0,2148.0,7.0,07-12 months,1432.0,False,0.0,False,False,False,At Risk Accounts,Immediate customer success outreach; schedule quarterly business review,211,459.0,1432.0,2,3,4,234,0.106,Low,high_urgency_tickets_count,18,North America,1,5,Referral
CUST-00069,Anna,Lewis,Anna Lewis,anna.lewis@company70.com,52,51+,Female,Canada,British Columbia,Vancouver,2025-12-11,20251211,Paid Ads,active,False,plan_starter,monthly,29.0,348.0,8.8,07-12 months,261.0,False,0.0,False,False,False,Hibernating / Lost,Automated re-engagement drip campaign; survey feature usability,264,285.0,261.0,2,2,1,221,0.0663,Low,urgent_ticket_ratio,4,North America,1,3,Paid Ads
CUST-00102,Kathleen,Davis,Kathleen Davis,kathleen.davis@company103.com,42,36-50,Female,United States,New York,New York,2025-12-05,20251205,Referral,active,False,plan_pro,monthly,179.0,2148.0,9.0,07-12 months,1790.0,False,0.0,False,False,False,Loyal Customers,Immediate customer success outreach; schedule quarterly business review,270,520.0,1790.0,2,4,5,245,0.0391,Low,active_day_ratio,21,North America,1,5,Referral
CUST-00139,Cynthia,Taylor,Cynthia Taylor,cynthia.taylor@company140.com,49,36-50,Female,Australia,Victoria,Melbourne,2025-01-17,20250117,Social Media,churned,True,plan_growth,monthly,0.0,0.0,13.3,13-24 months,1106.0,False,0.0,False,True,False,Champions,Offer early access to beta features; invite to executive advisory board,592,570.0,1106.0,5,4,4,544,0.984,Critical,monthly_price,3,Asia-Pacific,1,6,Social Media
CUST-00151,Susan,Anderson,Susan Anderson,susan.anderson@company152.com,36,36-50,Female,United Kingdom,Scotland,Edinburgh,2026-04-22,20260422,Social Media,active,False,plan_starter,monthly,29.0,348.0,4.4,04-06 months,145.0,False,0.0,False,False,False,Hibernating / Lost,Automated re-engagement drip campaign; survey feature usability,132,140.0,145.0,1,1,1,111,0.0855,Low,active_day_ratio,14,Europe,1,6,Social Media
CUST-00193,George,Allen,George Allen,george.allen@company194.com,27,26-35,Male,United States,California,San Francisco,2026-03-09,20260309,Organic Search,active,False,plan_starter,monthly,29.0,348.0,5.9,04-06 months,174.0,False,0.0,False,False,False,Hibernating / Lost,Automated re-engagement drip campaign; survey feature usability,176,188.0,174.0,1,2,1,121,0.0888,Low,high_urgency_tickets_count,16,North America,1,2,Organic Search
CUST-00199,Elizabeth,Perez,Elizabeth Perez,elizabeth.perez@company200.com,31,26-35,Female,United Kingdom,Scotland,Edinburgh,2025-09-23,20250923,Organic Search,churned,True,plan_starter,monthly,0.0,0.0,10.7,07-12 months,319.0,False,0.0,True,True,False,General Subscribers,Standard ongoing account nurturing,343,353.0,319.0,3,3,2,332,0.9096,Critical,monthly_price,14,Europe,1,2,Organic Search
CUST-00206,Ryan,Williams,Ryan Williams,ryan.williams@company207.com,21,18-25,Male,United Kingdom,North West,Manchester,2025-06-10,20250610,Direct,churned,True,plan_pro,monthly,0.0,0.0,14.7,13-24 months,2685.0,False,0.0,True,True,False,Champions,Offer early access to beta features; invite to executive advisory board,448,830.0,2685.0,4,5,5,455,0.8763,Critical,monthly_price,13,Europe,1,1,Direct
CUST-00304,Paul,Robinson,Paul Robinson,paul.robinson@company305.com,24,18-25,Male,United States,New York,New York,2025-09-25,20250925,Organic Search,churned,True,plan_growth,monthly,0.0,0.0,11.4,07-12 months,948.0,False,0.0,True,False,False,Loyal Customers,Standard ongoing account nurturing,341,493.0,948.0,3,4,4,344,0.8241,Critical,monthly_price,21,North America,1,2,Organic Search
CUST-00351,Dorothy,Jackson,Dorothy Jackson,dorothy.jackson@company352.com,55,51+,Female,United Kingdom,North West,Manchester,2025-11-02,20251102,Paid Ads,churned,True,plan_growth,monthly,0.0,0.0,3.5,04-06 months,316.0,False,0.0,False,True,False,Hibernating / Lost,Automated re-engagement drip campaign; survey feature usability,303,143.0,316.0,2,1,2,212,0.9972,Critical,monthly_price,13,Europe,1,3,Paid Ads
CUST-00386,David,Sanchez,David Sanchez,david.sanchez@company387.com,29,26-35,Male,United States,Massachusetts,Boston,2025-01-23,20250123,Paid Ads,churned,True,plan_growth,monthly,0.0,0.0,11.8,07-12 months,948.0,False,0.0,False,True,False,Champions,Offer early access to beta features; invite to executive advisory board,586,479.0,948.0,5,4,4,544,0.9975,Critical,monthly_price,20,North America,1,3,Paid Ads
CUST-00410,Joshua,Lopez,Joshua Lopez,joshua.lopez@company411.com,35,26-35,Male,Canada,Quebec,Montreal,2026-05-09,20260509,Organic Search,active,False,plan_starter,monthly,29.0,348.0,3.8,04-06 months,116.0,False,0.0,False,False,False,Hibernating / Lost,Automated re-engagement drip campaign; survey feature usability,115,113.0,116.0,1,1,1,111,0.056,Low,login_frequency_per_month,6,North America,1,2,Organic Search
CUST-00426,Scott,Miller,Scott Miller,scott.miller@company427.com,36,36-50,Male,United Kingdom,West Midlands,Birmingham,2024-12-28,20241228,Organic Search,churned,True,plan_starter,annual,0.0,0.0,7.9,07-12 months,290.0,False,0.0,False,True,False,Potential Loyalists,Standard ongoing account nurturing,612,251.0,290.0,5,2,2,522,0.9943,Critical,monthly_price,15,Europe,2,2,Organic Search
CUST-00445,Justin,Harris,Justin Harris,justin.harris@company446.com,24,18-25,Male,Germany,Berlin,Berlin,2025-10-01,20251001,Organic Search,active,False,plan_starter,monthly,29.0,348.0,11.2,07-12 months,348.0,False,0.0,False,False,False,General Subscribers,Standard ongoing account nurturing,335,359.0,348.0,3,3,2,332,0.0497,Low,login_frequency_per_month,10,Europe,1,2,Organic Search
CUST-00464,Ashley,Miller,Ashley Miller,ashley.miller@company15.com,32,26-35,Female,United Kingdom,West Midlands,Birmingham,2024-06-05,20240605,Organic Search,churned,True,plan_growth,monthly,0.0,0.0,12.7,13-24 months,1027.0,False,0.0,False,True,False,Champions,Offer early access to beta features; invite to executive advisory board,818,561.0,1027.0,5,4,4,544,0.9649,Critical,monthly_price,15,Europe,1,2,Organic Search
CUST-00488,John,Thomas,John Thomas,john.thomas@company39.com,31,26-35,Male,United Kingdom,North West,Manchester,2026-03-17,20260317,Direct,active,False,plan_growth,annual,79.0,948.0,5.6,04-06 months,790.0,False,0.0,False,False,False,About To Sleep,Automated re-engagement drip campaign; survey feature usability,168,252.0,790.0,1,2,4,124,0.02,Low,avg_satisfaction_score,13,Europe,2,1,Direct
CUST-00522,Jacob,Jackson,Jacob Jackson,jacob.jackson@company73.com,25,18-25,Male,United States,Texas,Austin,2025-09-11,20250911,Social Media,active,False,plan_growth,monthly,79.0,948.0,11.8,07-12 months,948.0,True,948.0,True,False,False,Loyal Customers,Standard ongoing account nurturing,355,499.0,948.0,3,4,4,344,0.0575,Low,is_engagement_declining,22,North America,1,6,Social Media
CUST-00526,Kathleen,Clark,Kathleen Clark,kathleen.clark@company77.com,40,36-50,Female,Germany,Berlin,Berlin,2025-04-22,20250422,Organic Search,churned,True,plan_growth,annual,0.0,0.0,8.7,07-12 months,790.0,False,0.0,False,True,False,Potential Loyalists,Standard ongoing account nurturing,497,371.0,790.0,4,3,3,433,0.9932,Critical,monthly_price,10,Europe,2,2,Organic Search
CUST-00568,Betty,Lee,Betty Lee,betty.lee@company119.com,22,18-25,Female,Australia,New South Wales,Sydney,2026-02-27,20260227,Direct,churned,True,plan_growth,monthly,0.0,0.0,1.4,01-03 months,158.0,False,0.0,False,False,False,Hibernating / Lost,Automated re-engagement drip campaign; survey feature usability,186,38.0,158.0,2,1,1,211,0.9313,Critical,monthly_price,1,Asia-Pacific,1,1,Direct
CUST-00578,Larry,Scott,Larry Scott,larry.scott@company129.com,38,36-50,Male,United States,Colorado,Denver,2024-11-13,20241113,Paid Ads,active,False,plan_starter,monthly,29.0,348.0,21.9,13-24 months,638.0,True,348.0,True,False,False,Loyal Customers,Standard ongoing account nurturing,657,768.0,638.0,5,5,3,553,0.0248,Low,recency_days,17,North America,1,3,Paid Ads
CUST-00641,Jonathan,Robinson,Jonathan Robinson,jonathan.robinson@company192.com,34,26-35,Male,United States,Washington,Seattle,2024-12-01,20241201,Paid Ads,churned,True,plan_growth,monthly,0.0,0.0,6.9,07-12 months,553.0,False,0.0,False,True,False,Potential Loyalists,Standard ongoing account nurturing,639,271.0,553.0,5,2,3,523,0.9477,Critical,monthly_price,23,North America,1,3,Paid Ads
CUST-00690,Dorothy,Clark,Dorothy Clark,dorothy.clark@company241.com,35,26-35,Female,United States,New York,New York,2026-03-31,20260331,Organic Search,churned,True,plan_growth,annual,0.0,0.0,4.2,04-06 months,790.0,False,0.0,True,True,False,About To Sleep,Automated re-engagement drip campaign; survey feature usability,154,147.0,790.0,1,1,3,113,0.9093,Critical,monthly_price,21,North America,2,2,Organic Search
CUST-00724,William,Harris,William Harris,william.harris@company275.com,37,36-50,Male,United Kingdom,Scotland,Edinburgh,2024-08-11,20240811,Social Media,churned,True,plan_starter,monthly,0.0,0.0,2.1,01-03 months,58.0,False,0.0,False,True,False,Promising / New Customers,Standard ongoing account nurturing,751,59.0,58.0,5,1,1,511,0.986,Critical,monthly_price,14,Europe,1,6,Social Media
CUST-00756,Joseph,Rodriguez,Joseph Rodriguez,joseph.rodriguez@company307.com,36,36-50,Male,United States,Illinois,Chicago,2024-11-08,20241108,Organic Search,churned,True,plan_growth,monthly,0.0,0.0,12.4,13-24 months,1027.0,False,0.0,False,True,False,Champions,Offer early access to beta features; invite to executive advisory board,662,511.0,1027.0,5,4,4,544,0.9731,Critical,monthly_price,19,North America,1,2,Organic Search
CUST-00822,Emily,Taylor,Emily Taylor,emily.taylor@company373.com,24,18-25,Female,United States,Texas,Austin,2025-05-29,20250529,Social Media,churned,True,plan_starter,monthly,0.0,0.0,4.7,04-06 months,145.0,False,0.0,False,True,False,Promising / New Customers,Standard ongoing account nurturing,460,144.0,145.0,4,1,1,411,0.9983,Critical,monthly_price,22,North America,1,6,Social Media
CUST-00838,Deborah,Perez,Deborah Perez,deborah.perez@company389.com,56,51+,Female,United States,Illinois,Chicago,2026-03-17,20260317,Organic Search,active,False,plan_enterprise,annual,499.0,5988.0,5.6,04-06 months,4990.0,False,0.0,False,False,False,At Risk Accounts,Immediate customer success outreach; schedule quarterly business review,168,465.0,4990.0,1,3,5,135,0.0235,Low,tenure_days,19,North America,2,2,Organic Search
CUST-00875,Benjamin,Hernandez,Benjamin Hernandez,benjamin.hernandez@company426.com,31,26-35,Male,United Kingdom,North West,Manchester,2025-07-07,20250707,Organic Search,active,False,plan_growth,monthly,79.0,948.0,14.0,13-24 months,1185.0,False,0.0,False,False,False,Loyal Customers,Standard ongoing account nurturing,421,599.0,1185.0,3,4,4,344,0.0078,Low,total_tickets_count,13,Europe,1,2,Organic Search
CUST-00911,Rebecca,Lewis,Rebecca Lewis,rebecca.lewis@company12.com,39,36-50,Female,Germany,Bavaria,Munich,2025-09-27,20250927,Partner,active,False,plan_starter,monthly,29.0,348.0,11.3,07-12 months,348.0,False,0.0,False,False,False,General Subscribers,Standard ongoing account nurturing,339,412.0,348.0,3,3,2,332,0.0579,Low,urgent_ticket_ratio,9,Europe,1,4,Partner
CUST-00918,John,Davis,John Davis,john.davis@company19.com,51,51+,Male,United States,New York,New York,2025-01-11,20250111,Referral,churned,True,plan_growth,monthly,0.0,0.0,2.0,01-03 months,237.0,False,0.0,False,True,False,Promising / New Customers,Standard ongoing account nurturing,598,70.0,237.0,5,1,1,511,0.9945,Critical,monthly_price,21,North America,1,5,Referral
CUST-00969,Kimberly,Flores,Kimberly Flores,kimberly.flores@company70.com,27,26-35,Female,United Kingdom,North West,Manchester,2025-09-06,20250906,Social Media,active,False,plan_growth,monthly,79.0,948.0,12.0,07-12 months,1027.0,False,0.0,False,False,False,Loyal Customers,Standard ongoing account nurturing,360,487.0,1027.0,3,4,4,344,0.0364,Low,avg_resolution_hours,13,Europe,1,6,Social Media
CUST-00979,Amy,Garcia,Amy Garcia,amy.garcia@company80.com,32,26-35,Female,United States,Massachusetts,Boston,2024-08-23,20240823,Paid Ads,churned,True,plan_starter,monthly,0.0,0.0,5.0,04-06 months,145.0,False,0.0,False,False,False,Promising / New Customers,Standard ongoing account nurturing,739,159.0,145.0,5,1,1,511,0.9427,Critical,monthly_price,20,North America,1,3,Paid Ads
CUST-01026,Nicholas,King,Nicholas King,nicholas.king@company127.com,43,36-50,Male,United Kingdom,Scotland,Edinburgh,2025-03-15,20250315,Paid Ads,churned,True,plan_growth,monthly,0.0,0.0,1.1,01-03 months,158.0,False,0.0,False,True,False,Promising / New Customers,Standard ongoing account nurturing,535,21.0,158.0,4,1,1,411,0.9989,Critical,monthly_price,14,Europe,1,3,Paid Ads
CUST-01047,Kenneth,Harris,Kenneth Harris,kenneth.harris@company148.com,37,36-50,Male,Germany,Hesse,Frankfurt,2026-01-13,20260113,Referral,churned,True,plan_growth,monthly,0.0,0.0,4.0,04-06 months,316.0,False,0.0,False,True,False,Hibernating / Lost,Automated re-engagement drip campaign; survey feature usability,231,161.0,316.0,2,2,2,222,0.993,Critical,monthly_price,11,Europe,1,5,Referral
CUST-01073,Ronald,King,Ronald King,ronald.king@company174.com,49,36-50,Male,United States,Washington,Seattle,2024-12-17,20241217,Social Media,active,False,plan_starter,monthly,29.0,348.0,20.8,13-24 months,609.0,False,0.0,False,False,False,Loyal Customers,Standard ongoing account nurturing,623,728.0,609.0,5,5,3,553,0.0339,Low,avg_resolution_hours,23,North America,1,6,Social Media
CUST-01095,Nancy,Brown,Nancy Brown,nancy.brown@company196.com,41,36-50,Female,United States,California,San Francisco,2025-07-16,20250716,Partner,active,False,plan_pro,annual,179.0,2148.0,13.7,13-24 months,3580.0,True,2148.0,True,False,False,Loyal Customers,Standard ongoing account nurturing,412,808.0,3580.0,3,5,5,355,0.0341,Low,is_engagement_declining,16,North America,2,4,Partner
CUST-01127,David,Brown,David Brown,david.brown@company228.com,51,51+,Male,United States,New York,New York,2026-02-05,20260205,Partner,active,False,plan_starter,multi_year,29.0,348.0,6.9,07-12 months,290.0,True,348.0,False,True,False,Hibernating / Lost,Automated re-engagement drip campaign; survey feature usability,208,249.0,290.0,2,2,2,222,0.372,Medium,has_support_friction,21,North America,3,4,Partner
CUST-01139,Emma,Martin,Emma Martin,emma.martin@company240.com,30,26-35,Female,United States,Georgia,Atlanta,2025-04-13,20250413,Social Media,churned,True,plan_starter,monthly,0.0,0.0,14.6,13-24 months,435.0,False,0.0,False,True,False,Potential Loyalists,Standard ongoing account nurturing,506,442.0,435.0,4,3,2,432,0.991,Critical,monthly_price,18,North America,1,6,Social Media
CUST-01157,Sandra,Nguyen,Sandra Nguyen,sandra.nguyen@company258.com,21,18-25,Female,United Kingdom,Scotland,Edinburgh,2025-08-22,20250822,Paid Ads,churned,True,plan_growth,monthly,0.0,0.0,11.0,07-12 months,869.0,False,0.0,True,False,True,General Subscribers,Standard ongoing account nurturing,375,452.0,869.0,3,3,4,334,0.8186,Critical,monthly_price,14,Europe,1,3,Paid Ads
CUST-01159,Ryan,Anderson,Ryan Anderson,ryan.anderson@company260.com,29,26-35,Male,United States,New York,New York,2025-10-12,20251012,Organic Search,active,False,plan_growth,annual,79.0,948.0,10.8,07-12 months,790.0,False,0.0,False,False,False,Loyal Customers,Standard ongoing account nurturing,324,503.0,790.0,3,4,4,344,0.0073,Low,total_tickets_count,21,North America,2,2,Organic Search
CUST-01228,Richard,Torres,Richard Torres,richard.torres@company329.com,45,36-50,Male,United States,Texas,Austin,2025-11-08,20251108,Organic Search,active,False,plan_growth,annual,79.0,948.0,9.9,07-12 months,790.0,False,0.0,False,False,False,At Risk Accounts,Immediate customer success outreach; schedule quarterly business review,297,437.0,790.0,2,3,3,233,0.0196,Low,urgent_ticket_ratio,22,North America,2,2,Organic Search
CUST-01256,Cynthia,Martinez,Cynthia Martinez,cynthia.martinez@company357.com,44,36-50,Female,United States,California,San Francisco,2026-02-02,20260202,Referral,active,False,plan_growth,annual,79.0,948.0,7.0,07-12 months,790.0,False,0.0,False,False,False,At Risk Accounts,Immediate customer success outreach; schedule quarterly business review,211,328.0,790.0,2,3,3,233,0.0324,Low,active_day_ratio,16,North America,2,5,Referral
CUST-01272,Richard,Lee,Richard Lee,richard.lee@company373.com,29,26-35,Male,Australia,Queensland,Brisbane,2025-03-25,20250325,Organic Search,active,False,plan_growth,monthly,79.0,948.0,17.5,13-24 months,1422.0,False,0.0,False,False,False,Champions,Offer early access to beta features; invite to executive advisory board,525,766.0,1422.0,4,5,4,454,0.0133,Low,recency_days,2,Asia-Pacific,1,2,Organic Search
CUST-01277,Jeffrey,Smith,Jeffrey Smith,jeffrey.smith@company378.com,22,18-25,Male,United States,Illinois,Chicago,2025-07-06,20250706,Referral,churned,True,plan_growth,monthly,0.0,0.0,10.5,07-12 months,869.0,False,0.0,False,True,False,General Subscribers,Standard ongoing account nurturing,422,420.0,869.0,3,3,4,334,0.9169,Critical,monthly_price,19,North America,1,5,Referral
CUST-01278,Sarah,Torres,Sarah Torres,sarah.torres@company379.com,31,26-35,Female,United States,Massachusetts,Boston,2025-12-04,20251204,Referral,active,False,plan_starter,monthly,29.0,348.0,9.0,07-12 months,290.0,False,0.0,False,False,False,General Subscribers,Standard ongoing account nurturing,271,344.0,290.0,2,3,2,232,0.0222,Low,total_logins,20,North America,1,5,Referral
CUST-01356,Emma,Jackson,Emma Jackson,emma.jackson@company7.com,34,26-35,Female,United States,Georgia,Atlanta,2025-07-30,20250730,Referral,active,False,plan_growth,annual,79.0,948.0,13.3,13-24 months,1580.0,False,0.0,False,False,False,Loyal Customers,Standard ongoing account nurturing,398,545.0,1580.0,3,4,4,344,0.0197,Low,avg_satisfaction_score,18,North America,2,5,Referral
CUST-01367,Scott,Jones,Scott Jones,scott.jones@company18.com,31,26-35,Male,United Kingdom,North West,Manchester,2025-08-18,20250818,Organic Search,churned,True,plan_growth,multi_year,0.0,0.0,4.9,04-06 months,790.0,False,0.0,False,True,False,Promising / New Customers,Standard ongoing account nurturing,379,196.0,790.0,3,2,3,323,0.9901,Critical,monthly_price,13,Europe,3,2,Organic Search
CUST-01379,Justin,Torres,Justin Torres,justin.torres@company30.com,27,26-35,Male,France,Auvergne-Rhône-Alpes,Lyon,2026-06-01,20260601,Organic Search,churned,True,plan_growth,monthly,0.0,0.0,3.1,04-06 months,237.0,False,0.0,True,True,True,Hibernating / Lost,Automated re-engagement drip campaign; survey feature usability,92,112.0,237.0,1,1,1,111,0.9809,Critical,monthly_price,7,Europe,1,2,Organic Search
CUST-01427,Joshua,Gonzalez,Joshua Gonzalez,joshua.gonzalez@company78.com,38,36-50,Male,United States,Colorado,Denver,2025-09-06,20250906,Partner,active,False,plan_pro,monthly,179.0,2148.0,12.0,07-12 months,2327.0,False,0.0,False,False,False,Loyal Customers,Standard ongoing account nurturing,360,756.0,2327.0,3,5,5,355,0.1289,Low,avg_resolution_hours,17,North America,1,4,Partner
CUST-01451,William,Walker,William Walker,william.walker@company102.com,35,26-35,Male,Germany,Hesse,Frankfurt,2026-05-22,20260522,Paid Ads,active,False,plan_starter,monthly,29.0,348.0,3.4,04-06 months,116.0,True,348.0,True,False,False,Hibernating / Lost,Automated re-engagement drip campaign; survey feature usability,102,124.0,116.0,1,1,1,111,0.0704,Low,urgent_ticket_ratio,11,Europe,1,3,Paid Ads
CUST-01471,Betty,Jackson,Betty Jackson,betty.jackson@company122.com,32,26-35,Female,United States,Illinois,Chicago,2026-02-25,20260225,Paid Ads,churned,True,plan_growth,monthly,0.0,0.0,6.3,07-12 months,553.0,False,0.0,True,True,False,About To Sleep,Automated re-engagement drip campaign; survey feature usability,188,267.0,553.0,2,2,3,223,0.9861,Critical,monthly_price,19,North America,1,3,Paid Ads
CUST-01483,Michelle,Perez,Michelle Perez,michelle.perez@company134.com,55,51+,Female,Canada,Quebec,Montreal,2026-03-26,20260326,Paid Ads,active,False,plan_starter,annual,29.0,348.0,5.3,04-06 months,290.0,True,348.0,False,True,False,Hibernating / Lost,Automated re-engagement drip campaign; survey feature usability,159,180.0,290.0,1,2,2,122,0.2146,Low,has_support_friction,6,North America,2,3,Paid Ads
CUST-01490,Nicholas,Martinez,Nicholas Martinez,nicholas.martinez@company141.com,30,26-35,Male,United States,Illinois,Chicago,2026-01-30,20260130,Referral,active,False,plan_growth,monthly,79.0,948.0,7.1,07-12 months,632.0,False,0.0,False,False,False,At Risk Accounts,Immediate customer success outreach; schedule quarterly business review,214,314.0,632.0,2,3,3,233,0.0285,Low,active_day_ratio,19,North America,1,5,Referral
CUST-01494,David,Moore,David Moore,david.moore@company145.com,43,36-50,Male,Canada,British Columbia,Vancouver,2026-03-23,20260323,Referral,active,False,plan_starter,monthly,29.0,348.0,5.4,04-06 months,174.0,False,0.0,False,False,False,Hibernating / Lost,Automated re-engagement drip campaign; survey feature usability,162,191.0,174.0,1,2,1,121,0.0216,Low,avg_satisfaction_score,4,North America,1,5,Referral
CUST-00087,Melissa,Jones,Melissa Jones,melissa.jones@company88.com,33,26-35,Female,United States,Colorado,Denver,2025-12-25,20251225,Social Media,churned,True,plan_starter,monthly,0.0,0.0,4.2,04-06 months,145.0,False,0.0,False,True,False,Hibernating / Lost,Automated re-engagement drip campaign; survey feature usability,250,117.0,145.0,2,1,1,211,0.997,Critical,monthly_price,17,North America,1,6,Social Media
CUST-00101,Justin,Jackson,Justin Jackson,justin.jackson@company102.com,30,26-35,Male,United States,Texas,Austin,2026-03-03,20260303,Direct,active,False,plan_enterprise,annual,499.0,5988.0,6.1,07-12 months,4990.0,False,0.0,False,False,False,At Risk Accounts,Immediate customer success outreach; schedule quarterly business review,182,456.0,4990.0,1,3,5,135,0.0306,Low,tenure_months,22,North America,2,1,Direct
CUST-00120,Donald,Moore,Donald Moore,donald.moore@company121.com,28,26-35,Male,Australia,Victoria,Melbourne,2025-03-15,20250315,Social Media,churned,True,plan_starter,monthly,0.0,0.0,1.0,01-03 months,29.0,False,0.0,False,True,False,Promising / New Customers,Standard ongoing account nurturing,535,24.0,29.0,4,1,1,411,1.0,Critical,monthly_price,3,Asia-Pacific,1,6,Social Media
CUST-00144,Donna,Anderson,Donna Anderson,donna.anderson@company145.com,35,26-35,Female,United States,Washington,Seattle,2025-03-18,20250318,Referral,churned,True,plan_growth,annual,0.0,0.0,12.9,13-24 months,1580.0,False,0.0,False,True,False,Champions,Offer early access to beta features; invite to executive advisory board,532,568.0,1580.0,4,4,4,444,0.9938,Critical,monthly_price,23,North America,2,5,Referral
CUST-00169,Stephanie,Clark,Stephanie Clark,stephanie.clark@company170.com,51,51+,Female,United States,Massachusetts,Boston,2026-07-07,20260707,Referral,active,False,plan_starter,annual,29.0,348.0,1.9,01-03 months,290.0,False,0.0,False,False,False,Hibernating / Lost,Automated re-engagement drip campaign; survey feature usability,56,62.0,290.0,1,1,2,112,0.0486,Low,avg_resolution_hours,20,North America,2,5,Referral
CUST-00174,George,Scott,George Scott,george.scott@company175.com,33,26-35,Male,Canada,Quebec,Montreal,2025-08-12,20250812,Organic Search,active,False,plan_starter,annual,29.0,348.0,12.8,13-24 months,580.0,False,0.0,False,False,False,General Subscribers,Standard ongoing account nurturing,385,436.0,580.0,3,3,3,333,0.0725,Low,avg_resolution_hours,6,North America,2,2,Organic Search
CUST-00189,Jonathan,Allen,Jonathan Allen,jonathan.allen@company190.com,32,26-35,Male,Canada,British Columbia,Vancouver,2025-06-16,20250616,Partner,churned,True,plan_growth,monthly,0.0,0.0,5.8,04-06 months,474.0,False,0.0,False,True,False,Potential Loyalists,Standard ongoing account nurturing,442,217.0,474.0,4,2,2,422,0.9994,Critical,monthly_price,4,North America,1,4,Partner
CUST-00201,Sarah,Hill,Sarah Hill,sarah.hill@company202.com,42,36-50,Female,United States,Colorado,Denver,2025-06-27,20250627,Referral,active,False,plan_growth,annual,79.0,948.0,14.4,13-24 months,1580.0,True,948.0,False,True,False,Loyal Customers,Standard ongoing account nurturing,431,665.0,1580.0,3,4,4,344,0.0615,Low,has_support_friction,17,North America,2,5,Referral
CUST-00211,Barbara,Hernandez,Barbara Hernandez,barbara.hernandez@company212.com,34,26-35,Female,Australia,New South Wales,Sydney,2025-05-23,20250523,Social Media,churned,True,plan_growth,monthly,0.0,0.0,6.8,07-12 months,553.0,False,0.0,False,True,False,Potential Loyalists,Standard ongoing account nurturing,466,270.0,553.0,4,2,3,423,0.9879,Critical,monthly_price,1,Asia-Pacific,1,6,Social Media
CUST-00275,Donna,Davis,Donna Davis,donna.davis@company276.com,40,36-50,Female,United Kingdom,West Midlands,Birmingham,2024-12-29,20241229,Social Media,churned,True,plan_growth,annual,0.0,0.0,5.5,04-06 months,790.0,False,0.0,False,True,False,Potential Loyalists,Standard ongoing account nurturing,611,207.0,790.0,5,2,3,523,0.9504,Critical,monthly_price,15,Europe,2,6,Social Media
CUST-00288,Timothy,Miller,Timothy Miller,timothy.miller@company289.com,34,26-35,Male,United States,Massachusetts,Boston,2024-12-25,20241225,Direct,active,False,plan_pro,annual,179.0,2148.0,20.5,13-24 months,3580.0,True,2148.0,False,True,False,Champions,Offer early access to beta features; invite to executive advisory board,615,1297.0,3580.0,5,5,5,555,0.0689,Low,has_support_friction,20,North America,2,1,Direct
CUST-00360,Rebecca,Garcia,Rebecca Garcia,rebecca.garcia@company361.com,30,26-35,Female,Australia,New South Wales,Sydney,2026-07-17,20260717,Paid Ads,active,False,plan_growth,monthly,79.0,948.0,1.5,01-03 months,158.0,False,0.0,False,False,False,Hibernating / Lost,Automated re-engagement drip campaign; survey feature usability,46,51.0,158.0,1,1,1,111,0.0334,Low,total_sessions,1,Asia-Pacific,1,3,Paid Ads
CUST-00421,Melissa,Nguyen,Melissa Nguyen,melissa.nguyen@company422.com,47,36-50,Female,France,Île-de-France,Paris,2024-03-05,20240305,Partner,churned,True,plan_starter,monthly,0.0,0.0,6.4,07-12 months,203.0,False,0.0,False,False,False,Potential Loyalists,Standard ongoing account nurturing,910,207.0,203.0,5,2,1,521,0.9708,Critical,monthly_price,8,Europe,1,4,Partner
CUST-00448,John,King,John King,john.king@company449.com,30,26-35,Male,United States,Washington,Seattle,2026-03-05,20260305,Social Media,churned,True,plan_starter,monthly,0.0,0.0,2.5,01-03 months,87.0,False,0.0,False,True,False,Hibernating / Lost,Automated re-engagement drip campaign; survey feature usability,180,63.0,87.0,1,1,1,111,0.998,Critical,monthly_price,23,North America,1,6,Social Media
CUST-00480,Jennifer,Sanchez,Jennifer Sanchez,jennifer.sanchez@company31.com,53,51+,Female,United States,Washington,Seattle,2025-09-23,20250923,Organic Search,churned,True,plan_starter,monthly,0.0,0.0,5.4,04-06 months,174.0,False,0.0,False,True,False,Promising / New Customers,Standard ongoing account nurturing,343,177.0,174.0,3,2,1,321,0.9926,Critical,monthly_price,23,North America,1,2,Organic Search
CUST-00491,Donald,Moore,Donald Moore,donald.moore@company42.com,32,26-35,Male,United Kingdom,Greater London,London,2024-12-02,20241202,Paid Ads,churned,True,plan_pro,monthly,0.0,0.0,4.6,04-06 months,895.0,False,0.0,False,True,False,Potential Loyalists,Standard ongoing account nurturing,638,279.0,895.0,5,2,4,524,0.9059,Critical,monthly_price,12,Europe,1,3,Paid Ads
CUST-00562,Amy,Torres,Amy Torres,amy.torres@company113.com,39,36-50,Female,United States,Massachusetts,Boston,2025-10-15,20251015,Paid Ads,churned,True,plan_starter,monthly,0.0,0.0,7.8,07-12 months,232.0,False,0.0,False,True,False,Promising / New Customers,Standard ongoing account nurturing,321,256.0,232.0,3,2,1,321,0.9948,Critical,monthly_price,20,North America,1,3,Paid Ads
CUST-00640,Eric,Thompson,Eric Thompson,eric.thompson@company191.com,24,18-25,Male,Canada,Ontario,Toronto,2024-11-30,20241130,Paid Ads,churned,True,plan_growth,monthly,0.0,0.0,2.4,01-03 months,237.0,False,0.0,False,True,False,Promising / New Customers,Standard ongoing account nurturing,640,85.0,237.0,5,1,1,511,0.9974,Critical,monthly_price,5,North America,1,3,Paid Ads
CUST-00700,Melissa,Clark,Melissa Clark,melissa.clark@company251.com,48,36-50,Female,United States,Massachusetts,Boston,2025-08-24,20250824,Referral,active,False,plan_enterprise,monthly,499.0,5988.0,12.4,13-24 months,6487.0,False,0.0,False,False,False,Loyal Customers,Standard ongoing account nurturing,373,1029.0,6487.0,3,5,5,355,0.026,Low,active_day_ratio,20,North America,1,5,Referral
CUST-00763,Elizabeth,Ramirez,Elizabeth Ramirez,elizabeth.ramirez@company314.com,55,51+,Female,United States,Georgia,Atlanta,2025-08-21,20250821,Organic Search,churned,True,plan_growth,monthly,0.0,0.0,11.8,07-12 months,948.0,False,0.0,True,True,False,Loyal Customers,Standard ongoing account nurturing,376,491.0,948.0,3,4,4,344,0.9582,Critical,monthly_price,18,North America,1,2,Organic Search
CUST-00778,Jennifer,Moore,Jennifer Moore,jennifer.moore@company329.com,26,26-35,Female,United States,Washington,Seattle,2025-07-14,20250714,Paid Ads,active,False,plan_starter,monthly,29.0,348.0,13.8,13-24 months,406.0,False,0.0,False,False,False,General Subscribers,Standard ongoing account nurturing,414,477.0,406.0,3,4,2,342,0.0188,Low,contract_type_annual,23,North America,1,3,Paid Ads
CUST-00790,Emma,Thompson,Emma Thompson,emma.thompson@company341.com,27,26-35,Female,Germany,Hesse,Frankfurt,2025-03-16,20250316,Partner,active,False,plan_enterprise,multi_year,499.0,5988.0,17.8,13-24 months,9980.0,False,0.0,False,False,False,Champions,Offer early access to beta features; invite to executive advisory board,534,1393.0,9980.0,4,5,5,455,0.02,Low,recency_days,11,Europe,3,4,Partner
CUST-00792,Michelle,Robinson,Michelle Robinson,michelle.robinson@company343.com,31,26-35,Female,Australia,New South Wales,Sydney,2026-03-14,20260314,Social Media,active,False,plan_growth,monthly,79.0,948.0,5.7,04-06 months,474.0,False,0.0,False,False,False,Hibernating / Lost,Automated re-engagement drip campaign; survey feature usability,171,245.0,474.0,1,2,2,122,0.0409,Low,total_tickets_count,1,Asia-Pacific,1,6,Social Media
CUST-00833,William,Smith,William Smith,william.smith@company384.com,30,26-35,Male,United Kingdom,West Midlands,Birmingham,2025-07-14,20250714,Paid Ads,active,False,plan_growth,monthly,79.0,948.0,13.8,13-24 months,1106.0,True,948.0,False,True,False,Loyal Customers,Standard ongoing account nurturing,414,621.0,1106.0,3,4,4,344,0.0894,Low,has_support_friction,15,Europe,1,3,Paid Ads
CUST-00940,Deborah,Ramirez,Deborah Ramirez,deborah.ramirez@company41.com,38,36-50,Female,United States,New York,New York,2025-03-09,20250309,Partner,churned,True,plan_starter,monthly,0.0,0.0,4.6,04-06 months,145.0,False,0.0,False,True,False,Promising / New Customers,Standard ongoing account nurturing,541,152.0,145.0,4,1,1,411,0.9963,Critical,monthly_price,21,North America,1,4,Partner
CUST-01003,Nicole,Taylor,Nicole Taylor,nicole.taylor@company104.com,22,18-25,Female,United Kingdom,Greater London,London,2024-11-22,20241122,Paid Ads,churned,True,plan_growth,monthly,0.0,0.0,13.8,13-24 months,1106.0,False,0.0,False,True,False,Champions,Offer early access to beta features; invite to executive advisory board,648,582.0,1106.0,5,4,4,544,0.9842,Critical,monthly_price,12,Europe,1,3,Paid Ads
CUST-01033,Brandon,Taylor,Brandon Taylor,brandon.taylor@company134.com,50,36-50,Male,United States,California,San Francisco,2025-06-23,20250623,Organic Search,churned,True,plan_growth,monthly,0.0,0.0,6.3,07-12 months,553.0,False,0.0,False,True,False,Potential Loyalists,Standard ongoing account nurturing,435,286.0,553.0,4,3,3,433,0.9961,Critical,monthly_price,16,North America,1,2,Organic Search
CUST-01064,Dorothy,Thompson,Dorothy Thompson,dorothy.thompson@company165.com,25,18-25,Female,United States,Texas,Austin,2024-11-30,20241130,Partner,active,False,plan_pro,annual,179.0,2148.0,21.3,13-24 months,3580.0,True,2148.0,False,True,False,Champions,Offer early access to beta features; invite to executive advisory board,640,1289.0,3580.0,5,5,5,555,0.1256,Low,has_support_friction,22,North America,2,4,Partner
CUST-01120,Sharon,Clark,Sharon Clark,sharon.clark@company221.com,30,26-35,Female,Canada,British Columbia,Vancouver,2026-04-19,20260419,Paid Ads,active,False,plan_starter,monthly,29.0,348.0,4.5,04-06 months,145.0,False,0.0,False,False,False,Hibernating / Lost,Automated re-engagement drip campaign; survey feature usability,135,160.0,145.0,1,2,1,121,0.0291,Low,tenure_days,4,North America,1,3,Paid Ads
CUST-01164,Gary,Allen,Gary Allen,gary.allen@company265.com,48,36-50,Male,France,Auvergne-Rhône-Alpes,Lyon,2025-11-01,20251101,Organic Search,churned,True,plan_starter,monthly,0.0,0.0,4.4,04-06 months,145.0,False,0.0,False,True,False,Hibernating / Lost,Automated re-engagement drip campaign; survey feature usability,304,125.0,145.0,2,1,1,211,0.9999,Critical,monthly_price,7,Europe,1,2,Organic Search
CUST-01166,Carol,Garcia,Carol Garcia,carol.garcia@company267.com,35,26-35,Female,United States,Colorado,Denver,2026-05-24,20260524,Organic Search,active,False,plan_starter,monthly,29.0,348.0,3.3,04-06 months,116.0,False,0.0,False,False,False,Hibernating / Lost,Automated re-engagement drip campaign; survey feature usability,100,118.0,116.0,1,1,1,111,0.0268,Low,avg_session_minutes,17,North America,1,2,Organic Search
CUST-01170,Brenda,Hill,Brenda Hill,brenda.hill@company271.com,41,36-50,Female,United Kingdom,West Midlands,Birmingham,2025-06-20,20250620,Direct,active,False,plan_pro,monthly,179.0,2148.0,14.6,13-24 months,2685.0,False,0.0,False,False,False,Champions,Offer early access to beta features; invite to executive advisory board,438,874.0,2685.0,4,5,5,455,0.0492,Low,avg_resolution_hours,15,Europe,1,1,Direct
CUST-01184,Donald,Young,Donald Young,donald.young@company285.com,34,26-35,Male,Canada,Ontario,Toronto,2026-04-27,20260427,Direct,active,False,plan_growth,monthly,79.0,948.0,4.2,04-06 months,395.0,False,0.0,False,False,False,Hibernating / Lost,Automated re-engagement drip campaign; survey feature usability,127,180.0,395.0,1,2,2,122,0.0316,Low,active_day_ratio,5,North America,1,1,Direct
CUST-01235,James,Brown,James Brown,james.brown@company336.com,29,26-35,Male,France,Île-de-France,Paris,2024-03-08,20240308,Organic Search,churned,True,plan_starter,monthly,0.0,0.0,13.0,13-24 months,377.0,False,0.0,False,True,False,Potential Loyalists,Standard ongoing account nurturing,907,442.0,377.0,5,3,2,532,0.9797,Critical,monthly_price,8,Europe,1,2,Organic Search
CUST-01331,Kenneth,Williams,Kenneth Williams,kenneth.williams@company432.com,34,26-35,Male,United States,Washington,Seattle,2026-01-16,20260116,Partner,active,False,plan_growth,annual,79.0,948.0,7.6,07-12 months,790.0,False,0.0,False,False,False,At Risk Accounts,Immediate customer success outreach; schedule quarterly business review,228,321.0,790.0,2,3,3,233,0.0913,Low,high_urgency_tickets_count,23,North America,2,4,Partner
CUST-01482,Helen,Taylor,Helen Taylor,helen.taylor@company133.com,47,36-50,Female,United States,Georgia,Atlanta,2025-10-31,20251031,Organic Search,active,False,plan_pro,multi_year,179.0,2148.0,10.2,07-12 months,1790.0,False,0.0,False,False,False,Loyal Customers,Immediate customer success outreach; schedule quarterly business review,305,598.0,1790.0,2,4,5,245,0.0202,Low,contract_type_annual,18,North America,3,2,Organic Search
CUST-00061,Jeffrey,Nguyen,Jeffrey Nguyen,jeffrey.nguyen@company62.com,47,36-50,Male,United States,Georgia,Atlanta,2024-09-15,20240915,Paid Ads,churned,True,plan_pro,monthly,0.0,0.0,16.8,13-24 months,3043.0,False,0.0,False,True,False,Champions,Offer early access to beta features; invite to executive advisory board,716,1015.0,3043.0,5,5,5,555,0.8228,Critical,monthly_price,18,North America,1,3,Paid Ads
CUST-00616,Stephanie,Wilson,Stephanie Wilson,stephanie.wilson@company167.com,27,26-35,Female,Germany,Bavaria,Munich,2026-06-28,20260628,Organic Search,active,False,plan_starter,annual,29.0,348.0,2.2,01-03 months,290.0,False,0.0,False,False,False,Hibernating / Lost,Automated re-engagement drip campaign; survey feature usability,65,72.0,290.0,1,1,2,112,0.0282,Low,active_day_ratio,9,Europe,2,2,Organic Search
CUST-00651,Kenneth,Thompson,Kenneth Thompson,kenneth.thompson@company202.com,32,26-35,Male,United Kingdom,West Midlands,Birmingham,2026-03-18,20260318,Social Media,churned,True,plan_pro,monthly,0.0,0.0,5.5,04-06 months,1074.0,False,0.0,True,False,False,At Risk Accounts,Immediate customer success outreach; schedule quarterly business review,167,295.0,1074.0,1,3,4,134,0.8622,Critical,monthly_price,15,Europe,1,6,Social Media
CUST-00702,Mary,Williams,Mary Williams,mary.williams@company253.com,43,36-50,Female,United Kingdom,North West,Manchester,2025-06-02,20250602,Direct,active,False,plan_pro,multi_year,179.0,2148.0,15.2,13-24 months,3580.0,False,0.0,False,False,False,Champions,Offer early access to beta features; invite to executive advisory board,456,936.0,3580.0,4,5,5,455,0.0066,Low,recency_days,13,Europe,3,1,Direct
CUST-00735,Matthew,Lee,Matthew Lee,matthew.lee@company286.com,49,36-50,Male,United States,California,San Francisco,2026-03-29,20260329,Partner,active,False,plan_starter,annual,29.0,348.0,5.2,04-06 months,290.0,False,0.0,False,False,False,Hibernating / Lost,Automated re-engagement drip campaign; survey feature usability,156,176.0,290.0,1,2,2,122,0.0265,Low,avg_session_minutes,16,North America,2,4,Partner
CUST-00849,John,Nguyen,John Nguyen,john.nguyen@company400.com,42,36-50,Male,United States,Illinois,Chicago,2025-09-19,20250919,Paid Ads,churned,True,plan_pro,monthly,0.0,0.0,8.4,07-12 months,1611.0,False,0.0,False,True,False,Loyal Customers,Standard ongoing account nurturing,347,481.0,1611.0,3,4,4,344,0.974,Critical,monthly_price,19,North America,1,3,Paid Ads
CUST-00957,Kimberly,Young,Kimberly Young,kimberly.young@company58.com,23,18-25,Female,United States,Massachusetts,Boston,2026-01-19,20260119,Partner,churned,True,plan_starter,monthly,0.0,0.0,7.5,07-12 months,232.0,False,0.0,True,True,False,Hibernating / Lost,Automated re-engagement drip campaign; survey feature usability,225,237.0,232.0,2,2,1,221,0.9193,Critical,monthly_price,20,North America,1,4,Partner
CUST-00965,Melissa,Ramirez,Melissa Ramirez,melissa.ramirez@company66.com,33,26-35,Female,United Kingdom,Greater London,London,2024-08-22,20240822,Social Media,active,False,plan_starter,annual,29.0,348.0,24.7,25+ months,870.0,False,0.0,False,False,False,Champions,Offer early access to beta features; invite to executive advisory board,740,843.0,870.0,5,5,4,554,0.0854,Low,avg_resolution_hours,12,Europe,2,6,Social Media
CUST-01075,Jeffrey,Rodriguez,Jeffrey Rodriguez,jeffrey.rodriguez@company176.com,31,26-35,Male,United States,Massachusetts,Boston,2025-12-13,20251213,Referral,churned,True,plan_pro,monthly,0.0,0.0,5.7,04-06 months,1074.0,False,0.0,False,True,False,At Risk Accounts,Immediate customer success outreach; schedule quarterly business review,262,320.0,1074.0,2,3,4,234,0.9761,Critical,monthly_price,20,North America,1,5,Referral
CUST-01082,Charles,Nguyen,Charles Nguyen,charles.nguyen@company183.com,21,18-25,Male,Australia,Victoria,Melbourne,2025-01-12,20250112,Social Media,churned,True,plan_starter,annual,0.0,0.0,1.1,01-03 months,290.0,False,0.0,False,True,False,Promising / New Customers,Standard ongoing account nurturing,597,15.0,290.0,5,1,1,511,0.9969,Critical,monthly_price,3,Asia-Pacific,2,6,Social Media
CUST-01200,William,Wilson,William Wilson,william.wilson@company301.com,29,26-35,Male,Canada,British Columbia,Vancouver,2025-09-21,20250921,Direct,active,False,plan_pro,monthly,179.0,2148.0,11.5,07-12 months,2148.0,True,2148.0,False,True,False,Loyal Customers,Standard ongoing account nurturing,345,672.0,2148.0,3,4,5,345,0.2095,Low,has_support_friction,4,North America,1,1,Direct
CUST-01416,Mark,Robinson,Mark Robinson,mark.robinson@company67.com,32,26-35,Male,United States,Georgia,Atlanta,2025-03-25,20250325,Direct,active,False,plan_starter,monthly,29.0,348.0,17.5,13-24 months,522.0,False,0.0,False,False,False,Loyal Customers,Standard ongoing account nurturing,525,623.0,522.0,4,4,3,443,0.0343,Low,urgent_ticket_ratio,18,North America,1,1,Direct
CUST-00022,Elizabeth,Wright,Elizabeth Wright,elizabeth.wright@company23.com,47,36-50,Female,United States,Georgia,Atlanta,2025-07-23,20250723,Direct,churned,True,plan_growth,monthly,0.0,0.0,3.0,01-03 months,237.0,False,0.0,False,True,False,Promising / New Customers,Standard ongoing account nurturing,405,123.0,237.0,3,1,1,311,0.9919,Critical,monthly_price,18,North America,1,1,Direct
CUST-00093,Anna,Smith,Anna Smith,anna.smith@company94.com,21,18-25,Female,United States,Washington,Seattle,2025-12-20,20251220,Partner,active,False,plan_starter,monthly,29.0,348.0,8.5,07-12 months,261.0,False,0.0,False,False,False,General Subscribers,Standard ongoing account nurturing,255,288.0,261.0,2,3,1,231,0.0741,Low,avg_resolution_hours,23,North America,1,4,Partner
CUST-00123,Charles,Young,Charles Young,charles.young@company124.com,57,51+,Male,United States,Illinois,Chicago,2025-06-10,20250610,Paid Ads,active,False,plan_starter,monthly,29.0,348.0,14.9,13-24 months,435.0,True,348.0,True,False,False,Potential Loyalists,Standard ongoing account nurturing,448,498.0,435.0,4,4,2,442,0.0775,Low,urgent_ticket_ratio,19,North America,1,3,Paid Ads
CUST-00281,David,Torres,David Torres,david.torres@company282.com,28,26-35,Male,Canada,Ontario,Toronto,2025-12-06,20251206,Social Media,churned,True,plan_starter,monthly,0.0,0.0,3.2,04-06 months,87.0,False,0.0,False,True,False,Hibernating / Lost,Automated re-engagement drip campaign; survey feature usability,269,87.0,87.0,2,1,1,211,0.997,Critical,monthly_price,5,North America,1,6,Social Media
CUST-00389,Emily,Lee,Emily Lee,emily.lee@company390.com,54,51+,Female,United States,Texas,Austin,2026-04-09,20260409,Referral,active,False,plan_growth,annual,79.0,948.0,4.8,04-06 months,790.0,False,0.0,False,False,False,About To Sleep,Automated re-engagement drip campaign; survey feature usability,145,199.0,790.0,1,2,3,123,0.1061,Low,avg_resolution_hours,22,North America,2,5,Referral
CUST-00395,Thomas,Nguyen,Thomas Nguyen,thomas.nguyen@company396.com,37,36-50,Male,United Kingdom,Greater London,London,2025-08-18,20250818,Organic Search,churned,True,plan_starter,monthly,0.0,0.0,6.7,07-12 months,203.0,False,0.0,False,True,False,Promising / New Customers,Standard ongoing account nurturing,379,200.0,203.0,3,2,1,321,0.9996,Critical,monthly_price,12,Europe,1,2,Organic Search
CUST-00397,Richard,Lee,Richard Lee,richard.lee@company398.com,26,26-35,Male,United States,Colorado,Denver,2025-10-12,20251012,Partner,churned,True,plan_starter,annual,0.0,0.0,2.3,01-03 months,290.0,False,0.0,False,True,False,Promising / New Customers,Standard ongoing account nurturing,324,70.0,290.0,3,1,2,312,0.9931,Critical,monthly_price,17,North America,2,4,Partner
CUST-00403,Paul,Young,Paul Young,paul.young@company404.com,35,26-35,Male,United States,New York,New York,2025-05-28,20250528,Paid Ads,active,False,plan_growth,monthly,79.0,948.0,15.4,13-24 months,1264.0,False,0.0,False,False,False,Champions,Offer early access to beta features; invite to executive advisory board,461,705.0,1264.0,4,5,4,454,0.044,Low,urgent_ticket_ratio,21,North America,1,3,Paid Ads
CUST-00406,Timothy,Allen,Timothy Allen,timothy.allen@company407.com,36,36-50,Male,Canada,British Columbia,Vancouver,2025-05-28,20250528,Paid Ads,churned,True,plan_starter,monthly,0.0,0.0,2.1,01-03 months,58.0,False,0.0,False,True,False,Promising / New Customers,Standard ongoing account nurturing,461,42.0,58.0,4,1,1,411,0.9991,Critical,monthly_price,4,North America,1,3,Paid Ads
CUST-00449,Lisa,Lee,Lisa Lee,lisa.lee@company450.com,28,26-35,Female,United States,Texas,Austin,2025-12-30,20251230,Partner,active,False,plan_starter,monthly,29.0,348.0,8.2,07-12 months,261.0,False,0.0,False,False,False,General Subscribers,Standard ongoing account nurturing,245,293.0,261.0,2,3,1,231,0.0531,Low,total_tickets_count,22,North America,1,4,Partner
CUST-00475,Brandon,Taylor,Brandon Taylor,brandon.taylor@company26.com,26,26-35,Male,Canada,Ontario,Toronto,2025-06-13,20250613,Organic Search,active,False,plan_growth,annual,79.0,948.0,14.8,13-24 months,1580.0,True,948.0,False,True,False,Champions,Offer early access to beta features; invite to executive advisory board,445,632.0,1580.0,4,4,4,444,0.0613,Low,has_support_friction,5,North America,2,2,Organic Search
CUST-00527,Daniel,Miller,Daniel Miller,daniel.miller@company78.com,26,26-35,Male,United Kingdom,West Midlands,Birmingham,2025-10-02,20251002,Organic Search,churned,True,plan_starter,monthly,0.0,0.0,7.9,07-12 months,232.0,False,0.0,False,True,False,Promising / New Customers,Standard ongoing account nurturing,334,248.0,232.0,3,2,1,321,0.9925,Critical,monthly_price,15,Europe,1,2,Organic Search
CUST-00571,Charles,Johnson,Charles Johnson,charles.johnson@company122.com,25,18-25,Male,United States,New York,New York,2024-10-29,20241029,Organic Search,churned,True,plan_growth,monthly,0.0,0.0,22.3,13-24 months,1817.0,False,0.0,True,True,False,Champions,Offer early access to beta features; invite to executive advisory board,672,982.0,1817.0,5,5,5,555,0.8731,Critical,monthly_price,21,North America,1,2,Organic Search
CUST-00586,Brian,Walker,Brian Walker,brian.walker@company137.com,23,18-25,Male,United States,Illinois,Chicago,2025-05-31,20250531,Paid Ads,churned,True,plan_growth,monthly,0.0,0.0,8.7,07-12 months,711.0,False,0.0,False,True,False,Potential Loyalists,Standard ongoing account nurturing,458,386.0,711.0,4,3,3,433,0.9957,Critical,monthly_price,19,North America,1,3,Paid Ads
CUST-00633,Ashley,Jackson,Ashley Jackson,ashley.jackson@company184.com,41,36-50,Female,United Kingdom,Scotland,Edinburgh,2025-03-30,20250330,Organic Search,churned,True,plan_growth,monthly,0.0,0.0,12.1,13-24 months,948.0,False,0.0,False,False,False,Champions,Offer early access to beta features; invite to executive advisory board,520,498.0,948.0,4,4,4,444,0.9392,Critical,monthly_price,14,Europe,1,2,Organic Search
CUST-00766,Kimberly,King,Kimberly King,kimberly.king@company317.com,27,26-35,Female,United Kingdom,North West,Manchester,2024-06-28,20240628,Referral,churned,True,plan_starter,annual,0.0,0.0,17.9,13-24 months,580.0,False,0.0,False,True,False,Loyal Customers,Standard ongoing account nurturing,795,609.0,580.0,5,4,3,543,0.9389,Critical,monthly_price,13,Europe,2,5,Referral
CUST-00864,Benjamin,White,Benjamin White,benjamin.white@company415.com,38,36-50,Male,France,Île-de-France,Paris,2025-02-12,20250212,Paid Ads,active,False,plan_starter,monthly,29.0,348.0,18.9,13-24 months,551.0,False,0.0,False,False,False,Loyal Customers,Standard ongoing account nurturing,566,635.0,551.0,4,4,3,443,0.0333,Low,recency_days,8,Europe,1,3,Paid Ads
CUST-01057,Charles,White,Charles White,charles.white@company158.com,22,18-25,Male,United States,Washington,Seattle,2026-01-25,20260125,Paid Ads,churned,True,plan_pro,monthly,0.0,0.0,2.4,01-03 months,537.0,False,0.0,False,False,False,About To Sleep,Automated re-engagement drip campaign; survey feature usability,219,96.0,537.0,2,1,3,213,0.8142,Critical,monthly_price,23,North America,1,3,Paid Ads
CUST-01077,Laura,Young,Laura Young,laura.young@company178.com,40,36-50,Female,United States,Texas,Austin,2024-10-15,20241015,Organic Search,churned,True,plan_pro,monthly,0.0,0.0,7.9,07-12 months,1432.0,False,0.0,False,True,False,Potential Loyalists,Standard ongoing account nurturing,686,435.0,1432.0,5,3,4,534,0.9955,Critical,monthly_price,22,North America,1,2,Organic Search
CUST-01246,Jessica,Walker,Jessica Walker,jessica.walker@company347.com,44,36-50,Female,United States,Washington,Seattle,2025-04-05,20250405,Organic Search,churned,True,plan_pro,monthly,0.0,0.0,7.2,07-12 months,1432.0,False,0.0,False,False,False,Potential Loyalists,Standard ongoing account nurturing,514,395.0,1432.0,4,3,4,434,0.8737,Critical,monthly_price,23,North America,1,2,Organic Search
CUST-01474,Andrew,Anderson,Andrew Anderson,andrew.anderson@company125.com,40,36-50,Male,Canada,British Columbia,Vancouver,2025-05-17,20250517,Paid Ads,active,False,plan_starter,monthly,29.0,348.0,15.7,13-24 months,464.0,False,0.0,False,False,False,Potential Loyalists,Standard ongoing account nurturing,472,514.0,464.0,4,4,2,442,0.0203,Low,recency_days,4,North America,1,3,Paid Ads
CUST-00157,Edward,Wright,Edward Wright,edward.wright@company158.com,29,26-35,Male,United Kingdom,Greater London,London,2025-10-14,20251014,Paid Ads,active,False,plan_starter,monthly,29.0,348.0,10.7,07-12 months,319.0,False,0.0,False,False,False,General Subscribers,Standard ongoing account nurturing,322,373.0,319.0,3,3,2,332,0.0389,Low,avg_satisfaction_score,12,Europe,1,3,Paid Ads
CUST-00214,Brian,Martinez,Brian Martinez,brian.martinez@company215.com,28,26-35,Male,United States,Georgia,Atlanta,2024-03-06,20240306,Referral,active,False,plan_starter,multi_year,29.0,348.0,30.3,25+ months,870.0,True,348.0,True,False,False,Champions,Offer early access to beta features; invite to executive advisory board,909,1059.0,870.0,5,5,4,554,0.0619,Low,recency_days,18,North America,3,5,Referral
CUST-00266,Brenda,Martin,Brenda Martin,brenda.martin@company267.com,30,26-35,Female,United States,Massachusetts,Boston,2024-09-29,20240929,Referral,active,False,plan_growth,monthly,79.0,948.0,23.4,13-24 months,1896.0,False,0.0,False,False,False,Champions,Offer early access to beta features; invite to executive advisory board,702,990.0,1896.0,5,5,5,555,0.025,Low,recency_days,20,North America,1,5,Referral
CUST-00289,Steven,Harris,Steven Harris,steven.harris@company290.com,26,26-35,Male,Canada,British Columbia,Vancouver,2025-07-28,20250728,Paid Ads,churned,True,plan_starter,monthly,0.0,0.0,1.4,01-03 months,58.0,False,0.0,False,False,False,Promising / New Customers,Standard ongoing account nurturing,400,39.0,58.0,3,1,1,311,0.9348,Critical,monthly_price,4,North America,1,3,Paid Ads
CUST-00482,Susan,Anderson,Susan Anderson,susan.anderson@company33.com,35,26-35,Female,France,Auvergne-Rhône-Alpes,Lyon,2024-04-12,20240412,Partner,churned,True,plan_growth,annual,0.0,0.0,4.4,04-06 months,790.0,False,0.0,False,False,False,Potential Loyalists,Standard ongoing account nurturing,872,179.0,790.0,5,2,3,523,0.8794,Critical,monthly_price,7,Europe,2,4,Partner
CUST-00505,Karen,Lee,Karen Lee,karen.lee@company56.com,39,36-50,Female,United States,New York,New York,2025-06-01,20250601,Paid Ads,active,False,plan_growth,monthly,79.0,948.0,15.2,13-24 months,1264.0,False,0.0,False,False,False,Champions,Offer early access to beta features; invite to executive advisory board,457,685.0,1264.0,4,4,4,444,0.0419,Low,active_day_ratio,21,North America,1,3,Paid Ads
CUST-00514,Ronald,Taylor,Ronald Taylor,ronald.taylor@company65.com,39,36-50,Male,United Kingdom,Greater London,London,2025-12-15,20251215,Referral,active,False,plan_growth,monthly,79.0,948.0,8.7,07-12 months,711.0,False,0.0,False,False,False,At Risk Accounts,Immediate customer success outreach; schedule quarterly business review,260,431.0,711.0,2,3,3,233,0.0207,Low,avg_satisfaction_score,12,Europe,1,5,Referral
CUST-00535,Stephanie,Thomas,Stephanie Thomas,stephanie.thomas@company86.com,21,18-25,Female,United States,Georgia,Atlanta,2025-12-14,20251214,Organic Search,active,False,plan_pro,monthly,179.0,2148.0,8.7,07-12 months,1611.0,False,0.0,False,False,False,Loyal Customers,Immediate customer success outreach; schedule quarterly business review,261,548.0,1611.0,2,4,4,244,0.0264,Low,avg_satisfaction_score,18,North America,1,2,Organic Search
CUST-00584,Justin,Torres,Justin Torres,justin.torres@company135.com,30,26-35,Male,United States,Colorado,Denver,2026-01-15,20260115,Organic Search,active,False,plan_starter,monthly,29.0,348.0,7.6,07-12 months,232.0,True,348.0,True,False,False,Hibernating / Lost,Automated re-engagement drip campaign; survey feature usability,229,260.0,232.0,2,2,1,221,0.042,Low,is_engagement_declining,17,North America,1,2,Organic Search
CUST-00685,Anna,Jackson,Anna Jackson,anna.jackson@company236.com,28,26-35,Female,United States,Texas,Austin,2025-05-21,20250521,Paid Ads,active,False,plan_starter,monthly,29.0,348.0,15.6,13-24 months,464.0,False,0.0,False,False,False,Potential Loyalists,Standard ongoing account nurturing,468,533.0,464.0,4,4,2,442,0.0307,Low,avg_satisfaction_score,22,North America,1,3,Paid Ads
CUST-00691,Matthew,Williams,Matthew Williams,matthew.williams@company242.com,25,18-25,Male,United States,New York,New York,2026-02-19,20260219,Organic Search,active,False,plan_growth,monthly,79.0,948.0,6.5,07-12 months,553.0,False,0.0,False,False,False,About To Sleep,Automated re-engagement drip campaign; survey feature usability,194,279.0,553.0,2,2,3,223,0.0431,Low,active_day_ratio,21,North America,1,2,Organic Search
CUST-00802,David,Wilson,David Wilson,david.wilson@company353.com,46,36-50,Male,Australia,Queensland,Brisbane,2024-07-23,20240723,Social Media,active,False,plan_growth,annual,79.0,948.0,25.7,25+ months,2370.0,False,0.0,False,False,False,Champions,Offer early access to beta features; invite to executive advisory board,770,1136.0,2370.0,5,5,5,555,0.0246,Low,recency_days,2,Asia-Pacific,2,6,Social Media
CUST-00942,David,Lee,David Lee,david.lee@company43.com,27,26-35,Male,United States,Georgia,Atlanta,2025-06-11,20250611,Referral,active,False,plan_growth,annual,79.0,948.0,14.9,13-24 months,1580.0,False,0.0,False,False,False,Champions,Offer early access to beta features; invite to executive advisory board,447,640.0,1580.0,4,4,4,444,0.0207,Low,avg_satisfaction_score,18,North America,2,5,Referral
CUST-00964,Brian,Young,Brian Young,brian.young@company65.com,27,26-35,Male,Canada,British Columbia,Vancouver,2026-02-09,20260209,Organic Search,churned,True,plan_pro,annual,0.0,0.0,6.4,07-12 months,1790.0,False,0.0,True,False,False,At Risk Accounts,Immediate customer success outreach; schedule quarterly business review,204,353.0,1790.0,2,3,5,235,0.6933,High,monthly_price,4,North America,2,2,Organic Search
CUST-00972,Sharon,Clark,Sharon Clark,sharon.clark@company73.com,25,18-25,Female,Germany,Berlin,Berlin,2026-01-01,20260101,Referral,active,False,plan_starter,annual,29.0,348.0,8.1,07-12 months,290.0,False,0.0,False,False,False,Hibernating / Lost,Automated re-engagement drip campaign; survey feature usability,243,265.0,290.0,2,2,2,222,0.033,Low,avg_satisfaction_score,10,Europe,2,5,Referral
CUST-01131,Emma,Flores,Emma Flores,emma.flores@company232.com,36,36-50,Female,United Kingdom,Greater London,London,2024-09-18,20240918,Paid Ads,active,False,plan_starter,monthly,29.0,348.0,23.8,13-24 months,696.0,False,0.0,False,False,False,Loyal Customers,Standard ongoing account nurturing,713,856.0,696.0,5,5,3,553,0.0314,Low,recency_days,12,Europe,1,3,Paid Ads
CUST-01133,Justin,Rodriguez,Justin Rodriguez,justin.rodriguez@company234.com,43,36-50,Male,United States,Colorado,Denver,2025-08-27,20250827,Paid Ads,active,False,plan_growth,monthly,79.0,948.0,12.3,13-24 months,1027.0,True,948.0,True,False,False,Loyal Customers,Standard ongoing account nurturing,370,514.0,1027.0,3,4,4,344,0.0791,Low,is_engagement_declining,17,North America,1,3,Paid Ads
CUST-01148,Elizabeth,Davis,Elizabeth Davis,elizabeth.davis@company249.com,29,26-35,Female,Australia,New South Wales,Sydney,2026-03-11,20260311,Organic Search,active,False,plan_starter,annual,29.0,348.0,5.8,04-06 months,290.0,True,348.0,True,False,False,Hibernating / Lost,Automated re-engagement drip campaign; survey feature usability,174,200.0,290.0,1,2,2,122,0.0228,Low,is_engagement_declining,1,Asia-Pacific,2,2,Organic Search
CUST-01149,Melissa,Lee,Melissa Lee,melissa.lee@company250.com,23,18-25,Female,France,Île-de-France,Paris,2025-03-10,20250310,Direct,active,False,plan_growth,monthly,79.0,948.0,18.0,13-24 months,1501.0,False,0.0,False,False,False,Champions,Offer early access to beta features; invite to executive advisory board,540,768.0,1501.0,4,5,4,454,0.0752,Low,active_day_ratio,8,Europe,1,1,Direct
CUST-01174,Kenneth,King,Kenneth King,kenneth.king@company275.com,30,26-35,Male,United States,California,San Francisco,2025-08-04,20250804,Organic Search,active,False,plan_growth,monthly,79.0,948.0,13.1,13-24 months,1106.0,False,0.0,False,False,False,Loyal Customers,Standard ongoing account nurturing,393,593.0,1106.0,3,4,4,344,0.0209,Low,avg_satisfaction_score,16,North America,1,2,Organic Search
CUST-01254,Melissa,Rodriguez,Melissa Rodriguez,melissa.rodriguez@company355.com,25,18-25,Female,United Kingdom,North West,Manchester,2024-06-16,20240616,Organic Search,active,False,plan_pro,annual,179.0,2148.0,26.9,25+ months,5370.0,False,0.0,False,False,False,Champions,Offer early access to beta features; invite to executive advisory board,807,1671.0,5370.0,5,5,5,555,0.0619,Low,recency_days,13,Europe,2,2,Organic Search
CUST-01261,Stephanie,Jones,Stephanie Jones,stephanie.jones@company362.com,21,18-25,Female,United States,Washington,Seattle,2025-05-21,20250521,Partner,active,False,plan_growth,monthly,79.0,948.0,15.6,13-24 months,1264.0,False,0.0,False,False,False,Champions,Offer early access to beta features; invite to executive advisory board,468,657.0,1264.0,4,4,4,444,0.0145,Low,avg_satisfaction_score,23,North America,1,4,Partner
CUST-01284,Kevin,Ramirez,Kevin Ramirez,kevin.ramirez@company385.com,22,18-25,Male,France,Île-de-France,Paris,2026-05-11,20260511,Organic Search,active,False,plan_growth,monthly,79.0,948.0,3.8,04-06 months,316.0,False,0.0,False,False,False,Hibernating / Lost,Automated re-engagement drip campaign; survey feature usability,113,168.0,316.0,1,2,2,122,0.0262,Low,avg_satisfaction_score,8,Europe,1,2,Organic Search
CUST-01338,Nicole,White,Nicole White,nicole.white@company439.com,31,26-35,Female,Australia,Queensland,Brisbane,2025-04-29,20250429,Organic Search,active,False,plan_starter,monthly,29.0,348.0,16.3,13-24 months,493.0,False,0.0,False,False,False,Potential Loyalists,Standard ongoing account nurturing,490,564.0,493.0,4,4,2,442,0.0224,Low,recency_days,2,Asia-Pacific,1,2,Organic Search
CUST-01395,Barbara,Thompson,Barbara Thompson,barbara.thompson@company46.com,34,26-35,Female,United Kingdom,West Midlands,Birmingham,2025-12-14,20251214,Organic Search,active,False,plan_enterprise,annual,499.0,5988.0,8.7,07-12 months,4990.0,False,0.0,False,False,False,Loyal Customers,Immediate customer success outreach; schedule quarterly business review,261,726.0,4990.0,2,5,5,255,0.0093,Low,avg_satisfaction_score,15,Europe,2,2,Organic Search
CUST-01458,Thomas,Nguyen,Thomas Nguyen,thomas.nguyen@company109.com,42,36-50,Male,United States,Texas,Austin,2026-05-01,20260501,Partner,active,False,plan_enterprise,annual,499.0,5988.0,4.1,04-06 months,4990.0,True,5988.0,True,False,False,At Risk Accounts,Immediate customer success outreach; schedule quarterly business review,123,350.0,4990.0,1,3,5,135,0.0324,Low,avg_satisfaction_score,22,North America,2,4,Partner
CUST-01472,Angela,Ramirez,Angela Ramirez,angela.ramirez@company123.com,27,26-35,Female,United States,Washington,Seattle,2026-04-04,20260404,Direct,active,False,plan_pro,annual,179.0,2148.0,5.0,04-06 months,1790.0,False,0.0,False,False,False,At Risk Accounts,Immediate customer success outreach; schedule quarterly business review,150,329.0,1790.0,1,3,5,135,0.0276,Low,avg_satisfaction_score,23,North America,2,1,Direct
CUST-01487,Steven,Thompson,Steven Thompson,steven.thompson@company138.com,40,36-50,Male,United States,Colorado,Denver,2025-02-28,20250228,Direct,active,False,plan_pro,annual,179.0,2148.0,18.3,13-24 months,3580.0,False,0.0,False,False,False,Champions,Offer early access to beta features; invite to executive advisory board,550,1146.0,3580.0,4,5,5,455,0.0042,Low,recency_days,17,North America,2,1,Direct
CUST-00317,Ashley,Hill,Ashley Hill,ashley.hill@company318.com,56,51+,Female,United States,Washington,Seattle,2024-09-24,20240924,Referral,active,False,plan_growth,annual,79.0,948.0,23.6,13-24 months,1580.0,False,0.0,False,False,False,Champions,Offer early access to beta features; invite to executive advisory board,707,1030.0,1580.0,5,5,4,554,0.0216,Low,recency_days,23,North America,2,5,Referral
CUST-00353,Jacob,Wilson,Jacob Wilson,jacob.wilson@company354.com,29,26-35,Male,United States,New York,New York,2026-01-05,20260105,Social Media,active,False,plan_starter,multi_year,29.0,348.0,8.0,07-12 months,290.0,False,0.0,False,False,False,Hibernating / Lost,Automated re-engagement drip campaign; survey feature usability,239,259.0,290.0,2,2,2,222,0.0999,Low,active_day_ratio,21,North America,3,6,Social Media
CUST-00379,Ryan,Taylor,Ryan Taylor,ryan.taylor@company380.com,34,26-35,Male,Germany,Bavaria,Munich,2026-06-04,20260604,Social Media,active,False,plan_starter,annual,29.0,348.0,3.0,01-03 months,290.0,False,0.0,False,False,False,Hibernating / Lost,Automated re-engagement drip campaign; survey feature usability,89,83.0,290.0,1,1,2,112,0.0701,Low,session_frequency_per_month,9,Europe,2,6,Social Media
CUST-00422,Charles,Smith,Charles Smith,charles.smith@company423.com,47,36-50,Male,United States,Massachusetts,Boston,2026-03-04,20260304,Referral,active,False,plan_starter,annual,29.0,348.0,6.0,04-06 months,290.0,False,0.0,False,False,False,Hibernating / Lost,Automated re-engagement drip campaign; survey feature usability,181,202.0,290.0,1,2,2,122,0.0167,Low,avg_satisfaction_score,20,North America,2,5,Referral
CUST-00621,Edward,Garcia,Edward Garcia,edward.garcia@company172.com,48,36-50,Male,Canada,British Columbia,Vancouver,2025-08-24,20250824,Referral,active,False,plan_pro,monthly,179.0,2148.0,12.4,13-24 months,2327.0,False,0.0,False,False,False,Loyal Customers,Standard ongoing account nurturing,373,766.0,2327.0,3,5,5,355,0.0078,Low,avg_satisfaction_score,4,North America,1,5,Referral
CUST-00634,Gary,Lee,Gary Lee,gary.lee@company185.com,27,26-35,Male,Australia,Victoria,Melbourne,2024-11-09,20241109,Organic Search,active,False,plan_pro,monthly,179.0,2148.0,22.0,13-24 months,4117.0,False,0.0,False,False,False,Champions,Offer early access to beta features; invite to executive advisory board,661,1410.0,4117.0,5,5,5,555,0.0203,Low,recency_days,3,Asia-Pacific,1,2,Organic Search
CUST-00658,Timothy,King,Timothy King,timothy.king@company209.com,56,51+,Male,United States,Illinois,Chicago,2026-01-08,20260108,Referral,active,False,plan_growth,monthly,79.0,948.0,7.9,07-12 months,632.0,False,0.0,False,False,False,At Risk Accounts,Immediate customer success outreach; schedule quarterly business review,236,319.0,632.0,2,3,3,233,0.0841,Low,active_day_ratio,19,North America,1,5,Referral
CUST-00696,Jonathan,Miller,Jonathan Miller,jonathan.miller@company247.com,32,26-35,Male,United States,Colorado,Denver,2025-05-28,20250528,Organic Search,active,False,plan_growth,annual,79.0,948.0,15.4,13-24 months,1580.0,False,0.0,False,False,False,Champions,Offer early access to beta features; invite to executive advisory board,461,660.0,1580.0,4,4,4,444,0.0166,Low,avg_satisfaction_score,17,North America,2,2,Organic Search
CUST-00731,Angela,Flores,Angela Flores,angela.flores@company282.com,25,18-25,Female,Canada,British Columbia,Vancouver,2025-07-04,20250704,Organic Search,active,False,plan_growth,annual,79.0,948.0,14.1,13-24 months,1580.0,False,0.0,False,False,False,Loyal Customers,Standard ongoing account nurturing,424,651.0,1580.0,3,4,4,344,0.0101,Low,avg_satisfaction_score,4,North America,2,2,Organic Search
CUST-00732,Jeffrey,Martin,Jeffrey Martin,jeffrey.martin@company283.com,41,36-50,Male,United States,Texas,Austin,2025-02-07,20250207,Organic Search,active,False,plan_growth,annual,79.0,948.0,19.0,13-24 months,1580.0,False,0.0,False,False,False,Champions,Offer early access to beta features; invite to executive advisory board,571,856.0,1580.0,4,5,4,454,0.0231,Low,recency_days,22,North America,2,2,Organic Search
CUST-00783,Jennifer,Hill,Jennifer Hill,jennifer.hill@company334.com,63,51+,Female,United States,California,San Francisco,2026-03-27,20260327,Organic Search,churned,True,plan_growth,monthly,0.0,0.0,1.5,01-03 months,158.0,False,0.0,False,False,False,Hibernating / Lost,Automated re-engagement drip campaign; survey feature usability,158,43.0,158.0,1,1,1,111,0.8914,Critical,monthly_price,16,North America,1,2,Organic Search
CUST-00848,Amy,Garcia,Amy Garcia,amy.garcia@company399.com,51,51+,Female,United States,Washington,Seattle,2025-02-11,20250211,Organic Search,active,False,plan_pro,annual,179.0,2148.0,18.9,13-24 months,3580.0,False,0.0,False,False,False,Champions,Offer early access to beta features; invite to executive advisory board,567,1206.0,3580.0,4,5,5,455,0.0055,Low,recency_days,23,North America,2,2,Organic Search
CUST-00941,Jessica,Robinson,Jessica Robinson,jessica.robinson@company42.com,34,26-35,Female,United States,Massachusetts,Boston,2026-01-05,20260105,Partner,active,False,plan_growth,monthly,79.0,948.0,8.0,07-12 months,632.0,False,0.0,False,False,False,At Risk Accounts,Immediate customer success outreach; schedule quarterly business review,239,345.0,632.0,2,3,3,233,0.0243,Low,avg_satisfaction_score,20,North America,1,4,Partner
CUST-00977,David,Lee,David Lee,david.lee@company78.com,40,36-50,Male,Germany,Bavaria,Munich,2025-07-27,20250727,Social Media,active,False,plan_starter,monthly,29.0,348.0,13.4,13-24 months,406.0,False,0.0,False,False,False,General Subscribers,Standard ongoing account nurturing,401,479.0,406.0,3,4,2,342,0.0171,Low,avg_satisfaction_score,9,Europe,1,6,Social Media
CUST-00983,Edward,Walker,Edward Walker,edward.walker@company84.com,44,36-50,Male,Germany,Berlin,Berlin,2026-05-24,20260524,Referral,active,False,plan_growth,monthly,79.0,948.0,3.3,04-06 months,316.0,False,0.0,False,False,False,Hibernating / Lost,Automated re-engagement drip campaign; survey feature usability,100,138.0,316.0,1,1,2,112,0.0375,Low,avg_satisfaction_score,10,Europe,1,5,Referral
CUST-01109,Mary,Smith,Mary Smith,mary.smith@company210.com,47,36-50,Female,United States,Georgia,Atlanta,2026-07-19,20260719,Partner,active,False,plan_growth,monthly,79.0,948.0,1.5,01-03 months,158.0,False,0.0,False,False,False,Hibernating / Lost,Automated re-engagement drip campaign; survey feature usability,44,60.0,158.0,1,1,1,111,0.0803,Low,active_day_ratio,18,North America,1,4,Partner
CUST-01363,Edward,Smith,Edward Smith,edward.smith@company14.com,36,36-50,Male,Germany,Bavaria,Munich,2025-11-05,20251105,Referral,active,False,plan_growth,monthly,79.0,948.0,10.0,07-12 months,869.0,False,0.0,False,False,False,At Risk Accounts,Immediate customer success outreach; schedule quarterly business review,300,455.0,869.0,2,3,4,234,0.026,Low,avg_satisfaction_score,9,Europe,1,5,Referral
CUST-00039,James,Robinson,James Robinson,james.robinson@company40.com,52,51+,Male,United Kingdom,Greater London,London,2026-06-30,20260630,Organic Search,active,False,plan_starter,annual,29.0,348.0,2.1,01-03 months,290.0,False,0.0,False,False,False,Hibernating / Lost,Automated re-engagement drip campaign; survey feature usability,63,65.0,290.0,1,1,2,112,0.0581,Low,session_frequency_per_month,12,Europe,2,2,Organic Search
CUST-00197,Robert,Thomas,Robert Thomas,robert.thomas@company198.com,58,51+,Male,France,Île-de-France,Paris,2025-07-12,20250712,Paid Ads,active,False,plan_growth,monthly,79.0,948.0,13.9,13-24 months,1106.0,False,0.0,False,False,False,Loyal Customers,Standard ongoing account nurturing,416,647.0,1106.0,3,4,4,344,0.0183,Low,avg_satisfaction_score,8,Europe,1,3,Paid Ads
CUST-00356,Helen,Williams,Helen Williams,helen.williams@company357.com,57,51+,Female,United States,New York,New York,2025-10-20,20251020,Organic Search,active,False,plan_enterprise,monthly,499.0,5988.0,10.5,07-12 months,5489.0,False,0.0,False,False,False,Loyal Customers,Standard ongoing account nurturing,316,867.0,5489.0,3,5,5,355,0.0096,Low,avg_satisfaction_score,21,North America,1,2,Organic Search
CUST-00801,Brandon,Miller,Brandon Miller,brandon.miller@company352.com,50,36-50,Male,United Kingdom,West Midlands,Birmingham,2025-11-20,20251120,Paid Ads,churned,True,plan_starter,monthly,0.0,0.0,1.7,01-03 months,58.0,False,0.0,False,False,False,Hibernating / Lost,Automated re-engagement drip campaign; survey feature usability,285,44.0,58.0,2,1,1,211,0.9417,Critical,monthly_price,15,Europe,1,3,Paid Ads
CUST-00917,Kathleen,Davis,Kathleen Davis,kathleen.davis@company18.com,42,36-50,Female,Australia,Victoria,Melbourne,2026-02-27,20260227,Organic Search,active,False,plan_starter,monthly,29.0,348.0,6.2,07-12 months,203.0,False,0.0,False,False,False,Hibernating / Lost,Automated re-engagement drip campaign; survey feature usability,186,202.0,203.0,1,2,1,121,0.0198,Low,avg_satisfaction_score,3,Asia-Pacific,1,2,Organic Search
CUST-01410,Edward,White,Edward White,edward.white@company61.com,21,18-25,Male,Australia,Queensland,Brisbane,2025-12-01,20251201,Social Media,active,False,plan_growth,monthly,79.0,948.0,9.1,07-12 months,790.0,False,0.0,False,False,False,At Risk Accounts,Immediate customer success outreach; schedule quarterly business review,274,397.0,790.0,2,3,3,233,0.0221,Low,avg_satisfaction_score,2,Asia-Pacific,1,6,Social Media
CUST-01492,Kenneth,Nguyen,Kenneth Nguyen,kenneth.nguyen@company143.com,21,18-25,Male,United States,California,San Francisco,2026-01-05,20260105,Paid Ads,active,False,plan_starter,annual,29.0,348.0,8.0,07-12 months,290.0,False,0.0,False,False,False,General Subscribers,Standard ongoing account nurturing,239,286.0,290.0,2,3,2,232,0.0225,Low,avg_satisfaction_score,16,North America,2,3,Paid Ads
CUST-00089,Jonathan,Moore,Jonathan Moore,jonathan.moore@company90.com,55,51+,Male,Australia,Victoria,Melbourne,2025-04-21,20250421,Paid Ads,churned,True,plan_growth,monthly,0.0,0.0,14.7,13-24 months,1185.0,False,0.0,False,False,False,Champions,Offer early access to beta features; invite to executive advisory board,498,596.0,1185.0,4,4,4,444,0.7627,Critical,monthly_price,3,Asia-Pacific,1,3,Paid Ads
CUST-00204,Charles,Jones,Charles Jones,charles.jones@company205.com,27,26-35,Male,Germany,Hesse,Frankfurt,2025-11-19,20251119,Partner,active,False,plan_growth,annual,79.0,948.0,9.5,07-12 months,790.0,False,0.0,False,False,False,At Risk Accounts,Immediate customer success outreach; schedule quarterly business review,286,427.0,790.0,2,3,3,233,0.0377,Low,active_day_ratio,11,Europe,2,4,Partner
CUST-00531,Angela,King,Angela King,angela.king@company82.com,64,51+,Female,United Kingdom,West Midlands,Birmingham,2026-01-25,20260125,Referral,active,False,plan_enterprise,annual,499.0,5988.0,7.3,07-12 months,4990.0,False,0.0,False,False,False,Loyal Customers,Immediate customer success outreach; schedule quarterly business review,219,616.0,4990.0,2,4,5,245,0.0254,Low,avg_satisfaction_score,15,Europe,2,5,Referral
CUST-00815,Jessica,Nguyen,Jessica Nguyen,jessica.nguyen@company366.com,31,26-35,Female,Canada,Ontario,Toronto,2024-05-13,20240513,Partner,active,False,plan_growth,annual,79.0,948.0,28.0,25+ months,2370.0,False,0.0,False,False,False,Champions,Offer early access to beta features; invite to executive advisory board,841,1239.0,2370.0,5,5,5,555,0.0309,Low,recency_days,5,North America,2,4,Partner
CUST-01008,Jennifer,Rodriguez,Jennifer Rodriguez,jennifer.rodriguez@company109.com,31,26-35,Female,France,Auvergne-Rhône-Alpes,Lyon,2026-06-22,20260622,Partner,active,False,plan_pro,annual,179.0,2148.0,2.4,01-03 months,1790.0,False,0.0,False,False,False,About To Sleep,Automated re-engagement drip campaign; survey feature usability,71,159.0,1790.0,1,1,5,115,0.0265,Low,avg_satisfaction_score,7,Europe,2,4,Partner
CUST-00017,Stephen,Moore,Stephen Moore,stephen.moore@company18.com,45,36-50,Male,United States,Illinois,Chicago,2026-04-03,20260403,Paid Ads,active,False,plan_growth,monthly,79.0,948.0,5.0,04-06 months,474.0,False,0.0,False,False,False,Hibernating / Lost,Automated re-engagement drip campaign; survey feature usability,151,216.0,474.0,1,2,2,122,0.0273,Low,tenure_days,19,North America,1,3,Paid Ads
CUST-00019,Shirley,Hill,Shirley Hill,shirley.hill@company20.com,29,26-35,Female,United States,Texas,Austin,2026-03-07,20260307,Paid Ads,active,False,plan_starter,annual,29.0,348.0,5.9,04-06 months,290.0,False,0.0,False,False,False,Hibernating / Lost,Automated re-engagement drip campaign; survey feature usability,178,186.0,290.0,1,2,2,122,0.0653,Low,session_frequency_per_month,22,North America,2,3,Paid Ads
CUST-00024,Joshua,Sanchez,Joshua Sanchez,joshua.sanchez@company25.com,48,36-50,Male,United Kingdom,West Midlands,Birmingham,2025-12-31,20251231,Social Media,churned,True,plan_growth,monthly,0.0,0.0,5.5,04-06 months,474.0,False,0.0,False,True,False,Hibernating / Lost,Automated re-engagement drip campaign; survey feature usability,244,221.0,474.0,2,2,2,222,0.9932,Critical,monthly_price,15,Europe,1,6,Social Media
CUST-00105,Laura,Lewis,Laura Lewis,laura.lewis@company106.com,30,26-35,Female,United Kingdom,West Midlands,Birmingham,2026-01-01,20260101,Paid Ads,active,False,plan_pro,annual,179.0,2148.0,8.1,07-12 months,1790.0,True,2148.0,True,True,False,Loyal Customers,Immediate customer success outreach; schedule quarterly business review,243,474.0,1790.0,2,4,5,245,0.149,Low,has_support_friction,15,Europe,2,3,Paid Ads
CUST-00106,Benjamin,Miller,Benjamin Miller,benjamin.miller@company107.com,50,36-50,Male,United States,Washington,Seattle,2026-07-18,20260718,Organic Search,churned,True,plan_starter,monthly,0.0,0.0,1.5,01-03 months,58.0,False,0.0,False,True,False,Hibernating / Lost,Automated re-engagement drip campaign; survey feature usability,45,29.0,58.0,1,1,1,111,0.9864,Critical,monthly_price,23,North America,1,2,Organic Search
CUST-00122,Anna,Smith,Anna Smith,anna.smith@company123.com,27,26-35,Female,United States,New York,New York,2025-09-10,20250910,Paid Ads,active,False,plan_starter,multi_year,29.0,348.0,11.9,07-12 months,290.0,False,0.0,False,False,False,General Subscribers,Standard ongoing account nurturing,356,429.0,290.0,3,3,2,332,0.012,Low,contract_type_annual,21,North America,3,3,Paid Ads
CUST-00145,Richard,Williams,Richard Williams,richard.williams@company146.com,29,26-35,Male,United States,Massachusetts,Boston,2025-02-18,20250218,Partner,active,False,plan_pro,annual,179.0,2148.0,18.7,13-24 months,3580.0,False,0.0,False,False,False,Champions,Offer early access to beta features; invite to executive advisory board,560,1116.0,3580.0,4,5,5,455,0.0107,Low,recency_days,20,North America,2,4,Partner
CUST-00154,Ronald,Robinson,Ronald Robinson,ronald.robinson@company155.com,32,26-35,Male,Australia,Queensland,Brisbane,2024-10-30,20241030,Direct,churned,True,plan_growth,annual,0.0,0.0,3.1,04-06 months,790.0,False,0.0,False,True,False,Promising / New Customers,Standard ongoing account nurturing,671,113.0,790.0,5,1,3,513,0.9951,Critical,monthly_price,2,Asia-Pacific,2,1,Direct
CUST-00186,Rebecca,Jackson,Rebecca Jackson,rebecca.jackson@company187.com,40,36-50,Female,United States,Massachusetts,Boston,2025-09-20,20250920,Organic Search,active,False,plan_growth,monthly,79.0,948.0,11.5,07-12 months,948.0,False,0.0,False,False,False,Loyal Customers,Standard ongoing account nurturing,346,486.0,948.0,3,4,4,344,0.0244,Low,total_tickets_count,20,North America,1,2,Organic Search
CUST-00195,Ryan,Torres,Ryan Torres,ryan.torres@company196.com,49,36-50,Male,United States,Georgia,Atlanta,2025-05-13,20250513,Paid Ads,churned,True,plan_growth,monthly,0.0,0.0,8.4,07-12 months,711.0,False,0.0,False,True,False,Potential Loyalists,Standard ongoing account nurturing,476,344.0,711.0,4,3,3,433,0.9953,Critical,monthly_price,18,North America,1,3,Paid Ads
CUST-00236,Dorothy,Moore,Dorothy Moore,dorothy.moore@company237.com,28,26-35,Female,United States,Texas,Austin,2025-05-30,20250530,Paid Ads,churned,True,plan_growth,monthly,0.0,0.0,9.1,07-12 months,711.0,False,0.0,False,True,False,Potential Loyalists,Standard ongoing account nurturing,459,367.0,711.0,4,3,3,433,0.9974,Critical,monthly_price,22,North America,1,3,Paid Ads
CUST-00290,Steven,White,Steven White,steven.white@company291.com,43,36-50,Male,United States,New York,New York,2025-09-04,20250904,Paid Ads,churned,True,plan_growth,monthly,0.0,0.0,3.4,04-06 months,316.0,False,0.0,False,True,False,Promising / New Customers,Standard ongoing account nurturing,362,157.0,316.0,3,1,2,312,0.9982,Critical,monthly_price,21,North America,1,3,Paid Ads
CUST-00319,Cynthia,Miller,Cynthia Miller,cynthia.miller@company320.com,34,26-35,Female,Canada,British Columbia,Vancouver,2024-10-09,20241009,Social Media,churned,True,plan_starter,monthly,0.0,0.0,5.5,04-06 months,174.0,False,0.0,False,True,False,Potential Loyalists,Standard ongoing account nurturing,692,173.0,174.0,5,2,1,521,0.9937,Critical,monthly_price,4,North America,1,6,Social Media
CUST-00324,Lisa,Wright,Lisa Wright,lisa.wright@company325.com,52,51+,Female,France,Île-de-France,Paris,2024-11-15,20241115,Social Media,churned,True,plan_starter,monthly,0.0,0.0,21.4,13-24 months,638.0,False,0.0,True,True,False,Loyal Customers,Standard ongoing account nurturing,655,687.0,638.0,5,4,3,543,0.9778,Critical,monthly_price,8,Europe,1,6,Social Media
CUST-00336,Elizabeth,Martin,Elizabeth Martin,elizabeth.martin@company337.com,30,26-35,Female,United States,Colorado,Denver,2025-04-09,20250409,Referral,churned,True,plan_growth,monthly,0.0,0.0,15.3,13-24 months,1264.0,False,0.0,True,True,False,Champions,Offer early access to beta features; invite to executive advisory board,510,638.0,1264.0,4,4,4,444,0.9954,Critical,monthly_price,17,North America,1,5,Referral
CUST-00375,Amy,Hernandez,Amy Hernandez,amy.hernandez@company376.com,37,36-50,Female,United States,Washington,Seattle,2024-10-18,20241018,Organic Search,active,False,plan_growth,monthly,79.0,948.0,22.8,13-24 months,1817.0,False,0.0,False,False,False,Champions,Offer early access to beta features; invite to executive advisory board,683,1048.0,1817.0,5,5,5,555,0.0581,Low,urgent_ticket_ratio,23,North America,1,2,Organic Search
CUST-00384,Sarah,Rodriguez,Sarah Rodriguez,sarah.rodriguez@company385.com,27,26-35,Female,Canada,Ontario,Toronto,2025-10-14,20251014,Partner,active,False,plan_pro,annual,179.0,2148.0,10.7,07-12 months,1790.0,True,2148.0,False,True,False,Loyal Customers,Standard ongoing account nurturing,322,652.0,1790.0,3,4,4,344,0.1402,Low,has_support_friction,5,North America,2,4,Partner
CUST-00457,Kimberly,Miller,Kimberly Miller,kimberly.miller@company8.com,44,36-50,Female,United States,Georgia,Atlanta,2025-09-13,20250913,Partner,active,False,plan_growth,multi_year,79.0,948.0,11.8,07-12 months,790.0,False,0.0,False,False,False,Loyal Customers,Standard ongoing account nurturing,353,509.0,790.0,3,4,3,343,0.0451,Low,avg_resolution_hours,18,North America,3,4,Partner
CUST-00471,Angela,Clark,Angela Clark,angela.clark@company22.com,40,36-50,Female,Canada,British Columbia,Vancouver,2025-07-08,20250708,Referral,active,False,plan_starter,annual,29.0,348.0,14.0,13-24 months,580.0,False,0.0,False,False,False,Loyal Customers,Standard ongoing account nurturing,420,472.0,580.0,3,4,3,343,0.0377,Low,avg_satisfaction_score,4,North America,2,5,Referral
CUST-00487,Linda,White,Linda White,linda.white@company38.com,49,36-50,Female,United States,Georgia,Atlanta,2025-09-08,20250908,Paid Ads,active,False,plan_growth,monthly,79.0,948.0,11.9,07-12 months,948.0,False,0.0,False,False,False,Loyal Customers,Standard ongoing account nurturing,358,512.0,948.0,3,4,4,344,0.011,Low,contract_type_annual,18,North America,1,3,Paid Ads
CUST-00520,Carol,Thomas,Carol Thomas,carol.thomas@company71.com,31,26-35,Female,United Kingdom,Greater London,London,2025-04-05,20250405,Social Media,churned,True,plan_starter,annual,0.0,0.0,6.8,07-12 months,290.0,False,0.0,False,True,False,Potential Loyalists,Standard ongoing account nurturing,514,237.0,290.0,4,2,2,422,0.9949,Critical,monthly_price,12,Europe,2,6,Social Media
CUST-00534,Nicholas,Lee,Nicholas Lee,nicholas.lee@company85.com,28,26-35,Male,France,Île-de-France,Paris,2024-09-21,20240921,Paid Ads,active,False,plan_pro,monthly,179.0,2148.0,23.7,13-24 months,4296.0,False,0.0,False,False,False,Champions,Offer early access to beta features; invite to executive advisory board,710,1401.0,4296.0,5,5,5,555,0.0511,Low,recency_days,8,Europe,1,3,Paid Ads
CUST-00536,Laura,Lee,Laura Lee,laura.lee@company87.com,41,36-50,Female,United States,California,San Francisco,2025-05-11,20250511,Organic Search,active,False,plan_pro,monthly,179.0,2148.0,15.9,13-24 months,2864.0,False,0.0,False,False,False,Champions,Offer early access to beta features; invite to executive advisory board,478,953.0,2864.0,4,5,5,455,0.0037,Low,recency_days,16,North America,1,2,Organic Search
CUST-00544,Cynthia,Nguyen,Cynthia Nguyen,cynthia.nguyen@company95.com,37,36-50,Female,United States,Georgia,Atlanta,2025-07-14,20250714,Organic Search,active,False,plan_enterprise,monthly,499.0,5988.0,13.8,13-24 months,6986.0,False,0.0,False,False,False,Loyal Customers,Standard ongoing account nurturing,414,1137.0,6986.0,3,5,5,355,0.0046,Low,avg_satisfaction_score,18,North America,1,2,Organic Search
CUST-00548,Donna,Lewis,Donna Lewis,donna.lewis@company99.com,40,36-50,Female,United States,Illinois,Chicago,2024-11-05,20241105,Social Media,churned,True,plan_enterprise,monthly,0.0,0.0,8.1,07-12 months,3992.0,False,0.0,False,True,False,Champions,Offer early access to beta features; invite to executive advisory board,665,614.0,3992.0,5,4,5,545,0.9326,Critical,monthly_price,19,North America,1,6,Social Media
CUST-00592,Eric,Rodriguez,Eric Rodriguez,eric.rodriguez@company143.com,32,26-35,Male,United States,Texas,Austin,2025-08-29,20250829,Partner,active,False,plan_growth,annual,79.0,948.0,12.3,13-24 months,1580.0,True,948.0,False,True,False,Loyal Customers,Standard ongoing account nurturing,368,547.0,1580.0,3,4,4,344,0.1492,Low,has_support_friction,22,North America,2,4,Partner
CUST-00617,Kimberly,Martin,Kimberly Martin,kimberly.martin@company168.com,21,18-25,Female,Canada,British Columbia,Vancouver,2024-11-16,20241116,Partner,active,False,plan_enterprise,annual,499.0,5988.0,21.8,13-24 months,9980.0,False,0.0,False,False,False,Champions,Offer early access to beta features; invite to executive advisory board,654,1790.0,9980.0,5,5,5,555,0.0613,Low,recency_days,4,North America,2,4,Partner
CUST-00638,Emma,Lee,Emma Lee,emma.lee@company189.com,42,36-50,Female,France,Auvergne-Rhône-Alpes,Lyon,2026-06-28,20260628,Paid Ads,active,False,plan_growth,monthly,79.0,948.0,2.2,01-03 months,237.0,False,0.0,False,False,False,Hibernating / Lost,Automated re-engagement drip campaign; survey feature usability,65,90.0,237.0,1,1,1,111,0.0342,Low,total_sessions,7,Europe,1,3,Paid Ads
CUST-00644,Melissa,Sanchez,Melissa Sanchez,melissa.sanchez@company195.com,22,18-25,Female,United States,Texas,Austin,2025-05-26,20250526,Direct,active,False,plan_enterprise,monthly,499.0,5988.0,15.4,13-24 months,7984.0,False,0.0,False,False,False,Champions,Offer early access to beta features; invite to executive advisory board,463,1249.0,7984.0,4,5,5,455,0.0199,Low,recency_days,22,North America,1,1,Direct
CUST-00656,Rebecca,Hernandez,Rebecca Hernandez,rebecca.hernandez@company207.com,23,18-25,Female,United States,Washington,Seattle,2026-05-08,20260508,Referral,active,False,plan_starter,annual,29.0,348.0,3.9,04-06 months,290.0,True,348.0,True,False,False,Hibernating / Lost,Automated re-engagement drip campaign; survey feature usability,116,126.0,290.0,1,1,2,112,0.0495,Low,urgent_ticket_ratio,23,North America,2,5,Referral
CUST-00684,Ronald,Thompson,Ronald Thompson,ronald.thompson@company235.com,31,26-35,Male,United States,California,San Francisco,2026-04-05,20260405,Paid Ads,active,False,plan_growth,monthly,79.0,948.0,5.0,04-06 months,395.0,True,948.0,False,True,False,Hibernating / Lost,Automated re-engagement drip campaign; survey feature usability,149,201.0,395.0,1,2,2,122,0.1076,Low,has_support_friction,16,North America,1,3,Paid Ads
CUST-00695,Benjamin,Moore,Benjamin Moore,benjamin.moore@company246.com,33,26-35,Male,Canada,British Columbia,Vancouver,2024-07-19,20240719,Organic Search,churned,True,plan_starter,monthly,0.0,0.0,20.4,13-24 months,609.0,False,0.0,False,True,False,Loyal Customers,Standard ongoing account nurturing,774,662.0,609.0,5,4,3,543,0.989,Critical,monthly_price,4,North America,1,2,Organic Search
CUST-00714,Barbara,Sanchez,Barbara Sanchez,barbara.sanchez@company265.com,36,36-50,Female,Canada,Ontario,Toronto,2025-01-09,20250109,Partner,churned,True,plan_pro,monthly,0.0,0.0,8.2,07-12 months,1611.0,False,0.0,False,True,False,Potential Loyalists,Standard ongoing account nurturing,600,465.0,1611.0,5,3,4,534,0.9942,Critical,monthly_price,5,North America,1,4,Partner
CUST-00722,Anna,Walker,Anna Walker,anna.walker@company273.com,47,36-50,Female,France,Île-de-France,Paris,2025-11-24,20251124,Paid Ads,active,False,plan_growth,monthly,79.0,948.0,9.4,07-12 months,790.0,False,0.0,False,False,False,At Risk Accounts,Immediate customer success outreach; schedule quarterly business review,281,442.0,790.0,2,3,3,233,0.0154,Low,contract_type_annual,8,Europe,1,3,Paid Ads
CUST-00729,Linda,Taylor,Linda Taylor,linda.taylor@company280.com,42,36-50,Female,Australia,New South Wales,Sydney,2024-11-22,20241122,Direct,active,False,plan_starter,annual,29.0,348.0,21.6,13-24 months,580.0,False,0.0,False,False,False,Loyal Customers,Standard ongoing account nurturing,648,687.0,580.0,5,4,3,543,0.0935,Low,session_frequency_per_month,1,Asia-Pacific,2,1,Direct
CUST-00739,Sarah,Allen,Sarah Allen,sarah.allen@company290.com,36,36-50,Female,United States,Massachusetts,Boston,2025-03-13,20250313,Organic Search,churned,True,plan_starter,monthly,0.0,0.0,1.2,01-03 months,58.0,False,0.0,False,True,False,Promising / New Customers,Standard ongoing account nurturing,537,24.0,58.0,4,1,1,411,0.9999,Critical,monthly_price,20,North America,1,2,Organic Search
CUST-00742,Matthew,Lewis,Matthew Lewis,matthew.lewis@company293.com,40,36-50,Male,United States,Massachusetts,Boston,2025-03-24,20250324,Social Media,churned,True,plan_growth,monthly,0.0,0.0,12.4,13-24 months,1027.0,False,0.0,False,True,False,Champions,Offer early access to beta features; invite to executive advisory board,526,568.0,1027.0,4,4,4,444,0.9569,Critical,monthly_price,20,North America,1,6,Social Media
CUST-00761,Michael,Miller,Michael Miller,michael.miller@company312.com,30,26-35,Male,United States,Illinois,Chicago,2025-11-24,20251124,Referral,churned,True,plan_starter,monthly,0.0,0.0,7.0,07-12 months,203.0,False,0.0,False,True,False,Hibernating / Lost,Automated re-engagement drip campaign; survey feature usability,281,237.0,203.0,2,2,1,221,0.9968,Critical,monthly_price,19,North America,1,5,Referral
CUST-00771,Brian,Perez,Brian Perez,brian.perez@company322.com,37,36-50,Male,United Kingdom,Greater London,London,2026-01-25,20260125,Social Media,active,False,plan_growth,monthly,79.0,948.0,7.3,07-12 months,632.0,False,0.0,False,False,False,At Risk Accounts,Immediate customer success outreach; schedule quarterly business review,219,321.0,632.0,2,3,3,233,0.0316,Low,total_logins,12,Europe,1,6,Social Media
CUST-00808,Stephanie,Harris,Stephanie Harris,stephanie.harris@company359.com,32,26-35,Female,United States,Texas,Austin,2025-11-16,20251116,Paid Ads,active,False,plan_growth,monthly,79.0,948.0,9.6,07-12 months,790.0,False,0.0,False,False,False,At Risk Accounts,Immediate customer success outreach; schedule quarterly business review,289,402.0,790.0,2,3,3,233,0.0265,Low,acquisition_channel_Paid Ads,22,North America,1,3,Paid Ads
CUST-00810,Thomas,Smith,Thomas Smith,thomas.smith@company361.com,24,18-25,Male,United States,Georgia,Atlanta,2026-02-07,20260207,Referral,active,False,plan_pro,annual,179.0,2148.0,6.9,07-12 months,1790.0,False,0.0,False,False,False,At Risk Accounts,Immediate customer success outreach; schedule quarterly business review,206,415.0,1790.0,2,3,5,235,0.01,Low,total_active_days,18,North America,2,5,Referral
CUST-00817,Stephen,Nguyen,Stephen Nguyen,stephen.nguyen@company368.com,28,26-35,Male,United States,Massachusetts,Boston,2025-04-30,20250430,Paid Ads,churned,True,plan_growth,monthly,0.0,0.0,1.5,01-03 months,158.0,False,0.0,False,True,False,Promising / New Customers,Standard ongoing account nurturing,489,36.0,158.0,4,1,1,411,0.9999,Critical,monthly_price,20,North America,1,3,Paid Ads
CUST-00843,Stephanie,Torres,Stephanie Torres,stephanie.torres@company394.com,36,36-50,Female,Canada,British Columbia,Vancouver,2026-07-09,20260709,Paid Ads,active,False,plan_growth,monthly,79.0,948.0,1.8,01-03 months,158.0,False,0.0,False,False,False,Hibernating / Lost,Automated re-engagement drip campaign; survey feature usability,54,51.0,158.0,1,1,1,111,0.1799,Low,session_frequency_per_month,4,North America,1,3,Paid Ads
CUST-00892,Jessica,Martinez,Jessica Martinez,jessica.martinez@company443.com,28,26-35,Female,Australia,Queensland,Brisbane,2025-05-04,20250504,Direct,churned,True,plan_starter,monthly,0.0,0.0,12.8,13-24 months,377.0,False,0.0,False,True,False,Potential Loyalists,Standard ongoing account nurturing,485,441.0,377.0,4,3,2,432,0.9865,Critical,monthly_price,2,Asia-Pacific,1,1,Direct
CUST-00943,Laura,Anderson,Laura Anderson,laura.anderson@company44.com,28,26-35,Female,United States,Colorado,Denver,2024-03-21,20240321,Organic Search,active,False,plan_pro,annual,179.0,2148.0,29.8,25+ months,5370.0,False,0.0,False,False,False,Champions,Offer early access to beta features; invite to executive advisory board,894,1826.0,5370.0,5,5,5,555,0.0588,Low,recency_days,17,North America,2,2,Organic Search
CUST-00949,Karen,Robinson,Karen Robinson,karen.robinson@company50.com,21,18-25,Female,United States,Georgia,Atlanta,2025-03-17,20250317,Organic Search,churned,True,plan_starter,monthly,0.0,0.0,5.4,04-06 months,174.0,False,0.0,False,False,False,Promising / New Customers,Standard ongoing account nurturing,533,153.0,174.0,4,1,1,411,0.9526,Critical,monthly_price,18,North America,1,2,Organic Search
CUST-00997,Nancy,Torres,Nancy Torres,nancy.torres@company98.com,21,18-25,Female,Canada,British Columbia,Vancouver,2024-09-11,20240911,Partner,active,False,plan_enterprise,multi_year,499.0,5988.0,24.0,13-24 months,9980.0,False,0.0,False,False,False,Champions,Offer early access to beta features; invite to executive advisory board,720,1950.0,9980.0,5,5,5,555,0.1018,Low,avg_resolution_hours,4,North America,3,4,Partner
CUST-01005,James,Taylor,James Taylor,james.taylor@company106.com,34,26-35,Male,United States,Colorado,Denver,2025-01-24,20250124,Referral,churned,True,plan_starter,annual,0.0,0.0,10.1,07-12 months,290.0,False,0.0,False,True,False,Potential Loyalists,Standard ongoing account nurturing,585,341.0,290.0,4,3,2,432,0.9797,Critical,monthly_price,17,North America,2,5,Referral
CUST-01050,Michelle,Thomas,Michelle Thomas,michelle.thomas@company151.com,33,26-35,Female,United States,California,San Francisco,2025-04-14,20250414,Paid Ads,churned,True,plan_pro,monthly,0.0,0.0,2.5,01-03 months,537.0,False,0.0,False,True,False,Promising / New Customers,Standard ongoing account nurturing,505,107.0,537.0,4,1,3,413,0.8752,Critical,monthly_price,16,North America,1,3,Paid Ads
CUST-01058,Mary,Thomas,Mary Thomas,mary.thomas@company159.com,38,36-50,Female,United States,Illinois,Chicago,2025-12-31,20251231,Paid Ads,churned,True,plan_starter,monthly,0.0,0.0,6.9,07-12 months,203.0,False,0.0,True,True,False,Hibernating / Lost,Automated re-engagement drip campaign; survey feature usability,244,192.0,203.0,2,2,1,221,0.9606,Critical,monthly_price,19,North America,1,3,Paid Ads
CUST-01080,Brandon,Clark,Brandon Clark,brandon.clark@company181.com,29,26-35,Male,United States,Illinois,Chicago,2025-08-08,20250808,Organic Search,churned,True,plan_starter,monthly,0.0,0.0,7.6,07-12 months,232.0,False,0.0,False,True,False,Promising / New Customers,Standard ongoing account nurturing,389,242.0,232.0,3,2,1,321,0.9528,Critical,monthly_price,19,North America,1,2,Organic Search
CUST-01117,William,Nguyen,William Nguyen,william.nguyen@company218.com,33,26-35,Male,United States,Illinois,Chicago,2025-01-17,20250117,Direct,active,False,plan_pro,annual,179.0,2148.0,19.7,13-24 months,3580.0,False,0.0,False,False,False,Champions,Offer early access to beta features; invite to executive advisory board,592,1257.0,3580.0,5,5,5,555,0.0055,Low,recency_days,19,North America,2,1,Direct
CUST-01140,Nicholas,Anderson,Nicholas Anderson,nicholas.anderson@company241.com,55,51+,Male,United Kingdom,North West,Manchester,2026-01-13,20260113,Paid Ads,active,False,plan_growth,annual,79.0,948.0,7.7,07-12 months,790.0,True,948.0,False,True,False,At Risk Accounts,Immediate customer success outreach; schedule quarterly business review,231,334.0,790.0,2,3,3,233,0.0713,Low,has_support_friction,13,Europe,2,3,Paid Ads
CUST-01162,Brandon,Rodriguez,Brandon Rodriguez,brandon.rodriguez@company263.com,44,36-50,Male,Canada,Quebec,Montreal,2026-05-17,20260517,Paid Ads,active,False,plan_starter,annual,29.0,348.0,3.6,04-06 months,290.0,False,0.0,False,False,False,Hibernating / Lost,Automated re-engagement drip campaign; survey feature usability,107,111.0,290.0,1,1,2,112,0.0855,Low,session_frequency_per_month,6,North America,2,3,Paid Ads
CUST-01181,Stephanie,Flores,Stephanie Flores,stephanie.flores@company282.com,50,36-50,Female,Germany,Bavaria,Munich,2025-08-09,20250809,Organic Search,churned,True,plan_pro,annual,0.0,0.0,1.5,01-03 months,1790.0,False,0.0,False,True,False,Promising / New Customers,Standard ongoing account nurturing,388,63.0,1790.0,3,1,5,315,0.989,Critical,monthly_price,9,Europe,2,2,Organic Search
CUST-01217,Nicole,Wright,Nicole Wright,nicole.wright@company318.com,27,26-35,Female,Canada,British Columbia,Vancouver,2025-01-09,20250109,Paid Ads,churned,True,plan_growth,monthly,0.0,0.0,18.9,13-24 months,1501.0,False,0.0,True,True,False,Champions,Offer early access to beta features; invite to executive advisory board,600,773.0,1501.0,5,5,4,554,0.964,Critical,monthly_price,4,North America,1,3,Paid Ads
CUST-01238,Edward,Sanchez,Edward Sanchez,edward.sanchez@company339.com,36,36-50,Male,United States,Massachusetts,Boston,2025-02-12,20250212,Social Media,churned,True,plan_starter,monthly,0.0,0.0,13.1,13-24 months,377.0,False,0.0,False,False,False,Potential Loyalists,Standard ongoing account nurturing,566,433.0,377.0,4,3,2,432,0.8396,Critical,monthly_price,20,North America,1,6,Social Media
CUST-01251,Steven,Davis,Steven Davis,steven.davis@company352.com,27,26-35,Male,United States,Massachusetts,Boston,2024-04-27,20240427,Partner,churned,True,plan_growth,monthly,0.0,0.0,1.1,01-03 months,79.0,False,0.0,False,True,False,Promising / New Customers,Standard ongoing account nurturing,857,23.0,79.0,5,1,1,511,0.9998,Critical,monthly_price,20,North America,1,4,Partner
CUST-01297,Timothy,Smith,Timothy Smith,timothy.smith@company398.com,51,51+,Male,Australia,Queensland,Brisbane,2025-04-08,20250408,Organic Search,churned,True,plan_growth,monthly,0.0,0.0,2.9,01-03 months,237.0,False,0.0,False,False,False,Promising / New Customers,Standard ongoing account nurturing,511,104.0,237.0,4,1,1,411,0.9523,Critical,monthly_price,2,Asia-Pacific,1,2,Organic Search
CUST-01299,Brandon,Lewis,Brandon Lewis,brandon.lewis@company400.com,33,26-35,Male,United Kingdom,North West,Manchester,2024-07-21,20240721,Organic Search,active,False,plan_pro,annual,179.0,2148.0,25.7,25+ months,5370.0,False,0.0,False,False,False,Champions,Offer early access to beta features; invite to executive advisory board,772,1598.0,5370.0,5,5,5,555,0.0361,Low,recency_days,13,Europe,2,2,Organic Search
CUST-01300,Sarah,Allen,Sarah Allen,sarah.allen@company401.com,35,26-35,Female,United States,Georgia,Atlanta,2025-06-05,20250605,Paid Ads,churned,True,plan_pro,monthly,0.0,0.0,7.7,07-12 months,1432.0,False,0.0,False,True,False,Potential Loyalists,Standard ongoing account nurturing,453,462.0,1432.0,4,3,4,434,0.9678,Critical,monthly_price,18,North America,1,3,Paid Ads
CUST-01305,Timothy,Thompson,Timothy Thompson,timothy.thompson@company406.com,31,26-35,Male,United States,Washington,Seattle,2025-10-25,20251025,Organic Search,active,False,plan_growth,monthly,79.0,948.0,10.4,07-12 months,869.0,False,0.0,False,False,False,General Subscribers,Standard ongoing account nurturing,311,460.0,869.0,3,3,4,334,0.012,Low,contract_type_annual,23,North America,1,2,Organic Search
CUST-01319,Ronald,Clark,Ronald Clark,ronald.clark@company420.com,27,26-35,Male,Canada,Ontario,Toronto,2026-07-11,20260711,Organic Search,active,False,plan_growth,monthly,79.0,948.0,1.7,01-03 months,158.0,False,0.0,False,False,False,Hibernating / Lost,Automated re-engagement drip campaign; survey feature usability,52,55.0,158.0,1,1,1,111,0.0414,Low,login_frequency_per_month,5,North America,1,2,Organic Search
CUST-01321,Emily,Thompson,Emily Thompson,emily.thompson@company422.com,36,36-50,Female,United States,California,San Francisco,2024-07-29,20240729,Organic Search,churned,True,plan_starter,monthly,0.0,0.0,19.4,13-24 months,580.0,False,0.0,False,True,False,Loyal Customers,Standard ongoing account nurturing,764,692.0,580.0,5,4,3,543,0.9882,Critical,monthly_price,16,North America,1,2,Organic Search
CUST-01341,Kimberly,Hill,Kimberly Hill,kimberly.hill@company442.com,36,36-50,Female,Germany,Berlin,Berlin,2026-03-03,20260303,Paid Ads,active,False,plan_pro,monthly,179.0,2148.0,6.1,07-12 months,1253.0,False,0.0,False,False,False,At Risk Accounts,Immediate customer success outreach; schedule quarterly business review,182,392.0,1253.0,1,3,4,134,0.0512,Low,avg_resolution_hours,10,Europe,1,3,Paid Ads
CUST-01365,Larry,Clark,Larry Clark,larry.clark@company16.com,30,26-35,Male,Germany,Berlin,Berlin,2024-12-12,20241212,Partner,churned,True,plan_growth,multi_year,0.0,0.0,4.9,04-06 months,790.0,False,0.0,False,True,False,Potential Loyalists,Standard ongoing account nurturing,628,220.0,790.0,5,2,4,524,0.9453,Critical,monthly_price,10,Europe,3,4,Partner
CUST-01386,Ashley,Wilson,Ashley Wilson,ashley.wilson@company37.com,39,36-50,Female,United Kingdom,North West,Manchester,2025-04-09,20250409,Referral,active,False,plan_pro,multi_year,179.0,2148.0,17.0,13-24 months,3580.0,True,2148.0,True,False,False,Champions,Offer early access to beta features; invite to executive advisory board,510,1036.0,3580.0,4,5,5,455,0.0184,Low,is_engagement_declining,13,Europe,3,5,Referral
CUST-01393,Benjamin,Brown,Benjamin Brown,benjamin.brown@company44.com,43,36-50,Male,United States,California,San Francisco,2026-01-13,20260113,Organic Search,active,False,plan_pro,annual,179.0,2148.0,7.7,07-12 months,1790.0,False,0.0,False,False,False,Loyal Customers,Immediate customer success outreach; schedule quarterly business review,231,495.0,1790.0,2,4,5,245,0.0101,Low,tenure_months,16,North America,2,2,Organic Search
CUST-01419,Ashley,Smith,Ashley Smith,ashley.smith@company70.com,43,36-50,Female,United States,California,San Francisco,2025-10-07,20251007,Organic Search,active,False,plan_pro,monthly,179.0,2148.0,11.0,07-12 months,1969.0,False,0.0,False,False,False,Loyal Customers,Standard ongoing account nurturing,329,738.0,1969.0,3,5,5,355,0.004,Low,contract_type_annual,16,North America,1,2,Organic Search
CUST-01430,Margaret,Sanchez,Margaret Sanchez,margaret.sanchez@company81.com,31,26-35,Female,Germany,Bavaria,Munich,2026-05-19,20260519,Organic Search,churned,True,plan_growth,monthly,0.0,0.0,2.6,01-03 months,237.0,False,0.0,True,True,False,Hibernating / Lost,Automated re-engagement drip campaign; survey feature usability,105,109.0,237.0,1,1,1,111,0.9986,Critical,monthly_price,9,Europe,1,2,Organic Search
CUST-01431,Donald,Clark,Donald Clark,donald.clark@company82.com,35,26-35,Male,United States,Georgia,Atlanta,2025-06-24,20250624,Social Media,active,False,plan_growth,annual,79.0,948.0,14.5,13-24 months,1580.0,False,0.0,False,False,False,Loyal Customers,Standard ongoing account nurturing,434,684.0,1580.0,3,4,4,344,0.0113,Low,recency_days,18,North America,2,6,Social Media
CUST-01439,Nicholas,Ramirez,Nicholas Ramirez,nicholas.ramirez@company90.com,48,36-50,Male,United States,Illinois,Chicago,2024-08-14,20240814,Social Media,active,False,plan_starter,annual,29.0,348.0,24.9,25+ months,870.0,False,0.0,False,False,False,Champions,Offer early access to beta features; invite to executive advisory board,748,893.0,870.0,5,5,4,554,0.0375,Low,recency_days,19,North America,2,6,Social Media
CUST-01470,Linda,Lewis,Linda Lewis,linda.lewis@company121.com,29,26-35,Female,United States,Colorado,Denver,2024-11-05,20241105,Partner,churned,True,plan_growth,annual,0.0,0.0,5.6,04-06 months,790.0,False,0.0,False,True,False,Potential Loyalists,Standard ongoing account nurturing,665,236.0,790.0,5,2,3,523,0.9944,Critical,monthly_price,17,North America,2,4,Partner
CUST-00013,Paul,Scott,Paul Scott,paul.scott@company14.com,37,36-50,Male,Canada,British Columbia,Vancouver,2026-01-25,20260125,Social Media,churned,True,plan_growth,monthly,0.0,0.0,7.2,07-12 months,632.0,False,0.0,False,True,False,At Risk Accounts,Immediate customer success outreach; schedule quarterly business review,219,321.0,632.0,2,3,3,233,0.9836,Critical,monthly_price,4,North America,1,6,Social Media
CUST-00028,Rebecca,Gonzalez,Rebecca Gonzalez,rebecca.gonzalez@company29.com,30,26-35,Female,United Kingdom,Scotland,Edinburgh,2025-09-19,20250919,Paid Ads,churned,True,plan_starter,monthly,0.0,0.0,2.2,01-03 months,58.0,False,0.0,False,False,False,Promising / New Customers,Standard ongoing account nurturing,347,52.0,58.0,3,1,1,311,0.9757,Critical,monthly_price,14,Europe,1,3,Paid Ads
CUST-00037,Scott,Hill,Scott Hill,scott.hill@company38.com,42,36-50,Male,United States,Massachusetts,Boston,2025-06-29,20250629,Direct,active,False,plan_enterprise,monthly,499.0,5988.0,14.3,13-24 months,7485.0,False,0.0,False,False,False,Loyal Customers,Standard ongoing account nurturing,429,1151.0,7485.0,3,5,5,355,0.0096,Low,total_tickets_count,20,North America,1,1,Direct
CUST-00294,Brandon,Garcia,Brandon Garcia,brandon.garcia@company295.com,29,26-35,Male,United Kingdom,Scotland,Edinburgh,2026-03-03,20260303,Organic Search,active,False,plan_growth,annual,79.0,948.0,6.1,07-12 months,790.0,False,0.0,False,False,False,About To Sleep,Automated re-engagement drip campaign; survey feature usability,182,279.0,790.0,1,2,3,123,0.0189,Low,total_session_minutes,14,Europe,2,2,Organic Search
CUST-00385,Amy,Martinez,Amy Martinez,amy.martinez@company386.com,21,18-25,Female,United States,Colorado,Denver,2024-07-27,20240727,Paid Ads,churned,True,plan_pro,monthly,0.0,0.0,1.3,01-03 months,358.0,False,0.0,False,False,False,Promising / New Customers,Standard ongoing account nurturing,766,55.0,358.0,5,1,2,512,0.8791,Critical,monthly_price,17,North America,1,3,Paid Ads
CUST-00392,Joshua,Hernandez,Joshua Hernandez,joshua.hernandez@company393.com,58,51+,Male,Australia,New South Wales,Sydney,2026-04-17,20260417,Referral,active,False,plan_growth,annual,79.0,948.0,4.6,04-06 months,790.0,False,0.0,False,False,False,About To Sleep,Automated re-engagement drip campaign; survey feature usability,137,193.0,790.0,1,2,3,123,0.1055,Low,urgent_ticket_ratio,1,Asia-Pacific,2,5,Referral
CUST-00393,Barbara,White,Barbara White,barbara.white@company394.com,28,26-35,Female,United Kingdom,Greater London,London,2026-02-19,20260219,Paid Ads,churned,True,plan_starter,monthly,0.0,0.0,5.7,04-06 months,174.0,False,0.0,True,False,False,Hibernating / Lost,Automated re-engagement drip campaign; survey feature usability,194,159.0,174.0,2,1,1,211,0.889,Critical,monthly_price,12,Europe,1,3,Paid Ads
CUST-00447,Nicholas,Wright,Nicholas Wright,nicholas.wright@company448.com,22,18-25,Male,United States,New York,New York,2025-11-18,20251118,Organic Search,active,False,plan_pro,monthly,179.0,2148.0,9.6,07-12 months,1790.0,False,0.0,False,False,False,Loyal Customers,Immediate customer success outreach; schedule quarterly business review,287,619.0,1790.0,2,4,5,245,0.064,Low,urgent_ticket_ratio,21,North America,1,2,Organic Search
CUST-00532,Gary,Thompson,Gary Thompson,gary.thompson@company83.com,63,51+,Male,United Kingdom,North West,Manchester,2025-09-18,20250918,Social Media,churned,True,plan_starter,annual,0.0,0.0,9.6,07-12 months,290.0,False,0.0,False,False,False,General Subscribers,Standard ongoing account nurturing,348,301.0,290.0,3,3,2,332,0.8973,Critical,monthly_price,13,Europe,2,6,Social Media
CUST-00549,Anna,Wilson,Anna Wilson,anna.wilson@company100.com,43,36-50,Female,United Kingdom,Scotland,Edinburgh,2026-01-29,20260129,Referral,active,False,plan_starter,annual,29.0,348.0,7.2,07-12 months,290.0,False,0.0,False,False,False,Hibernating / Lost,Automated re-engagement drip campaign; survey feature usability,215,224.0,290.0,2,2,2,222,0.0767,Low,session_frequency_per_month,14,Europe,2,5,Referral
CUST-00593,Amanda,Williams,Amanda Williams,amanda.williams@company144.com,26,26-35,Female,United States,New York,New York,2025-10-01,20251001,Organic Search,active,False,plan_starter,annual,29.0,348.0,11.2,07-12 months,290.0,False,0.0,False,False,False,General Subscribers,Standard ongoing account nurturing,335,404.0,290.0,3,3,2,332,0.0097,Low,acquisition_channel_Organic Search,21,North America,2,2,Organic Search
CUST-00650,Jessica,Thompson,Jessica Thompson,jessica.thompson@company201.com,47,36-50,Female,France,Île-de-France,Paris,2025-11-19,20251119,Referral,active,False,plan_growth,monthly,79.0,948.0,9.5,07-12 months,790.0,False,0.0,False,False,False,At Risk Accounts,Immediate customer success outreach; schedule quarterly business review,286,418.0,790.0,2,3,3,233,0.009,Low,contract_type_annual,8,Europe,1,5,Referral
CUST-00674,Michael,Moore,Michael Moore,michael.moore@company225.com,41,36-50,Male,United States,Georgia,Atlanta,2026-02-12,20260212,Organic Search,active,False,plan_growth,monthly,79.0,948.0,6.7,07-12 months,553.0,False,0.0,False,False,False,At Risk Accounts,Immediate customer success outreach; schedule quarterly business review,201,310.0,553.0,2,3,3,233,0.0343,Low,active_day_ratio,18,North America,1,2,Organic Search
CUST-00769,Benjamin,Clark,Benjamin Clark,benjamin.clark@company320.com,28,26-35,Male,United States,Washington,Seattle,2025-08-05,20250805,Organic Search,churned,True,plan_pro,annual,0.0,0.0,13.1,13-24 months,3580.0,False,0.0,False,True,False,Loyal Customers,Standard ongoing account nurturing,392,787.0,3580.0,3,5,5,355,0.8764,Critical,monthly_price,23,North America,2,2,Organic Search
CUST-00863,Amanda,Clark,Amanda Clark,amanda.clark@company414.com,35,26-35,Female,United States,New York,New York,2024-06-28,20240628,Direct,churned,True,plan_pro,monthly,0.0,0.0,12.3,13-24 months,2327.0,False,0.0,False,True,False,Champions,Offer early access to beta features; invite to executive advisory board,795,735.0,2327.0,5,5,5,555,0.9725,Critical,monthly_price,21,North America,1,1,Direct
CUST-00884,Emma,Wright,Emma Wright,emma.wright@company435.com,31,26-35,Female,United States,New York,New York,2024-02-17,20240217,Referral,churned,True,plan_growth,monthly,0.0,0.0,25.5,25+ months,2054.0,False,0.0,False,True,False,Champions,Offer early access to beta features; invite to executive advisory board,927,1125.0,2054.0,5,5,5,555,0.9033,Critical,monthly_price,21,North America,1,5,Referral
CUST-00946,Daniel,Jones,Daniel Jones,daniel.jones@company47.com,36,36-50,Male,United States,Washington,Seattle,2026-01-18,20260118,Referral,active,False,plan_pro,monthly,179.0,2148.0,7.5,07-12 months,1432.0,True,2148.0,False,True,False,At Risk Accounts,Immediate customer success outreach; schedule quarterly business review,226,465.0,1432.0,2,3,4,234,0.2501,Medium,has_support_friction,23,North America,1,5,Referral
CUST-00956,Anna,Wright,Anna Wright,anna.wright@company57.com,36,36-50,Female,United States,Texas,Austin,2025-01-27,20250127,Paid Ads,active,False,plan_starter,monthly,29.0,348.0,19.4,13-24 months,580.0,False,0.0,False,False,False,Loyal Customers,Standard ongoing account nurturing,582,708.0,580.0,4,5,3,453,0.0227,Low,recency_days,22,North America,1,3,Paid Ads
CUST-00992,Brandon,Clark,Brandon Clark,brandon.clark@company93.com,44,36-50,Male,United States,Georgia,Atlanta,2025-02-14,20250214,Social Media,churned,True,plan_enterprise,monthly,0.0,0.0,1.3,01-03 months,998.0,False,0.0,False,True,False,Promising / New Customers,Standard ongoing account nurturing,564,44.0,998.0,4,1,4,414,0.9977,Critical,monthly_price,18,North America,1,6,Social Media
CUST-01029,Rebecca,Miller,Rebecca Miller,rebecca.miller@company130.com,24,18-25,Female,Canada,British Columbia,Vancouver,2025-06-07,20250607,Paid Ads,churned,True,plan_starter,monthly,0.0,0.0,7.0,07-12 months,203.0,False,0.0,False,False,False,Potential Loyalists,Standard ongoing account nurturing,451,242.0,203.0,4,2,1,421,0.9756,Critical,monthly_price,4,North America,1,3,Paid Ads
CUST-01052,Brian,Ramirez,Brian Ramirez,brian.ramirez@company153.com,30,26-35,Male,United States,Washington,Seattle,2024-09-29,20240929,Paid Ads,churned,True,plan_starter,monthly,0.0,0.0,4.3,04-06 months,145.0,False,0.0,False,True,False,Promising / New Customers,Standard ongoing account nurturing,702,111.0,145.0,5,1,1,511,0.9958,Critical,monthly_price,23,North America,1,3,Paid Ads
CUST-01087,Carol,Wright,Carol Wright,carol.wright@company188.com,44,36-50,Female,United Kingdom,West Midlands,Birmingham,2025-05-09,20250509,Partner,active,False,plan_pro,annual,179.0,2148.0,16.0,13-24 months,3580.0,False,0.0,False,False,False,Champions,Offer early access to beta features; invite to executive advisory board,480,934.0,3580.0,4,5,5,455,0.0288,Low,urgent_ticket_ratio,15,Europe,2,4,Partner
CUST-01123,Jeffrey,Jones,Jeffrey Jones,jeffrey.jones@company224.com,34,26-35,Male,United States,Massachusetts,Boston,2025-07-19,20250719,Paid Ads,active,False,plan_enterprise,monthly,499.0,5988.0,13.6,13-24 months,6986.0,False,0.0,False,False,False,Loyal Customers,Standard ongoing account nurturing,409,1118.0,6986.0,3,5,5,355,0.0264,Low,active_day_ratio,20,North America,1,3,Paid Ads
CUST-01150,Stephen,Jackson,Stephen Jackson,stephen.jackson@company251.com,57,51+,Male,United States,California,San Francisco,2025-06-22,20250622,Referral,active,False,plan_starter,multi_year,29.0,348.0,14.5,13-24 months,580.0,False,0.0,False,False,False,Loyal Customers,Standard ongoing account nurturing,436,505.0,580.0,4,4,3,443,0.0762,Low,urgent_ticket_ratio,16,North America,3,5,Referral
CUST-01206,Edward,Young,Edward Young,edward.young@company307.com,28,26-35,Male,United States,Washington,Seattle,2025-07-31,20250731,Referral,active,False,plan_pro,monthly,179.0,2148.0,13.2,13-24 months,2506.0,False,0.0,False,False,False,Loyal Customers,Standard ongoing account nurturing,397,791.0,2506.0,3,5,5,355,0.0361,Low,avg_resolution_hours,23,North America,1,5,Referral
CUST-01215,Barbara,White,Barbara White,barbara.white@company316.com,23,18-25,Female,United States,Georgia,Atlanta,2026-03-27,20260327,Paid Ads,active,False,plan_starter,monthly,29.0,348.0,5.3,04-06 months,174.0,True,348.0,True,False,False,Hibernating / Lost,Automated re-engagement drip campaign; survey feature usability,158,174.0,174.0,1,2,1,121,0.0425,Low,is_engagement_declining,18,North America,1,3,Paid Ads
CUST-01303,Shirley,Williams,Shirley Williams,shirley.williams@company404.com,46,36-50,Female,Australia,Victoria,Melbourne,2025-09-14,20250914,Organic Search,churned,True,plan_pro,monthly,0.0,0.0,1.4,01-03 months,358.0,False,0.0,False,True,False,Promising / New Customers,Standard ongoing account nurturing,352,42.0,358.0,3,1,2,312,0.9892,Critical,monthly_price,3,Asia-Pacific,1,2,Organic Search
CUST-01404,Kathleen,Walker,Kathleen Walker,kathleen.walker@company55.com,30,26-35,Female,Germany,Hesse,Frankfurt,2024-08-31,20240831,Paid Ads,active,False,plan_starter,monthly,29.0,348.0,24.4,25+ months,725.0,False,0.0,False,False,False,Loyal Customers,Standard ongoing account nurturing,731,823.0,725.0,5,5,3,553,0.0197,Low,recency_days,11,Europe,1,3,Paid Ads
CUST-01412,Jessica,Lopez,Jessica Lopez,jessica.lopez@company63.com,30,26-35,Female,United States,Texas,Austin,2026-07-03,20260703,Paid Ads,active,False,plan_starter,monthly,29.0,348.0,2.0,01-03 months,87.0,True,348.0,True,False,False,Hibernating / Lost,Automated re-engagement drip campaign; survey feature usability,60,67.0,87.0,1,1,1,111,0.0936,Low,high_urgency_tickets_count,22,North America,1,3,Paid Ads
CUST-01449,Ashley,Torres,Ashley Torres,ashley.torres@company100.com,26,26-35,Female,United States,California,San Francisco,2025-10-28,20251028,Social Media,churned,True,plan_pro,monthly,0.0,0.0,1.9,01-03 months,358.0,False,0.0,False,False,False,Hibernating / Lost,Automated re-engagement drip campaign; survey feature usability,308,101.0,358.0,2,1,2,212,0.8894,Critical,monthly_price,16,North America,1,6,Social Media
CUST-01499,Helen,Lopez,Helen Lopez,helen.lopez@company150.com,36,36-50,Female,Australia,Victoria,Melbourne,2025-08-21,20250821,Organic Search,active,False,plan_enterprise,annual,499.0,5988.0,12.5,13-24 months,9980.0,False,0.0,False,False,False,Loyal Customers,Standard ongoing account nurturing,376,994.0,9980.0,3,5,5,355,0.0034,Low,total_tickets_count,3,Asia-Pacific,2,2,Organic Search
CUST-00026,William,Brown,William Brown,william.brown@company27.com,21,18-25,Male,Australia,Victoria,Melbourne,2024-09-04,20240904,Organic Search,churned,True,plan_pro,monthly,0.0,0.0,11.2,07-12 months,1969.0,False,0.0,False,True,False,Champions,Offer early access to beta features; invite to executive advisory board,727,667.0,1969.0,5,4,5,545,0.9736,Critical,monthly_price,3,Asia-Pacific,1,2,Organic Search
CUST-00181,Kenneth,Nguyen,Kenneth Nguyen,kenneth.nguyen@company182.com,28,26-35,Male,United Kingdom,Greater London,London,2026-05-16,20260516,Organic Search,active,False,plan_pro,annual,179.0,2148.0,3.6,04-06 months,1790.0,False,0.0,False,False,False,About To Sleep,Automated re-engagement drip campaign; survey feature usability,108,235.0,1790.0,1,2,5,125,0.0212,Low,active_day_ratio,12,Europe,2,2,Organic Search
CUST-00245,Joseph,King,Joseph King,joseph.king@company246.com,32,26-35,Male,United States,Massachusetts,Boston,2025-07-12,20250712,Direct,active,False,plan_pro,annual,179.0,2148.0,13.9,13-24 months,3580.0,False,0.0,False,False,False,Loyal Customers,Standard ongoing account nurturing,416,818.0,3580.0,3,5,5,355,0.0147,Low,avg_resolution_hours,20,North America,2,1,Direct
CUST-00494,Pamela,Miller,Pamela Miller,pamela.miller@company45.com,32,26-35,Female,France,Auvergne-Rhône-Alpes,Lyon,2025-01-01,20250101,Referral,churned,True,plan_growth,monthly,0.0,0.0,13.1,13-24 months,1027.0,False,0.0,False,True,False,Champions,Offer early access to beta features; invite to executive advisory board,608,525.0,1027.0,5,4,4,544,0.9936,Critical,monthly_price,7,Europe,1,5,Referral
CUST-00589,Pamela,Wilson,Pamela Wilson,pamela.wilson@company140.com,49,36-50,Female,United Kingdom,West Midlands,Birmingham,2024-04-10,20240410,Referral,churned,True,plan_growth,monthly,0.0,0.0,7.9,07-12 months,632.0,False,0.0,False,True,False,Potential Loyalists,Standard ongoing account nurturing,874,311.0,632.0,5,3,3,533,0.9924,Critical,monthly_price,15,Europe,1,5,Referral
CUST-00609,Brandon,Wright,Brandon Wright,brandon.wright@company160.com,36,36-50,Male,Australia,Queensland,Brisbane,2024-11-14,20241114,Referral,churned,True,plan_starter,monthly,0.0,0.0,14.7,13-24 months,435.0,False,0.0,False,True,False,Potential Loyalists,Standard ongoing account nurturing,656,508.0,435.0,5,4,2,542,0.9937,Critical,monthly_price,2,Asia-Pacific,1,5,Referral
CUST-00692,Amy,King,Amy King,amy.king@company243.com,50,36-50,Female,United Kingdom,Greater London,London,2024-06-06,20240606,Paid Ads,churned,True,plan_enterprise,monthly,0.0,0.0,4.9,04-06 months,2495.0,False,0.0,False,True,False,Potential Loyalists,Standard ongoing account nurturing,817,351.0,2495.0,5,3,5,535,0.9575,Critical,monthly_price,12,Europe,1,3,Paid Ads
CUST-00834,Kimberly,Gonzalez,Kimberly Gonzalez,kimberly.gonzalez@company385.com,29,26-35,Female,United Kingdom,Greater London,London,2025-08-23,20250823,Direct,active,False,plan_growth,monthly,79.0,948.0,12.5,13-24 months,1027.0,False,0.0,False,False,False,Loyal Customers,Standard ongoing account nurturing,374,552.0,1027.0,3,4,4,344,0.0091,Low,contract_type_annual,12,Europe,1,1,Direct
CUST-00931,Mark,Martin,Mark Martin,mark.martin@company32.com,35,26-35,Male,United States,New York,New York,2025-10-26,20251026,Paid Ads,active,False,plan_starter,monthly,29.0,348.0,10.3,07-12 months,319.0,False,0.0,False,False,False,General Subscribers,Standard ongoing account nurturing,310,355.0,319.0,3,3,2,332,0.0452,Low,high_urgency_tickets_count,21,North America,1,3,Paid Ads
CUST-00952,Cynthia,Gonzalez,Cynthia Gonzalez,cynthia.gonzalez@company53.com,27,26-35,Female,United States,Illinois,Chicago,2026-01-11,20260111,Paid Ads,active,False,plan_starter,annual,29.0,348.0,7.8,07-12 months,290.0,False,0.0,False,False,False,General Subscribers,Standard ongoing account nurturing,233,293.0,290.0,2,3,2,232,0.0588,Low,high_urgency_tickets_count,19,North America,2,3,Paid Ads
CUST-00984,Michael,Thomas,Michael Thomas,michael.thomas@company85.com,41,36-50,Male,United States,Massachusetts,Boston,2025-04-05,20250405,Social Media,churned,True,plan_starter,annual,0.0,0.0,13.1,13-24 months,580.0,False,0.0,False,True,False,Potential Loyalists,Standard ongoing account nurturing,514,389.0,580.0,4,3,3,433,0.9903,Critical,monthly_price,20,North America,2,6,Social Media
CUST-00999,Deborah,Rodriguez,Deborah Rodriguez,deborah.rodriguez@company100.com,27,26-35,Female,United States,Washington,Seattle,2025-06-20,20250620,Direct,churned,True,plan_pro,monthly,0.0,0.0,12.9,13-24 months,2327.0,False,0.0,True,True,False,Champions,Offer early access to beta features; invite to executive advisory board,438,763.0,2327.0,4,5,5,455,0.9429,Critical,monthly_price,23,North America,1,1,Direct
CUST-01242,Jennifer,Lee,Jennifer Lee,jennifer.lee@company343.com,49,36-50,Female,United States,Georgia,Atlanta,2025-05-17,20250517,Paid Ads,churned,True,plan_starter,monthly,0.0,0.0,5.8,04-06 months,174.0,False,0.0,False,True,False,Promising / New Customers,Standard ongoing account nurturing,472,157.0,174.0,4,1,1,411,0.9966,Critical,monthly_price,18,North America,1,3,Paid Ads
CUST-01491,Joshua,Young,Joshua Young,joshua.young@company142.com,32,26-35,Male,Germany,Berlin,Berlin,2025-01-16,20250116,Paid Ads,churned,True,plan_growth,monthly,0.0,0.0,4.7,04-06 months,395.0,False,0.0,False,False,False,Potential Loyalists,Standard ongoing account nurturing,593,196.0,395.0,5,2,2,522,0.8965,Critical,monthly_price,10,Europe,1,3,Paid Ads
CUST-01493,Michael,Taylor,Michael Taylor,michael.taylor@company144.com,24,18-25,Male,Australia,Queensland,Brisbane,2025-12-07,20251207,Referral,churned,True,plan_growth,annual,0.0,0.0,2.2,01-03 months,790.0,False,0.0,False,True,False,About To Sleep,Automated re-engagement drip campaign; survey feature usability,268,81.0,790.0,2,1,3,213,0.9061,Critical,monthly_price,2,Asia-Pacific,2,5,Referral
CUST-00031,Ryan,Scott,Ryan Scott,ryan.scott@company32.com,21,18-25,Male,United Kingdom,Greater London,London,2025-06-04,20250604,Direct,active,False,plan_growth,annual,79.0,948.0,15.1,13-24 months,1580.0,False,0.0,False,False,False,Champions,Offer early access to beta features; invite to executive advisory board,454,641.0,1580.0,4,4,4,444,0.0393,Low,recency_days,12,Europe,2,1,Direct
CUST-00051,Rebecca,Thomas,Rebecca Thomas,rebecca.thomas@company52.com,21,18-25,Female,Germany,Berlin,Berlin,2025-06-18,20250618,Paid Ads,churned,True,plan_starter,monthly,0.0,0.0,10.6,07-12 months,319.0,False,0.0,False,False,False,Potential Loyalists,Standard ongoing account nurturing,440,327.0,319.0,4,3,2,432,0.9254,Critical,monthly_price,10,Europe,1,3,Paid Ads
CUST-00056,Amanda,Lee,Amanda Lee,amanda.lee@company57.com,32,26-35,Female,France,Île-de-France,Paris,2025-09-29,20250929,Paid Ads,active,False,plan_growth,monthly,79.0,948.0,11.2,07-12 months,948.0,True,948.0,False,True,False,Loyal Customers,Standard ongoing account nurturing,337,501.0,948.0,3,4,4,344,0.1099,Low,has_support_friction,8,Europe,1,3,Paid Ads
CUST-00058,Brian,Flores,Brian Flores,brian.flores@company59.com,26,26-35,Male,Germany,Hesse,Frankfurt,2024-10-21,20241021,Social Media,churned,True,plan_starter,annual,0.0,0.0,9.1,07-12 months,290.0,False,0.0,False,False,False,Potential Loyalists,Standard ongoing account nurturing,680,289.0,290.0,5,3,2,532,0.9505,Critical,monthly_price,11,Europe,2,6,Social Media
CUST-00639,Stephanie,Anderson,Stephanie Anderson,stephanie.anderson@company190.com,38,36-50,Female,United States,Colorado,Denver,2025-08-07,20250807,Paid Ads,active,False,plan_pro,monthly,179.0,2148.0,13.0,13-24 months,2506.0,False,0.0,False,False,False,Loyal Customers,Standard ongoing account nurturing,390,790.0,2506.0,3,5,5,355,0.0692,Low,avg_resolution_hours,17,North America,1,3,Paid Ads
CUST-00994,Melissa,Lopez,Melissa Lopez,melissa.lopez@company95.com,26,26-35,Female,United States,Washington,Seattle,2024-11-12,20241112,Organic Search,active,False,plan_starter,annual,29.0,348.0,21.9,13-24 months,580.0,False,0.0,False,False,False,Loyal Customers,Standard ongoing account nurturing,658,708.0,580.0,5,5,3,553,0.0611,Low,recency_days,23,North America,2,2,Organic Search
CUST-01038,David,Martin,David Martin,david.martin@company139.com,41,36-50,Male,United States,Colorado,Denver,2024-07-23,20240723,Organic Search,churned,True,plan_growth,monthly,0.0,0.0,9.9,07-12 months,790.0,False,0.0,False,True,False,Potential Loyalists,Standard ongoing account nurturing,770,415.0,790.0,5,3,3,533,0.972,Critical,monthly_price,17,North America,1,2,Organic Search
CUST-01040,Kenneth,Torres,Kenneth Torres,kenneth.torres@company141.com,43,36-50,Male,United States,Massachusetts,Boston,2025-12-19,20251219,Organic Search,active,False,plan_pro,monthly,179.0,2148.0,8.5,07-12 months,1611.0,False,0.0,False,False,False,Loyal Customers,Immediate customer success outreach; schedule quarterly business review,256,537.0,1611.0,2,4,4,244,0.0202,Low,tenure_months,20,North America,1,2,Organic Search
CUST-01041,Rebecca,Young,Rebecca Young,rebecca.young@company142.com,53,51+,Female,United Kingdom,Scotland,Edinburgh,2026-03-16,20260316,Organic Search,active,False,plan_growth,annual,79.0,948.0,5.6,04-06 months,790.0,False,0.0,False,False,False,About To Sleep,Automated re-engagement drip campaign; survey feature usability,169,245.0,790.0,1,2,3,123,0.0263,Low,avg_resolution_hours,14,Europe,2,2,Organic Search
CUST-01045,Patricia,Hernandez,Patricia Hernandez,patricia.hernandez@company146.com,23,18-25,Female,United States,Massachusetts,Boston,2026-01-11,20260111,Paid Ads,active,False,plan_growth,monthly,79.0,948.0,7.8,07-12 months,632.0,True,948.0,False,True,False,At Risk Accounts,Immediate customer success outreach; schedule quarterly business review,233,330.0,632.0,2,3,3,233,0.1225,Low,has_support_friction,20,North America,1,3,Paid Ads
CUST-01212,Scott,Scott,Scott Scott,scott.scott@company313.com,47,36-50,Male,Australia,New South Wales,Sydney,2026-05-19,20260519,Paid Ads,active,False,plan_starter,monthly,29.0,348.0,3.5,04-06 months,116.0,False,0.0,False,False,False,Hibernating / Lost,Automated re-engagement drip campaign; survey feature usability,105,119.0,116.0,1,1,1,111,0.0265,Low,avg_session_minutes,1,Asia-Pacific,1,3,Paid Ads
CUST-01270,John,Nguyen,John Nguyen,john.nguyen@company371.com,48,36-50,Male,United Kingdom,Scotland,Edinburgh,2025-03-10,20250310,Referral,active,False,plan_starter,monthly,29.0,348.0,18.0,13-24 months,551.0,False,0.0,False,False,False,Loyal Customers,Standard ongoing account nurturing,540,618.0,551.0,4,4,3,443,0.0618,Low,avg_resolution_hours,14,Europe,1,5,Referral
CUST-01432,Joshua,Smith,Joshua Smith,joshua.smith@company83.com,37,36-50,Male,United Kingdom,Greater London,London,2024-08-10,20240810,Organic Search,active,False,plan_pro,annual,179.0,2148.0,25.1,25+ months,5370.0,False,0.0,False,False,False,Champions,Offer early access to beta features; invite to executive advisory board,752,1504.0,5370.0,5,5,5,555,0.0222,Low,recency_days,12,Europe,2,2,Organic Search
CUST-00016,Deborah,Hill,Deborah Hill,deborah.hill@company17.com,48,36-50,Female,United Kingdom,Greater London,London,2026-02-13,20260213,Referral,active,False,plan_growth,monthly,79.0,948.0,6.7,07-12 months,553.0,False,0.0,False,False,False,At Risk Accounts,Immediate customer success outreach; schedule quarterly business review,200,301.0,553.0,2,3,3,233,0.0455,Low,active_day_ratio,12,Europe,1,5,Referral
CUST-00043,Larry,Martinez,Larry Martinez,larry.martinez@company44.com,29,26-35,Male,United Kingdom,Scotland,Edinburgh,2025-12-24,20251224,Organic Search,active,False,plan_starter,annual,29.0,348.0,8.4,07-12 months,290.0,False,0.0,False,False,False,Hibernating / Lost,Automated re-engagement drip campaign; survey feature usability,251,284.0,290.0,2,2,2,222,0.031,Low,avg_satisfaction_score,14,Europe,2,2,Organic Search
CUST-00234,Paul,White,Paul White,paul.white@company235.com,33,26-35,Male,Australia,New South Wales,Sydney,2024-06-15,20240615,Referral,active,False,plan_starter,monthly,29.0,348.0,26.9,25+ months,783.0,False,0.0,False,False,False,Loyal Customers,Standard ongoing account nurturing,808,920.0,783.0,5,5,3,553,0.0705,Low,recency_days,1,Asia-Pacific,1,5,Referral
CUST-00244,Sarah,Scott,Sarah Scott,sarah.scott@company245.com,48,36-50,Female,United States,Texas,Austin,2025-11-09,20251109,Paid Ads,active,False,plan_enterprise,monthly,499.0,5988.0,9.9,07-12 months,4990.0,False,0.0,False,False,False,Loyal Customers,Immediate customer success outreach; schedule quarterly business review,296,840.0,4990.0,2,5,5,255,0.0139,Low,avg_satisfaction_score,22,North America,1,3,Paid Ads
CUST-00267,Pamela,Martin,Pamela Martin,pamela.martin@company268.com,48,36-50,Female,Canada,Quebec,Montreal,2026-02-06,20260206,Referral,active,False,plan_growth,monthly,79.0,948.0,6.9,07-12 months,553.0,False,0.0,False,False,False,At Risk Accounts,Immediate customer success outreach; schedule quarterly business review,207,296.0,553.0,2,3,3,233,0.0363,Low,avg_satisfaction_score,6,North America,1,5,Referral
CUST-00270,Dorothy,Clark,Dorothy Clark,dorothy.clark@company271.com,29,26-35,Female,Canada,British Columbia,Vancouver,2025-08-11,20250811,Paid Ads,active,False,plan_starter,monthly,29.0,348.0,12.9,13-24 months,377.0,False,0.0,False,False,False,General Subscribers,Standard ongoing account nurturing,386,464.0,377.0,3,3,2,332,0.0291,Low,avg_satisfaction_score,4,North America,1,3,Paid Ads
CUST-00276,Kenneth,Williams,Kenneth Williams,kenneth.williams@company277.com,34,26-35,Male,Canada,British Columbia,Vancouver,2025-05-25,20250525,Direct,active,False,plan_pro,monthly,179.0,2148.0,15.5,13-24 months,2864.0,False,0.0,False,False,False,Champions,Offer early access to beta features; invite to executive advisory board,464,969.0,2864.0,4,5,5,455,0.0108,Low,avg_satisfaction_score,4,North America,1,1,Direct
CUST-00295,Michael,Scott,Michael Scott,michael.scott@company296.com,45,36-50,Male,United States,Texas,Austin,2025-11-30,20251130,Organic Search,churned,True,plan_growth,monthly,0.0,0.0,5.1,04-06 months,474.0,False,0.0,False,False,False,Hibernating / Lost,Automated re-engagement drip campaign; survey feature usability,275,200.0,474.0,2,2,2,222,0.7338,High,monthly_price,22,North America,1,2,Organic Search
CUST-00367,Edward,Lee,Edward Lee,edward.lee@company368.com,37,36-50,Male,United States,Georgia,Atlanta,2024-10-29,20241029,Paid Ads,churned,True,plan_starter,annual,0.0,0.0,4.1,04-06 months,290.0,False,0.0,False,False,False,Promising / New Customers,Standard ongoing account nurturing,672,129.0,290.0,5,1,2,512,0.9102,Critical,monthly_price,18,North America,2,3,Paid Ads
CUST-00470,David,Thompson,David Thompson,david.thompson@company21.com,50,36-50,Male,United States,Washington,Seattle,2025-07-09,20250709,Referral,active,False,plan_growth,annual,79.0,948.0,14.0,13-24 months,1580.0,False,0.0,False,False,False,Loyal Customers,Standard ongoing account nurturing,419,575.0,1580.0,3,4,4,344,0.0404,Low,avg_satisfaction_score,23,North America,2,5,Referral
CUST-00524,Daniel,Perez,Daniel Perez,daniel.perez@company75.com,40,36-50,Male,United States,Illinois,Chicago,2026-03-31,20260331,Social Media,active,False,plan_growth,monthly,79.0,948.0,5.1,04-06 months,474.0,False,0.0,False,False,False,Hibernating / Lost,Automated re-engagement drip campaign; survey feature usability,154,240.0,474.0,1,2,2,122,0.021,Low,avg_satisfaction_score,19,North America,1,6,Social Media
CUST-00572,Steven,Scott,Steven Scott,steven.scott@company123.com,37,36-50,Male,Germany,Bavaria,Munich,2026-03-07,20260307,Paid Ads,active,False,plan_starter,annual,29.0,348.0,5.9,04-06 months,290.0,False,0.0,False,False,False,Hibernating / Lost,Automated re-engagement drip campaign; survey feature usability,178,205.0,290.0,1,2,2,122,0.0165,Low,avg_satisfaction_score,9,Europe,2,3,Paid Ads
CUST-00654,Sandra,Lee,Sandra Lee,sandra.lee@company205.com,24,18-25,Female,United States,Illinois,Chicago,2025-01-20,20250120,Referral,churned,True,plan_starter,annual,0.0,0.0,10.9,07-12 months,290.0,False,0.0,False,False,False,Potential Loyalists,Standard ongoing account nurturing,589,348.0,290.0,5,3,2,532,0.904,Critical,monthly_price,19,North America,2,5,Referral
CUST-00678,Larry,King,Larry King,larry.king@company229.com,25,18-25,Male,United States,Illinois,Chicago,2025-11-14,20251114,Organic Search,active,False,plan_growth,annual,79.0,948.0,9.7,07-12 months,790.0,False,0.0,False,False,False,At Risk Accounts,Immediate customer success outreach; schedule quarterly business review,291,431.0,790.0,2,3,3,233,0.0156,Low,avg_satisfaction_score,19,North America,2,2,Organic Search
CUST-00779,Margaret,King,Margaret King,margaret.king@company330.com,35,26-35,Female,United States,California,San Francisco,2025-09-20,20250920,Partner,active,False,plan_growth,annual,79.0,948.0,11.5,07-12 months,790.0,False,0.0,False,False,False,Loyal Customers,Standard ongoing account nurturing,346,500.0,790.0,3,4,3,343,0.0131,Low,avg_satisfaction_score,16,North America,2,4,Partner
CUST-00796,Kevin,Scott,Kevin Scott,kevin.scott@company347.com,47,36-50,Male,Germany,Hesse,Frankfurt,2026-05-09,20260509,Paid Ads,active,False,plan_growth,monthly,79.0,948.0,3.8,04-06 months,316.0,False,0.0,False,False,False,Hibernating / Lost,Automated re-engagement drip campaign; survey feature usability,115,180.0,316.0,1,2,2,122,0.0224,Low,avg_satisfaction_score,11,Europe,1,3,Paid Ads
CUST-00819,Donna,Hernandez,Donna Hernandez,donna.hernandez@company370.com,26,26-35,Female,Australia,Queensland,Brisbane,2026-03-09,20260309,Paid Ads,active,False,plan_growth,monthly,79.0,948.0,5.9,04-06 months,474.0,False,0.0,False,False,False,Hibernating / Lost,Automated re-engagement drip campaign; survey feature usability,176,259.0,474.0,1,2,2,122,0.0208,Low,avg_satisfaction_score,2,Asia-Pacific,1,3,Paid Ads
CUST-00830,Sharon,Flores,Sharon Flores,sharon.flores@company381.com,50,36-50,Female,Germany,Bavaria,Munich,2024-10-05,20241005,Organic Search,active,False,plan_pro,annual,179.0,2148.0,23.2,13-24 months,3580.0,False,0.0,False,False,False,Champions,Offer early access to beta features; invite to executive advisory board,696,1482.0,3580.0,5,5,5,555,0.0195,Low,recency_days,9,Europe,2,2,Organic Search
CUST-00858,Anna,Hernandez,Anna Hernandez,anna.hernandez@company409.com,26,26-35,Female,Australia,New South Wales,Sydney,2025-11-25,20251125,Organic Search,active,False,plan_pro,monthly,179.0,2148.0,9.3,07-12 months,1790.0,False,0.0,False,False,False,Loyal Customers,Immediate customer success outreach; schedule quarterly business review,280,557.0,1790.0,2,4,5,245,0.0212,Low,avg_satisfaction_score,1,Asia-Pacific,1,2,Organic Search
CUST-00885,Linda,Allen,Linda Allen,linda.allen@company436.com,56,51+,Female,United Kingdom,Greater London,London,2025-10-05,20251005,Organic Search,active,False,plan_pro,monthly,179.0,2148.0,11.0,07-12 months,2148.0,False,0.0,False,False,False,Loyal Customers,Standard ongoing account nurturing,331,681.0,2148.0,3,4,5,345,0.0222,Low,avg_satisfaction_score,12,Europe,1,2,Organic Search
CUST-00920,Edward,Allen,Edward Allen,edward.allen@company21.com,40,36-50,Male,United States,Illinois,Chicago,2026-04-07,20260407,Organic Search,active,False,plan_growth,monthly,79.0,948.0,4.9,04-06 months,395.0,False,0.0,False,False,False,Hibernating / Lost,Automated re-engagement drip campaign; survey feature usability,147,224.0,395.0,1,2,2,122,0.0206,Low,avg_satisfaction_score,19,North America,1,2,Organic Search
CUST-00939,Melissa,Nguyen,Melissa Nguyen,melissa.nguyen@company40.com,37,36-50,Female,United Kingdom,Greater London,London,2025-05-26,20250526,Organic Search,churned,True,plan_growth,monthly,0.0,0.0,11.4,07-12 months,948.0,False,0.0,False,False,False,Champions,Offer early access to beta features; invite to executive advisory board,463,482.0,948.0,4,4,4,444,0.7409,High,monthly_price,12,Europe,1,2,Organic Search
CUST-01031,Jennifer,Garcia,Jennifer Garcia,jennifer.garcia@company132.com,26,26-35,Female,Canada,British Columbia,Vancouver,2025-01-08,20250108,Referral,active,False,plan_starter,annual,29.0,348.0,20.0,13-24 months,580.0,False,0.0,False,False,False,Loyal Customers,Standard ongoing account nurturing,601,651.0,580.0,5,4,3,543,0.0865,Low,recency_days,4,North America,2,5,Referral
CUST-01035,Michelle,Flores,Michelle Flores,michelle.flores@company136.com,47,36-50,Female,United Kingdom,West Midlands,Birmingham,2025-05-10,20250510,Social Media,churned,True,plan_starter,annual,0.0,0.0,9.7,07-12 months,290.0,False,0.0,False,False,False,Potential Loyalists,Standard ongoing account nurturing,479,314.0,290.0,4,3,2,432,0.8748,Critical,monthly_price,15,Europe,2,6,Social Media
CUST-01049,Matthew,Gonzalez,Matthew Gonzalez,matthew.gonzalez@company150.com,38,36-50,Male,United States,Colorado,Denver,2025-04-14,20250414,Direct,active,False,plan_starter,annual,29.0,348.0,16.8,13-24 months,580.0,False,0.0,False,False,False,Loyal Customers,Standard ongoing account nurturing,505,564.0,580.0,4,4,3,443,0.0248,Low,avg_satisfaction_score,17,North America,2,1,Direct
CUST-01051,Amanda,Hernandez,Amanda Hernandez,amanda.hernandez@company152.com,32,26-35,Female,Germany,Hesse,Frankfurt,2024-12-01,20241201,Organic Search,active,False,plan_growth,monthly,79.0,948.0,21.3,13-24 months,1738.0,False,0.0,False,False,False,Champions,Offer early access to beta features; invite to executive advisory board,639,956.0,1738.0,5,5,4,554,0.0141,Low,recency_days,11,Europe,1,2,Organic Search
CUST-01060,Sandra,Rodriguez,Sandra Rodriguez,sandra.rodriguez@company161.com,52,51+,Female,United States,Colorado,Denver,2025-11-24,20251124,Social Media,active,False,plan_starter,monthly,29.0,348.0,9.4,07-12 months,290.0,False,0.0,False,False,False,General Subscribers,Standard ongoing account nurturing,281,312.0,290.0,2,3,2,232,0.0373,Low,avg_satisfaction_score,17,North America,1,6,Social Media
CUST-01132,Pamela,Gonzalez,Pamela Gonzalez,pamela.gonzalez@company233.com,43,36-50,Female,United States,New York,New York,2025-12-22,20251222,Referral,active,False,plan_pro,annual,179.0,2148.0,8.4,07-12 months,1790.0,False,0.0,False,False,False,Loyal Customers,Immediate customer success outreach; schedule quarterly business review,253,526.0,1790.0,2,4,5,245,0.016,Low,avg_satisfaction_score,21,North America,2,5,Referral
CUST-01176,Ronald,Wilson,Ronald Wilson,ronald.wilson@company277.com,31,26-35,Male,United States,Colorado,Denver,2024-03-03,20240303,Social Media,churned,True,plan_starter,monthly,0.0,0.0,4.3,04-06 months,145.0,False,0.0,False,False,False,Promising / New Customers,Standard ongoing account nurturing,912,127.0,145.0,5,1,1,511,0.9186,Critical,monthly_price,17,North America,1,6,Social Media
CUST-01209,Carol,Thomas,Carol Thomas,carol.thomas@company310.com,27,26-35,Female,United States,Washington,Seattle,2025-09-17,20250917,Social Media,active,False,plan_growth,annual,79.0,948.0,11.6,07-12 months,790.0,False,0.0,False,False,False,Loyal Customers,Standard ongoing account nurturing,349,512.0,790.0,3,4,3,343,0.0208,Low,avg_satisfaction_score,23,North America,2,6,Social Media
CUST-01337,Linda,Thomas,Linda Thomas,linda.thomas@company438.com,37,36-50,Female,United States,New York,New York,2025-05-21,20250521,Organic Search,active,False,plan_starter,annual,29.0,348.0,15.6,13-24 months,580.0,True,348.0,True,False,False,Loyal Customers,Standard ongoing account nurturing,468,511.0,580.0,4,4,3,443,0.0993,Low,active_day_ratio,21,North America,2,2,Organic Search
CUST-01403,Jeffrey,Perez,Jeffrey Perez,jeffrey.perez@company54.com,45,36-50,Male,United States,Washington,Seattle,2026-03-05,20260305,Paid Ads,active,False,plan_growth,monthly,79.0,948.0,6.0,04-06 months,553.0,False,0.0,False,False,False,About To Sleep,Automated re-engagement drip campaign; survey feature usability,180,247.0,553.0,1,2,3,123,0.0542,Low,active_day_ratio,23,North America,1,3,Paid Ads
CUST-01413,Donna,Ramirez,Donna Ramirez,donna.ramirez@company64.com,53,51+,Female,Canada,Ontario,Toronto,2026-05-21,20260521,Direct,active,False,plan_growth,annual,79.0,948.0,3.4,04-06 months,790.0,True,948.0,True,False,False,About To Sleep,Automated re-engagement drip campaign; survey feature usability,103,160.0,790.0,1,2,3,123,0.0343,Low,avg_satisfaction_score,5,North America,2,1,Direct
CUST-01425,John,Flores,John Flores,john.flores@company76.com,42,36-50,Male,Australia,New South Wales,Sydney,2025-04-25,20250425,Referral,churned,True,plan_starter,monthly,0.0,0.0,1.8,01-03 months,58.0,False,0.0,False,False,False,Promising / New Customers,Standard ongoing account nurturing,494,43.0,58.0,4,1,1,411,0.9476,Critical,monthly_price,1,Asia-Pacific,1,5,Referral
CUST-00119,Rebecca,Brown,Rebecca Brown,rebecca.brown@company120.com,34,26-35,Female,United States,Georgia,Atlanta,2026-01-14,20260114,Referral,active,False,plan_growth,monthly,79.0,948.0,7.7,07-12 months,632.0,False,0.0,False,False,False,At Risk Accounts,Immediate customer success outreach; schedule quarterly business review,230,309.0,632.0,2,3,3,233,0.0381,Low,avg_satisfaction_score,18,North America,1,5,Referral
CUST-00152,William,Robinson,William Robinson,william.robinson@company153.com,40,36-50,Male,United States,Colorado,Denver,2025-03-05,20250305,Organic Search,active,False,plan_pro,annual,179.0,2148.0,18.2,13-24 months,3580.0,False,0.0,False,False,False,Champions,Offer early access to beta features; invite to executive advisory board,545,1126.0,3580.0,4,5,5,455,0.0042,Low,recency_days,17,North America,2,2,Organic Search
CUST-00198,Deborah,Clark,Deborah Clark,deborah.clark@company199.com,48,36-50,Female,United Kingdom,Greater London,London,2025-08-22,20250822,Partner,active,False,plan_starter,annual,29.0,348.0,12.5,13-24 months,580.0,True,348.0,True,False,False,General Subscribers,Standard ongoing account nurturing,375,410.0,580.0,3,3,3,333,0.047,Low,is_engagement_declining,12,Europe,2,4,Partner
CUST-00459,Brenda,Anderson,Brenda Anderson,brenda.anderson@company10.com,35,26-35,Female,United States,California,San Francisco,2026-06-21,20260621,Organic Search,active,False,plan_starter,monthly,29.0,348.0,2.4,01-03 months,87.0,False,0.0,False,False,False,Hibernating / Lost,Automated re-engagement drip campaign; survey feature usability,72,80.0,87.0,1,1,1,111,0.0325,Low,login_frequency_per_month,16,North America,1,2,Organic Search
CUST-00528,Amanda,Flores,Amanda Flores,amanda.flores@company79.com,33,26-35,Female,Canada,Quebec,Montreal,2025-10-21,20251021,Direct,active,False,plan_starter,multi_year,29.0,348.0,10.5,07-12 months,290.0,False,0.0,False,False,False,General Subscribers,Standard ongoing account nurturing,315,338.0,290.0,3,3,2,332,0.0607,Low,avg_satisfaction_score,6,North America,3,1,Direct
CUST-00575,Nicole,Garcia,Nicole Garcia,nicole.garcia@company126.com,29,26-35,Female,Australia,Victoria,Melbourne,2026-01-16,20260116,Paid Ads,active,False,plan_starter,monthly,29.0,348.0,7.6,07-12 months,232.0,True,348.0,True,False,False,Hibernating / Lost,Automated re-engagement drip campaign; survey feature usability,228,267.0,232.0,2,2,1,221,0.0601,Low,is_engagement_declining,3,Asia-Pacific,1,3,Paid Ads
CUST-00627,Sandra,Hill,Sandra Hill,sandra.hill@company178.com,53,51+,Female,United States,Colorado,Denver,2025-07-17,20250717,Referral,active,False,plan_pro,annual,179.0,2148.0,13.7,13-24 months,3580.0,False,0.0,False,False,False,Loyal Customers,Standard ongoing account nurturing,411,824.0,3580.0,3,5,5,355,0.006,Low,avg_satisfaction_score,17,North America,2,5,Referral
CUST-00706,Barbara,Torres,Barbara Torres,barbara.torres@company257.com,38,36-50,Female,Australia,Queensland,Brisbane,2025-11-23,20251123,Organic Search,active,False,plan_growth,annual,79.0,948.0,9.4,07-12 months,790.0,False,0.0,False,False,False,At Risk Accounts,Immediate customer success outreach; schedule quarterly business review,282,423.0,790.0,2,3,3,233,0.0155,Low,avg_satisfaction_score,2,Asia-Pacific,2,2,Organic Search
CUST-00748,Jonathan,Martinez,Jonathan Martinez,jonathan.martinez@company299.com,31,26-35,Male,United Kingdom,Greater London,London,2026-04-06,20260406,Partner,active,False,plan_growth,monthly,79.0,948.0,4.9,04-06 months,395.0,False,0.0,False,False,False,Hibernating / Lost,Automated re-engagement drip campaign; survey feature usability,148,201.0,395.0,1,2,2,122,0.0362,Low,avg_satisfaction_score,12,Europe,1,4,Partner
CUST-00787,Anna,Lee,Anna Lee,anna.lee@company338.com,31,26-35,Female,Australia,Victoria,Melbourne,2024-10-09,20241009,Referral,active,False,plan_starter,monthly,29.0,348.0,23.1,13-24 months,696.0,False,0.0,False,False,False,Loyal Customers,Standard ongoing account nurturing,692,734.0,696.0,5,5,3,553,0.0928,Low,recency_days,3,Asia-Pacific,1,5,Referral
CUST-00813,Matthew,Ramirez,Matthew Ramirez,matthew.ramirez@company364.com,44,36-50,Male,United Kingdom,North West,Manchester,2026-03-06,20260306,Partner,active,False,plan_growth,monthly,79.0,948.0,6.0,04-06 months,474.0,False,0.0,False,False,False,Hibernating / Lost,Automated re-engagement drip campaign; survey feature usability,179,232.0,474.0,1,2,2,122,0.0366,Low,avg_satisfaction_score,13,Europe,1,4,Partner
CUST-00846,Barbara,Robinson,Barbara Robinson,barbara.robinson@company397.com,43,36-50,Female,United States,Washington,Seattle,2025-07-21,20250721,Organic Search,active,False,plan_pro,monthly,179.0,2148.0,13.6,13-24 months,2506.0,False,0.0,False,False,False,Loyal Customers,Standard ongoing account nurturing,407,820.0,2506.0,3,5,5,355,0.0079,Low,avg_satisfaction_score,23,North America,1,2,Organic Search
CUST-00869,Ryan,Nguyen,Ryan Nguyen,ryan.nguyen@company420.com,29,26-35,Male,United States,Massachusetts,Boston,2025-05-14,20250514,Organic Search,active,False,plan_pro,annual,179.0,2148.0,15.8,13-24 months,3580.0,False,0.0,False,False,False,Champions,Offer early access to beta features; invite to executive advisory board,475,961.0,3580.0,4,5,5,455,0.0048,Low,avg_satisfaction_score,20,North America,2,2,Organic Search
CUST-00990,Michael,Lopez,Michael Lopez,michael.lopez@company91.com,42,36-50,Male,Germany,Berlin,Berlin,2026-06-19,20260619,Organic Search,active,False,plan_pro,annual,179.0,2148.0,2.5,01-03 months,1790.0,False,0.0,False,False,False,About To Sleep,Automated re-engagement drip campaign; survey feature usability,74,155.0,1790.0,1,1,5,115,0.0236,Low,avg_satisfaction_score,10,Europe,2,2,Organic Search
CUST-01015,Scott,Smith,Scott Smith,scott.smith@company116.com,23,18-25,Male,United Kingdom,West Midlands,Birmingham,2025-10-15,20251015,Direct,active,False,plan_pro,annual,179.0,2148.0,10.7,07-12 months,1790.0,False,0.0,False,False,False,Loyal Customers,Standard ongoing account nurturing,321,658.0,1790.0,3,4,4,344,0.0129,Low,avg_satisfaction_score,15,Europe,2,1,Direct
CUST-01063,Justin,Brown,Justin Brown,justin.brown@company164.com,35,26-35,Male,France,Auvergne-Rhône-Alpes,Lyon,2024-11-18,20241118,Paid Ads,active,False,plan_growth,annual,79.0,948.0,21.7,13-24 months,1580.0,False,0.0,False,False,False,Champions,Offer early access to beta features; invite to executive advisory board,652,963.0,1580.0,5,5,4,554,0.0189,Low,recency_days,7,Europe,2,3,Paid Ads
CUST-01138,Betty,Walker,Betty Walker,betty.walker@company239.com,47,36-50,Female,France,Auvergne-Rhône-Alpes,Lyon,2025-02-05,20250205,Social Media,active,False,plan_starter,monthly,29.0,348.0,19.1,13-24 months,580.0,False,0.0,False,False,False,Loyal Customers,Standard ongoing account nurturing,573,637.0,580.0,4,4,3,443,0.075,Low,recency_days,7,Europe,1,6,Social Media
CUST-01173,Patricia,Lopez,Patricia Lopez,patricia.lopez@company274.com,31,26-35,Female,Australia,Victoria,Melbourne,2025-05-31,20250531,Organic Search,active,False,plan_growth,monthly,79.0,948.0,15.3,13-24 months,1264.0,False,0.0,False,False,False,Champions,Offer early access to beta features; invite to executive advisory board,458,617.0,1264.0,4,4,4,444,0.0384,Low,avg_satisfaction_score,3,Asia-Pacific,1,2,Organic Search
CUST-01287,Sandra,Harris,Sandra Harris,sandra.harris@company388.com,39,36-50,Female,Germany,Berlin,Berlin,2025-10-21,20251021,Organic Search,active,False,plan_pro,monthly,179.0,2148.0,10.5,07-12 months,1969.0,False,0.0,False,False,False,Loyal Customers,Standard ongoing account nurturing,315,661.0,1969.0,3,4,5,345,0.0116,Low,avg_satisfaction_score,10,Europe,1,2,Organic Search
CUST-01348,Richard,Wright,Richard Wright,richard.wright@company449.com,52,51+,Male,United States,New York,New York,2024-11-10,20241110,Organic Search,churned,True,plan_growth,monthly,0.0,0.0,9.9,07-12 months,790.0,False,0.0,False,False,False,Potential Loyalists,Standard ongoing account nurturing,660,413.0,790.0,5,3,3,533,0.8413,Critical,monthly_price,21,North America,1,2,Organic Search
CUST-00075,Helen,Wright,Helen Wright,helen.wright@company76.com,49,36-50,Female,Australia,Victoria,Melbourne,2025-09-10,20250910,Organic Search,active,False,plan_starter,monthly,29.0,348.0,11.9,07-12 months,348.0,False,0.0,False,False,False,General Subscribers,Standard ongoing account nurturing,356,382.0,348.0,3,3,2,332,0.0482,Low,avg_satisfaction_score,3,Asia-Pacific,1,2,Organic Search
CUST-00082,John,Flores,John Flores,john.flores@company83.com,33,26-35,Male,United States,New York,New York,2025-10-04,20251004,Referral,active,False,plan_growth,monthly,79.0,948.0,11.1,07-12 months,948.0,False,0.0,False,False,False,Loyal Customers,Standard ongoing account nurturing,332,505.0,948.0,3,4,4,344,0.0171,Low,avg_satisfaction_score,21,North America,1,5,Referral
CUST-00110,Charles,Moore,Charles Moore,charles.moore@company111.com,45,36-50,Male,United States,Texas,Austin,2026-01-21,20260121,Partner,active,False,plan_pro,multi_year,179.0,2148.0,7.4,07-12 months,1790.0,False,0.0,False,False,False,At Risk Accounts,Immediate customer success outreach; schedule quarterly business review,223,446.0,1790.0,2,3,4,234,0.0205,Low,avg_satisfaction_score,22,North America,3,4,Partner
CUST-00125,William,Moore,William Moore,william.moore@company126.com,44,36-50,Male,Germany,Bavaria,Munich,2025-07-26,20250726,Direct,active,False,plan_growth,monthly,79.0,948.0,13.4,13-24 months,1106.0,False,0.0,False,False,False,Loyal Customers,Standard ongoing account nurturing,402,592.0,1106.0,3,4,4,344,0.0186,Low,avg_satisfaction_score,9,Europe,1,1,Direct
CUST-00399,Charles,Clark,Charles Clark,charles.clark@company400.com,51,51+,Male,United States,Washington,Seattle,2025-10-21,20251021,Organic Search,active,False,plan_growth,annual,79.0,948.0,10.5,07-12 months,790.0,False,0.0,False,False,False,General Subscribers,Standard ongoing account nurturing,315,469.0,790.0,3,3,3,333,0.0243,Low,avg_satisfaction_score,23,North America,2,2,Organic Search
CUST-00496,Kimberly,Martin,Kimberly Martin,kimberly.martin@company47.com,35,26-35,Female,United Kingdom,North West,Manchester,2026-01-08,20260108,Social Media,active,False,plan_starter,annual,29.0,348.0,7.9,07-12 months,290.0,False,0.0,False,False,False,Hibernating / Lost,Automated re-engagement drip campaign; survey feature usability,236,261.0,290.0,2,2,2,222,0.0172,Low,avg_satisfaction_score,13,Europe,2,6,Social Media
CUST-01394,Kenneth,Harris,Kenneth Harris,kenneth.harris@company45.com,38,36-50,Male,United States,New York,New York,2026-02-08,20260208,Organic Search,active,False,plan_starter,monthly,29.0,348.0,6.8,07-12 months,203.0,False,0.0,False,False,False,Hibernating / Lost,Automated re-engagement drip campaign; survey feature usability,205,244.0,203.0,2,2,1,221,0.0195,Low,avg_satisfaction_score,21,North America,1,2,Organic Search
CUST-00223,Helen,Perez,Helen Perez,helen.perez@company224.com,63,51+,Female,United States,Georgia,Atlanta,2025-09-06,20250906,Direct,active,False,plan_pro,annual,179.0,2148.0,12.0,07-12 months,1790.0,False,0.0,False,False,False,Loyal Customers,Standard ongoing account nurturing,360,733.0,1790.0,3,5,5,355,0.0108,Low,avg_satisfaction_score,18,North America,2,1,Direct
CUST-00435,Melissa,Garcia,Melissa Garcia,melissa.garcia@company436.com,21,18-25,Female,United States,New York,New York,2025-12-22,20251222,Organic Search,active,False,plan_growth,annual,79.0,948.0,8.4,07-12 months,790.0,False,0.0,False,False,False,At Risk Accounts,Immediate customer success outreach; schedule quarterly business review,253,348.0,790.0,2,3,3,233,0.0627,Low,avg_satisfaction_score,21,North America,2,2,Organic Search
CUST-00565,Joseph,Thompson,Joseph Thompson,joseph.thompson@company116.com,32,26-35,Male,Australia,Queensland,Brisbane,2025-10-20,20251020,Social Media,active,False,plan_growth,annual,79.0,948.0,10.5,07-12 months,790.0,False,0.0,False,False,False,Loyal Customers,Standard ongoing account nurturing,316,506.0,790.0,3,4,4,344,0.029,Low,avg_satisfaction_score,2,Asia-Pacific,2,6,Social Media
CUST-00799,Matthew,Jones,Matthew Jones,matthew.jones@company350.com,47,36-50,Male,Canada,British Columbia,Vancouver,2025-09-01,20250901,Organic Search,active,False,plan_starter,annual,29.0,348.0,12.2,13-24 months,580.0,False,0.0,False,False,False,General Subscribers,Standard ongoing account nurturing,365,402.0,580.0,3,3,3,333,0.0206,Low,avg_satisfaction_score,4,North America,2,2,Organic Search
CUST-01059,Andrew,White,Andrew White,andrew.white@company160.com,54,51+,Male,United States,Washington,Seattle,2025-03-17,20250317,Organic Search,active,False,plan_starter,monthly,29.0,348.0,17.8,13-24 months,522.0,False,0.0,False,False,False,Potential Loyalists,Standard ongoing account nurturing,533,619.0,522.0,4,4,2,442,0.0288,Low,recency_days,23,North America,1,2,Organic Search
CUST-01116,Nancy,Scott,Nancy Scott,nancy.scott@company217.com,28,26-35,Female,Canada,Quebec,Montreal,2024-06-16,20240616,Referral,active,False,plan_pro,annual,179.0,2148.0,26.9,25+ months,5370.0,False,0.0,False,False,False,Champions,Offer early access to beta features; invite to executive advisory board,807,1686.0,5370.0,5,5,5,555,0.0607,Low,recency_days,6,North America,2,5,Referral
CUST-01351,Susan,Allen,Susan Allen,susan.allen@company2.com,55,51+,Female,United States,California,San Francisco,2026-05-12,20260512,Social Media,active,False,plan_growth,monthly,79.0,948.0,3.7,04-06 months,316.0,False,0.0,False,False,False,Hibernating / Lost,Automated re-engagement drip campaign; survey feature usability,112,178.0,316.0,1,2,2,122,0.0294,Low,avg_satisfaction_score,16,North America,1,6,Social Media
