ticket_id,customer_id,date_key,plan_id,contract_id,created_date,category,priority,status,resolution_time_hours,satisfaction_score,is_escalated,has_friction
TCK-000001,CUST-00001,20260604,plan_growth,3,2026-06-04,account_access,medium,closed,5.7,4,0,0
TCK-000002,CUST-00002,20251226,plan_starter,2,2025-12-26,technical_issue,low,closed,18.1,2,0,1
TCK-000003,CUST-00002,20251125,plan_starter,2,2025-11-25,technical_issue,high,closed,26.8,2,0,1
TCK-000004,CUST-00002,20251109,plan_starter,2,2025-11-09,billing,high,closed,0.6,4,0,0
TCK-000005,CUST-00002,20251123,plan_starter,2,2025-11-23,technical_issue,low,closed,16.2,1,0,1
TCK-000006,CUST-00003,20260413,plan_starter,2,2026-04-13,technical_issue,high,closed,1.9,4,0,0
TCK-000007,CUST-00003,20260606,plan_starter,2,2026-06-06,feature_request,medium,closed,1.7,5,0,0
TCK-000008,CUST-00004,20250620,plan_starter,2,2025-06-20,feature_request,urgent,closed,5.1,5,1,0
TCK-000009,CUST-00004,20250913,plan_starter,2,2025-09-13,billing,medium,closed,13.5,3,0,0
TCK-000010,CUST-00005,20251206,plan_starter,1,2025-12-06,feature_request,high,closed,11.2,2,0,1
TCK-000011,CUST-00006,20251201,plan_starter,1,2025-12-01,billing,high,closed,6.8,1,0,1
TCK-000012,CUST-00007,20260618,plan_starter,2,2026-06-18,billing,high,closed,1.4,3,0,0
TCK-000013,CUST-00008,20260616,plan_growth,1,2026-06-16,cancellation_request,low,closed,17.1,2,0,1
TCK-000014,CUST-00008,20260612,plan_growth,1,2026-06-12,billing,high,closed,30.3,1,0,1
TCK-000015,CUST-00008,20260622,plan_growth,1,2026-06-22,technical_issue,urgent,closed,0.5,2,1,1
TCK-000016,CUST-00009,20260325,plan_enterprise,3,2026-03-25,feature_request,medium,closed,12.2,4,0,0
TCK-000017,CUST-00010,20251228,plan_growth,2,2025-12-28,technical_issue,high,closed,26.1,5,0,1
TCK-000018,CUST-00012,20251024,plan_growth,1,2025-10-24,technical_issue,medium,closed,18.9,5,0,0
TCK-000019,CUST-00012,20260530,plan_growth,1,2026-05-30,technical_issue,medium,closed,4.0,1,0,1
TCK-000020,CUST-00012,20250718,plan_growth,1,2025-07-18,account_access,urgent,closed,15.8,1,1,1
TCK-000021,CUST-00012,20250326,plan_growth,1,2025-03-26,technical_issue,medium,closed,20.4,3,0,0
TCK-000022,CUST-00013,20260823,plan_growth,1,2026-08-23,billing,high,closed,24.3,3,0,1
TCK-000023,CUST-00013,20260404,plan_growth,1,2026-04-04,account_access,urgent,closed,28.9,2,1,1
TCK-000024,CUST-00014,20260110,plan_starter,1,2026-01-10,account_access,medium,closed,17.6,1,0,1
TCK-000025,CUST-00014,20250711,plan_starter,1,2025-07-11,technical_issue,high,closed,10.7,2,0,1
TCK-000026,CUST-00014,20260525,plan_starter,1,2026-05-25,billing,high,closed,43.5,2,0,1
TCK-000027,CUST-00014,20250518,plan_starter,1,2025-05-18,technical_issue,high,closed,12.2,2,0,1
TCK-000028,CUST-00015,20250301,plan_starter,1,2025-03-01,technical_issue,medium,closed,33.0,1,0,1
TCK-000029,CUST-00015,20251014,plan_starter,1,2025-10-14,technical_issue,low,closed,31.7,1,0,1
TCK-000030,CUST-00015,20251209,plan_starter,1,2025-12-09,billing,high,closed,7.0,3,0,0
TCK-000031,CUST-00015,20260224,plan_starter,1,2026-02-24,cancellation_request,low,closed,6.4,2,0,1
TCK-000032,CUST-00017,20260418,plan_growth,1,2026-04-18,feature_request,low,closed,6.2,3,0,0
TCK-000033,CUST-00017,20260604,plan_growth,1,2026-06-04,account_access,medium,closed,6.1,5,0,0
TCK-000034,CUST-00018,20260714,plan_growth,1,2026-07-14,technical_issue,medium,closed,2.4,5,0,0
TCK-000035,CUST-00019,20260427,plan_starter,2,2026-04-27,technical_issue,medium,closed,4.6,4,0,0
TCK-000036,CUST-00020,20260328,plan_growth,1,2026-03-28,account_access,high,closed,3.8,4,0,0
TCK-000037,CUST-00021,20250524,plan_pro,1,2025-05-24,cancellation_request,high,closed,33.2,3,0,1
TCK-000038,CUST-00022,20250904,plan_growth,1,2025-09-04,technical_issue,urgent,closed,1.7,1,1,1
TCK-000039,CUST-00022,20251011,plan_growth,1,2025-10-11,feature_request,medium,closed,23.7,4,0,0
TCK-000040,CUST-00022,20250822,plan_growth,1,2025-08-22,billing,medium,closed,4.4,3,0,0
TCK-000041,CUST-00022,20250914,plan_growth,1,2025-09-14,billing,high,closed,10.7,3,0,0
TCK-000042,CUST-00024,20260521,plan_growth,1,2026-05-21,technical_issue,high,closed,20.7,3,0,0
TCK-000043,CUST-00024,20260127,plan_growth,1,2026-01-27,technical_issue,urgent,closed,10.9,1,1,1
TCK-000044,CUST-00024,20260424,plan_growth,1,2026-04-24,cancellation_request,low,closed,31.1,1,0,1
TCK-000045,CUST-00024,20260329,plan_growth,1,2026-03-29,account_access,high,closed,28.1,2,0,1
TCK-000046,CUST-00025,20260728,plan_growth,1,2026-07-28,billing,high,closed,16.1,4,0,0
TCK-000047,CUST-00026,20250214,plan_pro,1,2025-02-14,billing,high,closed,10.4,1,0,1
TCK-000048,CUST-00026,20241007,plan_pro,1,2024-10-07,account_access,high,closed,3.2,4,0,0
TCK-000049,CUST-00026,20241118,plan_pro,1,2024-11-18,cancellation_request,low,closed,25.0,1,0,1
TCK-000050,CUST-00027,20250830,plan_starter,1,2025-08-30,technical_issue,urgent,closed,16.2,2,1,1
TCK-000051,CUST-00028,20251107,plan_starter,1,2025-11-07,account_access,high,closed,42.5,5,0,1
TCK-000052,CUST-00028,20251018,plan_starter,1,2025-10-18,account_access,medium,closed,0.0,2,0,1
TCK-000053,CUST-00028,20251028,plan_starter,1,2025-10-28,billing,medium,closed,16.5,2,0,1
TCK-000054,CUST-00029,20250908,plan_growth,1,2025-09-08,cancellation_request,high,closed,12.5,1,0,1
TCK-000055,CUST-00031,20260321,plan_growth,2,2026-03-21,feature_request,medium,closed,15.4,3,0,0
TCK-000056,CUST-00031,20260622,plan_growth,2,2026-06-22,billing,medium,closed,0.5,3,0,0
TCK-000057,CUST-00032,20260805,plan_growth,1,2026-08-05,technical_issue,medium,closed,2.9,4,0,0
TCK-000058,CUST-00032,20251126,plan_growth,1,2025-11-26,billing,medium,closed,17.0,4,0,0
TCK-000059,CUST-00034,20250807,plan_pro,2,2025-08-07,feature_request,low,closed,2.6,5,0,0
TCK-000060,CUST-00034,20260213,plan_pro,2,2026-02-13,account_access,low,closed,8.0,4,0,0
TCK-000061,CUST-00035,20250819,plan_starter,1,2025-08-19,billing,high,closed,28.3,1,0,1
TCK-000062,CUST-00035,20250723,plan_starter,1,2025-07-23,feature_request,medium,closed,13.3,3,0,0
TCK-000063,CUST-00035,20250724,plan_starter,1,2025-07-24,billing,low,closed,18.3,3,0,0
TCK-000064,CUST-00037,20260526,plan_enterprise,1,2026-05-26,account_access,medium,closed,0.2,5,0,0
TCK-000065,CUST-00037,20250922,plan_enterprise,1,2025-09-22,billing,low,closed,4.1,5,0,0
TCK-000066,CUST-00037,20260311,plan_enterprise,1,2026-03-11,cancellation_request,low,closed,7.6,5,0,0
TCK-000067,CUST-00038,20260708,plan_starter,2,2026-07-08,technical_issue,medium,closed,12.9,4,0,0
TCK-000068,CUST-00038,20260810,plan_starter,2,2026-08-10,technical_issue,high,closed,0.6,5,0,0
TCK-000069,CUST-00038,20260508,plan_starter,2,2026-05-08,cancellation_request,low,closed,6.8,5,0,0
TCK-000070,CUST-00040,20260511,plan_starter,2,2026-05-11,billing,high,closed,8.4,3,0,0
TCK-000071,CUST-00041,20260819,plan_starter,2,2026-08-19,technical_issue,low,closed,1.4,3,0,0
TCK-000072,CUST-00044,20260412,plan_growth,1,2026-04-12,technical_issue,high,closed,21.9,3,0,0
TCK-000073,CUST-00044,20260414,plan_growth,1,2026-04-14,billing,high,closed,45.3,1,0,1
TCK-000074,CUST-00044,20260521,plan_growth,1,2026-05-21,billing,medium,closed,1.6,1,0,1
TCK-000075,CUST-00045,20250628,plan_pro,2,2025-06-28,billing,high,closed,52.8,2,0,1
TCK-000076,CUST-00045,20250703,plan_pro,2,2025-07-03,account_access,urgent,closed,1.4,1,1,1
TCK-000077,CUST-00045,20241204,plan_pro,2,2024-12-04,cancellation_request,medium,closed,16.1,5,0,0
TCK-000078,CUST-00046,20260531,plan_growth,2,2026-05-31,billing,medium,closed,4.0,4,0,0
TCK-000079,CUST-00048,20250805,plan_pro,1,2025-08-05,cancellation_request,medium,closed,6.0,2,0,1
TCK-000080,CUST-00048,20250730,plan_pro,1,2025-07-30,account_access,urgent,closed,35.6,4,1,1
TCK-000081,CUST-00048,20250726,plan_pro,1,2025-07-26,billing,medium,closed,13.5,1,0,1
TCK-000082,CUST-00049,20260415,plan_pro,2,2026-04-15,billing,high,closed,33.0,1,0,1
TCK-000083,CUST-00049,20260523,plan_pro,2,2026-05-23,cancellation_request,urgent,closed,12.7,4,1,0
TCK-000084,CUST-00049,20260323,plan_pro,2,2026-03-23,technical_issue,medium,closed,14.6,1,0,1
TCK-000085,CUST-00049,20260525,plan_pro,2,2026-05-25,cancellation_request,high,closed,19.6,5,0,0
TCK-000086,CUST-00049,20260605,plan_pro,2,2026-06-05,technical_issue,high,closed,23.5,3,0,0
TCK-000087,CUST-00049,20260405,plan_pro,2,2026-04-05,billing,urgent,closed,10.7,3,1,0
TCK-000088,CUST-00049,20260330,plan_pro,2,2026-03-30,feature_request,high,closed,7.9,2,0,1
TCK-000089,CUST-00050,20250320,plan_starter,1,2025-03-20,cancellation_request,medium,closed,71.9,2,0,1
TCK-000090,CUST-00050,20250404,plan_starter,1,2025-04-04,billing,high,closed,5.1,3,0,0
TCK-000091,CUST-00050,20250706,plan_starter,1,2025-07-06,cancellation_request,high,closed,25.9,2,0,1
TCK-000092,CUST-00051,20250924,plan_starter,1,2025-09-24,billing,urgent,closed,26.3,4,1,1
TCK-000093,CUST-00051,20250723,plan_starter,1,2025-07-23,billing,medium,closed,3.3,2,0,1
TCK-000094,CUST-00051,20260322,plan_starter,1,2026-03-22,technical_issue,low,closed,11.5,3,0,0
TCK-000095,CUST-00052,20250305,plan_starter,1,2025-03-05,cancellation_request,high,closed,1.1,4,0,0
TCK-000096,CUST-00053,20260603,plan_starter,2,2026-06-03,billing,low,closed,33.4,1,0,1
TCK-000097,CUST-00053,20260520,plan_starter,2,2026-05-20,feature_request,medium,closed,2.3,3,0,0
TCK-000098,CUST-00053,20260418,plan_starter,2,2026-04-18,billing,urgent,closed,18.6,2,1,1
TCK-000099,CUST-00054,20260329,plan_pro,1,2026-03-29,billing,low,closed,14.7,3,0,0
TCK-000100,CUST-00054,20260809,plan_pro,1,2026-08-09,technical_issue,medium,closed,2.7,5,0,0
TCK-000101,CUST-00056,20260620,plan_growth,1,2026-06-20,feature_request,medium,closed,2.1,1,0,1
TCK-000102,CUST-00056,20251230,plan_growth,1,2025-12-30,technical_issue,high,closed,3.7,4,0,0
TCK-000103,CUST-00057,20260624,plan_growth,2,2026-06-24,account_access,high,closed,2.2,5,0,0
TCK-000104,CUST-00058,20250604,plan_starter,2,2025-06-04,technical_issue,medium,closed,29.7,2,0,1
TCK-000105,CUST-00058,20241114,plan_starter,2,2024-11-14,cancellation_request,urgent,closed,4.9,4,1,0
TCK-000106,CUST-00060,20250819,plan_growth,1,2025-08-19,account_access,medium,closed,0.8,5,0,0
TCK-000107,CUST-00061,20250912,plan_pro,1,2025-09-12,billing,medium,closed,3.2,1,0,1
TCK-000108,CUST-00061,20250407,plan_pro,1,2025-04-07,technical_issue,medium,closed,5.8,1,0,1
TCK-000109,CUST-00062,20260331,plan_pro,2,2026-03-31,technical_issue,medium,closed,10.6,2,0,1
TCK-000110,CUST-00064,20260326,plan_pro,1,2026-03-26,feature_request,medium,closed,1.8,2,0,1
TCK-000111,CUST-00064,20260526,plan_pro,1,2026-05-26,account_access,medium,closed,0.9,4,0,0
TCK-000112,CUST-00064,20260213,plan_pro,1,2026-02-13,technical_issue,urgent,closed,10.5,4,1,0
TCK-000113,CUST-00065,20260801,plan_starter,1,2026-08-01,account_access,medium,closed,7.0,4,0,0
TCK-000114,CUST-00065,20250715,plan_starter,1,2025-07-15,technical_issue,medium,closed,4.9,5,0,0
TCK-000115,CUST-00065,20260608,plan_starter,1,2026-06-08,feature_request,low,closed,2.6,2,0,1
TCK-000116,CUST-00066,20251231,plan_growth,2,2025-12-31,billing,low,closed,2.4,3,0,0
TCK-000117,CUST-00069,20260819,plan_starter,1,2026-08-19,feature_request,high,closed,4.8,5,0,0
TCK-000118,CUST-00070,20260301,plan_growth,2,2026-03-01,account_access,urgent,closed,1.2,2,1,1
TCK-000119,CUST-00070,20260127,plan_growth,2,2026-01-27,cancellation_request,high,closed,12.2,2,0,1
TCK-000120,CUST-00070,20260206,plan_growth,2,2026-02-06,account_access,medium,closed,1.0,2,0,1
TCK-000121,CUST-00071,20250430,plan_pro,2,2025-04-30,feature_request,medium,closed,1.1,5,0,0
TCK-000122,CUST-00071,20260523,plan_pro,2,2026-05-23,billing,low,closed,0.9,4,0,0
TCK-000123,CUST-00072,20260127,plan_starter,1,2026-01-27,technical_issue,high,closed,2.1,1,0,1
TCK-000124,CUST-00072,20260228,plan_starter,1,2026-02-28,technical_issue,medium,closed,0.2,3,0,0
TCK-000125,CUST-00073,20260713,plan_growth,1,2026-07-13,technical_issue,low,closed,15.7,4,0,0
TCK-000126,CUST-00073,20260330,plan_growth,1,2026-03-30,account_access,medium,closed,0.3,3,0,0
TCK-000127,CUST-00074,20260210,plan_growth,1,2026-02-10,account_access,high,closed,8.1,3,0,0
TCK-000128,CUST-00076,20250904,plan_starter,1,2025-09-04,technical_issue,high,closed,61.5,3,0,1
TCK-000129,CUST-00077,20260720,plan_starter,1,2026-07-20,billing,low,closed,12.1,5,0,0
TCK-000130,CUST-00078,20251121,plan_pro,1,2025-11-21,account_access,medium,closed,3.6,3,0,0
TCK-000131,CUST-00078,20250402,plan_pro,1,2025-04-02,billing,low,closed,3.3,5,0,0
TCK-000132,CUST-00081,20260123,plan_growth,1,2026-01-23,technical_issue,medium,closed,4.9,3,0,0
TCK-000133,CUST-00083,20260508,plan_growth,2,2026-05-08,feature_request,medium,closed,1.1,3,0,0
TCK-000134,CUST-00083,20260210,plan_growth,2,2026-02-10,technical_issue,medium,closed,5.4,5,0,0
TCK-000135,CUST-00084,20251202,plan_growth,1,2025-12-02,account_access,medium,closed,9.0,4,0,0
TCK-000136,CUST-00085,20250708,plan_starter,1,2025-07-08,billing,high,closed,26.7,1,0,1
TCK-000137,CUST-00085,20260105,plan_starter,1,2026-01-05,billing,medium,closed,9.8,3,0,0
TCK-000138,CUST-00085,20250725,plan_starter,1,2025-07-25,technical_issue,high,closed,10.1,4,0,0
TCK-000139,CUST-00085,20251015,plan_starter,1,2025-10-15,cancellation_request,high,closed,30.4,2,0,1
TCK-000140,CUST-00086,20250625,plan_starter,1,2025-06-25,billing,high,closed,14.9,4,0,0
TCK-000141,CUST-00086,20250727,plan_starter,1,2025-07-27,technical_issue,urgent,closed,10.5,2,1,1
TCK-000142,CUST-00087,20260331,plan_starter,1,2026-03-31,technical_issue,low,closed,20.6,1,0,1
TCK-000143,CUST-00087,20260408,plan_starter,1,2026-04-08,cancellation_request,high,closed,11.2,2,0,1
TCK-000144,CUST-00087,20260308,plan_starter,1,2026-03-08,billing,high,closed,13.8,1,0,1
TCK-000145,CUST-00087,20251228,plan_starter,1,2025-12-28,account_access,medium,closed,56.0,3,0,1
TCK-000146,CUST-00087,20260303,plan_starter,1,2026-03-03,cancellation_request,high,closed,10.3,3,0,0
TCK-000147,CUST-00087,20260102,plan_starter,1,2026-01-02,cancellation_request,high,closed,6.8,2,0,1
TCK-000148,CUST-00090,20260810,plan_starter,3,2026-08-10,cancellation_request,high,closed,1.2,4,0,0
TCK-000149,CUST-00092,20260311,plan_growth,1,2026-03-11,technical_issue,urgent,closed,1.7,3,1,0
TCK-000150,CUST-00092,20260420,plan_growth,1,2026-04-20,technical_issue,urgent,closed,11.5,2,1,1
TCK-000151,CUST-00093,20260808,plan_starter,1,2026-08-08,account_access,medium,closed,14.6,4,0,0
TCK-000152,CUST-00094,20260125,plan_pro,1,2026-01-25,technical_issue,low,closed,3.6,5,0,0
TCK-000153,CUST-00094,20260414,plan_pro,1,2026-04-14,billing,low,closed,2.7,3,0,0
TCK-000154,CUST-00096,20260814,plan_growth,1,2026-08-14,cancellation_request,low,closed,8.9,2,0,1
TCK-000155,CUST-00096,20260808,plan_growth,1,2026-08-08,account_access,low,closed,3.2,4,0,0
TCK-000156,CUST-00097,20260328,plan_growth,1,2026-03-28,billing,medium,closed,2.4,2,0,1
TCK-000157,CUST-00100,20260808,plan_growth,2,2026-08-08,account_access,high,closed,10.8,3,0,0
TCK-000158,CUST-00101,20260317,plan_enterprise,2,2026-03-17,billing,low,closed,0.5,4,0,0
TCK-000159,CUST-00102,20260513,plan_pro,1,2026-05-13,feature_request,low,closed,3.2,4,0,0
TCK-000160,CUST-00104,20251110,plan_starter,2,2025-11-10,feature_request,high,closed,13.0,3,0,0
TCK-000161,CUST-00105,20260501,plan_pro,2,2026-05-01,feature_request,medium,closed,9.7,1,0,1
TCK-000162,CUST-00105,20260824,plan_pro,2,2026-08-24,billing,medium,closed,5.5,2,0,1
TCK-000163,CUST-00106,20260804,plan_starter,1,2026-08-04,billing,high,closed,65.5,2,0,1
TCK-000164,CUST-00108,20260116,plan_starter,1,2026-01-16,billing,high,closed,7.5,5,0,0
TCK-000165,CUST-00111,20260621,plan_enterprise,2,2026-06-21,account_access,urgent,closed,2.5,5,1,0
TCK-000166,CUST-00112,20260211,plan_starter,1,2026-02-11,feature_request,high,closed,3.8,4,0,0
TCK-000167,CUST-00112,20251217,plan_starter,1,2025-12-17,technical_issue,medium,closed,37.2,4,0,1
TCK-000168,CUST-00112,20260315,plan_starter,1,2026-03-15,account_access,medium,closed,24.0,2,0,1
TCK-000169,CUST-00112,20260617,plan_starter,1,2026-06-17,account_access,medium,closed,3.9,4,0,0
TCK-000170,CUST-00113,20250626,plan_growth,2,2025-06-26,cancellation_request,medium,closed,40.5,3,0,1
TCK-000171,CUST-00113,20250524,plan_growth,2,2025-05-24,billing,medium,closed,23.0,1,0,1
TCK-000172,CUST-00114,20260214,plan_growth,1,2026-02-14,account_access,low,closed,1.4,2,0,1
TCK-000173,CUST-00114,20260503,plan_growth,1,2026-05-03,feature_request,medium,closed,0.7,4,0,0
TCK-000174,CUST-00114,20260513,plan_growth,1,2026-05-13,account_access,medium,closed,40.7,4,0,1
TCK-000175,CUST-00115,20260105,plan_starter,1,2026-01-05,billing,high,closed,9.7,3,0,0
TCK-000176,CUST-00115,20260510,plan_starter,1,2026-05-10,technical_issue,urgent,closed,16.8,2,1,1
TCK-000177,CUST-00115,20260415,plan_starter,1,2026-04-15,technical_issue,medium,closed,28.5,1,0,1
TCK-000178,CUST-00115,20260508,plan_starter,1,2026-05-08,account_access,high,closed,22.8,1,0,1
TCK-000179,CUST-00115,20250821,plan_starter,1,2025-08-21,account_access,high,closed,19.2,4,0,0
TCK-000180,CUST-00117,20251002,plan_growth,1,2025-10-02,technical_issue,medium,closed,13.8,2,0,1
TCK-000181,CUST-00117,20251211,plan_growth,1,2025-12-11,technical_issue,medium,closed,24.5,2,0,1
TCK-000182,CUST-00118,20260702,plan_starter,1,2026-07-02,technical_issue,low,closed,2.5,4,0,0
TCK-000183,CUST-00118,20260616,plan_starter,1,2026-06-16,technical_issue,medium,closed,2.2,5,0,0
TCK-000184,CUST-00118,20260809,plan_starter,1,2026-08-09,technical_issue,medium,closed,0.6,1,0,1
TCK-000185,CUST-00118,20260708,plan_starter,1,2026-07-08,feature_request,medium,closed,0.2,4,0,0
TCK-000186,CUST-00120,20250325,plan_starter,1,2025-03-25,account_access,urgent,closed,6.0,2,1,1
TCK-000187,CUST-00120,20250403,plan_starter,1,2025-04-03,cancellation_request,low,closed,47.7,3,0,1
TCK-000188,CUST-00120,20250401,plan_starter,1,2025-04-01,billing,urgent,closed,22.9,3,1,0
TCK-000189,CUST-00120,20250407,plan_starter,1,2025-04-07,technical_issue,high,closed,4.5,2,0,1
TCK-000190,CUST-00120,20250321,plan_starter,1,2025-03-21,technical_issue,low,closed,5.1,4,0,0
TCK-000191,CUST-00121,20260802,plan_pro,2,2026-08-02,billing,urgent,closed,1.3,4,1,0
TCK-000192,CUST-00121,20260722,plan_pro,2,2026-07-22,feature_request,high,closed,3.3,4,0,0
TCK-000193,CUST-00122,20251018,plan_starter,3,2025-10-18,technical_issue,low,closed,9.1,5,0,0
TCK-000194,CUST-00122,20251217,plan_starter,3,2025-12-17,technical_issue,medium,closed,2.3,4,0,0
TCK-000195,CUST-00123,20260828,plan_starter,1,2026-08-28,technical_issue,low,closed,4.7,5,0,0
TCK-000196,CUST-00123,20250706,plan_starter,1,2025-07-06,technical_issue,high,closed,7.9,4,0,0
TCK-000197,CUST-00126,20260818,plan_pro,2,2026-08-18,technical_issue,low,closed,3.0,4,0,0
TCK-000198,CUST-00127,20250823,plan_starter,1,2025-08-23,account_access,medium,closed,3.7,5,0,0
TCK-000199,CUST-00127,20250820,plan_starter,1,2025-08-20,billing,medium,closed,4.2,4,0,0
TCK-000200,CUST-00128,20250411,plan_starter,1,2025-04-11,technical_issue,high,closed,1.4,1,0,1
TCK-000201,CUST-00128,20241030,plan_starter,1,2024-10-30,billing,medium,closed,6.3,3,0,0
TCK-000202,CUST-00128,20250107,plan_starter,1,2025-01-07,billing,high,closed,5.8,4,0,0
TCK-000203,CUST-00129,20250616,plan_growth,2,2025-06-16,billing,medium,closed,5.9,4,0,0
TCK-000204,CUST-00130,20260812,plan_starter,1,2026-08-12,technical_issue,low,closed,19.3,3,0,0
TCK-000205,CUST-00131,20260426,plan_starter,2,2026-04-26,technical_issue,low,closed,3.4,4,0,0
TCK-000206,CUST-00131,20260529,plan_starter,2,2026-05-29,technical_issue,low,closed,3.2,3,0,0
TCK-000207,CUST-00132,20250616,plan_starter,1,2025-06-16,technical_issue,medium,closed,83.0,1,0,1
TCK-000208,CUST-00132,20250705,plan_starter,1,2025-07-05,technical_issue,low,closed,10.6,1,0,1
TCK-000209,CUST-00132,20250925,plan_starter,1,2025-09-25,technical_issue,high,closed,7.4,2,0,1
TCK-000210,CUST-00132,20251005,plan_starter,1,2025-10-05,billing,high,closed,17.0,5,0,0
TCK-000211,CUST-00134,20250718,plan_growth,1,2025-07-18,feature_request,low,closed,7.1,1,0,1
TCK-000212,CUST-00134,20250523,plan_growth,1,2025-05-23,billing,medium,closed,12.7,1,0,1
TCK-000213,CUST-00134,20250319,plan_growth,1,2025-03-19,billing,medium,closed,0.2,3,0,0
TCK-000214,CUST-00134,20251226,plan_growth,1,2025-12-26,billing,medium,closed,37.3,2,0,1
TCK-000215,CUST-00134,20250823,plan_growth,1,2025-08-23,cancellation_request,high,closed,19.2,5,0,0
TCK-000216,CUST-00134,20260301,plan_growth,1,2026-03-01,account_access,urgent,closed,23.0,1,1,1
TCK-000217,CUST-00134,20251130,plan_growth,1,2025-11-30,billing,low,closed,11.8,1,0,1
TCK-000218,CUST-00135,20251125,plan_starter,1,2025-11-25,technical_issue,urgent,closed,11.3,1,1,1
TCK-000219,CUST-00135,20260121,plan_starter,1,2026-01-21,technical_issue,urgent,closed,14.6,2,1,1
TCK-000220,CUST-00135,20251106,plan_starter,1,2025-11-06,technical_issue,high,closed,44.6,2,0,1
TCK-000221,CUST-00137,20241004,plan_starter,3,2024-10-04,feature_request,medium,closed,36.9,4,0,1
TCK-000222,CUST-00139,20250918,plan_growth,1,2025-09-18,feature_request,medium,closed,32.0,2,0,1
TCK-000223,CUST-00139,20250930,plan_growth,1,2025-09-30,technical_issue,high,closed,13.4,1,0,1
TCK-000224,CUST-00139,20250620,plan_growth,1,2025-06-20,cancellation_request,medium,closed,3.3,2,0,1
TCK-000225,CUST-00139,20251118,plan_growth,1,2025-11-18,technical_issue,high,closed,11.8,2,0,1
TCK-000226,CUST-00141,20250125,plan_pro,1,2025-01-25,technical_issue,medium,closed,7.8,1,0,1
TCK-000227,CUST-00142,20260109,plan_growth,1,2026-01-09,billing,medium,closed,1.3,4,0,0
TCK-000228,CUST-00142,20251225,plan_growth,1,2025-12-25,feature_request,low,closed,2.4,5,0,0
TCK-000229,CUST-00142,20260413,plan_growth,1,2026-04-13,feature_request,medium,closed,13.2,4,0,0
TCK-000230,CUST-00143,20250107,plan_pro,3,2025-01-07,account_access,medium,closed,23.4,2,0,1
TCK-000231,CUST-00143,20250121,plan_pro,3,2025-01-21,technical_issue,high,closed,29.4,1,0,1
TCK-000232,CUST-00143,20241221,plan_pro,3,2024-12-21,feature_request,high,closed,36.2,1,0,1
TCK-000233,CUST-00144,20250422,plan_growth,2,2025-04-22,technical_issue,high,closed,54.9,1,0,1
TCK-000234,CUST-00144,20250821,plan_growth,2,2025-08-21,feature_request,high,closed,0.9,1,0,1
TCK-000235,CUST-00144,20260303,plan_growth,2,2026-03-03,billing,medium,closed,31.2,2,0,1
TCK-000236,CUST-00144,20250607,plan_growth,2,2025-06-07,cancellation_request,high,closed,10.3,2,0,1
TCK-000237,CUST-00145,20260320,plan_pro,2,2026-03-20,technical_issue,low,closed,3.6,3,0,0
TCK-000238,CUST-00147,20241204,plan_starter,2,2024-12-04,billing,medium,closed,15.3,2,0,1
TCK-000239,CUST-00147,20240617,plan_starter,2,2024-06-17,billing,urgent,closed,6.5,1,1,1
TCK-000240,CUST-00147,20241216,plan_starter,2,2024-12-16,billing,medium,closed,22.3,2,0,1
TCK-000241,CUST-00148,20250220,plan_growth,1,2025-02-20,account_access,medium,closed,1.7,3,0,0
TCK-000242,CUST-00150,20251118,plan_pro,1,2025-11-18,billing,urgent,closed,4.6,1,1,1
TCK-000243,CUST-00151,20260531,plan_starter,1,2026-05-31,feature_request,low,closed,9.9,5,0,0
TCK-000244,CUST-00153,20250819,plan_starter,1,2025-08-19,technical_issue,medium,closed,8.5,3,0,0
TCK-000245,CUST-00153,20250527,plan_starter,1,2025-05-27,billing,high,closed,2.7,5,0,0
TCK-000246,CUST-00153,20250817,plan_starter,1,2025-08-17,billing,urgent,closed,8.2,4,1,0
TCK-000247,CUST-00153,20251018,plan_starter,1,2025-10-18,billing,urgent,closed,22.5,1,1,1
TCK-000248,CUST-00153,20250719,plan_starter,1,2025-07-19,billing,medium,closed,2.9,1,0,1
TCK-000249,CUST-00154,20241227,plan_growth,2,2024-12-27,technical_issue,medium,closed,0.3,1,0,1
TCK-000250,CUST-00154,20250128,plan_growth,2,2025-01-28,billing,urgent,closed,61.7,2,1,1
TCK-000251,CUST-00154,20241125,plan_growth,2,2024-11-25,billing,medium,closed,50.2,2,0,1
TCK-000252,CUST-00154,20241222,plan_growth,2,2024-12-22,billing,high,closed,2.5,4,0,0
TCK-000253,CUST-00155,20260112,plan_growth,1,2026-01-12,technical_issue,urgent,closed,12.4,1,1,1
TCK-000254,CUST-00155,20251227,plan_growth,1,2025-12-27,technical_issue,medium,closed,11.2,2,0,1
TCK-000255,CUST-00155,20260104,plan_growth,1,2026-01-04,billing,high,closed,12.1,1,0,1
TCK-000256,CUST-00155,20260107,plan_growth,1,2026-01-07,billing,urgent,closed,20.2,2,1,1
TCK-000257,CUST-00156,20250707,plan_starter,1,2025-07-07,technical_issue,medium,closed,36.8,2,0,1
TCK-000258,CUST-00156,20250620,plan_starter,1,2025-06-20,billing,low,closed,2.5,3,0,0
TCK-000259,CUST-00156,20250208,plan_starter,1,2025-02-08,cancellation_request,medium,closed,10.1,3,0,0
TCK-000260,CUST-00156,20250509,plan_starter,1,2025-05-09,account_access,medium,closed,72.4,2,0,1
TCK-000261,CUST-00159,20260815,plan_pro,1,2026-08-15,billing,medium,closed,0.8,5,0,0
TCK-000262,CUST-00160,20260509,plan_starter,1,2026-05-09,account_access,high,closed,6.4,2,0,1
TCK-000263,CUST-00161,20250214,plan_starter,1,2025-02-14,technical_issue,medium,closed,10.5,2,0,1
TCK-000264,CUST-00161,20250219,plan_starter,1,2025-02-19,technical_issue,high,closed,4.5,1,0,1
TCK-000265,CUST-00161,20250302,plan_starter,1,2025-03-02,billing,medium,closed,7.8,2,0,1
TCK-000266,CUST-00161,20250422,plan_starter,1,2025-04-22,technical_issue,high,closed,19.5,2,0,1
TCK-000267,CUST-00161,20250516,plan_starter,1,2025-05-16,technical_issue,low,closed,3.6,1,0,1
TCK-000268,CUST-00162,20260425,plan_growth,2,2026-04-25,billing,medium,closed,10.6,5,0,0
TCK-000269,CUST-00164,20260618,plan_enterprise,1,2026-06-18,account_access,urgent,closed,9.7,3,1,0
TCK-000270,CUST-00164,20260723,plan_enterprise,1,2026-07-23,technical_issue,low,closed,5.4,4,0,0
TCK-000271,CUST-00166,20251122,plan_growth,2,2025-11-22,billing,low,closed,18.7,4,0,0
TCK-000272,CUST-00166,20250824,plan_growth,2,2025-08-24,technical_issue,low,closed,1.7,4,0,0
TCK-000273,CUST-00168,20241205,plan_starter,1,2024-12-05,technical_issue,urgent,closed,29.9,2,1,1
TCK-000274,CUST-00169,20260823,plan_starter,2,2026-08-23,feature_request,medium,closed,10.1,4,0,0
TCK-000275,CUST-00170,20260629,plan_starter,3,2026-06-29,technical_issue,low,closed,0.1,3,0,0
TCK-000276,CUST-00171,20260306,plan_growth,2,2026-03-06,technical_issue,medium,closed,18.7,5,0,0
TCK-000277,CUST-00171,20250801,plan_growth,2,2025-08-01,technical_issue,low,closed,1.6,5,0,0
TCK-000278,CUST-00171,20260527,plan_growth,2,2026-05-27,billing,low,closed,28.9,4,0,1
TCK-000279,CUST-00172,20250719,plan_starter,2,2025-07-19,technical_issue,medium,closed,2.8,4,0,0
TCK-000280,CUST-00173,20251225,plan_pro,3,2025-12-25,technical_issue,medium,closed,8.4,3,0,0
TCK-000281,CUST-00174,20251016,plan_starter,2,2025-10-16,billing,high,closed,31.2,5,0,1
TCK-000282,CUST-00174,20260417,plan_starter,2,2026-04-17,feature_request,medium,closed,1.3,5,0,0
TCK-000283,CUST-00175,20260730,plan_growth,2,2026-07-30,account_access,medium,closed,2.7,4,0,0
TCK-000284,CUST-00176,20260417,plan_pro,1,2026-04-17,technical_issue,low,closed,1.2,3,0,0
TCK-000285,CUST-00177,20250705,plan_starter,2,2025-07-05,cancellation_request,medium,closed,15.9,3,0,0
TCK-000286,CUST-00177,20251123,plan_starter,2,2025-11-23,billing,urgent,closed,9.3,2,1,1
TCK-000287,CUST-00177,20251002,plan_starter,2,2025-10-02,billing,medium,closed,4.8,3,0,0
TCK-000288,CUST-00177,20251122,plan_starter,2,2025-11-22,account_access,medium,closed,16.4,3,0,0
TCK-000289,CUST-00177,20251009,plan_starter,2,2025-10-09,technical_issue,high,closed,11.0,2,0,1
TCK-000290,CUST-00179,20260302,plan_pro,2,2026-03-02,technical_issue,low,closed,7.4,5,0,0
TCK-000291,CUST-00180,20251227,plan_starter,2,2025-12-27,feature_request,medium,closed,4.8,1,0,1
TCK-000292,CUST-00181,20260729,plan_pro,2,2026-07-29,feature_request,low,closed,2.2,4,0,0
TCK-000293,CUST-00182,20260521,plan_starter,3,2026-05-21,feature_request,low,closed,16.8,4,0,0
TCK-000294,CUST-00183,20260807,plan_enterprise,2,2026-08-07,account_access,low,closed,6.8,4,0,0
TCK-000295,CUST-00184,20260213,plan_pro,1,2026-02-13,account_access,high,closed,15.2,4,0,0
TCK-000296,CUST-00184,20260301,plan_pro,1,2026-03-01,technical_issue,medium,closed,12.4,2,0,1
TCK-000297,CUST-00184,20260422,plan_pro,1,2026-04-22,account_access,medium,closed,23.6,2,0,1
TCK-000298,CUST-00184,20260406,plan_pro,1,2026-04-06,feature_request,medium,closed,21.5,4,0,0
TCK-000299,CUST-00184,20260516,plan_pro,1,2026-05-16,cancellation_request,urgent,closed,2.5,2,1,1
TCK-000300,CUST-00185,20250712,plan_starter,1,2025-07-12,billing,urgent,closed,14.8,4,1,0
TCK-000301,CUST-00185,20260126,plan_starter,1,2026-01-26,billing,urgent,closed,38.0,3,1,1
TCK-000302,CUST-00185,20260324,plan_starter,1,2026-03-24,account_access,medium,closed,39.4,2,0,1
TCK-000303,CUST-00186,20260310,plan_growth,1,2026-03-10,technical_issue,medium,closed,3.6,3,0,0
TCK-000304,CUST-00186,20251023,plan_growth,1,2025-10-23,billing,medium,closed,6.7,4,0,0
TCK-000305,CUST-00186,20250924,plan_growth,1,2025-09-24,technical_issue,medium,closed,1.7,5,0,0
TCK-000306,CUST-00189,20251014,plan_growth,1,2025-10-14,account_access,low,closed,9.5,1,0,1
TCK-000307,CUST-00189,20250621,plan_growth,1,2025-06-21,billing,high,closed,0.3,3,0,0
TCK-000308,CUST-00189,20250720,plan_growth,1,2025-07-20,billing,urgent,closed,4.5,2,1,1
TCK-000309,CUST-00189,20251201,plan_growth,1,2025-12-01,feature_request,urgent,closed,42.4,4,1,1
TCK-000310,CUST-00190,20260320,plan_pro,2,2026-03-20,billing,medium,closed,2.7,2,0,1
TCK-000311,CUST-00190,20251126,plan_pro,2,2025-11-26,technical_issue,urgent,closed,11.4,4,1,0
TCK-000312,CUST-00192,20251014,plan_pro,1,2025-10-14,technical_issue,medium,closed,3.6,4,0,0
TCK-000313,CUST-00192,20250930,plan_pro,1,2025-09-30,technical_issue,medium,closed,16.4,2,0,1
TCK-000314,CUST-00192,20251127,plan_pro,1,2025-11-27,billing,medium,closed,4.0,4,0,0
TCK-000315,CUST-00192,20250919,plan_pro,1,2025-09-19,cancellation_request,medium,closed,4.2,5,0,0
TCK-000316,CUST-00192,20251012,plan_pro,1,2025-10-12,technical_issue,medium,closed,39.3,1,0,1
TCK-000317,CUST-00192,20250707,plan_pro,1,2025-07-07,technical_issue,urgent,closed,30.6,3,1,1
TCK-000318,CUST-00192,20250929,plan_pro,1,2025-09-29,billing,high,closed,12.7,4,0,0
TCK-000319,CUST-00193,20260816,plan_starter,1,2026-08-16,technical_issue,low,closed,1.3,3,0,0
TCK-000320,CUST-00193,20260528,plan_starter,1,2026-05-28,technical_issue,high,closed,5.4,5,0,0
TCK-000321,CUST-00195,20250521,plan_growth,1,2025-05-21,billing,high,closed,16.4,2,0,1
TCK-000322,CUST-00195,20260106,plan_growth,1,2026-01-06,technical_issue,medium,closed,8.7,1,0,1
TCK-000323,CUST-00195,20250714,plan_growth,1,2025-07-14,billing,high,closed,9.8,5,0,0
TCK-000324,CUST-00195,20250723,plan_growth,1,2025-07-23,account_access,medium,closed,1.0,1,0,1
TCK-000325,CUST-00195,20250609,plan_growth,1,2025-06-09,account_access,high,closed,58.8,3,0,1
TCK-000326,CUST-00195,20251106,plan_growth,1,2025-11-06,account_access,medium,closed,21.3,1,0,1
TCK-000327,CUST-00196,20250907,plan_growth,2,2025-09-07,feature_request,medium,closed,24.9,3,0,1
TCK-000328,CUST-00196,20260209,plan_growth,2,2026-02-09,technical_issue,high,closed,12.4,4,0,0
TCK-000329,CUST-00199,20260121,plan_starter,1,2026-01-21,technical_issue,medium,closed,11.5,2,0,1
TCK-000330,CUST-00199,20251215,plan_starter,1,2025-12-15,technical_issue,medium,closed,11.6,3,0,0
TCK-000331,CUST-00201,20260317,plan_growth,2,2026-03-17,billing,low,closed,0.4,1,0,1
TCK-000332,CUST-00202,20260225,plan_growth,2,2026-02-25,technical_issue,high,closed,31.9,3,0,1
TCK-000333,CUST-00203,20260719,plan_pro,1,2026-07-19,technical_issue,low,closed,4.7,3,0,0
TCK-000334,CUST-00205,20260531,plan_growth,1,2026-05-31,account_access,low,closed,4.8,4,0,0
TCK-000335,CUST-00205,20260603,plan_growth,1,2026-06-03,billing,high,closed,3.5,5,0,0
TCK-000336,CUST-00206,20251009,plan_pro,1,2025-10-09,cancellation_request,medium,closed,26.2,2,0,1
TCK-000337,CUST-00207,20260107,plan_starter,1,2026-01-07,feature_request,low,closed,18.8,3,0,0
TCK-000338,CUST-00207,20260228,plan_starter,1,2026-02-28,feature_request,low,closed,1.5,5,0,0
TCK-000339,CUST-00209,20260421,plan_starter,2,2026-04-21,feature_request,high,closed,3.3,4,0,0
TCK-000340,CUST-00211,20251128,plan_growth,1,2025-11-28,billing,urgent,closed,28.6,1,1,1
TCK-000341,CUST-00212,20260807,plan_pro,1,2026-08-07,technical_issue,medium,closed,0.7,4,0,0
TCK-000342,CUST-00213,20260324,plan_starter,1,2026-03-24,billing,low,closed,3.2,1,0,1
TCK-000343,CUST-00213,20260526,plan_starter,1,2026-05-26,billing,medium,closed,6.3,4,0,0
TCK-000344,CUST-00213,20260423,plan_starter,1,2026-04-23,cancellation_request,high,closed,32.2,4,0,1
TCK-000345,CUST-00213,20260713,plan_starter,1,2026-07-13,billing,high,closed,3.0,2,0,1
TCK-000346,CUST-00215,20250414,plan_starter,2,2025-04-14,technical_issue,urgent,closed,5.3,2,1,1
TCK-000347,CUST-00215,20250425,plan_starter,2,2025-04-25,feature_request,medium,closed,5.3,1,0,1
TCK-000348,CUST-00215,20250429,plan_starter,2,2025-04-29,technical_issue,high,closed,25.0,3,0,1
TCK-000349,CUST-00216,20260709,plan_growth,1,2026-07-09,technical_issue,high,closed,1.0,3,0,0
TCK-000350,CUST-00217,20260827,plan_pro,1,2026-08-27,account_access,low,closed,1.6,3,0,0
TCK-000351,CUST-00217,20260823,plan_pro,1,2026-08-23,billing,high,closed,6.3,5,0,0
TCK-000352,CUST-00217,20260727,plan_pro,1,2026-07-27,billing,low,closed,6.0,4,0,0
TCK-000353,CUST-00219,20260520,plan_growth,1,2026-05-20,account_access,medium,closed,0.2,1,0,1
TCK-000354,CUST-00219,20260512,plan_growth,1,2026-05-12,technical_issue,medium,closed,6.4,4,0,0
TCK-000355,CUST-00222,20250802,plan_starter,1,2025-08-02,technical_issue,high,closed,5.9,2,0,1
TCK-000356,CUST-00222,20251128,plan_starter,1,2025-11-28,technical_issue,urgent,closed,41.2,1,1,1
TCK-000357,CUST-00224,20260213,plan_growth,1,2026-02-13,technical_issue,low,closed,13.4,4,0,0
TCK-000358,CUST-00224,20250728,plan_growth,1,2025-07-28,feature_request,medium,closed,1.8,4,0,0
TCK-000359,CUST-00225,20260312,plan_starter,1,2026-03-12,account_access,medium,closed,4.2,3,0,0
TCK-000360,CUST-00225,20260630,plan_starter,1,2026-06-30,cancellation_request,urgent,closed,3.2,5,1,0
TCK-000361,CUST-00226,20260502,plan_growth,2,2026-05-02,billing,low,closed,5.8,4,0,0
TCK-000362,CUST-00226,20260708,plan_growth,2,2026-07-08,feature_request,low,closed,1.4,3,0,0
TCK-000363,CUST-00227,20260816,plan_starter,2,2026-08-16,billing,medium,closed,2.8,4,0,0
TCK-000364,CUST-00227,20251030,plan_starter,2,2025-10-30,feature_request,high,closed,0.8,3,0,0
TCK-000365,CUST-00228,20250624,plan_starter,1,2025-06-24,technical_issue,medium,closed,26.2,3,0,1
TCK-000366,CUST-00228,20250626,plan_starter,1,2025-06-26,billing,low,closed,0.9,2,0,1
TCK-000367,CUST-00228,20251014,plan_starter,1,2025-10-14,billing,high,closed,22.3,2,0,1
TCK-000368,CUST-00228,20250403,plan_starter,1,2025-04-03,cancellation_request,high,closed,2.9,2,0,1
TCK-000369,CUST-00228,20260115,plan_starter,1,2026-01-15,billing,high,closed,5.0,3,0,0
TCK-000370,CUST-00228,20250805,plan_starter,1,2025-08-05,technical_issue,medium,closed,0.4,2,0,1
TCK-000371,CUST-00228,20251102,plan_starter,1,2025-11-02,technical_issue,high,closed,16.3,4,0,0
TCK-000372,CUST-00229,20251102,plan_starter,2,2025-11-02,billing,high,closed,0.8,5,0,0
TCK-000373,CUST-00229,20260705,plan_starter,2,2026-07-05,account_access,high,closed,1.9,4,0,0
TCK-000374,CUST-00230,20260503,plan_starter,1,2026-05-03,billing,high,closed,2.8,1,0,1
TCK-000375,CUST-00230,20260131,plan_starter,1,2026-01-31,technical_issue,urgent,closed,14.8,3,1,0
TCK-000376,CUST-00230,20260414,plan_starter,1,2026-04-14,billing,medium,closed,30.3,1,0,1
TCK-000377,CUST-00230,20260328,plan_starter,1,2026-03-28,billing,urgent,closed,51.5,2,1,1
TCK-000378,CUST-00230,20260424,plan_starter,1,2026-04-24,cancellation_request,medium,closed,6.9,2,0,1
TCK-000379,CUST-00231,20260308,plan_growth,1,2026-03-08,technical_issue,low,closed,9.2,4,0,0
TCK-000380,CUST-00232,20251123,plan_growth,1,2025-11-23,cancellation_request,high,closed,22.7,2,0,1
TCK-000381,CUST-00233,20251028,plan_growth,2,2025-10-28,technical_issue,low,closed,1.1,3,0,0
TCK-000382,CUST-00235,20250623,plan_pro,1,2025-06-23,technical_issue,high,closed,32.7,1,0,1
TCK-000383,CUST-00235,20260314,plan_pro,1,2026-03-14,technical_issue,urgent,closed,9.6,2,1,1
TCK-000384,CUST-00235,20250722,plan_pro,1,2025-07-22,feature_request,urgent,closed,30.8,2,1,1
TCK-000385,CUST-00236,20260115,plan_growth,1,2026-01-15,billing,high,closed,41.6,3,0,1
TCK-000386,CUST-00236,20250614,plan_growth,1,2025-06-14,account_access,medium,closed,47.7,3,0,1
TCK-000387,CUST-00236,20251210,plan_growth,1,2025-12-10,billing,high,closed,4.3,3,0,0
TCK-000388,CUST-00237,20260504,plan_starter,2,2026-05-04,technical_issue,medium,closed,15.2,5,0,0
TCK-000389,CUST-00237,20260819,plan_starter,2,2026-08-19,feature_request,medium,closed,3.2,1,0,1
TCK-000390,CUST-00239,20250221,plan_starter,1,2025-02-21,account_access,urgent,closed,14.5,1,1,1
TCK-000391,CUST-00239,20250409,plan_starter,1,2025-04-09,account_access,high,closed,1.5,3,0,0
TCK-000392,CUST-00239,20250825,plan_starter,1,2025-08-25,billing,high,closed,27.5,2,0,1
TCK-000393,CUST-00239,20250709,plan_starter,1,2025-07-09,billing,high,closed,42.1,2,0,1
TCK-000394,CUST-00239,20250517,plan_starter,1,2025-05-17,feature_request,high,closed,43.8,1,0,1
TCK-000395,CUST-00240,20250730,plan_growth,1,2025-07-30,cancellation_request,medium,closed,41.4,2,0,1
TCK-000396,CUST-00240,20250725,plan_growth,1,2025-07-25,billing,medium,closed,20.8,2,0,1
TCK-000397,CUST-00240,20250706,plan_growth,1,2025-07-06,technical_issue,urgent,closed,3.6,2,1,1
TCK-000398,CUST-00240,20250707,plan_growth,1,2025-07-07,billing,high,closed,0.6,1,0,1
TCK-000399,CUST-00242,20260618,plan_growth,1,2026-06-18,technical_issue,urgent,closed,13.4,2,1,1
TCK-000400,CUST-00242,20260611,plan_growth,1,2026-06-11,billing,medium,closed,11.4,2,0,1
TCK-000401,CUST-00242,20260417,plan_growth,1,2026-04-17,cancellation_request,urgent,closed,8.3,3,1,0
TCK-000402,CUST-00243,20250822,plan_starter,2,2025-08-22,technical_issue,high,closed,24.6,3,0,1
TCK-000403,CUST-00243,20250424,plan_starter,2,2025-04-24,cancellation_request,low,closed,26.8,3,0,1
TCK-000404,CUST-00245,20260416,plan_pro,2,2026-04-16,technical_issue,medium,closed,13.2,5,0,0
TCK-000405,CUST-00246,20250803,plan_growth,1,2025-08-03,technical_issue,medium,closed,15.6,1,0,1
TCK-000406,CUST-00246,20250309,plan_growth,1,2025-03-09,technical_issue,medium,closed,8.2,1,0,1
TCK-000407,CUST-00246,20250422,plan_growth,1,2025-04-22,technical_issue,high,closed,9.4,2,0,1
TCK-000408,CUST-00246,20250626,plan_growth,1,2025-06-26,billing,medium,closed,33.7,3,0,1
TCK-000409,CUST-00246,20250330,plan_growth,1,2025-03-30,cancellation_request,urgent,closed,9.5,2,1,1
TCK-000410,CUST-00248,20251203,plan_starter,1,2025-12-03,cancellation_request,medium,closed,14.9,2,0,1
TCK-000411,CUST-00248,20250831,plan_starter,1,2025-08-31,technical_issue,high,closed,9.6,3,0,0
TCK-000412,CUST-00249,20260314,plan_growth,2,2026-03-14,billing,low,closed,2.5,5,0,0
TCK-000413,CUST-00249,20260708,plan_growth,2,2026-07-08,technical_issue,high,closed,4.6,2,0,1
TCK-000414,CUST-00250,20260506,plan_starter,3,2026-05-06,feature_request,medium,closed,1.1,4,0,0
TCK-000415,CUST-00251,20260104,plan_starter,2,2026-01-04,billing,medium,closed,9.2,2,0,1
TCK-000416,CUST-00251,20260507,plan_starter,2,2026-05-07,billing,medium,closed,5.8,4,0,0
TCK-000417,CUST-00253,20260513,plan_starter,1,2026-05-13,billing,medium,closed,22.3,3,0,0
TCK-000418,CUST-00253,20260427,plan_starter,1,2026-04-27,technical_issue,medium,closed,7.8,2,0,1
TCK-000419,CUST-00255,20250723,plan_growth,1,2025-07-23,feature_request,urgent,closed,29.6,3,1,1
TCK-000420,CUST-00255,20251218,plan_growth,1,2025-12-18,account_access,urgent,closed,20.6,1,1,1
TCK-000421,CUST-00255,20251219,plan_growth,1,2025-12-19,technical_issue,urgent,closed,4.5,1,1,1
TCK-000422,CUST-00255,20250913,plan_growth,1,2025-09-13,account_access,high,closed,34.4,1,0,1
TCK-000423,CUST-00255,20250928,plan_growth,1,2025-09-28,billing,urgent,closed,18.0,1,1,1
TCK-000424,CUST-00255,20251020,plan_growth,1,2025-10-20,technical_issue,high,closed,17.6,3,0,0
TCK-000425,CUST-00256,20260813,plan_enterprise,1,2026-08-13,technical_issue,medium,closed,1.6,5,0,0
TCK-000426,CUST-00256,20260720,plan_enterprise,1,2026-07-20,cancellation_request,high,closed,32.5,5,0,1
TCK-000427,CUST-00256,20260823,plan_enterprise,1,2026-08-23,feature_request,medium,closed,2.5,5,0,0
TCK-000428,CUST-00257,20250807,plan_starter,1,2025-08-07,billing,urgent,closed,11.8,2,1,1
TCK-000429,CUST-00257,20250814,plan_starter,1,2025-08-14,technical_issue,medium,closed,16.4,1,0,1
TCK-000430,CUST-00258,20240802,plan_starter,1,2024-08-02,technical_issue,medium,closed,30.1,1,0,1
TCK-000431,CUST-00258,20240712,plan_starter,1,2024-07-12,technical_issue,medium,closed,22.1,2,0,1
TCK-000432,CUST-00260,20260105,plan_pro,3,2026-01-05,account_access,medium,closed,2.8,3,0,0
TCK-000433,CUST-00260,20251031,plan_pro,3,2025-10-31,technical_issue,high,closed,11.3,3,0,0
TCK-000434,CUST-00260,20251115,plan_pro,3,2025-11-15,billing,medium,closed,10.8,1,0,1
TCK-000435,CUST-00262,20250501,plan_starter,1,2025-05-01,account_access,urgent,closed,10.4,3,1,0
TCK-000436,CUST-00262,20250321,plan_starter,1,2025-03-21,technical_issue,medium,closed,15.8,1,0,1
TCK-000437,CUST-00262,20250424,plan_starter,1,2025-04-24,cancellation_request,urgent,closed,10.9,3,1,0
TCK-000438,CUST-00263,20260715,plan_starter,2,2026-07-15,feature_request,medium,closed,1.1,4,0,0
TCK-000439,CUST-00268,20250727,plan_pro,2,2025-07-27,feature_request,medium,closed,0.1,4,0,0
TCK-000440,CUST-00268,20251003,plan_pro,2,2025-10-03,cancellation_request,medium,closed,10.2,3,0,0
TCK-000441,CUST-00269,20250902,plan_growth,2,2025-09-02,cancellation_request,low,closed,2.2,3,0,0
TCK-000442,CUST-00269,20251127,plan_growth,2,2025-11-27,technical_issue,medium,closed,36.5,1,0,1
TCK-000443,CUST-00269,20251029,plan_growth,2,2025-10-29,billing,medium,closed,14.6,2,0,1
TCK-000444,CUST-00269,20251006,plan_growth,2,2025-10-06,account_access,high,closed,9.0,4,0,0
TCK-000445,CUST-00271,20260125,plan_starter,1,2026-01-25,billing,medium,closed,4.0,4,0,0
TCK-000446,CUST-00271,20251209,plan_starter,1,2025-12-09,feature_request,medium,closed,1.9,4,0,0
TCK-000447,CUST-00272,20251027,plan_starter,1,2025-10-27,billing,high,closed,15.5,2,0,1
TCK-000448,CUST-00273,20260627,plan_starter,2,2026-06-27,technical_issue,urgent,closed,0.2,3,1,0
TCK-000449,CUST-00274,20241213,plan_pro,2,2024-12-13,technical_issue,high,closed,9.1,1,0,1
TCK-000450,CUST-00274,20241216,plan_pro,2,2024-12-16,billing,urgent,closed,23.5,3,1,0
TCK-000451,CUST-00274,20241223,plan_pro,2,2024-12-23,technical_issue,high,closed,12.7,1,0,1
TCK-000452,CUST-00274,20241208,plan_pro,2,2024-12-08,technical_issue,medium,closed,10.7,2,0,1
TCK-000453,CUST-00275,20250109,plan_growth,2,2025-01-09,billing,high,closed,5.3,2,0,1
TCK-000454,CUST-00277,20260216,plan_starter,2,2026-02-16,billing,medium,closed,3.8,5,0,0
TCK-000455,CUST-00279,20250311,plan_enterprise,2,2025-03-11,account_access,low,closed,7.6,3,0,0
TCK-000456,CUST-00279,20250421,plan_enterprise,2,2025-04-21,feature_request,medium,closed,3.0,3,0,0
TCK-000457,CUST-00279,20260726,plan_enterprise,2,2026-07-26,account_access,high,closed,10.1,4,0,0
TCK-000458,CUST-00279,20240822,plan_enterprise,2,2024-08-22,feature_request,high,closed,15.5,2,0,1
TCK-000459,CUST-00280,20260520,plan_starter,1,2026-05-20,billing,medium,closed,17.0,4,0,0
TCK-000460,CUST-00280,20260506,plan_starter,1,2026-05-06,feature_request,medium,closed,0.3,5,0,0
TCK-000461,CUST-00281,20260222,plan_starter,1,2026-02-22,account_access,high,closed,16.3,2,0,1
TCK-000462,CUST-00281,20260307,plan_starter,1,2026-03-07,cancellation_request,high,closed,30.4,2,0,1
TCK-000463,CUST-00281,20260214,plan_starter,1,2026-02-14,cancellation_request,medium,closed,8.9,4,0,0
TCK-000464,CUST-00282,20260111,plan_starter,1,2026-01-11,account_access,high,closed,32.0,4,0,1
TCK-000465,CUST-00282,20260825,plan_starter,1,2026-08-25,account_access,medium,closed,13.5,5,0,0
TCK-000466,CUST-00282,20251123,plan_starter,1,2025-11-23,technical_issue,medium,closed,20.5,3,0,0
TCK-000467,CUST-00283,20250901,plan_growth,1,2025-09-01,billing,high,closed,7.1,1,0,1
TCK-000468,CUST-00284,20260710,plan_starter,1,2026-07-10,billing,high,closed,10.9,1,0,1
TCK-000469,CUST-00286,20260222,plan_growth,1,2026-02-22,billing,medium,closed,5.9,1,0,1
TCK-000470,CUST-00286,20260301,plan_growth,1,2026-03-01,feature_request,medium,closed,2.5,4,0,0
TCK-000471,CUST-00286,20260425,plan_growth,1,2026-04-25,feature_request,low,closed,11.7,5,0,0
TCK-000472,CUST-00287,20260821,plan_pro,1,2026-08-21,technical_issue,high,closed,8.8,2,0,1
TCK-000473,CUST-00287,20260516,plan_pro,1,2026-05-16,feature_request,high,closed,7.9,3,0,0
TCK-000474,CUST-00287,20260827,plan_pro,1,2026-08-27,technical_issue,medium,closed,5.7,4,0,0
TCK-000475,CUST-00287,20260617,plan_pro,1,2026-06-17,technical_issue,urgent,closed,24.6,1,1,1
TCK-000476,CUST-00288,20251213,plan_pro,2,2025-12-13,technical_issue,medium,closed,13.1,4,0,0
TCK-000477,CUST-00288,20260114,plan_pro,2,2026-01-14,account_access,low,closed,2.6,1,0,1
TCK-000478,CUST-00290,20250919,plan_growth,1,2025-09-19,technical_issue,low,closed,9.0,1,0,1
TCK-000479,CUST-00290,20251025,plan_growth,1,2025-10-25,cancellation_request,high,closed,58.3,1,0,1
TCK-000480,CUST-00290,20251112,plan_growth,1,2025-11-12,technical_issue,high,closed,1.2,1,0,1
TCK-000481,CUST-00290,20250912,plan_growth,1,2025-09-12,billing,low,closed,0.2,4,0,0
TCK-000482,CUST-00292,20250312,plan_starter,2,2025-03-12,feature_request,low,closed,1.6,4,0,0
TCK-000483,CUST-00292,20250131,plan_starter,2,2025-01-31,billing,medium,closed,7.3,1,0,1
TCK-000484,CUST-00294,20260811,plan_growth,2,2026-08-11,feature_request,low,closed,0.2,5,0,0
TCK-000485,CUST-00296,20250502,plan_growth,1,2025-05-02,cancellation_request,medium,closed,9.8,3,0,0
TCK-000486,CUST-00296,20250325,plan_growth,1,2025-03-25,billing,low,closed,21.8,1,0,1
TCK-000487,CUST-00296,20250430,plan_growth,1,2025-04-30,technical_issue,high,closed,14.5,4,0,0
TCK-000488,CUST-00296,20250507,plan_growth,1,2025-05-07,billing,high,closed,34.4,2,0,1
TCK-000489,CUST-00298,20250127,plan_growth,2,2025-01-27,technical_issue,urgent,closed,32.7,3,1,1
TCK-000490,CUST-00298,20250301,plan_growth,2,2025-03-01,billing,high,closed,22.5,1,0,1
TCK-000491,CUST-00298,20260217,plan_growth,2,2026-02-17,billing,high,closed,15.9,1,0,1
TCK-000492,CUST-00298,20250630,plan_growth,2,2025-06-30,cancellation_request,low,closed,0.3,3,0,0
TCK-000493,CUST-00299,20260828,plan_growth,3,2026-08-28,billing,low,closed,5.7,4,0,0
TCK-000494,CUST-00300,20260220,plan_enterprise,2,2026-02-20,billing,high,closed,24.4,2,0,1
TCK-000495,CUST-00301,20260226,plan_starter,1,2026-02-26,technical_issue,high,closed,82.5,1,0,1
TCK-000496,CUST-00301,20260327,plan_starter,1,2026-03-27,account_access,urgent,closed,22.5,1,1,1
TCK-000497,CUST-00301,20260208,plan_starter,1,2026-02-08,cancellation_request,high,closed,17.3,3,0,0
TCK-000498,CUST-00301,20260316,plan_starter,1,2026-03-16,billing,urgent,closed,9.8,1,1,1
TCK-000499,CUST-00301,20260220,plan_starter,1,2026-02-20,feature_request,medium,closed,44.9,1,0,1
TCK-000500,CUST-00302,20260613,plan_pro,2,2026-06-13,feature_request,urgent,closed,3.0,4,1,0
TCK-000501,CUST-00304,20251101,plan_growth,1,2025-11-01,technical_issue,low,closed,3.7,3,0,0
TCK-000502,CUST-00305,20260424,plan_growth,2,2026-04-24,technical_issue,urgent,closed,11.5,3,1,0
TCK-000503,CUST-00305,20260811,plan_growth,2,2026-08-11,account_access,high,closed,10.7,2,0,1
TCK-000504,CUST-00307,20250408,plan_growth,1,2025-04-08,feature_request,low,closed,17.6,4,0,0
TCK-000505,CUST-00308,20260501,plan_growth,3,2026-05-01,technical_issue,high,closed,0.7,5,0,0
TCK-000506,CUST-00309,20260816,plan_starter,2,2026-08-16,feature_request,low,closed,1.6,3,0,0
TCK-000507,CUST-00309,20260614,plan_starter,2,2026-06-14,technical_issue,medium,closed,4.7,5,0,0
TCK-000508,CUST-00310,20260530,plan_enterprise,2,2026-05-30,account_access,low,closed,9.7,4,0,0
TCK-000509,CUST-00311,20260330,plan_growth,1,2026-03-30,cancellation_request,medium,closed,0.8,4,0,0
TCK-000510,CUST-00312,20260712,plan_starter,2,2026-07-12,feature_request,high,closed,1.1,4,0,0
TCK-000511,CUST-00313,20260327,plan_starter,1,2026-03-27,feature_request,low,closed,6.3,1,0,1
TCK-000512,CUST-00313,20260418,plan_starter,1,2026-04-18,feature_request,medium,closed,38.3,4,0,1
TCK-000513,CUST-00315,20251113,plan_starter,1,2025-11-13,technical_issue,urgent,closed,1.4,1,1,1
TCK-000514,CUST-00315,20260219,plan_starter,1,2026-02-19,billing,high,closed,6.2,1,0,1
TCK-000515,CUST-00315,20251114,plan_starter,1,2025-11-14,account_access,high,closed,16.0,1,0,1
TCK-000516,CUST-00315,20250515,plan_starter,1,2025-05-15,cancellation_request,high,closed,69.7,2,0,1
TCK-000517,CUST-00315,20251106,plan_starter,1,2025-11-06,technical_issue,low,closed,66.3,3,0,1
TCK-000518,CUST-00318,20260326,plan_growth,1,2026-03-26,feature_request,medium,closed,0.3,4,0,0
TCK-000519,CUST-00319,20241213,plan_starter,1,2024-12-13,billing,high,closed,0.4,1,0,1
TCK-000520,CUST-00319,20241021,plan_starter,1,2024-10-21,cancellation_request,medium,closed,9.8,4,0,0
TCK-000521,CUST-00319,20250108,plan_starter,1,2025-01-08,billing,medium,closed,19.0,1,0,1
TCK-000522,CUST-00320,20260512,plan_growth,2,2026-05-12,technical_issue,high,closed,16.2,4,0,0
TCK-000523,CUST-00320,20260607,plan_growth,2,2026-06-07,feature_request,high,closed,1.0,4,0,0
TCK-000524,CUST-00322,20260620,plan_growth,1,2026-06-20,technical_issue,medium,closed,4.5,5,0,0
TCK-000525,CUST-00324,20251015,plan_starter,1,2025-10-15,feature_request,medium,closed,5.5,2,0,1
TCK-000526,CUST-00324,20250526,plan_starter,1,2025-05-26,cancellation_request,high,closed,12.3,1,0,1
TCK-000527,CUST-00324,20251113,plan_starter,1,2025-11-13,billing,urgent,closed,26.8,1,1,1
TCK-000528,CUST-00324,20260710,plan_starter,1,2026-07-10,billing,medium,closed,3.2,1,0,1
TCK-000529,CUST-00325,20260404,plan_growth,2,2026-04-04,feature_request,low,closed,0.6,3,0,0
TCK-000530,CUST-00327,20240626,plan_growth,1,2024-06-26,billing,medium,closed,19.3,4,0,0
TCK-000531,CUST-00327,20251129,plan_growth,1,2025-11-29,technical_issue,low,closed,9.8,1,0,1
TCK-000532,CUST-00327,20241027,plan_growth,1,2024-10-27,account_access,high,closed,52.2,1,0,1
TCK-000533,CUST-00327,20260321,plan_growth,1,2026-03-21,billing,urgent,closed,23.8,1,1,1
TCK-000534,CUST-00327,20260306,plan_growth,1,2026-03-06,cancellation_request,urgent,closed,41.5,3,1,1
TCK-000535,CUST-00330,20240803,plan_growth,2,2024-08-03,billing,medium,closed,0.7,1,0,1
TCK-000536,CUST-00332,20260518,plan_starter,2,2026-05-18,feature_request,medium,closed,14.2,4,0,0
TCK-000537,CUST-00333,20260416,plan_growth,1,2026-04-16,feature_request,medium,closed,2.1,4,0,0
TCK-000538,CUST-00333,20250313,plan_growth,1,2025-03-13,billing,high,closed,2.5,4,0,0
TCK-000539,CUST-00334,20251205,plan_starter,1,2025-12-05,billing,high,closed,20.8,1,0,1
TCK-000540,CUST-00334,20250602,plan_starter,1,2025-06-02,technical_issue,urgent,closed,44.5,1,1,1
TCK-000541,CUST-00336,20251204,plan_growth,1,2025-12-04,account_access,medium,closed,7.1,1,0,1
TCK-000542,CUST-00336,20260709,plan_growth,1,2026-07-09,billing,high,closed,4.0,2,0,1
TCK-000543,CUST-00336,20250629,plan_growth,1,2025-06-29,account_access,high,closed,22.0,2,0,1
TCK-000544,CUST-00336,20260527,plan_growth,1,2026-05-27,billing,medium,closed,12.9,3,0,0
TCK-000545,CUST-00336,20250511,plan_growth,1,2025-05-11,billing,urgent,closed,35.3,5,1,1
TCK-000546,CUST-00336,20251024,plan_growth,1,2025-10-24,billing,urgent,closed,53.3,2,1,1
TCK-000547,CUST-00337,20260315,plan_starter,1,2026-03-15,cancellation_request,high,closed,2.9,2,0,1
TCK-000548,CUST-00337,20260312,plan_starter,1,2026-03-12,account_access,medium,closed,38.5,2,0,1
TCK-000549,CUST-00337,20260125,plan_starter,1,2026-01-25,billing,urgent,closed,12.0,1,1,1
TCK-000550,CUST-00337,20260324,plan_starter,1,2026-03-24,billing,urgent,closed,18.9,4,1,0
TCK-000551,CUST-00339,20260717,plan_starter,1,2026-07-17,account_access,medium,closed,10.4,5,0,0
TCK-000552,CUST-00341,20260319,plan_enterprise,2,2026-03-19,account_access,high,closed,8.6,3,0,0
TCK-000553,CUST-00342,20260813,plan_pro,1,2026-08-13,feature_request,medium,closed,6.1,5,0,0
TCK-000554,CUST-00342,20260408,plan_pro,1,2026-04-08,billing,low,closed,6.3,4,0,0
TCK-000555,CUST-00343,20260328,plan_growth,1,2026-03-28,billing,low,closed,2.8,1,0,1
TCK-000556,CUST-00343,20251004,plan_growth,1,2025-10-04,technical_issue,high,closed,20.9,2,0,1
TCK-000557,CUST-00343,20251017,plan_growth,1,2025-10-17,billing,high,closed,0.3,2,0,1
TCK-000558,CUST-00344,20260519,plan_growth,1,2026-05-19,feature_request,urgent,closed,10.6,5,1,0
TCK-000559,CUST-00345,20260806,plan_starter,1,2026-08-06,technical_issue,low,closed,8.1,5,0,0
TCK-000560,CUST-00346,20241108,plan_pro,2,2024-11-08,billing,medium,closed,7.2,3,0,0
TCK-000561,CUST-00347,20260305,plan_pro,1,2026-03-05,technical_issue,urgent,closed,5.4,1,1,1
TCK-000562,CUST-00347,20260125,plan_pro,1,2026-01-25,technical_issue,high,closed,29.7,3,0,1
TCK-000563,CUST-00347,20260221,plan_pro,1,2026-02-21,technical_issue,high,closed,28.3,4,0,1
TCK-000564,CUST-00348,20260215,plan_starter,1,2026-02-15,billing,urgent,closed,10.1,2,1,1
TCK-000565,CUST-00348,20260313,plan_starter,1,2026-03-13,technical_issue,medium,closed,26.8,1,0,1
TCK-000566,CUST-00348,20260408,plan_starter,1,2026-04-08,cancellation_request,high,closed,37.4,1,0,1
TCK-000567,CUST-00348,20260304,plan_starter,1,2026-03-04,technical_issue,medium,closed,25.9,2,0,1
TCK-000568,CUST-00349,20251229,plan_pro,1,2025-12-29,billing,urgent,closed,36.7,2,1,1
TCK-000569,CUST-00349,20260220,plan_pro,1,2026-02-20,feature_request,high,closed,16.8,3,0,0
TCK-000570,CUST-00349,20260121,plan_pro,1,2026-01-21,feature_request,urgent,closed,71.5,2,1,1
TCK-000571,CUST-00349,20260411,plan_pro,1,2026-04-11,cancellation_request,medium,closed,7.3,1,0,1
TCK-000572,CUST-00350,20240904,plan_growth,1,2024-09-04,technical_issue,medium,closed,4.5,1,0,1
TCK-000573,CUST-00351,20260107,plan_growth,1,2026-01-07,account_access,urgent,closed,9.5,2,1,1
TCK-000574,CUST-00351,20251102,plan_growth,1,2025-11-02,feature_request,medium,closed,0.9,1,0,1
TCK-000575,CUST-00351,20251209,plan_growth,1,2025-12-09,billing,medium,closed,13.9,2,0,1
TCK-000576,CUST-00351,20260201,plan_growth,1,2026-02-01,account_access,medium,closed,29.8,1,0,1
TCK-000577,CUST-00352,20260528,plan_starter,1,2026-05-28,account_access,high,closed,8.0,4,0,0
TCK-000578,CUST-00354,20250621,plan_starter,1,2025-06-21,account_access,medium,closed,5.9,4,0,0
TCK-000579,CUST-00355,20251225,plan_growth,1,2025-12-25,technical_issue,medium,closed,12.5,1,0,1
TCK-000580,CUST-00355,20251119,plan_growth,1,2025-11-19,cancellation_request,medium,closed,5.0,2,0,1
TCK-000581,CUST-00357,20241228,plan_enterprise,3,2024-12-28,feature_request,low,closed,3.6,4,0,0
TCK-000582,CUST-00358,20250304,plan_growth,1,2025-03-04,account_access,low,closed,41.8,5,0,1
TCK-000583,CUST-00360,20260824,plan_growth,1,2026-08-24,technical_issue,medium,closed,4.5,3,0,0
TCK-000584,CUST-00361,20250730,plan_starter,1,2025-07-30,technical_issue,urgent,closed,14.6,3,1,0
TCK-000585,CUST-00361,20251215,plan_starter,1,2025-12-15,technical_issue,high,closed,6.6,3,0,0
TCK-000586,CUST-00361,20251106,plan_starter,1,2025-11-06,billing,low,closed,10.6,2,0,1
TCK-000587,CUST-00361,20250819,plan_starter,1,2025-08-19,billing,low,closed,27.7,1,0,1
TCK-000588,CUST-00361,20250826,plan_starter,1,2025-08-26,technical_issue,medium,closed,2.7,1,0,1
TCK-000589,CUST-00361,20250831,plan_starter,1,2025-08-31,billing,high,closed,6.0,1,0,1
TCK-000590,CUST-00363,20251123,plan_growth,1,2025-11-23,feature_request,medium,closed,7.2,4,0,0
TCK-000591,CUST-00366,20260826,plan_growth,1,2026-08-26,billing,urgent,closed,19.2,4,1,0
TCK-000592,CUST-00366,20250419,plan_growth,1,2025-04-19,account_access,medium,closed,11.9,4,0,0
TCK-000593,CUST-00368,20250528,plan_starter,1,2025-05-28,technical_issue,high,closed,10.8,1,0,1
TCK-000594,CUST-00368,20250723,plan_starter,1,2025-07-23,technical_issue,high,closed,0.9,4,0,0
TCK-000595,CUST-00368,20240919,plan_starter,1,2024-09-19,cancellation_request,high,closed,5.0,3,0,0
TCK-000596,CUST-00368,20241207,plan_starter,1,2024-12-07,technical_issue,low,closed,13.1,2,0,1
TCK-000597,CUST-00368,20250225,plan_starter,1,2025-02-25,billing,urgent,closed,13.2,2,1,1
TCK-000598,CUST-00368,20240929,plan_starter,1,2024-09-29,technical_issue,medium,closed,3.1,1,0,1
TCK-000599,CUST-00369,20251130,plan_starter,1,2025-11-30,billing,urgent,closed,15.4,2,1,1
TCK-000600,CUST-00369,20250719,plan_starter,1,2025-07-19,feature_request,medium,closed,19.3,1,0,1
TCK-000601,CUST-00371,20250918,plan_starter,1,2025-09-18,billing,high,closed,30.4,3,0,1
TCK-000602,CUST-00371,20251021,plan_starter,1,2025-10-21,technical_issue,medium,closed,35.7,1,0,1
TCK-000603,CUST-00371,20251021,plan_starter,1,2025-10-21,technical_issue,low,closed,5.2,2,0,1
TCK-000604,CUST-00372,20260713,plan_pro,1,2026-07-13,feature_request,medium,closed,0.6,2,0,1
TCK-000605,CUST-00373,20260707,plan_growth,1,2026-07-07,feature_request,medium,closed,2.5,3,0,0
TCK-000606,CUST-00373,20260606,plan_growth,1,2026-06-06,billing,medium,closed,12.9,4,0,0
TCK-000607,CUST-00374,20250304,plan_starter,1,2025-03-04,account_access,medium,closed,14.3,1,0,1
TCK-000608,CUST-00375,20241129,plan_growth,1,2024-11-29,account_access,high,closed,4.9,3,0,0
TCK-000609,CUST-00376,20260318,plan_starter,1,2026-03-18,feature_request,high,closed,3.1,3,0,0
TCK-000610,CUST-00376,20260323,plan_starter,1,2026-03-23,technical_issue,low,closed,0.7,4,0,0
TCK-000611,CUST-00376,20260520,plan_starter,1,2026-05-20,account_access,medium,closed,3.7,3,0,0
TCK-000612,CUST-00377,20260606,plan_starter,3,2026-06-06,account_access,high,closed,7.2,4,0,0
TCK-000613,CUST-00378,20260313,plan_starter,1,2026-03-13,billing,medium,closed,1.2,4,0,0
TCK-000614,CUST-00378,20260314,plan_starter,1,2026-03-14,technical_issue,high,closed,11.3,2,0,1
TCK-000615,CUST-00378,20260103,plan_starter,1,2026-01-03,billing,high,closed,0.9,2,0,1
TCK-000616,CUST-00380,20260726,plan_starter,1,2026-07-26,billing,medium,closed,0.5,5,0,0
TCK-000617,CUST-00380,20260809,plan_starter,1,2026-08-09,technical_issue,medium,closed,3.0,4,0,0
TCK-000618,CUST-00383,20250601,plan_growth,1,2025-06-01,cancellation_request,medium,closed,10.8,1,0,1
TCK-000619,CUST-00383,20250419,plan_growth,1,2025-04-19,technical_issue,high,closed,54.2,2,0,1
TCK-000620,CUST-00383,20250613,plan_growth,1,2025-06-13,billing,medium,closed,127.3,2,0,1
TCK-000621,CUST-00384,20251023,plan_pro,2,2025-10-23,technical_issue,high,closed,3.1,1,0,1
TCK-000622,CUST-00385,20240825,plan_pro,1,2024-08-25,technical_issue,high,closed,7.1,3,0,0
TCK-000623,CUST-00386,20250125,plan_growth,1,2025-01-25,billing,high,closed,1.2,1,0,1
TCK-000624,CUST-00386,20250406,plan_growth,1,2025-04-06,feature_request,high,closed,8.3,1,0,1
TCK-000625,CUST-00386,20250214,plan_growth,1,2025-02-14,billing,medium,closed,16.4,3,0,0
TCK-000626,CUST-00386,20250513,plan_growth,1,2025-05-13,billing,high,closed,10.2,2,0,1
TCK-000627,CUST-00386,20250125,plan_growth,1,2025-01-25,technical_issue,urgent,closed,30.4,1,1,1
TCK-000628,CUST-00387,20250412,plan_starter,1,2025-04-12,cancellation_request,high,closed,4.7,2,0,1
TCK-000629,CUST-00387,20250410,plan_starter,1,2025-04-10,cancellation_request,high,closed,18.1,2,0,1
TCK-000630,CUST-00388,20250610,plan_growth,2,2025-06-10,billing,urgent,closed,18.8,1,1,1
TCK-000631,CUST-00389,20260528,plan_growth,2,2026-05-28,account_access,urgent,closed,11.3,4,1,0
TCK-000632,CUST-00390,20250605,plan_enterprise,1,2025-06-05,technical_issue,low,closed,1.8,5,0,0
TCK-000633,CUST-00390,20250723,plan_enterprise,1,2025-07-23,technical_issue,low,closed,1.0,3,0,0
TCK-000634,CUST-00390,20260309,plan_enterprise,1,2026-03-09,technical_issue,medium,closed,4.2,5,0,0
TCK-000635,CUST-00391,20260515,plan_growth,2,2026-05-15,technical_issue,medium,closed,7.8,5,0,0
TCK-000636,CUST-00392,20260704,plan_growth,2,2026-07-04,feature_request,high,closed,2.5,4,0,0
TCK-000637,CUST-00392,20260516,plan_growth,2,2026-05-16,technical_issue,medium,closed,7.0,2,0,1
TCK-000638,CUST-00393,20260307,plan_starter,1,2026-03-07,technical_issue,medium,closed,27.4,4,0,1
TCK-000639,CUST-00394,20250212,plan_starter,1,2025-02-12,technical_issue,urgent,closed,34.5,5,1,1
TCK-000640,CUST-00394,20241218,plan_starter,1,2024-12-18,technical_issue,high,closed,34.0,3,0,1
TCK-000641,CUST-00395,20260227,plan_starter,1,2026-02-27,account_access,high,closed,6.4,2,0,1
TCK-000642,CUST-00395,20260214,plan_starter,1,2026-02-14,technical_issue,high,closed,40.9,1,0,1
TCK-000643,CUST-00395,20260225,plan_starter,1,2026-02-25,cancellation_request,low,closed,26.1,4,0,1
TCK-000644,CUST-00397,20251029,plan_starter,2,2025-10-29,billing,urgent,closed,28.7,3,1,1
TCK-000645,CUST-00397,20251113,plan_starter,2,2025-11-13,technical_issue,medium,closed,6.6,2,0,1
TCK-000646,CUST-00397,20251020,plan_starter,2,2025-10-20,cancellation_request,low,closed,0.9,3,0,0
TCK-000647,CUST-00397,20251218,plan_starter,2,2025-12-18,technical_issue,high,closed,0.3,3,0,0
TCK-000648,CUST-00397,20251020,plan_starter,2,2025-10-20,technical_issue,medium,closed,18.7,1,0,1
TCK-000649,CUST-00400,20260421,plan_pro,1,2026-04-21,cancellation_request,low,closed,1.4,1,0,1
TCK-000650,CUST-00400,20260302,plan_pro,1,2026-03-02,technical_issue,medium,closed,11.8,1,0,1
TCK-000651,CUST-00400,20260226,plan_pro,1,2026-02-26,feature_request,urgent,closed,7.6,3,1,0
TCK-000652,CUST-00401,20251002,plan_enterprise,2,2025-10-02,feature_request,low,closed,0.0,4,0,0
TCK-000653,CUST-00403,20251121,plan_growth,1,2025-11-21,feature_request,low,closed,3.0,4,0,0
TCK-000654,CUST-00403,20260215,plan_growth,1,2026-02-15,feature_request,medium,closed,1.6,4,0,0
TCK-000655,CUST-00403,20260127,plan_growth,1,2026-01-27,technical_issue,high,closed,10.6,5,0,0
TCK-000656,CUST-00404,20260303,plan_pro,1,2026-03-03,feature_request,low,closed,2.2,5,0,0
TCK-000657,CUST-00405,20260821,plan_starter,1,2026-08-21,technical_issue,medium,closed,1.8,4,0,0
TCK-000658,CUST-00405,20260430,plan_starter,1,2026-04-30,feature_request,high,closed,1.6,3,0,0
TCK-000659,CUST-00406,20250703,plan_starter,1,2025-07-03,technical_issue,high,closed,19.0,1,0,1
TCK-000660,CUST-00407,20250627,plan_starter,1,2025-06-27,account_access,high,closed,26.0,1,0,1
TCK-000661,CUST-00407,20250806,plan_starter,1,2025-08-06,account_access,urgent,closed,19.4,3,1,0
TCK-000662,CUST-00408,20260517,plan_starter,1,2026-05-17,technical_issue,medium,closed,0.8,1,0,1
TCK-000663,CUST-00408,20260610,plan_starter,1,2026-06-10,technical_issue,low,closed,1.3,5,0,0
TCK-000664,CUST-00409,20241208,plan_growth,2,2024-12-08,cancellation_request,low,closed,33.2,1,0,1
TCK-000665,CUST-00410,20260703,plan_starter,1,2026-07-03,feature_request,medium,closed,1.8,5,0,0
TCK-000666,CUST-00412,20260504,plan_pro,1,2026-05-04,technical_issue,low,closed,2.4,5,0,0
TCK-000667,CUST-00414,20260403,plan_starter,1,2026-04-03,account_access,low,closed,7.0,1,0,1
TCK-000668,CUST-00414,20260104,plan_starter,1,2026-01-04,feature_request,low,closed,5.5,4,0,0
TCK-000669,CUST-00414,20260329,plan_starter,1,2026-03-29,technical_issue,medium,closed,1.0,2,0,1
TCK-000670,CUST-00415,20250121,plan_pro,2,2025-01-21,technical_issue,high,closed,56.1,3,0,1
TCK-000671,CUST-00415,20250525,plan_pro,2,2025-05-25,cancellation_request,high,closed,3.6,1,0,1
TCK-000672,CUST-00415,20250225,plan_pro,2,2025-02-25,billing,medium,closed,31.4,2,0,1
TCK-000673,CUST-00415,20250402,plan_pro,2,2025-04-02,billing,high,closed,3.3,2,0,1
TCK-000674,CUST-00416,20260530,plan_growth,1,2026-05-30,billing,medium,closed,32.1,1,0,1
TCK-000675,CUST-00416,20260530,plan_growth,1,2026-05-30,technical_issue,medium,closed,43.1,2,0,1
TCK-000676,CUST-00416,20260420,plan_growth,1,2026-04-20,technical_issue,urgent,closed,29.9,1,1,1
TCK-000677,CUST-00416,20260425,plan_growth,1,2026-04-25,account_access,medium,closed,18.0,2,0,1
TCK-000678,CUST-00418,20260720,plan_starter,2,2026-07-20,technical_issue,low,closed,11.7,4,0,0
TCK-000679,CUST-00419,20250530,plan_growth,1,2025-05-30,feature_request,high,closed,1.2,3,0,0
TCK-000680,CUST-00420,20250817,plan_growth,1,2025-08-17,billing,high,closed,37.1,1,0,1
TCK-000681,CUST-00421,20240803,plan_starter,1,2024-08-03,technical_issue,medium,closed,23.3,2,0,1
TCK-000682,CUST-00421,20240415,plan_starter,1,2024-04-15,billing,high,closed,27.0,5,0,1
TCK-000683,CUST-00423,20251224,plan_growth,1,2025-12-24,cancellation_request,medium,closed,29.7,4,0,1
TCK-000684,CUST-00423,20260418,plan_growth,1,2026-04-18,account_access,low,closed,4.7,5,0,0
TCK-000685,CUST-00423,20250619,plan_growth,1,2025-06-19,feature_request,medium,closed,0.8,5,0,0
TCK-000686,CUST-00423,20260705,plan_growth,1,2026-07-05,technical_issue,low,closed,0.6,4,0,0
TCK-000687,CUST-00424,20260609,plan_growth,2,2026-06-09,account_access,medium,closed,25.3,4,0,1
TCK-000688,CUST-00425,20260312,plan_growth,1,2026-03-12,technical_issue,high,closed,4.2,1,0,1
TCK-000689,CUST-00426,20250707,plan_starter,2,2025-07-07,billing,urgent,closed,26.0,2,1,1
TCK-000690,CUST-00426,20250426,plan_starter,2,2025-04-26,billing,urgent,closed,3.3,1,1,1
TCK-000691,CUST-00427,20250921,plan_starter,1,2025-09-21,feature_request,medium,closed,11.8,3,0,0
TCK-000692,CUST-00427,20260611,plan_starter,1,2026-06-11,technical_issue,low,closed,2.8,5,0,0
TCK-000693,CUST-00428,20260523,plan_growth,2,2026-05-23,billing,medium,closed,2.6,3,0,0
TCK-000694,CUST-00429,20260805,plan_growth,1,2026-08-05,technical_issue,medium,closed,5.2,5,0,0
TCK-000695,CUST-00429,20260519,plan_growth,1,2026-05-19,billing,medium,closed,11.7,3,0,0
TCK-000696,CUST-00431,20260519,plan_starter,1,2026-05-19,account_access,urgent,closed,18.4,1,1,1
TCK-000697,CUST-00431,20260813,plan_starter,1,2026-08-13,billing,high,closed,9.2,2,0,1
TCK-000698,CUST-00432,20260105,plan_pro,1,2026-01-05,technical_issue,medium,closed,1.8,3,0,0
TCK-000699,CUST-00433,20250130,plan_pro,3,2025-01-30,account_access,medium,closed,4.3,4,0,0
TCK-000700,CUST-00434,20250811,plan_pro,1,2025-08-11,technical_issue,high,closed,11.6,3,0,0
TCK-000701,CUST-00434,20250203,plan_pro,1,2025-02-03,cancellation_request,low,closed,1.2,1,0,1
TCK-000702,CUST-00434,20250202,plan_pro,1,2025-02-02,billing,high,closed,3.2,2,0,1
TCK-000703,CUST-00436,20260715,plan_starter,1,2026-07-15,billing,low,closed,9.4,4,0,0
TCK-000704,CUST-00436,20250528,plan_starter,1,2025-05-28,billing,low,closed,6.9,3,0,0
TCK-000705,CUST-00437,20260418,plan_growth,2,2026-04-18,account_access,medium,closed,37.2,3,0,1
TCK-000706,CUST-00440,20241108,plan_pro,2,2024-11-08,account_access,medium,closed,16.6,4,0,0
TCK-000707,CUST-00441,20251110,plan_starter,1,2025-11-10,billing,medium,closed,6.2,1,0,1
TCK-000708,CUST-00441,20250430,plan_starter,1,2025-04-30,billing,high,closed,21.1,2,0,1
TCK-000709,CUST-00442,20260515,plan_growth,2,2026-05-15,account_access,medium,closed,17.1,4,0,0
TCK-000710,CUST-00443,20260722,plan_pro,1,2026-07-22,billing,low,closed,10.1,2,0,1
TCK-000711,CUST-00444,20260426,plan_growth,2,2026-04-26,feature_request,low,closed,1.4,4,0,0
TCK-000712,CUST-00445,20260205,plan_starter,1,2026-02-05,technical_issue,medium,closed,3.3,3,0,0
TCK-000713,CUST-00445,20260428,plan_starter,1,2026-04-28,feature_request,medium,closed,4.5,4,0,0
TCK-000714,CUST-00446,20260424,plan_pro,3,2026-04-24,billing,medium,closed,2.3,4,0,0
TCK-000715,CUST-00447,20260126,plan_pro,1,2026-01-26,billing,high,closed,1.0,3,0,0
TCK-000716,CUST-00447,20260206,plan_pro,1,2026-02-06,account_access,low,closed,13.3,4,0,0
TCK-000717,CUST-00448,20260424,plan_starter,1,2026-04-24,billing,urgent,closed,16.6,1,1,1
TCK-000718,CUST-00448,20260412,plan_starter,1,2026-04-12,technical_issue,medium,closed,35.2,2,0,1
TCK-000719,CUST-00449,20260531,plan_starter,1,2026-05-31,billing,low,closed,3.1,5,0,0
TCK-000720,CUST-00449,20260712,plan_starter,1,2026-07-12,feature_request,low,closed,1.7,3,0,0
TCK-000721,CUST-00449,20260424,plan_starter,1,2026-04-24,technical_issue,medium,closed,22.1,2,0,1
TCK-000722,CUST-00450,20251016,plan_starter,1,2025-10-16,account_access,low,closed,0.5,5,0,0
TCK-000723,CUST-00452,20260320,plan_starter,1,2026-03-20,feature_request,high,closed,2.1,3,0,0
TCK-000724,CUST-00452,20260310,plan_starter,1,2026-03-10,billing,medium,closed,5.7,4,0,0
TCK-000725,CUST-00453,20260418,plan_pro,1,2026-04-18,billing,medium,closed,2.0,3,0,0
TCK-000726,CUST-00453,20260116,plan_pro,1,2026-01-16,feature_request,high,closed,18.0,3,0,0
TCK-000727,CUST-00453,20260305,plan_pro,1,2026-03-05,technical_issue,medium,closed,16.4,4,0,0
TCK-000728,CUST-00454,20260826,plan_pro,2,2026-08-26,account_access,medium,closed,3.4,4,0,0
TCK-000729,CUST-00456,20250221,plan_pro,1,2025-02-21,account_access,high,closed,3.2,1,0,1
TCK-000730,CUST-00456,20250208,plan_pro,1,2025-02-08,billing,urgent,closed,60.2,1,1,1
TCK-000731,CUST-00456,20250117,plan_pro,1,2025-01-17,cancellation_request,high,closed,16.5,1,0,1
TCK-000732,CUST-00456,20250103,plan_pro,1,2025-01-03,account_access,high,closed,20.2,1,0,1
TCK-000733,CUST-00457,20260328,plan_growth,3,2026-03-28,technical_issue,high,closed,11.1,4,0,0
TCK-000734,CUST-00458,20260701,plan_starter,1,2026-07-01,feature_request,medium,closed,0.8,5,0,0
TCK-000735,CUST-00461,20251003,plan_enterprise,2,2025-10-03,account_access,medium,closed,27.6,4,0,1
TCK-000736,CUST-00462,20251226,plan_pro,1,2025-12-26,technical_issue,urgent,closed,10.3,1,1,1
TCK-000737,CUST-00462,20260107,plan_pro,1,2026-01-07,account_access,high,closed,13.8,1,0,1
TCK-000738,CUST-00463,20260625,plan_growth,1,2026-06-25,billing,medium,closed,0.2,5,0,0
TCK-000739,CUST-00463,20260820,plan_growth,1,2026-08-20,feature_request,low,closed,2.4,5,0,0
TCK-000740,CUST-00464,20241208,plan_growth,1,2024-12-08,cancellation_request,medium,closed,7.6,2,0,1
TCK-000741,CUST-00464,20241213,plan_growth,1,2024-12-13,technical_issue,urgent,closed,6.9,1,1,1
TCK-000742,CUST-00465,20260417,plan_enterprise,2,2026-04-17,technical_issue,low,closed,3.6,5,0,0
TCK-000743,CUST-00466,20251004,plan_starter,1,2025-10-04,billing,medium,closed,17.7,1,0,1
TCK-000744,CUST-00467,20250706,plan_growth,1,2025-07-06,feature_request,high,closed,3.6,2,0,1
TCK-000745,CUST-00471,20251124,plan_starter,2,2025-11-24,technical_issue,medium,closed,7.4,2,0,1
TCK-000746,CUST-00471,20260101,plan_starter,2,2026-01-01,billing,medium,closed,5.4,4,0,0
TCK-000747,CUST-00472,20260503,plan_starter,2,2026-05-03,billing,medium,closed,3.0,3,0,0
TCK-000748,CUST-00473,20250713,plan_pro,1,2025-07-13,cancellation_request,medium,closed,14.9,3,0,0
TCK-000749,CUST-00473,20250712,plan_pro,1,2025-07-12,billing,high,closed,10.3,2,0,1
TCK-000750,CUST-00475,20260330,plan_growth,2,2026-03-30,feature_request,medium,closed,4.2,1,0,1
TCK-000751,CUST-00476,20260520,plan_pro,2,2026-05-20,technical_issue,low,closed,7.3,1,0,1
TCK-000752,CUST-00476,20260815,plan_pro,2,2026-08-15,technical_issue,low,closed,0.1,5,0,0
TCK-000753,CUST-00480,20260209,plan_starter,1,2026-02-09,technical_issue,high,closed,3.2,3,0,0
TCK-000754,CUST-00480,20260228,plan_starter,1,2026-02-28,billing,medium,closed,2.6,1,0,1
TCK-000755,CUST-00480,20260121,plan_starter,1,2026-01-21,billing,medium,closed,19.3,2,0,1
TCK-000756,CUST-00481,20260108,plan_growth,1,2026-01-08,account_access,medium,closed,14.9,1,0,1
TCK-000757,CUST-00481,20260112,plan_growth,1,2026-01-12,technical_issue,high,closed,45.4,1,0,1
TCK-000758,CUST-00481,20260110,plan_growth,1,2026-01-10,technical_issue,urgent,closed,5.8,2,1,1
TCK-000759,CUST-00481,20251209,plan_growth,1,2025-12-09,account_access,high,closed,53.6,2,0,1
TCK-000760,CUST-00483,20260502,plan_starter,1,2026-05-02,technical_issue,high,closed,8.6,3,0,0
TCK-000761,CUST-00483,20260727,plan_starter,1,2026-07-27,technical_issue,high,closed,25.6,2,0,1
TCK-000762,CUST-00483,20260622,plan_starter,1,2026-06-22,billing,urgent,closed,26.2,1,1,1
TCK-000763,CUST-00484,20260510,plan_growth,2,2026-05-10,feature_request,low,closed,2.3,1,0,1
TCK-000764,CUST-00484,20260704,plan_growth,2,2026-07-04,technical_issue,medium,closed,20.6,3,0,0
TCK-000765,CUST-00485,20250422,plan_starter,1,2025-04-22,technical_issue,medium,closed,7.1,3,0,0
TCK-000766,CUST-00486,20260831,plan_growth,1,2026-08-31,account_access,low,closed,3.0,2,0,1
TCK-000767,CUST-00487,20260209,plan_growth,1,2026-02-09,technical_issue,medium,closed,10.1,4,0,0
TCK-000768,CUST-00487,20260706,plan_growth,1,2026-07-06,technical_issue,medium,closed,3.9,3,0,0
TCK-000769,CUST-00488,20260321,plan_growth,2,2026-03-21,cancellation_request,medium,closed,2.8,3,0,0
TCK-000770,CUST-00489,20260428,plan_growth,1,2026-04-28,technical_issue,high,closed,1.0,3,0,0
TCK-000771,CUST-00489,20260731,plan_growth,1,2026-07-31,feature_request,medium,closed,0.7,5,0,0
TCK-000772,CUST-00491,20250311,plan_pro,1,2025-03-11,cancellation_request,high,closed,15.1,2,0,1
TCK-000773,CUST-00491,20250306,plan_pro,1,2025-03-06,technical_issue,high,closed,4.5,5,0,0
TCK-000774,CUST-00491,20250307,plan_pro,1,2025-03-07,technical_issue,urgent,closed,15.7,5,1,0
TCK-000775,CUST-00493,20260801,plan_pro,1,2026-08-01,billing,low,closed,0.6,2,0,1
TCK-000776,CUST-00493,20260721,plan_pro,1,2026-07-21,technical_issue,medium,closed,3.7,3,0,0
TCK-000777,CUST-00494,20250514,plan_growth,1,2025-05-14,technical_issue,high,closed,62.9,3,0,1
TCK-000778,CUST-00494,20250721,plan_growth,1,2025-07-21,account_access,urgent,closed,13.7,2,1,1
TCK-000779,CUST-00494,20250902,plan_growth,1,2025-09-02,technical_issue,urgent,closed,0.3,1,1,1
TCK-000780,CUST-00494,20250701,plan_growth,1,2025-07-01,technical_issue,high,closed,2.9,3,0,0
TCK-000781,CUST-00497,20260413,plan_pro,1,2026-04-13,billing,low,closed,3.9,1,0,1
TCK-000782,CUST-00499,20251120,plan_starter,1,2025-11-20,account_access,medium,closed,7.9,4,0,0
TCK-000783,CUST-00500,20260724,plan_growth,1,2026-07-24,technical_issue,high,closed,21.8,2,0,1
TCK-000784,CUST-00501,20250612,plan_starter,1,2025-06-12,technical_issue,urgent,closed,7.2,1,1,1
TCK-000785,CUST-00501,20250625,plan_starter,1,2025-06-25,billing,high,closed,20.3,1,0,1
TCK-000786,CUST-00502,20260222,plan_starter,1,2026-02-22,billing,high,closed,4.6,1,0,1
TCK-000787,CUST-00502,20260222,plan_starter,1,2026-02-22,feature_request,urgent,closed,18.7,2,1,1
TCK-000788,CUST-00502,20260308,plan_starter,1,2026-03-08,billing,high,closed,53.7,1,0,1
TCK-000789,CUST-00503,20251012,plan_starter,1,2025-10-12,cancellation_request,high,closed,10.8,2,0,1
TCK-000790,CUST-00503,20250622,plan_starter,1,2025-06-22,cancellation_request,high,closed,2.6,4,0,0
TCK-000791,CUST-00506,20260623,plan_starter,2,2026-06-23,feature_request,low,closed,0.7,1,0,1
TCK-000792,CUST-00507,20260111,plan_starter,1,2026-01-11,feature_request,urgent,closed,6.7,2,1,1
TCK-000793,CUST-00507,20260107,plan_starter,1,2026-01-07,cancellation_request,high,closed,15.7,1,0,1
TCK-000794,CUST-00507,20260221,plan_starter,1,2026-02-21,cancellation_request,high,closed,17.6,1,0,1
TCK-000795,CUST-00508,20260505,plan_starter,1,2026-05-05,technical_issue,medium,closed,23.6,5,0,0
TCK-000796,CUST-00508,20260612,plan_starter,1,2026-06-12,feature_request,medium,closed,11.2,4,0,0
TCK-000797,CUST-00508,20260331,plan_starter,1,2026-03-31,account_access,high,closed,6.9,5,0,0
TCK-000798,CUST-00509,20260416,plan_growth,1,2026-04-16,billing,urgent,closed,16.5,1,1,1
TCK-000799,CUST-00509,20251202,plan_growth,1,2025-12-02,technical_issue,urgent,closed,7.6,2,1,1
TCK-000800,CUST-00509,20251111,plan_growth,1,2025-11-11,cancellation_request,high,closed,1.9,2,0,1
TCK-000801,CUST-00509,20250818,plan_growth,1,2025-08-18,technical_issue,low,closed,11.3,1,0,1
TCK-000802,CUST-00509,20260312,plan_growth,1,2026-03-12,technical_issue,urgent,closed,4.8,2,1,1
TCK-000803,CUST-00510,20260805,plan_growth,1,2026-08-05,technical_issue,medium,closed,2.2,1,0,1
TCK-000804,CUST-00510,20260331,plan_growth,1,2026-03-31,billing,low,closed,5.1,3,0,0
TCK-000805,CUST-00511,20260330,plan_starter,1,2026-03-30,cancellation_request,medium,closed,2.9,4,0,0
TCK-000806,CUST-00511,20260531,plan_starter,1,2026-05-31,feature_request,medium,closed,2.1,5,0,0
TCK-000807,CUST-00512,20251109,plan_enterprise,2,2025-11-09,technical_issue,low,closed,24.1,4,0,1
TCK-000808,CUST-00513,20250614,plan_pro,2,2025-06-14,feature_request,medium,closed,6.8,3,0,0
TCK-000809,CUST-00515,20260316,plan_pro,1,2026-03-16,technical_issue,urgent,closed,57.2,1,1,1
TCK-000810,CUST-00515,20250721,plan_pro,1,2025-07-21,billing,medium,closed,28.8,2,0,1
TCK-000811,CUST-00515,20251029,plan_pro,1,2025-10-29,technical_issue,low,closed,3.3,2,0,1
TCK-000812,CUST-00515,20251101,plan_pro,1,2025-11-01,technical_issue,high,closed,38.4,3,0,1
TCK-000813,CUST-00515,20260224,plan_pro,1,2026-02-24,technical_issue,medium,closed,3.3,2,0,1
TCK-000814,CUST-00517,20251114,plan_growth,2,2025-11-14,billing,medium,closed,0.8,1,0,1
TCK-000815,CUST-00517,20260416,plan_growth,2,2026-04-16,technical_issue,medium,closed,2.6,2,0,1
TCK-000816,CUST-00518,20260321,plan_pro,2,2026-03-21,feature_request,medium,closed,6.1,2,0,1
TCK-000817,CUST-00518,20250524,plan_pro,2,2025-05-24,feature_request,urgent,closed,11.3,4,1,0
TCK-000818,CUST-00519,20260602,plan_growth,2,2026-06-02,account_access,low,closed,18.8,4,0,0
TCK-000819,CUST-00520,20250509,plan_starter,2,2025-05-09,billing,urgent,closed,26.4,3,1,1
TCK-000820,CUST-00520,20250422,plan_starter,2,2025-04-22,billing,urgent,closed,32.1,1,1,1
TCK-000821,CUST-00520,20250509,plan_starter,2,2025-05-09,billing,high,closed,47.3,4,0,1
TCK-000822,CUST-00522,20260725,plan_growth,1,2026-07-25,feature_request,medium,closed,4.6,5,0,0
TCK-000823,CUST-00523,20260505,plan_growth,1,2026-05-05,billing,medium,closed,0.4,5,0,0
TCK-000824,CUST-00525,20260219,plan_pro,1,2026-02-19,billing,medium,closed,9.7,5,0,0
TCK-000825,CUST-00526,20250715,plan_growth,2,2025-07-15,billing,medium,closed,2.4,2,0,1
TCK-000826,CUST-00526,20251020,plan_growth,2,2025-10-20,billing,urgent,closed,18.4,2,1,1
TCK-000827,CUST-00526,20251009,plan_growth,2,2025-10-09,feature_request,high,closed,53.1,3,0,1
TCK-000828,CUST-00527,20251022,plan_starter,1,2025-10-22,billing,medium,closed,20.4,2,0,1
TCK-000829,CUST-00527,20260428,plan_starter,1,2026-04-28,technical_issue,urgent,closed,13.5,2,1,1
TCK-000830,CUST-00530,20260623,plan_growth,2,2026-06-23,feature_request,medium,closed,2.6,4,0,0
TCK-000831,CUST-00532,20260111,plan_starter,2,2026-01-11,billing,medium,closed,8.7,1,0,1
TCK-000832,CUST-00532,20260613,plan_starter,2,2026-06-13,billing,medium,closed,5.4,4,0,0
TCK-000833,CUST-00532,20251225,plan_starter,2,2025-12-25,billing,low,closed,17.0,5,0,0
TCK-000834,CUST-00534,20260428,plan_pro,1,2026-04-28,feature_request,high,closed,2.1,4,0,0
TCK-000835,CUST-00534,20260818,plan_pro,1,2026-08-18,technical_issue,medium,closed,4.7,4,0,0
TCK-000836,CUST-00536,20260819,plan_pro,1,2026-08-19,feature_request,medium,closed,0.2,4,0,0
TCK-000837,CUST-00539,20240813,plan_starter,1,2024-08-13,account_access,medium,closed,1.5,3,0,0
TCK-000838,CUST-00539,20240516,plan_starter,1,2024-05-16,billing,high,closed,14.2,1,0,1
TCK-000839,CUST-00540,20260304,plan_starter,2,2026-03-04,technical_issue,medium,closed,29.7,4,0,1
TCK-000840,CUST-00540,20260820,plan_starter,2,2026-08-20,technical_issue,low,closed,4.4,4,0,0
TCK-000841,CUST-00541,20260513,plan_growth,1,2026-05-13,account_access,low,closed,29.7,1,0,1
TCK-000842,CUST-00542,20250413,plan_starter,1,2025-04-13,technical_issue,urgent,closed,1.1,2,1,1
TCK-000843,CUST-00544,20251229,plan_enterprise,1,2025-12-29,account_access,low,closed,6.2,3,0,0
TCK-000844,CUST-00545,20250502,plan_growth,1,2025-05-02,billing,urgent,closed,4.2,1,1,1
TCK-000845,CUST-00547,20241119,plan_growth,1,2024-11-19,technical_issue,low,closed,6.8,3,0,0
TCK-000846,CUST-00547,20260722,plan_growth,1,2026-07-22,feature_request,medium,closed,8.6,5,0,0
TCK-000847,CUST-00547,20241101,plan_growth,1,2024-11-01,technical_issue,high,closed,8.8,3,0,0
TCK-000848,CUST-00548,20250207,plan_enterprise,1,2025-02-07,billing,medium,closed,4.0,1,0,1
TCK-000849,CUST-00548,20250610,plan_enterprise,1,2025-06-10,billing,high,closed,6.0,2,0,1
TCK-000850,CUST-00549,20260605,plan_starter,2,2026-06-05,feature_request,medium,closed,3.4,5,0,0
TCK-000851,CUST-00550,20250801,plan_pro,2,2025-08-01,feature_request,medium,closed,0.0,3,0,0
TCK-000852,CUST-00551,20260108,plan_enterprise,1,2026-01-08,account_access,high,closed,20.5,2,0,1
TCK-000853,CUST-00551,20251227,plan_enterprise,1,2025-12-27,billing,high,closed,26.4,2,0,1
TCK-000854,CUST-00551,20260221,plan_enterprise,1,2026-02-21,account_access,high,closed,5.1,1,0,1
TCK-000855,CUST-00551,20250723,plan_enterprise,1,2025-07-23,billing,high,closed,8.6,4,0,0
TCK-000856,CUST-00553,20251019,plan_growth,3,2025-10-19,technical_issue,medium,closed,6.9,5,0,0
TCK-000857,CUST-00554,20250921,plan_starter,1,2025-09-21,technical_issue,urgent,closed,0.5,3,1,0
TCK-000858,CUST-00554,20251031,plan_starter,1,2025-10-31,technical_issue,low,closed,11.7,3,0,0
TCK-000859,CUST-00554,20250917,plan_starter,1,2025-09-17,cancellation_request,high,closed,34.5,1,0,1
TCK-000860,CUST-00554,20251127,plan_starter,1,2025-11-27,technical_issue,low,closed,9.2,2,0,1
TCK-000861,CUST-00554,20250917,plan_starter,1,2025-09-17,technical_issue,low,closed,12.8,5,0,0
TCK-000862,CUST-00555,20260621,plan_growth,1,2026-06-21,account_access,medium,closed,5.3,5,0,0
TCK-000863,CUST-00556,20260412,plan_enterprise,2,2026-04-12,account_access,medium,closed,3.6,4,0,0
TCK-000864,CUST-00556,20260428,plan_enterprise,2,2026-04-28,feature_request,medium,closed,1.9,4,0,0
TCK-000865,CUST-00557,20260807,plan_pro,1,2026-08-07,account_access,low,closed,3.4,3,0,0
TCK-000866,CUST-00559,20260729,plan_growth,1,2026-07-29,billing,medium,closed,3.1,5,0,0
TCK-000867,CUST-00559,20260720,plan_growth,1,2026-07-20,feature_request,high,closed,5.6,5,0,0
TCK-000868,CUST-00559,20260704,plan_growth,1,2026-07-04,technical_issue,low,closed,6.6,5,0,0
TCK-000869,CUST-00560,20250628,plan_growth,1,2025-06-28,billing,low,closed,1.8,2,0,1
TCK-000870,CUST-00560,20250625,plan_growth,1,2025-06-25,feature_request,low,closed,12.6,4,0,0
TCK-000871,CUST-00560,20260420,plan_growth,1,2026-04-20,billing,low,closed,0.1,2,0,1
TCK-000872,CUST-00561,20251005,plan_pro,2,2025-10-05,feature_request,urgent,closed,0.9,4,1,0
TCK-000873,CUST-00561,20260103,plan_pro,2,2026-01-03,account_access,low,closed,0.7,5,0,0
TCK-000874,CUST-00562,20251015,plan_starter,1,2025-10-15,billing,low,closed,5.3,1,0,1
TCK-000875,CUST-00562,20251113,plan_starter,1,2025-11-13,cancellation_request,high,closed,27.9,2,0,1
TCK-000876,CUST-00562,20260503,plan_starter,1,2026-05-03,billing,high,closed,29.8,3,0,1
TCK-000877,CUST-00562,20251117,plan_starter,1,2025-11-17,cancellation_request,medium,closed,6.1,1,0,1
TCK-000878,CUST-00566,20251114,plan_starter,1,2025-11-14,billing,high,closed,20.4,1,0,1
TCK-000879,CUST-00566,20260627,plan_starter,1,2026-06-27,technical_issue,urgent,closed,66.4,2,1,1
TCK-000880,CUST-00566,20260107,plan_starter,1,2026-01-07,technical_issue,medium,closed,31.4,1,0,1
TCK-000881,CUST-00566,20260427,plan_starter,1,2026-04-27,billing,high,closed,15.8,2,0,1
TCK-000882,CUST-00566,20260430,plan_starter,1,2026-04-30,account_access,high,closed,12.2,1,0,1
TCK-000883,CUST-00567,20251121,plan_growth,2,2025-11-21,billing,high,closed,17.1,1,0,1
TCK-000884,CUST-00567,20251007,plan_growth,2,2025-10-07,technical_issue,high,closed,9.2,2,0,1
TCK-000885,CUST-00567,20251112,plan_growth,2,2025-11-12,billing,medium,closed,12.7,1,0,1
TCK-000886,CUST-00567,20251111,plan_growth,2,2025-11-11,billing,urgent,closed,2.3,1,1,1
TCK-000887,CUST-00568,20260307,plan_growth,1,2026-03-07,technical_issue,medium,closed,7.2,3,0,0
TCK-000888,CUST-00568,20260401,plan_growth,1,2026-04-01,billing,medium,closed,12.5,5,0,0
TCK-000889,CUST-00568,20260410,plan_growth,1,2026-04-10,billing,urgent,closed,5.6,3,1,0
TCK-000890,CUST-00569,20260714,plan_growth,1,2026-07-14,technical_issue,low,closed,0.0,4,0,0
TCK-000891,CUST-00570,20260628,plan_pro,2,2026-06-28,feature_request,medium,closed,4.5,4,0,0
TCK-000892,CUST-00571,20241216,plan_growth,1,2024-12-16,billing,low,closed,41.1,2,0,1
TCK-000893,CUST-00571,20260805,plan_growth,1,2026-08-05,technical_issue,medium,closed,7.1,1,0,1
TCK-000894,CUST-00573,20240925,plan_starter,1,2024-09-25,technical_issue,medium,closed,13.0,4,0,0
TCK-000895,CUST-00574,20251204,plan_starter,1,2025-12-04,billing,urgent,closed,28.1,1,1,1
TCK-000896,CUST-00574,20251109,plan_starter,1,2025-11-09,cancellation_request,high,closed,43.7,3,0,1
TCK-000897,CUST-00574,20251102,plan_starter,1,2025-11-02,technical_issue,high,closed,25.6,1,0,1
TCK-000898,CUST-00574,20251115,plan_starter,1,2025-11-15,technical_issue,medium,closed,25.2,5,0,1
TCK-000899,CUST-00574,20251030,plan_starter,1,2025-10-30,account_access,low,closed,2.2,1,0,1
TCK-000900,CUST-00574,20251029,plan_starter,1,2025-10-29,billing,medium,closed,14.0,1,0,1
TCK-000901,CUST-00576,20250902,plan_pro,3,2025-09-02,cancellation_request,high,closed,4.4,3,0,0
TCK-000902,CUST-00577,20260816,plan_starter,1,2026-08-16,technical_issue,low,closed,3.8,1,0,1
TCK-000903,CUST-00578,20260428,plan_starter,1,2026-04-28,feature_request,medium,closed,2.5,4,0,0
TCK-000904,CUST-00578,20260526,plan_starter,1,2026-05-26,technical_issue,low,closed,7.1,5,0,0
TCK-000905,CUST-00580,20260304,plan_growth,1,2026-03-04,technical_issue,medium,closed,3.4,4,0,0
TCK-000906,CUST-00580,20260518,plan_growth,1,2026-05-18,feature_request,low,closed,2.8,4,0,0
TCK-000907,CUST-00582,20251002,plan_growth,2,2025-10-02,technical_issue,medium,closed,11.0,2,0,1
TCK-000908,CUST-00585,20260424,plan_starter,1,2026-04-24,cancellation_request,high,closed,5.3,2,0,1
TCK-000909,CUST-00585,20260627,plan_starter,1,2026-06-27,cancellation_request,high,closed,5.7,1,0,1
TCK-000910,CUST-00585,20260718,plan_starter,1,2026-07-18,feature_request,urgent,closed,2.0,2,1,1
TCK-000911,CUST-00586,20250704,plan_growth,1,2025-07-04,billing,high,closed,22.3,1,0,1
TCK-000912,CUST-00586,20250827,plan_growth,1,2025-08-27,cancellation_request,urgent,closed,4.4,4,1,0
TCK-000913,CUST-00586,20251023,plan_growth,1,2025-10-23,technical_issue,medium,closed,3.0,1,0,1
TCK-000914,CUST-00587,20250625,plan_starter,2,2025-06-25,technical_issue,high,closed,29.2,1,0,1
TCK-000915,CUST-00588,20260222,plan_growth,1,2026-02-22,billing,high,closed,1.2,4,0,0
TCK-000916,CUST-00589,20240725,plan_growth,1,2024-07-25,billing,medium,closed,8.7,2,0,1
TCK-000917,CUST-00589,20240831,plan_growth,1,2024-08-31,billing,medium,closed,5.2,1,0,1
TCK-000918,CUST-00589,20241020,plan_growth,1,2024-10-20,billing,urgent,closed,26.5,1,1,1
TCK-000919,CUST-00589,20241201,plan_growth,1,2024-12-01,billing,low,closed,17.0,1,0,1
TCK-000920,CUST-00590,20250310,plan_growth,1,2025-03-10,feature_request,low,closed,62.2,2,0,1
TCK-000921,CUST-00591,20260828,plan_growth,2,2026-08-28,feature_request,low,closed,7.1,4,0,0
TCK-000922,CUST-00591,20251009,plan_growth,2,2025-10-09,billing,low,closed,2.4,5,0,0
TCK-000923,CUST-00592,20260825,plan_growth,2,2026-08-25,account_access,medium,closed,4.2,5,0,0
TCK-000924,CUST-00592,20260515,plan_growth,2,2026-05-15,cancellation_request,urgent,closed,3.5,5,1,0
TCK-000925,CUST-00592,20251001,plan_growth,2,2025-10-01,account_access,high,closed,3.0,5,0,0
TCK-000926,CUST-00593,20251016,plan_starter,2,2025-10-16,account_access,medium,closed,3.8,4,0,0
TCK-000927,CUST-00594,20251107,plan_growth,1,2025-11-07,billing,low,closed,9.9,1,0,1
TCK-000928,CUST-00594,20260720,plan_growth,1,2026-07-20,cancellation_request,medium,closed,14.5,1,0,1
TCK-000929,CUST-00594,20260411,plan_growth,1,2026-04-11,billing,urgent,closed,31.0,1,1,1
TCK-000930,CUST-00595,20260315,plan_pro,1,2026-03-15,billing,medium,closed,24.2,3,0,1
TCK-000931,CUST-00595,20260110,plan_pro,1,2026-01-10,technical_issue,medium,closed,5.9,4,0,0
TCK-000932,CUST-00597,20260702,plan_starter,1,2026-07-02,technical_issue,medium,closed,0.5,5,0,0
TCK-000933,CUST-00597,20260825,plan_starter,1,2026-08-25,billing,medium,closed,13.3,5,0,0
TCK-000934,CUST-00598,20260319,plan_growth,1,2026-03-19,feature_request,low,closed,4.5,5,0,0
TCK-000935,CUST-00600,20260529,plan_growth,2,2026-05-29,feature_request,high,closed,0.3,3,0,0
TCK-000936,CUST-00602,20250824,plan_starter,3,2025-08-24,account_access,medium,closed,1.2,5,0,0
TCK-000937,CUST-00604,20260709,plan_starter,3,2026-07-09,technical_issue,medium,closed,0.1,4,0,0
TCK-000938,CUST-00605,20250403,plan_growth,1,2025-04-03,technical_issue,medium,closed,0.8,2,0,1
TCK-000939,CUST-00605,20250408,plan_growth,1,2025-04-08,cancellation_request,high,closed,13.3,1,0,1
TCK-000940,CUST-00606,20260418,plan_growth,2,2026-04-18,feature_request,high,closed,0.2,4,0,0
TCK-000941,CUST-00606,20251130,plan_growth,2,2025-11-30,technical_issue,high,closed,5.2,4,0,0
TCK-000942,CUST-00609,20250514,plan_starter,1,2025-05-14,cancellation_request,urgent,closed,102.9,2,1,1
TCK-000943,CUST-00609,20250706,plan_starter,1,2025-07-06,billing,urgent,closed,19.4,1,1,1
TCK-000944,CUST-00609,20251124,plan_starter,1,2025-11-24,billing,urgent,closed,3.2,2,1,1
TCK-000945,CUST-00610,20260328,plan_enterprise,2,2026-03-28,account_access,low,closed,0.3,4,0,0
TCK-000946,CUST-00612,20260529,plan_growth,1,2026-05-29,account_access,low,closed,6.2,5,0,0
TCK-000947,CUST-00613,20250704,plan_starter,1,2025-07-04,cancellation_request,high,closed,37.0,3,0,1
TCK-000948,CUST-00613,20250531,plan_starter,1,2025-05-31,technical_issue,medium,closed,38.5,3,0,1
TCK-000949,CUST-00613,20250518,plan_starter,1,2025-05-18,billing,high,closed,44.9,3,0,1
TCK-000950,CUST-00613,20250821,plan_starter,1,2025-08-21,billing,urgent,closed,19.6,2,1,1
TCK-000951,CUST-00614,20260703,plan_enterprise,1,2026-07-03,feature_request,low,closed,3.0,4,0,0
TCK-000952,CUST-00614,20260228,plan_enterprise,1,2026-02-28,technical_issue,urgent,closed,26.9,4,1,1
TCK-000953,CUST-00615,20251230,plan_growth,2,2025-12-30,feature_request,low,closed,4.0,5,0,0
TCK-000954,CUST-00615,20250921,plan_growth,2,2025-09-21,feature_request,low,closed,2.7,3,0,0
TCK-000955,CUST-00616,20260702,plan_starter,2,2026-07-02,technical_issue,medium,closed,1.2,3,0,0
TCK-000956,CUST-00617,20250425,plan_enterprise,2,2025-04-25,feature_request,high,closed,2.7,4,0,0
TCK-000957,CUST-00619,20260819,plan_starter,1,2026-08-19,feature_request,medium,closed,2.4,1,0,1
TCK-000958,CUST-00619,20260226,plan_starter,1,2026-02-26,billing,low,closed,1.1,2,0,1
TCK-000959,CUST-00619,20260416,plan_starter,1,2026-04-16,feature_request,medium,closed,2.4,5,0,0
TCK-000960,CUST-00619,20260801,plan_starter,1,2026-08-01,technical_issue,low,closed,2.0,4,0,0
TCK-000961,CUST-00622,20260704,plan_starter,1,2026-07-04,technical_issue,medium,closed,22.3,3,0,0
TCK-000962,CUST-00622,20260418,plan_starter,1,2026-04-18,account_access,medium,closed,2.5,2,0,1
TCK-000963,CUST-00622,20260407,plan_starter,1,2026-04-07,technical_issue,low,closed,17.8,5,0,0
TCK-000964,CUST-00623,20260130,plan_growth,1,2026-01-30,cancellation_request,medium,closed,17.8,1,0,1
TCK-000965,CUST-00623,20260126,plan_growth,1,2026-01-26,feature_request,medium,closed,4.4,2,0,1
TCK-000966,CUST-00623,20260301,plan_growth,1,2026-03-01,billing,high,closed,29.3,1,0,1
TCK-000967,CUST-00626,20260531,plan_pro,1,2026-05-31,technical_issue,medium,closed,4.5,3,0,0
TCK-000968,CUST-00626,20260514,plan_pro,1,2026-05-14,technical_issue,medium,closed,49.1,3,0,1
TCK-000969,CUST-00626,20260515,plan_pro,1,2026-05-15,billing,high,closed,67.6,1,0,1
TCK-000970,CUST-00626,20260630,plan_pro,1,2026-06-30,technical_issue,medium,closed,15.1,1,0,1
TCK-000971,CUST-00628,20260704,plan_starter,1,2026-07-04,feature_request,high,closed,12.8,1,0,1
TCK-000972,CUST-00628,20260427,plan_starter,1,2026-04-27,technical_issue,high,closed,35.0,4,0,1
TCK-000973,CUST-00628,20260717,plan_starter,1,2026-07-17,technical_issue,high,closed,42.3,5,0,1
TCK-000974,CUST-00628,20260701,plan_starter,1,2026-07-01,account_access,medium,closed,37.4,2,0,1
TCK-000975,CUST-00628,20260317,plan_starter,1,2026-03-17,technical_issue,high,closed,28.5,3,0,1
TCK-000976,CUST-00629,20260608,plan_starter,2,2026-06-08,billing,low,closed,6.3,3,0,0
TCK-000977,CUST-00629,20260613,plan_starter,2,2026-06-13,technical_issue,medium,closed,2.1,4,0,0
TCK-000978,CUST-00629,20260729,plan_starter,2,2026-07-29,feature_request,medium,closed,2.2,4,0,0
TCK-000979,CUST-00629,20260805,plan_starter,2,2026-08-05,billing,medium,closed,2.4,4,0,0
TCK-000980,CUST-00630,20251125,plan_enterprise,3,2025-11-25,technical_issue,low,closed,11.6,4,0,0
TCK-000981,CUST-00633,20251204,plan_growth,1,2025-12-04,cancellation_request,low,closed,20.7,4,0,0
TCK-000982,CUST-00633,20250705,plan_growth,1,2025-07-05,billing,high,closed,22.5,2,0,1
TCK-000983,CUST-00635,20260524,plan_growth,2,2026-05-24,technical_issue,medium,closed,1.5,4,0,0
TCK-000984,CUST-00636,20240813,plan_growth,2,2024-08-13,billing,urgent,closed,21.1,2,1,1
TCK-000985,CUST-00636,20251102,plan_growth,2,2025-11-02,billing,high,closed,14.2,5,0,0
TCK-000986,CUST-00637,20260512,plan_pro,1,2026-05-12,technical_issue,medium,closed,1.2,5,0,0
TCK-000987,CUST-00637,20260811,plan_pro,1,2026-08-11,technical_issue,low,closed,1.9,4,0,0
TCK-000988,CUST-00638,20260629,plan_growth,1,2026-06-29,account_access,medium,closed,2.1,2,0,1
TCK-000989,CUST-00638,20260719,plan_growth,1,2026-07-19,account_access,medium,closed,10.3,4,0,0
TCK-000990,CUST-00639,20260823,plan_pro,1,2026-08-23,billing,high,closed,20.5,5,0,0
TCK-000991,CUST-00639,20251106,plan_pro,1,2025-11-06,account_access,medium,closed,13.0,5,0,0
TCK-000992,CUST-00640,20241222,plan_growth,1,2024-12-22,feature_request,high,closed,24.9,1,0,1
TCK-000993,CUST-00641,20250321,plan_growth,1,2025-03-21,technical_issue,low,closed,10.8,5,0,0
TCK-000994,CUST-00641,20250419,plan_growth,1,2025-04-19,account_access,medium,closed,2.0,5,0,0
TCK-000995,CUST-00641,20250420,plan_growth,1,2025-04-20,account_access,high,closed,21.6,3,0,0
TCK-000996,CUST-00641,20250217,plan_growth,1,2025-02-17,billing,medium,closed,18.1,4,0,0
TCK-000997,CUST-00641,20250307,plan_growth,1,2025-03-07,cancellation_request,urgent,closed,45.3,2,1,1
TCK-000998,CUST-00643,20260109,plan_enterprise,1,2026-01-09,billing,high,closed,4.4,3,0,0
TCK-000999,CUST-00643,20251123,plan_enterprise,1,2025-11-23,technical_issue,urgent,closed,2.7,1,1,1
TCK-001000,CUST-00643,20251208,plan_enterprise,1,2025-12-08,cancellation_request,high,closed,21.4,2,0,1
TCK-001001,CUST-00644,20260712,plan_enterprise,1,2026-07-12,technical_issue,medium,closed,0.7,3,0,0
TCK-001002,CUST-00646,20260610,plan_pro,2,2026-06-10,account_access,medium,closed,0.4,4,0,0
TCK-001003,CUST-00648,20250224,plan_pro,2,2025-02-24,cancellation_request,medium,closed,15.1,1,0,1
TCK-001004,CUST-00649,20251219,plan_starter,1,2025-12-19,technical_issue,high,closed,1.8,2,0,1
TCK-001005,CUST-00649,20260414,plan_starter,1,2026-04-14,technical_issue,urgent,closed,2.9,2,1,1
TCK-001006,CUST-00650,20251209,plan_growth,1,2025-12-09,feature_request,medium,closed,6.4,4,0,0
TCK-001007,CUST-00650,20260405,plan_growth,1,2026-04-05,technical_issue,low,closed,0.8,4,0,0
TCK-001008,CUST-00651,20260520,plan_pro,1,2026-05-20,account_access,medium,closed,11.4,3,0,0
TCK-001009,CUST-00653,20260714,plan_growth,1,2026-07-14,cancellation_request,medium,closed,0.3,1,0,1
TCK-001010,CUST-00655,20260114,plan_growth,1,2026-01-14,technical_issue,low,closed,0.5,1,0,1
TCK-001011,CUST-00655,20260319,plan_growth,1,2026-03-19,technical_issue,high,closed,5.0,3,0,0
TCK-001012,CUST-00656,20260819,plan_starter,2,2026-08-19,feature_request,high,closed,1.6,4,0,0
TCK-001013,CUST-00657,20260120,plan_growth,1,2026-01-20,technical_issue,medium,closed,10.2,5,0,0
TCK-001014,CUST-00660,20260621,plan_growth,1,2026-06-21,cancellation_request,urgent,closed,4.5,3,1,0
TCK-001015,CUST-00660,20260707,plan_growth,1,2026-07-07,technical_issue,high,closed,19.7,3,0,0
TCK-001016,CUST-00660,20260828,plan_growth,1,2026-08-28,technical_issue,high,closed,4.2,5,0,0
TCK-001017,CUST-00661,20260622,plan_growth,2,2026-06-22,technical_issue,urgent,closed,10.7,2,1,1
TCK-001018,CUST-00662,20260226,plan_pro,1,2026-02-26,account_access,low,closed,3.0,5,0,0
TCK-001019,CUST-00662,20250828,plan_pro,1,2025-08-28,account_access,medium,closed,11.1,5,0,0
TCK-001020,CUST-00662,20260811,plan_pro,1,2026-08-11,feature_request,medium,closed,2.0,5,0,0
TCK-001021,CUST-00663,20251002,plan_growth,2,2025-10-02,technical_issue,medium,closed,1.4,4,0,0
TCK-001022,CUST-00664,20251221,plan_starter,1,2025-12-21,account_access,medium,closed,46.6,1,0,1
TCK-001023,CUST-00664,20260119,plan_starter,1,2026-01-19,billing,high,closed,2.6,4,0,0
TCK-001024,CUST-00664,20251109,plan_starter,1,2025-11-09,billing,high,closed,32.1,1,0,1
TCK-001025,CUST-00664,20251012,plan_starter,1,2025-10-12,technical_issue,medium,closed,1.8,1,0,1
TCK-001026,CUST-00665,20260727,plan_pro,1,2026-07-27,billing,medium,closed,3.2,5,0,0
TCK-001027,CUST-00666,20260804,plan_starter,2,2026-08-04,billing,medium,closed,4.7,5,0,0
TCK-001028,CUST-00667,20260212,plan_growth,2,2026-02-12,account_access,low,closed,0.2,5,0,0
TCK-001029,CUST-00667,20260726,plan_growth,2,2026-07-26,feature_request,medium,closed,0.1,3,0,0
TCK-001030,CUST-00668,20260513,plan_starter,2,2026-05-13,feature_request,high,closed,4.0,4,0,0
TCK-001031,CUST-00668,20260403,plan_starter,2,2026-04-03,account_access,medium,closed,0.1,3,0,0
TCK-001032,CUST-00669,20260227,plan_starter,2,2026-02-27,billing,medium,closed,1.8,4,0,0
TCK-001033,CUST-00669,20260728,plan_starter,2,2026-07-28,technical_issue,medium,closed,5.0,4,0,0
TCK-001034,CUST-00669,20260725,plan_starter,2,2026-07-25,account_access,medium,closed,9.9,3,0,0
TCK-001035,CUST-00670,20260707,plan_growth,1,2026-07-07,account_access,low,closed,0.7,4,0,0
TCK-001036,CUST-00671,20260815,plan_growth,1,2026-08-15,account_access,low,closed,0.9,3,0,0
TCK-001037,CUST-00672,20260802,plan_pro,1,2026-08-02,cancellation_request,high,closed,0.9,4,0,0
TCK-001038,CUST-00673,20260103,plan_growth,1,2026-01-03,feature_request,low,closed,21.0,4,0,0
TCK-001039,CUST-00674,20260513,plan_growth,1,2026-05-13,billing,low,closed,3.6,4,0,0
TCK-001040,CUST-00674,20260413,plan_growth,1,2026-04-13,technical_issue,medium,closed,9.9,3,0,0
TCK-001041,CUST-00675,20250605,plan_growth,1,2025-06-05,technical_issue,urgent,closed,31.9,3,1,1
TCK-001042,CUST-00675,20250512,plan_growth,1,2025-05-12,billing,high,closed,6.4,3,0,0
TCK-001043,CUST-00677,20251228,plan_growth,2,2025-12-28,billing,urgent,closed,1.7,4,1,0
TCK-001044,CUST-00681,20251005,plan_starter,1,2025-10-05,billing,medium,closed,4.0,2,0,1
TCK-001045,CUST-00681,20260114,plan_starter,1,2026-01-14,technical_issue,low,closed,16.7,2,0,1
TCK-001046,CUST-00681,20251011,plan_starter,1,2025-10-11,technical_issue,low,closed,26.4,1,0,1
TCK-001047,CUST-00681,20250828,plan_starter,1,2025-08-28,technical_issue,high,closed,7.5,1,0,1
TCK-001048,CUST-00682,20240930,plan_starter,2,2024-09-30,account_access,medium,closed,24.2,1,0,1
TCK-001049,CUST-00684,20260809,plan_growth,1,2026-08-09,billing,medium,closed,3.4,2,0,1
TCK-001050,CUST-00686,20251117,plan_growth,2,2025-11-17,account_access,medium,closed,5.7,4,0,0
TCK-001051,CUST-00687,20260517,plan_starter,1,2026-05-17,account_access,medium,closed,20.5,5,0,0
TCK-001052,CUST-00689,20260530,plan_growth,1,2026-05-30,account_access,urgent,closed,6.6,1,1,1
TCK-001053,CUST-00689,20250902,plan_growth,1,2025-09-02,technical_issue,high,closed,4.5,4,0,0
TCK-001054,CUST-00689,20250903,plan_growth,1,2025-09-03,technical_issue,medium,closed,20.4,2,0,1
TCK-001055,CUST-00690,20260426,plan_growth,2,2026-04-26,account_access,urgent,closed,4.4,3,1,0
TCK-001056,CUST-00690,20260606,plan_growth,2,2026-06-06,technical_issue,high,closed,3.1,2,0,1
TCK-001057,CUST-00692,20240904,plan_enterprise,1,2024-09-04,technical_issue,medium,closed,119.0,1,0,1
TCK-001058,CUST-00692,20240912,plan_enterprise,1,2024-09-12,billing,high,closed,17.8,1,0,1
TCK-001059,CUST-00694,20240826,plan_pro,1,2024-08-26,technical_issue,high,closed,1.9,4,0,0
TCK-001060,CUST-00694,20241101,plan_pro,1,2024-11-01,cancellation_request,low,closed,4.2,1,0,1
TCK-001061,CUST-00694,20250512,plan_pro,1,2025-05-12,technical_issue,urgent,closed,6.9,2,1,1
TCK-001062,CUST-00694,20241115,plan_pro,1,2024-11-15,technical_issue,medium,closed,16.9,3,0,0
TCK-001063,CUST-00694,20240920,plan_pro,1,2024-09-20,technical_issue,medium,closed,44.1,2,0,1
TCK-001064,CUST-00695,20251221,plan_starter,1,2025-12-21,technical_issue,high,closed,18.6,1,0,1
TCK-001065,CUST-00695,20241119,plan_starter,1,2024-11-19,cancellation_request,urgent,closed,2.9,3,1,0
TCK-001066,CUST-00695,20250530,plan_starter,1,2025-05-30,account_access,medium,closed,2.0,2,0,1
TCK-001067,CUST-00695,20250525,plan_starter,1,2025-05-25,billing,high,closed,47.1,2,0,1
TCK-001068,CUST-00697,20250226,plan_growth,1,2025-02-26,technical_issue,high,closed,0.4,1,0,1
TCK-001069,CUST-00697,20250219,plan_growth,1,2025-02-19,technical_issue,high,closed,36.7,2,0,1
TCK-001070,CUST-00697,20250509,plan_growth,1,2025-05-09,cancellation_request,urgent,closed,5.3,2,1,1
TCK-001071,CUST-00697,20241225,plan_growth,1,2024-12-25,technical_issue,urgent,closed,24.9,1,1,1
TCK-001072,CUST-00698,20250704,plan_starter,1,2025-07-04,billing,high,closed,11.0,2,0,1
TCK-001073,CUST-00698,20250129,plan_starter,1,2025-01-29,account_access,high,closed,8.4,1,0,1
TCK-001074,CUST-00699,20260403,plan_starter,1,2026-04-03,billing,medium,closed,11.0,2,0,1
TCK-001075,CUST-00699,20260108,plan_starter,1,2026-01-08,billing,medium,closed,45.7,1,0,1
TCK-001076,CUST-00699,20251229,plan_starter,1,2025-12-29,cancellation_request,high,closed,7.4,1,0,1
TCK-001077,CUST-00700,20260114,plan_enterprise,1,2026-01-14,technical_issue,medium,closed,3.4,4,0,0
TCK-001078,CUST-00700,20260102,plan_enterprise,1,2026-01-02,billing,low,closed,10.0,4,0,0
TCK-001079,CUST-00701,20260531,plan_growth,1,2026-05-31,technical_issue,medium,closed,7.6,2,0,1
TCK-001080,CUST-00701,20260611,plan_growth,1,2026-06-11,account_access,high,closed,2.5,2,0,1
TCK-001081,CUST-00702,20250620,plan_pro,3,2025-06-20,technical_issue,medium,closed,1.6,3,0,0
TCK-001082,CUST-00702,20250828,plan_pro,3,2025-08-28,billing,low,closed,1.9,3,0,0
TCK-001083,CUST-00703,20260621,plan_pro,2,2026-06-21,cancellation_request,medium,closed,9.6,3,0,0
TCK-001084,CUST-00705,20250613,plan_starter,1,2025-06-13,account_access,high,closed,9.4,5,0,0
TCK-001085,CUST-00705,20250722,plan_starter,1,2025-07-22,cancellation_request,medium,closed,0.1,5,0,0
TCK-001086,CUST-00708,20260612,plan_growth,2,2026-06-12,account_access,medium,closed,19.8,4,0,0
TCK-001087,CUST-00708,20260730,plan_growth,2,2026-07-30,billing,high,closed,7.9,2,0,1
TCK-001088,CUST-00708,20260702,plan_growth,2,2026-07-02,account_access,low,closed,2.6,4,0,0
TCK-001089,CUST-00710,20250818,plan_pro,1,2025-08-18,technical_issue,medium,closed,8.3,2,0,1
TCK-001090,CUST-00710,20250815,plan_pro,1,2025-08-15,technical_issue,urgent,closed,34.7,4,1,1
TCK-001091,CUST-00712,20260404,plan_starter,1,2026-04-04,technical_issue,medium,closed,65.8,1,0,1
TCK-001092,CUST-00712,20260303,plan_starter,1,2026-03-03,billing,medium,closed,4.2,4,0,0
TCK-001093,CUST-00712,20260118,plan_starter,1,2026-01-18,billing,low,closed,42.7,3,0,1
TCK-001094,CUST-00712,20260428,plan_starter,1,2026-04-28,account_access,urgent,closed,7.5,4,1,0
TCK-001095,CUST-00712,20260316,plan_starter,1,2026-03-16,billing,high,closed,4.2,1,0,1
TCK-001096,CUST-00714,20250912,plan_pro,1,2025-09-12,technical_issue,low,closed,7.2,3,0,0
TCK-001097,CUST-00714,20250804,plan_pro,1,2025-08-04,billing,high,closed,20.0,4,0,0
TCK-001098,CUST-00714,20250310,plan_pro,1,2025-03-10,technical_issue,high,closed,11.6,1,0,1
TCK-001099,CUST-00715,20250718,plan_starter,1,2025-07-18,billing,medium,closed,8.6,3,0,0
TCK-001100,CUST-00716,20260624,plan_starter,2,2026-06-24,billing,high,closed,17.5,1,0,1
TCK-001101,CUST-00716,20260519,plan_starter,2,2026-05-19,account_access,medium,closed,9.6,1,0,1
TCK-001102,CUST-00717,20260513,plan_pro,2,2026-05-13,technical_issue,high,closed,1.2,5,0,0
TCK-001103,CUST-00718,20260608,plan_growth,2,2026-06-08,account_access,high,closed,10.9,1,0,1
TCK-001104,CUST-00718,20260816,plan_growth,2,2026-08-16,billing,medium,closed,5.4,3,0,0
TCK-001105,CUST-00718,20251016,plan_growth,2,2025-10-16,cancellation_request,low,closed,4.4,3,0,0
TCK-001106,CUST-00718,20251208,plan_growth,2,2025-12-08,technical_issue,high,closed,15.3,1,0,1
TCK-001107,CUST-00721,20260610,plan_pro,2,2026-06-10,feature_request,urgent,closed,1.6,5,1,0
TCK-001108,CUST-00721,20260708,plan_pro,2,2026-07-08,account_access,low,closed,2.5,4,0,0
TCK-001109,CUST-00721,20260726,plan_pro,2,2026-07-26,technical_issue,medium,closed,0.5,4,0,0
TCK-001110,CUST-00722,20260216,plan_growth,1,2026-02-16,account_access,medium,closed,2.4,4,0,0
TCK-001111,CUST-00723,20240811,plan_starter,3,2024-08-11,billing,high,closed,1.4,4,0,0
TCK-001112,CUST-00723,20241018,plan_starter,3,2024-10-18,billing,high,closed,0.4,2,0,1
TCK-001113,CUST-00724,20240815,plan_starter,1,2024-08-15,technical_issue,medium,closed,73.7,1,0,1
TCK-001114,CUST-00724,20240906,plan_starter,1,2024-09-06,cancellation_request,medium,closed,60.8,3,0,1
TCK-001115,CUST-00725,20250214,plan_starter,1,2025-02-14,technical_issue,high,closed,59.1,1,0,1
TCK-001116,CUST-00726,20260610,plan_starter,1,2026-06-10,account_access,medium,closed,4.9,5,0,0
TCK-001117,CUST-00727,20260818,plan_starter,2,2026-08-18,billing,low,closed,1.7,5,0,0
TCK-001118,CUST-00727,20260404,plan_starter,2,2026-04-04,billing,low,closed,8.9,2,0,1
TCK-001119,CUST-00728,20241111,plan_starter,2,2024-11-11,technical_issue,medium,closed,29.1,4,0,1
TCK-001120,CUST-00728,20251001,plan_starter,2,2025-10-01,billing,urgent,closed,4.9,1,1,1
TCK-001121,CUST-00728,20250829,plan_starter,2,2025-08-29,cancellation_request,urgent,closed,21.2,4,1,0
TCK-001122,CUST-00728,20250620,plan_starter,2,2025-06-20,technical_issue,medium,closed,6.9,2,0,1
TCK-001123,CUST-00729,20250627,plan_starter,2,2025-06-27,feature_request,medium,closed,1.8,3,0,0
TCK-001124,CUST-00730,20260224,plan_growth,1,2026-02-24,account_access,urgent,closed,94.9,1,1,1
TCK-001125,CUST-00730,20251014,plan_growth,1,2025-10-14,technical_issue,medium,closed,2.5,4,0,0
TCK-001126,CUST-00730,20251229,plan_growth,1,2025-12-29,billing,high,closed,13.8,2,0,1
TCK-001127,CUST-00734,20241231,plan_pro,1,2024-12-31,account_access,medium,closed,2.0,5,0,0
TCK-001128,CUST-00734,20250607,plan_pro,1,2025-06-07,technical_issue,low,closed,0.0,4,0,0
TCK-001129,CUST-00734,20250629,plan_pro,1,2025-06-29,billing,medium,closed,4.4,5,0,0
TCK-001130,CUST-00735,20260730,plan_starter,2,2026-07-30,billing,medium,closed,2.6,5,0,0
TCK-001131,CUST-00735,20260405,plan_starter,2,2026-04-05,feature_request,low,closed,4.3,1,0,1
TCK-001132,CUST-00736,20251210,plan_enterprise,1,2025-12-10,account_access,low,closed,6.9,4,0,0
TCK-001133,CUST-00738,20251208,plan_growth,2,2025-12-08,billing,high,closed,31.2,2,0,1
TCK-001134,CUST-00738,20260117,plan_growth,2,2026-01-17,technical_issue,medium,closed,26.0,2,0,1
TCK-001135,CUST-00738,20260117,plan_growth,2,2026-01-17,technical_issue,high,closed,25.5,1,0,1
TCK-001136,CUST-00738,20250815,plan_growth,2,2025-08-15,billing,medium,closed,17.8,1,0,1
TCK-001137,CUST-00738,20260208,plan_growth,2,2026-02-08,account_access,urgent,closed,14.5,4,1,0
TCK-001138,CUST-00739,20250407,plan_starter,1,2025-04-07,billing,high,closed,41.1,1,0,1
TCK-001139,CUST-00740,20241208,plan_starter,1,2024-12-08,cancellation_request,high,closed,2.2,3,0,0
TCK-001140,CUST-00741,20250909,plan_growth,2,2025-09-09,account_access,medium,closed,25.9,2,0,1
TCK-001141,CUST-00742,20250905,plan_growth,1,2025-09-05,technical_issue,medium,closed,7.4,2,0,1
TCK-001142,CUST-00742,20250408,plan_growth,1,2025-04-08,technical_issue,medium,closed,8.8,2,0,1
TCK-001143,CUST-00742,20260322,plan_growth,1,2026-03-22,technical_issue,medium,closed,15.0,3,0,0
TCK-001144,CUST-00742,20250825,plan_growth,1,2025-08-25,technical_issue,high,closed,0.8,3,0,0
TCK-001145,CUST-00743,20250528,plan_starter,2,2025-05-28,billing,medium,closed,0.1,3,0,0
TCK-001146,CUST-00747,20240607,plan_growth,2,2024-06-07,billing,medium,closed,1.9,2,0,1
TCK-001147,CUST-00749,20260614,plan_starter,1,2026-06-14,billing,urgent,closed,52.2,3,1,1
TCK-001148,CUST-00749,20260603,plan_starter,1,2026-06-03,technical_issue,urgent,closed,2.2,2,1,1
TCK-001149,CUST-00749,20251113,plan_starter,1,2025-11-13,account_access,medium,closed,4.6,1,0,1
TCK-001150,CUST-00749,20250711,plan_starter,1,2025-07-11,billing,medium,closed,11.1,2,0,1
TCK-001151,CUST-00750,20250115,plan_growth,1,2025-01-15,billing,high,closed,39.4,3,0,1
TCK-001152,CUST-00752,20260727,plan_starter,1,2026-07-27,technical_issue,medium,closed,1.0,4,0,0
TCK-001153,CUST-00753,20260722,plan_growth,1,2026-07-22,feature_request,low,closed,2.3,4,0,0
TCK-001154,CUST-00754,20240810,plan_starter,1,2024-08-10,technical_issue,high,closed,6.8,1,0,1
TCK-001155,CUST-00756,20250505,plan_growth,1,2025-05-05,account_access,urgent,closed,14.7,2,1,1
TCK-001156,CUST-00756,20251024,plan_growth,1,2025-10-24,account_access,high,closed,6.6,2,0,1
TCK-001157,CUST-00759,20251207,plan_pro,1,2025-12-07,billing,medium,closed,4.6,4,0,0
TCK-001158,CUST-00759,20260807,plan_pro,1,2026-08-07,feature_request,low,closed,3.3,5,0,0
TCK-001159,CUST-00759,20260508,plan_pro,1,2026-05-08,technical_issue,urgent,closed,17.0,5,1,0
TCK-001160,CUST-00761,20260407,plan_starter,1,2026-04-07,billing,high,closed,23.6,1,0,1
TCK-001161,CUST-00761,20260317,plan_starter,1,2026-03-17,cancellation_request,urgent,closed,33.7,3,1,1
TCK-001162,CUST-00761,20260209,plan_starter,1,2026-02-09,cancellation_request,medium,closed,15.6,3,0,0
TCK-001163,CUST-00761,20260101,plan_starter,1,2026-01-01,cancellation_request,high,closed,33.9,3,0,1
TCK-001164,CUST-00763,20260511,plan_growth,1,2026-05-11,cancellation_request,high,closed,34.9,2,0,1
TCK-001165,CUST-00763,20260527,plan_growth,1,2026-05-27,technical_issue,high,closed,0.4,4,0,0
TCK-001166,CUST-00764,20260615,plan_starter,3,2026-06-15,account_access,medium,closed,1.9,4,0,0
TCK-001167,CUST-00765,20250706,plan_starter,1,2025-07-06,technical_issue,medium,closed,24.8,3,0,1
TCK-001168,CUST-00766,20250116,plan_starter,2,2025-01-16,technical_issue,high,closed,39.6,2,0,1
TCK-001169,CUST-00766,20251031,plan_starter,2,2025-10-31,technical_issue,medium,closed,10.2,1,0,1
TCK-001170,CUST-00768,20250414,plan_starter,2,2025-04-14,account_access,high,closed,5.7,3,0,0
TCK-001171,CUST-00769,20260101,plan_pro,2,2026-01-01,cancellation_request,urgent,closed,17.6,3,1,0
TCK-001172,CUST-00769,20260712,plan_pro,2,2026-07-12,billing,medium,closed,28.3,2,0,1
TCK-001173,CUST-00770,20260101,plan_growth,2,2026-01-01,feature_request,low,closed,1.4,5,0,0
TCK-001174,CUST-00770,20260515,plan_growth,2,2026-05-15,technical_issue,medium,closed,0.8,3,0,0
TCK-001175,CUST-00771,20260801,plan_growth,1,2026-08-01,account_access,medium,closed,0.9,4,0,0
TCK-001176,CUST-00771,20260819,plan_growth,1,2026-08-19,cancellation_request,low,closed,4.9,3,0,0
TCK-001177,CUST-00772,20260423,plan_pro,2,2026-04-23,technical_issue,medium,closed,16.4,1,0,1
TCK-001178,CUST-00772,20260505,plan_pro,2,2026-05-05,billing,medium,closed,5.4,2,0,1
TCK-001179,CUST-00772,20250209,plan_pro,2,2025-02-09,cancellation_request,high,closed,8.6,1,0,1
TCK-001180,CUST-00773,20260330,plan_starter,1,2026-03-30,feature_request,medium,closed,4.8,3,0,0
TCK-001181,CUST-00773,20260214,plan_starter,1,2026-02-14,technical_issue,medium,closed,12.7,4,0,0
TCK-001182,CUST-00775,20260815,plan_starter,2,2026-08-15,technical_issue,urgent,closed,2.2,1,1,1
TCK-001183,CUST-00778,20250725,plan_starter,1,2025-07-25,billing,low,closed,2.1,4,0,0
TCK-001184,CUST-00778,20251223,plan_starter,1,2025-12-23,account_access,medium,closed,0.0,5,0,0
TCK-001185,CUST-00780,20250605,plan_starter,2,2025-06-05,account_access,high,closed,1.5,2,0,1
TCK-001186,CUST-00780,20250901,plan_starter,2,2025-09-01,cancellation_request,urgent,closed,69.3,1,1,1
TCK-001187,CUST-00780,20251002,plan_starter,2,2025-10-02,billing,low,closed,31.7,1,0,1
TCK-001188,CUST-00781,20260331,plan_starter,2,2026-03-31,technical_issue,medium,closed,0.7,4,0,0
TCK-001189,CUST-00781,20260314,plan_starter,2,2026-03-14,technical_issue,high,closed,0.1,4,0,0
TCK-001190,CUST-00782,20260301,plan_growth,1,2026-03-01,account_access,low,closed,20.0,2,0,1
TCK-001191,CUST-00782,20260309,plan_growth,1,2026-03-09,account_access,medium,closed,81.5,3,0,1
TCK-001192,CUST-00782,20260407,plan_growth,1,2026-04-07,technical_issue,urgent,closed,23.3,2,1,1
TCK-001193,CUST-00784,20251120,plan_starter,1,2025-11-20,feature_request,medium,closed,27.6,5,0,1
TCK-001194,CUST-00784,20250709,plan_starter,1,2025-07-09,technical_issue,medium,closed,2.2,5,0,0
TCK-001195,CUST-00785,20260401,plan_growth,2,2026-04-01,billing,medium,closed,1.1,5,0,0
TCK-001196,CUST-00785,20260528,plan_growth,2,2026-05-28,feature_request,medium,closed,1.2,4,0,0
TCK-001197,CUST-00786,20260820,plan_growth,1,2026-08-20,feature_request,medium,closed,7.4,4,0,0
TCK-001198,CUST-00788,20260702,plan_enterprise,1,2026-07-02,feature_request,urgent,closed,5.3,4,1,0
TCK-001199,CUST-00788,20250601,plan_enterprise,1,2025-06-01,technical_issue,high,closed,0.8,5,0,0
TCK-001200,CUST-00788,20260105,plan_enterprise,1,2026-01-05,feature_request,low,closed,2.9,1,0,1
TCK-001201,CUST-00789,20240620,plan_starter,1,2024-06-20,billing,high,closed,17.4,1,0,1
TCK-001202,CUST-00789,20250621,plan_starter,1,2025-06-21,feature_request,high,closed,36.5,3,0,1
TCK-001203,CUST-00789,20240925,plan_starter,1,2024-09-25,cancellation_request,medium,closed,32.6,5,0,1
TCK-001204,CUST-00789,20251110,plan_starter,1,2025-11-10,cancellation_request,high,closed,4.1,5,0,0
TCK-001205,CUST-00790,20250910,plan_enterprise,3,2025-09-10,feature_request,low,closed,7.3,3,0,0
TCK-001206,CUST-00790,20250703,plan_enterprise,3,2025-07-03,technical_issue,medium,closed,10.2,4,0,0
TCK-001207,CUST-00790,20260420,plan_enterprise,3,2026-04-20,account_access,medium,closed,2.6,5,0,0
TCK-001208,CUST-00791,20250814,plan_pro,1,2025-08-14,account_access,high,closed,0.4,5,0,0
TCK-001209,CUST-00791,20260730,plan_pro,1,2026-07-30,feature_request,medium,closed,0.9,1,0,1
TCK-001210,CUST-00792,20260427,plan_growth,1,2026-04-27,account_access,low,closed,1.6,3,0,0
TCK-001211,CUST-00792,20260814,plan_growth,1,2026-08-14,technical_issue,high,closed,5.6,3,0,0
TCK-001212,CUST-00792,20260427,plan_growth,1,2026-04-27,feature_request,medium,closed,7.2,4,0,0
TCK-001213,CUST-00792,20260408,plan_growth,1,2026-04-08,technical_issue,medium,closed,0.1,5,0,0
TCK-001214,CUST-00793,20260624,plan_starter,2,2026-06-24,technical_issue,medium,closed,3.6,5,0,0
TCK-001215,CUST-00793,20260710,plan_starter,2,2026-07-10,feature_request,medium,closed,1.2,2,0,1
TCK-001216,CUST-00795,20260824,plan_growth,2,2026-08-24,account_access,high,closed,1.0,2,0,1
TCK-001217,CUST-00795,20260404,plan_growth,2,2026-04-04,technical_issue,high,closed,2.7,3,0,0
TCK-001218,CUST-00797,20260809,plan_starter,1,2026-08-09,billing,high,closed,4.9,3,0,0
TCK-001219,CUST-00798,20260804,plan_growth,1,2026-08-04,technical_issue,low,closed,3.3,3,0,0
TCK-001220,CUST-00798,20260807,plan_growth,1,2026-08-07,technical_issue,medium,closed,0.8,1,0,1
TCK-001221,CUST-00798,20260715,plan_growth,1,2026-07-15,feature_request,low,closed,5.2,5,0,0
TCK-001222,CUST-00800,20260126,plan_pro,2,2026-01-26,billing,urgent,closed,60.6,2,1,1
TCK-001223,CUST-00800,20260110,plan_pro,2,2026-01-10,technical_issue,low,closed,0.9,1,0,1
TCK-001224,CUST-00800,20260212,plan_pro,2,2026-02-12,billing,high,closed,71.6,1,0,1
TCK-001225,CUST-00800,20260128,plan_pro,2,2026-01-28,technical_issue,medium,closed,0.8,1,0,1
TCK-001226,CUST-00805,20260621,plan_pro,2,2026-06-21,account_access,high,closed,1.1,1,0,1
TCK-001227,CUST-00805,20260617,plan_pro,2,2026-06-17,billing,high,closed,14.5,1,0,1
TCK-001228,CUST-00807,20260508,plan_growth,2,2026-05-08,technical_issue,medium,closed,5.8,1,0,1
TCK-001229,CUST-00808,20251120,plan_growth,1,2025-11-20,billing,medium,closed,3.3,4,0,0
TCK-001230,CUST-00810,20260504,plan_pro,2,2026-05-04,technical_issue,medium,closed,7.7,4,0,0
TCK-001231,CUST-00811,20260401,plan_growth,1,2026-04-01,technical_issue,urgent,closed,29.2,1,1,1
TCK-001232,CUST-00811,20260423,plan_growth,1,2026-04-23,billing,medium,closed,0.6,1,0,1
TCK-001233,CUST-00811,20260310,plan_growth,1,2026-03-10,technical_issue,high,closed,1.8,2,0,1
TCK-001234,CUST-00812,20260727,plan_growth,1,2026-07-27,technical_issue,low,closed,0.6,3,0,0
TCK-001235,CUST-00814,20250308,plan_starter,2,2025-03-08,account_access,medium,closed,0.1,4,0,0
TCK-001236,CUST-00816,20250922,plan_starter,2,2025-09-22,billing,urgent,closed,7.4,3,1,0
TCK-001237,CUST-00816,20250321,plan_starter,2,2025-03-21,technical_issue,urgent,closed,16.8,1,1,1
TCK-001238,CUST-00816,20250628,plan_starter,2,2025-06-28,billing,medium,closed,9.1,5,0,0
TCK-001239,CUST-00817,20250528,plan_growth,1,2025-05-28,billing,high,closed,0.1,5,0,0
TCK-001240,CUST-00817,20250518,plan_growth,1,2025-05-18,billing,high,closed,2.7,5,0,0
TCK-001241,CUST-00817,20250501,plan_growth,1,2025-05-01,cancellation_request,high,closed,37.2,1,0,1
TCK-001242,CUST-00817,20250512,plan_growth,1,2025-05-12,feature_request,high,closed,24.7,2,0,1
TCK-001243,CUST-00818,20260501,plan_growth,2,2026-05-01,cancellation_request,medium,closed,0.2,4,0,0
TCK-001244,CUST-00818,20260512,plan_growth,2,2026-05-12,feature_request,medium,closed,5.6,4,0,0
TCK-001245,CUST-00820,20260108,plan_growth,1,2026-01-08,technical_issue,low,closed,0.4,5,0,0
TCK-001246,CUST-00820,20251223,plan_growth,1,2025-12-23,feature_request,high,closed,23.0,4,0,0
TCK-001247,CUST-00821,20250406,plan_growth,2,2025-04-06,technical_issue,low,closed,2.6,4,0,0
TCK-001248,CUST-00822,20250705,plan_starter,1,2025-07-05,billing,urgent,closed,14.0,1,1,1
TCK-001249,CUST-00822,20250730,plan_starter,1,2025-07-30,feature_request,low,closed,14.8,1,0,1
TCK-001250,CUST-00822,20250826,plan_starter,1,2025-08-26,cancellation_request,medium,closed,19.9,1,0,1
TCK-001251,CUST-00823,20260129,plan_growth,1,2026-01-29,technical_issue,medium,closed,5.5,1,0,1
TCK-001252,CUST-00823,20250907,plan_growth,1,2025-09-07,billing,urgent,closed,5.9,5,1,0
TCK-001253,CUST-00823,20251110,plan_growth,1,2025-11-10,billing,medium,closed,12.0,3,0,0
TCK-001254,CUST-00824,20260507,plan_starter,1,2026-05-07,billing,urgent,closed,17.7,1,1,1
TCK-001255,CUST-00824,20260519,plan_starter,1,2026-05-19,technical_issue,medium,closed,58.7,5,0,1
TCK-001256,CUST-00824,20260528,plan_starter,1,2026-05-28,billing,high,closed,14.6,1,0,1
TCK-001257,CUST-00825,20260609,plan_pro,1,2026-06-09,feature_request,low,closed,5.0,3,0,0
TCK-001258,CUST-00825,20260505,plan_pro,1,2026-05-05,billing,low,closed,5.9,4,0,0
TCK-001259,CUST-00828,20251115,plan_starter,2,2025-11-15,billing,medium,closed,1.5,5,0,0
TCK-001260,CUST-00828,20250526,plan_starter,2,2025-05-26,billing,medium,closed,6.4,3,0,0
TCK-001261,CUST-00829,20260116,plan_growth,1,2026-01-16,technical_issue,medium,closed,14.3,1,0,1
TCK-001262,CUST-00829,20251119,plan_growth,1,2025-11-19,billing,medium,closed,9.8,3,0,0
TCK-001263,CUST-00831,20260201,plan_pro,1,2026-02-01,technical_issue,medium,closed,28.7,4,0,1
TCK-001264,CUST-00831,20260416,plan_pro,1,2026-04-16,feature_request,medium,closed,4.0,5,0,0
TCK-001265,CUST-00833,20260519,plan_growth,1,2026-05-19,feature_request,medium,closed,7.5,1,0,1
TCK-001266,CUST-00833,20251128,plan_growth,1,2025-11-28,technical_issue,medium,closed,4.4,4,0,0
TCK-001267,CUST-00834,20260809,plan_growth,1,2026-08-09,technical_issue,medium,closed,1.4,4,0,0
TCK-001268,CUST-00835,20260203,plan_starter,1,2026-02-03,feature_request,urgent,closed,14.6,2,1,1
TCK-001269,CUST-00835,20251214,plan_starter,1,2025-12-14,technical_issue,medium,closed,23.4,1,0,1
TCK-001270,CUST-00836,20260501,plan_starter,1,2026-05-01,feature_request,low,closed,14.2,3,0,0
TCK-001271,CUST-00836,20260217,plan_starter,1,2026-02-17,technical_issue,urgent,closed,50.3,1,1,1
TCK-001272,CUST-00836,20260315,plan_starter,1,2026-03-15,billing,high,closed,73.0,1,0,1
TCK-001273,CUST-00836,20250829,plan_starter,1,2025-08-29,technical_issue,medium,closed,28.2,1,0,1
TCK-001274,CUST-00838,20260527,plan_enterprise,2,2026-05-27,feature_request,low,closed,0.7,4,0,0
TCK-001275,CUST-00840,20260816,plan_starter,2,2026-08-16,account_access,medium,closed,12.7,3,0,0
TCK-001276,CUST-00840,20260508,plan_starter,2,2026-05-08,technical_issue,low,closed,8.6,2,0,1
TCK-001277,CUST-00841,20250411,plan_growth,1,2025-04-11,technical_issue,medium,closed,11.6,2,0,1
TCK-001278,CUST-00842,20260416,plan_growth,2,2026-04-16,technical_issue,high,closed,0.1,5,0,0
TCK-001279,CUST-00843,20260814,plan_growth,1,2026-08-14,billing,low,closed,10.4,4,0,0
TCK-001280,CUST-00844,20260327,plan_growth,2,2026-03-27,feature_request,medium,closed,0.7,1,0,1
TCK-001281,CUST-00844,20260620,plan_growth,2,2026-06-20,feature_request,medium,closed,6.6,4,0,0
TCK-001282,CUST-00844,20260811,plan_growth,2,2026-08-11,feature_request,high,closed,7.8,5,0,0
TCK-001283,CUST-00844,20260529,plan_growth,2,2026-05-29,feature_request,low,closed,9.4,5,0,0
TCK-001284,CUST-00845,20260802,plan_growth,1,2026-08-02,technical_issue,medium,closed,6.5,1,0,1
TCK-001285,CUST-00845,20260430,plan_growth,1,2026-04-30,feature_request,low,closed,12.6,4,0,0
TCK-001286,CUST-00845,20260901,plan_growth,1,2026-09-01,billing,medium,closed,0.4,4,0,0
TCK-001287,CUST-00845,20260901,plan_growth,1,2026-09-01,billing,low,closed,7.6,5,0,0
TCK-001288,CUST-00849,20260317,plan_pro,1,2026-03-17,technical_issue,high,closed,4.5,5,0,0
TCK-001289,CUST-00849,20260418,plan_pro,1,2026-04-18,technical_issue,low,closed,61.2,3,0,1
TCK-001290,CUST-00849,20260209,plan_pro,1,2026-02-09,technical_issue,high,closed,1.9,2,0,1
TCK-001291,CUST-00850,20260102,plan_growth,1,2026-01-02,billing,high,closed,12.3,1,0,1
TCK-001292,CUST-00850,20250822,plan_growth,1,2025-08-22,cancellation_request,high,closed,16.2,2,0,1
TCK-001293,CUST-00851,20260705,plan_enterprise,2,2026-07-05,feature_request,medium,closed,1.4,5,0,0
TCK-001294,CUST-00851,20260717,plan_enterprise,2,2026-07-17,account_access,high,closed,0.7,5,0,0
TCK-001295,CUST-00851,20260707,plan_enterprise,2,2026-07-07,account_access,low,closed,4.8,5,0,0
TCK-001296,CUST-00852,20251105,plan_starter,1,2025-11-05,technical_issue,medium,closed,16.6,1,0,1
TCK-001297,CUST-00853,20240924,plan_starter,1,2024-09-24,technical_issue,high,closed,29.5,2,0,1
TCK-001298,CUST-00853,20240819,plan_starter,1,2024-08-19,billing,high,closed,4.7,2,0,1
TCK-001299,CUST-00853,20241010,plan_starter,1,2024-10-10,account_access,high,closed,5.6,2,0,1
TCK-001300,CUST-00854,20250218,plan_starter,1,2025-02-18,technical_issue,medium,closed,30.2,1,0,1
TCK-001301,CUST-00854,20241125,plan_starter,1,2024-11-25,technical_issue,high,closed,2.8,2,0,1
TCK-001302,CUST-00854,20250226,plan_starter,1,2025-02-26,billing,urgent,closed,1.3,1,1,1
TCK-001303,CUST-00854,20250106,plan_starter,1,2025-01-06,cancellation_request,high,closed,8.2,3,0,0
TCK-001304,CUST-00855,20260627,plan_pro,1,2026-06-27,technical_issue,high,closed,3.8,4,0,0
TCK-001305,CUST-00856,20241121,plan_starter,1,2024-11-21,billing,high,closed,12.0,3,0,0
TCK-001306,CUST-00856,20250218,plan_starter,1,2025-02-18,billing,urgent,closed,34.1,1,1,1
TCK-001307,CUST-00856,20250321,plan_starter,1,2025-03-21,billing,medium,closed,38.3,1,0,1
TCK-001308,CUST-00857,20260620,plan_growth,1,2026-06-20,technical_issue,medium,closed,0.8,4,0,0
TCK-001309,CUST-00857,20260608,plan_growth,1,2026-06-08,technical_issue,medium,closed,17.8,5,0,0
TCK-001310,CUST-00859,20260213,plan_pro,1,2026-02-13,billing,medium,closed,1.1,1,0,1
TCK-001311,CUST-00859,20260705,plan_pro,1,2026-07-05,technical_issue,medium,closed,32.2,2,0,1
TCK-001312,CUST-00859,20260417,plan_pro,1,2026-04-17,billing,high,closed,6.8,2,0,1
TCK-001313,CUST-00859,20260303,plan_pro,1,2026-03-03,billing,high,closed,25.0,3,0,1
TCK-001314,CUST-00860,20260419,plan_starter,2,2026-04-19,feature_request,medium,closed,18.5,4,0,0
TCK-001315,CUST-00860,20260108,plan_starter,2,2026-01-08,billing,medium,closed,8.1,4,0,0
TCK-001316,CUST-00862,20250205,plan_growth,2,2025-02-05,billing,high,closed,0.2,3,0,0
TCK-001317,CUST-00862,20260429,plan_growth,2,2026-04-29,account_access,medium,closed,9.7,3,0,0
TCK-001318,CUST-00862,20250116,plan_growth,2,2025-01-16,technical_issue,high,closed,0.9,1,0,1
TCK-001319,CUST-00862,20250223,plan_growth,2,2025-02-23,billing,urgent,closed,81.6,2,1,1
TCK-001320,CUST-00863,20250408,plan_pro,1,2025-04-08,billing,high,closed,31.4,1,0,1
TCK-001321,CUST-00863,20250323,plan_pro,1,2025-03-23,billing,low,closed,1.8,2,0,1
TCK-001322,CUST-00864,20250722,plan_starter,1,2025-07-22,feature_request,low,closed,4.1,5,0,0
TCK-001323,CUST-00865,20250628,plan_pro,1,2025-06-28,technical_issue,low,closed,9.4,1,0,1
TCK-001324,CUST-00865,20250615,plan_pro,1,2025-06-15,account_access,urgent,closed,14.9,2,1,1
TCK-001325,CUST-00865,20250621,plan_pro,1,2025-06-21,technical_issue,urgent,closed,0.4,5,1,0
TCK-001326,CUST-00866,20260612,plan_starter,1,2026-06-12,feature_request,medium,closed,4.6,4,0,0
TCK-001327,CUST-00867,20260126,plan_starter,1,2026-01-26,billing,high,closed,18.9,5,0,0
TCK-001328,CUST-00867,20260305,plan_starter,1,2026-03-05,cancellation_request,urgent,closed,17.9,2,1,1
TCK-001329,CUST-00867,20260318,plan_starter,1,2026-03-18,account_access,medium,closed,3.2,5,0,0
TCK-001330,CUST-00867,20260128,plan_starter,1,2026-01-28,billing,medium,closed,30.0,3,0,1
TCK-001331,CUST-00867,20260201,plan_starter,1,2026-02-01,cancellation_request,low,closed,4.2,2,0,1
TCK-001332,CUST-00867,20260219,plan_starter,1,2026-02-19,feature_request,high,closed,31.9,4,0,1
TCK-001333,CUST-00868,20250707,plan_enterprise,1,2025-07-07,technical_issue,high,closed,22.0,2,0,1
TCK-001334,CUST-00868,20250507,plan_enterprise,1,2025-05-07,billing,medium,closed,26.9,2,0,1
TCK-001335,CUST-00868,20250629,plan_enterprise,1,2025-06-29,billing,high,closed,21.0,4,0,0
TCK-001336,CUST-00868,20241106,plan_enterprise,1,2024-11-06,account_access,high,closed,31.2,2,0,1
TCK-001337,CUST-00870,20260207,plan_starter,2,2026-02-07,billing,urgent,closed,4.8,5,1,0
TCK-001338,CUST-00871,20260614,plan_growth,2,2026-06-14,technical_issue,low,closed,13.3,4,0,0
TCK-001339,CUST-00871,20260816,plan_growth,2,2026-08-16,feature_request,urgent,closed,15.7,4,1,0
TCK-001340,CUST-00871,20260611,plan_growth,2,2026-06-11,technical_issue,medium,closed,3.6,4,0,0
TCK-001341,CUST-00872,20260601,plan_starter,2,2026-06-01,feature_request,low,closed,21.6,4,0,0
TCK-001342,CUST-00873,20250907,plan_pro,2,2025-09-07,technical_issue,medium,closed,14.1,5,0,0
TCK-001343,CUST-00874,20250320,plan_enterprise,1,2025-03-20,account_access,medium,closed,50.4,1,0,1
TCK-001344,CUST-00874,20250403,plan_enterprise,1,2025-04-03,technical_issue,medium,closed,31.8,2,0,1
TCK-001345,CUST-00874,20250218,plan_enterprise,1,2025-02-18,technical_issue,low,closed,4.4,1,0,1
TCK-001346,CUST-00875,20250723,plan_growth,1,2025-07-23,billing,medium,closed,2.6,3,0,0
TCK-001347,CUST-00875,20251013,plan_growth,1,2025-10-13,technical_issue,low,closed,4.1,4,0,0
TCK-001348,CUST-00875,20260628,plan_growth,1,2026-06-28,feature_request,low,closed,6.7,4,0,0
TCK-001349,CUST-00877,20260322,plan_growth,1,2026-03-22,technical_issue,medium,closed,9.7,2,0,1
TCK-001350,CUST-00877,20251004,plan_growth,1,2025-10-04,cancellation_request,high,closed,13.8,1,0,1
TCK-001351,CUST-00878,20260820,plan_starter,1,2026-08-20,account_access,medium,closed,2.2,5,0,0
TCK-001352,CUST-00879,20260422,plan_growth,2,2026-04-22,feature_request,low,closed,0.6,4,0,0
TCK-001353,CUST-00881,20241229,plan_pro,1,2024-12-29,technical_issue,medium,closed,27.2,3,0,1
TCK-001354,CUST-00881,20241130,plan_pro,1,2024-11-30,billing,high,closed,6.8,1,0,1
TCK-001355,CUST-00881,20241230,plan_pro,1,2024-12-30,technical_issue,high,closed,68.3,1,0,1
TCK-001356,CUST-00881,20241218,plan_pro,1,2024-12-18,cancellation_request,medium,closed,1.1,3,0,0
TCK-001357,CUST-00882,20260401,plan_growth,1,2026-04-01,technical_issue,high,closed,15.1,1,0,1
TCK-001358,CUST-00882,20260615,plan_growth,1,2026-06-15,billing,low,closed,2.8,1,0,1
TCK-001359,CUST-00882,20260704,plan_growth,1,2026-07-04,billing,high,closed,29.0,3,0,1
TCK-001360,CUST-00882,20260613,plan_growth,1,2026-06-13,technical_issue,medium,closed,4.0,2,0,1
TCK-001361,CUST-00882,20260516,plan_growth,1,2026-05-16,technical_issue,medium,closed,72.4,1,0,1
TCK-001362,CUST-00883,20251124,plan_growth,1,2025-11-24,cancellation_request,low,closed,1.9,4,0,0
TCK-001363,CUST-00884,20240619,plan_growth,1,2024-06-19,billing,high,closed,5.0,1,0,1
TCK-001364,CUST-00884,20240915,plan_growth,1,2024-09-15,technical_issue,urgent,closed,4.3,2,1,1
TCK-001365,CUST-00886,20250925,plan_enterprise,1,2025-09-25,account_access,low,closed,1.3,4,0,0
TCK-001366,CUST-00886,20251231,plan_enterprise,1,2025-12-31,account_access,medium,closed,0.6,5,0,0
TCK-001367,CUST-00886,20260403,plan_enterprise,1,2026-04-03,technical_issue,medium,closed,2.0,1,0,1
TCK-001368,CUST-00887,20251214,plan_starter,1,2025-12-14,cancellation_request,urgent,closed,52.8,1,1,1
TCK-001369,CUST-00887,20260114,plan_starter,1,2026-01-14,technical_issue,urgent,closed,28.8,2,1,1
TCK-001370,CUST-00888,20260613,plan_growth,1,2026-06-13,feature_request,low,closed,1.6,5,0,0
TCK-001371,CUST-00889,20260821,plan_pro,1,2026-08-21,account_access,medium,closed,16.3,2,0,1
TCK-001372,CUST-00891,20260311,plan_enterprise,2,2026-03-11,cancellation_request,low,closed,3.3,4,0,0
TCK-001373,CUST-00892,20250818,plan_starter,1,2025-08-18,billing,high,closed,13.1,1,0,1
TCK-001374,CUST-00892,20250909,plan_starter,1,2025-09-09,billing,medium,closed,5.0,3,0,0
TCK-001375,CUST-00892,20260415,plan_starter,1,2026-04-15,billing,medium,closed,41.2,3,0,1
TCK-001376,CUST-00892,20260523,plan_starter,1,2026-05-23,technical_issue,high,closed,94.1,2,0,1
TCK-001377,CUST-00892,20251113,plan_starter,1,2025-11-13,technical_issue,urgent,closed,12.7,4,1,0
TCK-001378,CUST-00892,20260311,plan_starter,1,2026-03-11,cancellation_request,high,closed,11.5,1,0,1
TCK-001379,CUST-00892,20250603,plan_starter,1,2025-06-03,technical_issue,medium,closed,9.8,1,0,1
TCK-001380,CUST-00893,20260215,plan_starter,1,2026-02-15,account_access,high,closed,19.0,1,0,1
TCK-001381,CUST-00893,20260311,plan_starter,1,2026-03-11,cancellation_request,medium,closed,1.2,2,0,1
TCK-001382,CUST-00893,20260204,plan_starter,1,2026-02-04,cancellation_request,high,closed,21.1,2,0,1
TCK-001383,CUST-00893,20260304,plan_starter,1,2026-03-04,technical_issue,medium,closed,5.2,3,0,0
TCK-001384,CUST-00894,20250416,plan_growth,1,2025-04-16,technical_issue,high,closed,14.4,3,0,0
TCK-001385,CUST-00894,20250514,plan_growth,1,2025-05-14,technical_issue,medium,closed,12.1,1,0,1
TCK-001386,CUST-00897,20250721,plan_growth,1,2025-07-21,account_access,high,closed,18.3,1,0,1
TCK-001387,CUST-00897,20250801,plan_growth,1,2025-08-01,billing,medium,closed,42.2,1,0,1
TCK-001388,CUST-00897,20250815,plan_growth,1,2025-08-15,technical_issue,high,closed,23.4,2,0,1
TCK-001389,CUST-00897,20250904,plan_growth,1,2025-09-04,technical_issue,medium,closed,22.2,2,0,1
TCK-001390,CUST-00897,20250530,plan_growth,1,2025-05-30,cancellation_request,high,closed,73.9,1,0,1
TCK-001391,CUST-00897,20250813,plan_growth,1,2025-08-13,technical_issue,urgent,closed,20.5,2,1,1
TCK-001392,CUST-00900,20260711,plan_pro,2,2026-07-11,technical_issue,medium,closed,17.5,5,0,0
TCK-001393,CUST-00900,20260419,plan_pro,2,2026-04-19,feature_request,low,closed,6.4,2,0,1
TCK-001394,CUST-00900,20260621,plan_pro,2,2026-06-21,billing,low,closed,3.6,4,0,0
TCK-001395,CUST-00901,20260514,plan_pro,1,2026-05-14,billing,low,closed,15.7,1,0,1
TCK-001396,CUST-00902,20251101,plan_starter,2,2025-11-01,billing,urgent,closed,4.4,3,1,0
TCK-001397,CUST-00902,20260829,plan_starter,2,2026-08-29,technical_issue,urgent,closed,1.8,5,1,0
TCK-001398,CUST-00902,20260108,plan_starter,2,2026-01-08,account_access,medium,closed,3.6,4,0,0
TCK-001399,CUST-00903,20251231,plan_pro,3,2025-12-31,technical_issue,medium,closed,0.1,2,0,1
TCK-001400,CUST-00903,20260318,plan_pro,3,2026-03-18,technical_issue,medium,closed,29.4,2,0,1
TCK-001401,CUST-00903,20260225,plan_pro,3,2026-02-25,billing,medium,closed,15.1,2,0,1
TCK-001402,CUST-00904,20260616,plan_starter,2,2026-06-16,billing,medium,closed,2.9,4,0,0
TCK-001403,CUST-00904,20251112,plan_starter,2,2025-11-12,account_access,medium,closed,26.8,4,0,1
TCK-001404,CUST-00904,20250409,plan_starter,2,2025-04-09,technical_issue,medium,closed,8.3,2,0,1
TCK-001405,CUST-00905,20260708,plan_starter,1,2026-07-08,feature_request,low,closed,5.4,5,0,0
TCK-001406,CUST-00905,20260622,plan_starter,1,2026-06-22,feature_request,low,closed,4.0,5,0,0
TCK-001407,CUST-00905,20260617,plan_starter,1,2026-06-17,feature_request,low,closed,15.1,4,0,0
TCK-001408,CUST-00905,20260704,plan_starter,1,2026-07-04,billing,low,closed,0.4,3,0,0
TCK-001409,CUST-00907,20260804,plan_starter,1,2026-08-04,technical_issue,high,closed,16.7,4,0,0
TCK-001410,CUST-00907,20260720,plan_starter,1,2026-07-20,billing,urgent,closed,7.2,5,1,0
TCK-001411,CUST-00908,20260222,plan_growth,1,2026-02-22,feature_request,medium,closed,3.1,5,0,0
TCK-001412,CUST-00909,20251217,plan_starter,1,2025-12-17,technical_issue,medium,closed,0.3,2,0,1
TCK-001413,CUST-00911,20260223,plan_starter,1,2026-02-23,billing,high,closed,9.7,4,0,0
TCK-001414,CUST-00911,20260822,plan_starter,1,2026-08-22,feature_request,medium,closed,4.9,4,0,0
TCK-001415,CUST-00912,20260622,plan_starter,1,2026-06-22,feature_request,low,closed,1.1,3,0,0
TCK-001416,CUST-00912,20251201,plan_starter,1,2025-12-01,technical_issue,low,closed,13.0,3,0,0
TCK-001417,CUST-00913,20260702,plan_pro,2,2026-07-02,technical_issue,medium,closed,6.3,3,0,0
TCK-001418,CUST-00914,20250406,plan_starter,1,2025-04-06,billing,medium,closed,60.3,1,0,1
TCK-001419,CUST-00914,20250318,plan_starter,1,2025-03-18,technical_issue,high,closed,0.3,1,0,1
TCK-001420,CUST-00916,20250919,plan_starter,1,2025-09-19,technical_issue,medium,closed,9.1,1,0,1
TCK-001421,CUST-00916,20250822,plan_starter,1,2025-08-22,feature_request,low,closed,44.2,2,0,1
TCK-001422,CUST-00918,20250120,plan_growth,1,2025-01-20,billing,medium,closed,24.2,2,0,1
TCK-001423,CUST-00918,20250215,plan_growth,1,2025-02-15,billing,high,closed,7.3,3,0,0
TCK-001424,CUST-00919,20250611,plan_growth,1,2025-06-11,billing,urgent,closed,37.6,3,1,1
TCK-001425,CUST-00919,20250214,plan_growth,1,2025-02-14,billing,high,closed,1.3,2,0,1
TCK-001426,CUST-00919,20250417,plan_growth,1,2025-04-17,billing,high,closed,23.3,2,0,1
TCK-001427,CUST-00921,20251231,plan_starter,2,2025-12-31,technical_issue,high,closed,20.3,1,0,1
TCK-001428,CUST-00921,20251105,plan_starter,2,2025-11-05,billing,high,closed,5.8,5,0,0
TCK-001429,CUST-00921,20260224,plan_starter,2,2026-02-24,cancellation_request,urgent,closed,17.5,3,1,0
TCK-001430,CUST-00922,20260518,plan_enterprise,2,2026-05-18,feature_request,low,closed,1.7,5,0,0
TCK-001431,CUST-00922,20260714,plan_enterprise,2,2026-07-14,billing,high,closed,5.1,2,0,1
TCK-001432,CUST-00923,20260129,plan_pro,1,2026-01-29,account_access,high,closed,8.5,2,0,1
TCK-001433,CUST-00923,20260108,plan_pro,1,2026-01-08,cancellation_request,low,closed,16.0,4,0,0
TCK-001434,CUST-00923,20251003,plan_pro,1,2025-10-03,billing,high,closed,27.7,4,0,1
TCK-001435,CUST-00924,20260117,plan_growth,1,2026-01-17,account_access,medium,closed,14.5,4,0,0
TCK-001436,CUST-00924,20250722,plan_growth,1,2025-07-22,feature_request,high,closed,0.9,5,0,0
TCK-001437,CUST-00927,20260609,plan_starter,1,2026-06-09,feature_request,medium,closed,1.1,5,0,0
TCK-001438,CUST-00928,20260722,plan_enterprise,2,2026-07-22,feature_request,medium,closed,3.9,3,0,0
TCK-001439,CUST-00929,20250902,plan_starter,1,2025-09-02,technical_issue,medium,closed,6.8,3,0,0
TCK-001440,CUST-00929,20250608,plan_starter,1,2025-06-08,billing,urgent,closed,32.3,2,1,1
TCK-001441,CUST-00930,20260619,plan_growth,2,2026-06-19,billing,medium,closed,1.3,4,0,0
TCK-001442,CUST-00930,20250918,plan_growth,2,2025-09-18,technical_issue,low,closed,0.9,4,0,0
TCK-001443,CUST-00930,20250825,plan_growth,2,2025-08-25,cancellation_request,low,closed,1.8,4,0,0
TCK-001444,CUST-00931,20260618,plan_starter,1,2026-06-18,account_access,high,closed,0.2,5,0,0
TCK-001445,CUST-00931,20260422,plan_starter,1,2026-04-22,cancellation_request,medium,closed,1.1,5,0,0
TCK-001446,CUST-00931,20260204,plan_starter,1,2026-02-04,account_access,medium,closed,6.2,4,0,0
TCK-001447,CUST-00932,20240926,plan_growth,2,2024-09-26,technical_issue,high,closed,7.4,2,0,1
TCK-001448,CUST-00933,20260719,plan_pro,1,2026-07-19,technical_issue,urgent,closed,3.0,2,1,1
TCK-001449,CUST-00933,20260716,plan_pro,1,2026-07-16,technical_issue,medium,closed,1.0,1,0,1
TCK-001450,CUST-00933,20260722,plan_pro,1,2026-07-22,billing,low,closed,61.2,3,0,1
TCK-001451,CUST-00934,20260830,plan_growth,1,2026-08-30,account_access,medium,closed,7.3,4,0,0
TCK-001452,CUST-00935,20260515,plan_growth,2,2026-05-15,cancellation_request,low,closed,2.3,3,0,0
TCK-001453,CUST-00935,20260409,plan_growth,2,2026-04-09,feature_request,low,closed,9.2,2,0,1
TCK-001454,CUST-00935,20260415,plan_growth,2,2026-04-15,billing,medium,closed,12.3,3,0,0
TCK-001455,CUST-00936,20260126,plan_starter,1,2026-01-26,technical_issue,medium,closed,2.8,5,0,0
TCK-001456,CUST-00936,20260118,plan_starter,1,2026-01-18,feature_request,low,closed,12.5,5,0,0
TCK-001457,CUST-00937,20251201,plan_pro,2,2025-12-01,billing,medium,closed,10.9,5,0,0
TCK-001458,CUST-00938,20251225,plan_growth,1,2025-12-25,billing,high,closed,0.4,1,0,1
TCK-001459,CUST-00938,20251213,plan_growth,1,2025-12-13,technical_issue,low,closed,19.1,1,0,1
TCK-001460,CUST-00938,20251219,plan_growth,1,2025-12-19,cancellation_request,high,closed,0.4,3,0,0
TCK-001461,CUST-00938,20251121,plan_growth,1,2025-11-21,cancellation_request,high,closed,7.9,3,0,0
TCK-001462,CUST-00938,20251207,plan_growth,1,2025-12-07,feature_request,medium,closed,1.9,4,0,0
TCK-001463,CUST-00940,20250513,plan_starter,1,2025-05-13,cancellation_request,high,closed,6.4,2,0,1
TCK-001464,CUST-00940,20250620,plan_starter,1,2025-06-20,cancellation_request,low,closed,8.7,3,0,0
TCK-001465,CUST-00940,20250513,plan_starter,1,2025-05-13,cancellation_request,high,closed,10.7,1,0,1
TCK-001466,CUST-00943,20260731,plan_pro,2,2026-07-31,account_access,urgent,closed,9.7,4,1,0
TCK-001467,CUST-00944,20260410,plan_pro,1,2026-04-10,feature_request,high,closed,15.6,5,0,0
TCK-001468,CUST-00945,20260225,plan_starter,2,2026-02-25,account_access,high,closed,23.5,2,0,1
TCK-001469,CUST-00945,20251218,plan_starter,2,2025-12-18,technical_issue,urgent,closed,1.8,1,1,1
TCK-001470,CUST-00945,20260205,plan_starter,2,2026-02-05,technical_issue,urgent,closed,0.9,1,1,1
TCK-001471,CUST-00945,20250810,plan_starter,2,2025-08-10,feature_request,medium,closed,13.1,1,0,1
TCK-001472,CUST-00946,20260505,plan_pro,1,2026-05-05,technical_issue,high,closed,4.4,5,0,0
TCK-001473,CUST-00946,20260126,plan_pro,1,2026-01-26,account_access,high,closed,16.7,4,0,0
TCK-001474,CUST-00947,20250727,plan_growth,1,2025-07-27,billing,medium,closed,5.4,2,0,1
TCK-001475,CUST-00947,20250703,plan_growth,1,2025-07-03,billing,high,closed,0.5,1,0,1
TCK-001476,CUST-00947,20250704,plan_growth,1,2025-07-04,cancellation_request,urgent,closed,5.6,1,1,1
TCK-001477,CUST-00949,20250619,plan_starter,1,2025-06-19,billing,medium,closed,37.9,3,0,1
TCK-001478,CUST-00950,20251121,plan_starter,1,2025-11-21,technical_issue,high,closed,6.1,2,0,1
TCK-001479,CUST-00950,20251215,plan_starter,1,2025-12-15,technical_issue,urgent,closed,22.4,1,1,1
TCK-001480,CUST-00950,20260211,plan_starter,1,2026-02-11,technical_issue,medium,closed,11.6,3,0,0
TCK-001481,CUST-00950,20260105,plan_starter,1,2026-01-05,billing,high,closed,4.4,1,0,1
TCK-001482,CUST-00950,20251030,plan_starter,1,2025-10-30,technical_issue,urgent,closed,26.0,3,1,1
TCK-001483,CUST-00950,20251217,plan_starter,1,2025-12-17,billing,low,closed,15.7,3,0,0
TCK-001484,CUST-00951,20260415,plan_pro,1,2026-04-15,technical_issue,medium,closed,3.4,5,0,0
TCK-001485,CUST-00951,20260703,plan_pro,1,2026-07-03,technical_issue,medium,closed,14.6,5,0,0
TCK-001486,CUST-00951,20260714,plan_pro,1,2026-07-14,cancellation_request,low,closed,9.0,5,0,0
TCK-001487,CUST-00952,20260518,plan_starter,2,2026-05-18,account_access,high,closed,4.6,3,0,0
TCK-001488,CUST-00952,20260117,plan_starter,2,2026-01-17,account_access,medium,closed,0.7,4,0,0
TCK-001489,CUST-00952,20260219,plan_starter,2,2026-02-19,technical_issue,low,closed,7.6,3,0,0
TCK-001490,CUST-00953,20260831,plan_growth,1,2026-08-31,account_access,medium,closed,14.4,3,0,0
TCK-001491,CUST-00953,20260627,plan_growth,1,2026-06-27,billing,high,closed,2.1,4,0,0
TCK-001492,CUST-00955,20260220,plan_starter,1,2026-02-20,feature_request,high,closed,5.1,4,0,0
TCK-001493,CUST-00955,20260620,plan_starter,1,2026-06-20,billing,low,closed,6.6,5,0,0
TCK-001494,CUST-00955,20260518,plan_starter,1,2026-05-18,feature_request,medium,closed,4.2,3,0,0
TCK-001495,CUST-00956,20260423,plan_starter,1,2026-04-23,feature_request,low,closed,3.1,3,0,0
TCK-001496,CUST-00957,20260520,plan_starter,1,2026-05-20,feature_request,low,closed,4.7,1,0,1
TCK-001497,CUST-00957,20260511,plan_starter,1,2026-05-11,billing,medium,closed,1.6,2,0,1
TCK-001498,CUST-00959,20250106,plan_growth,1,2025-01-06,technical_issue,medium,closed,4.5,4,0,0
TCK-001499,CUST-00960,20250324,plan_growth,1,2025-03-24,billing,high,closed,4.3,3,0,0
TCK-001500,CUST-00960,20241013,plan_growth,1,2024-10-13,cancellation_request,low,closed,8.9,3,0,0
TCK-001501,CUST-00961,20250424,plan_growth,2,2025-04-24,billing,high,closed,9.7,2,0,1
TCK-001502,CUST-00961,20250310,plan_growth,2,2025-03-10,cancellation_request,urgent,closed,67.3,1,1,1
TCK-001503,CUST-00961,20241120,plan_growth,2,2024-11-20,billing,high,closed,42.4,2,0,1
TCK-001504,CUST-00962,20260301,plan_pro,1,2026-03-01,feature_request,low,closed,1.0,5,0,0
TCK-001505,CUST-00962,20260213,plan_pro,1,2026-02-13,billing,high,closed,3.3,2,0,1
TCK-001506,CUST-00962,20260713,plan_pro,1,2026-07-13,billing,low,closed,6.7,5,0,0
TCK-001507,CUST-00962,20260505,plan_pro,1,2026-05-05,account_access,low,closed,8.5,3,0,0
TCK-001508,CUST-00965,20240906,plan_starter,2,2024-09-06,technical_issue,medium,closed,24.6,4,0,1
TCK-001509,CUST-00966,20260424,plan_growth,1,2026-04-24,billing,low,closed,1.9,3,0,0
TCK-001510,CUST-00967,20250509,plan_starter,1,2025-05-09,billing,urgent,closed,66.3,5,1,1
TCK-001511,CUST-00967,20250513,plan_starter,1,2025-05-13,technical_issue,high,closed,22.2,2,0,1
TCK-001512,CUST-00968,20260117,plan_growth,2,2026-01-17,billing,urgent,closed,13.2,5,1,0
TCK-001513,CUST-00968,20260412,plan_growth,2,2026-04-12,cancellation_request,medium,closed,1.5,4,0,0
TCK-001514,CUST-00968,20251107,plan_growth,2,2025-11-07,feature_request,medium,closed,0.4,4,0,0
TCK-001515,CUST-00969,20260406,plan_growth,1,2026-04-06,billing,medium,closed,11.2,5,0,0
TCK-001516,CUST-00973,20260417,plan_growth,1,2026-04-17,feature_request,low,closed,35.4,1,0,1
TCK-001517,CUST-00973,20260522,plan_growth,1,2026-05-22,billing,medium,closed,71.2,2,0,1
TCK-001518,CUST-00973,20260624,plan_growth,1,2026-06-24,feature_request,high,closed,1.4,1,0,1
TCK-001519,CUST-00974,20250817,plan_starter,1,2025-08-17,billing,low,closed,0.0,1,0,1
TCK-001520,CUST-00974,20250503,plan_starter,1,2025-05-03,billing,low,closed,9.4,5,0,0
TCK-001521,CUST-00975,20250909,plan_starter,1,2025-09-09,billing,urgent,closed,4.3,1,1,1
TCK-001522,CUST-00975,20250527,plan_starter,1,2025-05-27,technical_issue,urgent,closed,4.3,2,1,1
TCK-001523,CUST-00975,20250703,plan_starter,1,2025-07-03,billing,urgent,closed,14.5,1,1,1
TCK-001524,CUST-00975,20251107,plan_starter,1,2025-11-07,cancellation_request,high,closed,13.3,1,0,1
TCK-001525,CUST-00975,20250320,plan_starter,1,2025-03-20,technical_issue,medium,closed,11.3,3,0,0
TCK-001526,CUST-00975,20251205,plan_starter,1,2025-12-05,billing,medium,closed,16.4,1,0,1
TCK-001527,CUST-00978,20250116,plan_starter,1,2025-01-16,technical_issue,high,closed,15.6,2,0,1
TCK-001528,CUST-00978,20250222,plan_starter,1,2025-02-22,technical_issue,high,closed,31.5,2,0,1
TCK-001529,CUST-00978,20250203,plan_starter,1,2025-02-03,billing,urgent,closed,5.8,4,1,0
TCK-001530,CUST-00979,20240920,plan_starter,1,2024-09-20,technical_issue,high,closed,6.3,4,0,0
TCK-001531,CUST-00980,20251226,plan_growth,2,2025-12-26,account_access,low,closed,12.3,5,0,0
TCK-001532,CUST-00980,20260505,plan_growth,2,2026-05-05,technical_issue,low,closed,1.8,4,0,0
TCK-001533,CUST-00982,20250127,plan_starter,1,2025-01-27,cancellation_request,medium,closed,25.9,2,0,1
TCK-001534,CUST-00982,20250609,plan_starter,1,2025-06-09,technical_issue,high,closed,15.9,1,0,1
TCK-001535,CUST-00982,20250724,plan_starter,1,2025-07-24,technical_issue,high,closed,21.1,1,0,1
TCK-001536,CUST-00984,20251113,plan_starter,2,2025-11-13,billing,urgent,closed,9.3,1,1,1
TCK-001537,CUST-00984,20251207,plan_starter,2,2025-12-07,cancellation_request,high,closed,24.8,1,0,1
TCK-001538,CUST-00984,20250528,plan_starter,2,2025-05-28,feature_request,high,closed,10.3,2,0,1
TCK-001539,CUST-00984,20250614,plan_starter,2,2025-06-14,billing,high,closed,9.2,1,0,1
TCK-001540,CUST-00984,20250712,plan_starter,2,2025-07-12,technical_issue,medium,closed,4.5,1,0,1
TCK-001541,CUST-00984,20260109,plan_starter,2,2026-01-09,technical_issue,high,closed,65.4,1,0,1
TCK-001542,CUST-00984,20251107,plan_starter,2,2025-11-07,technical_issue,urgent,closed,9.9,2,1,1
TCK-001543,CUST-00986,20260208,plan_growth,1,2026-02-08,feature_request,medium,closed,1.2,5,0,0
TCK-001544,CUST-00991,20260822,plan_starter,1,2026-08-22,feature_request,medium,closed,22.4,2,0,1
TCK-001545,CUST-00992,20250320,plan_enterprise,1,2025-03-20,billing,urgent,closed,78.8,1,1,1
TCK-001546,CUST-00992,20250313,plan_enterprise,1,2025-03-13,technical_issue,medium,closed,19.2,3,0,0
TCK-001547,CUST-00992,20250228,plan_enterprise,1,2025-02-28,technical_issue,high,closed,4.4,3,0,0
TCK-001548,CUST-00993,20260729,plan_pro,1,2026-07-29,billing,medium,closed,9.2,3,0,0
TCK-001549,CUST-00993,20260607,plan_pro,1,2026-06-07,billing,medium,closed,9.0,2,0,1
TCK-001550,CUST-00993,20260711,plan_pro,1,2026-07-11,cancellation_request,medium,closed,64.3,4,0,1
TCK-001551,CUST-00994,20250123,plan_starter,2,2025-01-23,account_access,medium,closed,2.9,5,0,0
TCK-001552,CUST-00995,20260327,plan_growth,1,2026-03-27,cancellation_request,low,closed,28.8,1,0,1
TCK-001553,CUST-00995,20260519,plan_growth,1,2026-05-19,billing,medium,closed,20.8,1,0,1
TCK-001554,CUST-00995,20260413,plan_growth,1,2026-04-13,billing,high,closed,12.0,3,0,0
TCK-001555,CUST-00995,20260413,plan_growth,1,2026-04-13,technical_issue,medium,closed,0.7,2,0,1
TCK-001556,CUST-00995,20260623,plan_growth,1,2026-06-23,feature_request,medium,closed,2.7,1,0,1
TCK-001557,CUST-00995,20260428,plan_growth,1,2026-04-28,billing,medium,closed,24.4,2,0,1
TCK-001558,CUST-00996,20240412,plan_pro,1,2024-04-12,feature_request,low,closed,5.3,4,0,0
TCK-001559,CUST-00997,20251225,plan_enterprise,3,2025-12-25,billing,high,closed,15.5,3,0,0
TCK-001560,CUST-00998,20260509,plan_starter,3,2026-05-09,feature_request,low,closed,3.0,5,0,0
TCK-001561,CUST-00998,20260727,plan_starter,3,2026-07-27,billing,urgent,closed,0.3,5,1,0
TCK-001562,CUST-00999,20250627,plan_pro,1,2025-06-27,billing,medium,closed,24.7,1,0,1
TCK-001563,CUST-00999,20260110,plan_pro,1,2026-01-10,feature_request,medium,closed,0.6,4,0,0
TCK-001564,CUST-00999,20260415,plan_pro,1,2026-04-15,technical_issue,high,closed,1.3,2,0,1
TCK-001565,CUST-01000,20251130,plan_growth,1,2025-11-30,billing,low,closed,8.5,5,0,0
TCK-001566,CUST-01000,20250904,plan_growth,1,2025-09-04,technical_issue,high,closed,0.4,5,0,0
TCK-001567,CUST-01000,20250714,plan_growth,1,2025-07-14,account_access,low,closed,1.6,5,0,0
TCK-001568,CUST-01001,20251116,plan_growth,2,2025-11-16,cancellation_request,high,closed,7.8,4,0,0
TCK-001569,CUST-01002,20260427,plan_pro,2,2026-04-27,account_access,medium,closed,4.8,3,0,0
TCK-001570,CUST-01003,20251002,plan_growth,1,2025-10-02,technical_issue,urgent,closed,10.7,3,1,0
TCK-001571,CUST-01003,20250720,plan_growth,1,2025-07-20,technical_issue,urgent,closed,1.2,2,1,1
TCK-001572,CUST-01003,20250603,plan_growth,1,2025-06-03,cancellation_request,high,closed,13.2,2,0,1
TCK-001573,CUST-01004,20260620,plan_pro,2,2026-06-20,technical_issue,low,closed,2.1,3,0,0
TCK-001574,CUST-01004,20260627,plan_pro,2,2026-06-27,technical_issue,high,closed,6.1,5,0,0
TCK-001575,CUST-01005,20250928,plan_starter,2,2025-09-28,technical_issue,medium,closed,28.5,2,0,1
TCK-001576,CUST-01005,20250610,plan_starter,2,2025-06-10,billing,high,closed,76.5,1,0,1
TCK-001577,CUST-01005,20250429,plan_starter,2,2025-04-29,technical_issue,high,closed,46.8,3,0,1
TCK-001578,CUST-01005,20250620,plan_starter,2,2025-06-20,account_access,high,closed,5.4,1,0,1
TCK-001579,CUST-01005,20250210,plan_starter,2,2025-02-10,billing,medium,closed,11.8,2,0,1
TCK-001580,CUST-01006,20250821,plan_enterprise,2,2025-08-21,feature_request,medium,closed,6.2,5,0,0
TCK-001581,CUST-01006,20241031,plan_enterprise,2,2024-10-31,cancellation_request,medium,closed,4.3,1,0,1
TCK-001582,CUST-01007,20240628,plan_starter,2,2024-06-28,account_access,low,closed,6.7,2,0,1
TCK-001583,CUST-01009,20260221,plan_pro,1,2026-02-21,cancellation_request,medium,closed,5.3,2,0,1
TCK-001584,CUST-01009,20251219,plan_pro,1,2025-12-19,feature_request,medium,closed,2.7,1,0,1
TCK-001585,CUST-01009,20260107,plan_pro,1,2026-01-07,cancellation_request,medium,closed,10.3,5,0,0
TCK-001586,CUST-01009,20260321,plan_pro,1,2026-03-21,account_access,high,closed,16.4,3,0,0
TCK-001587,CUST-01009,20251109,plan_pro,1,2025-11-09,billing,medium,closed,11.5,5,0,0
TCK-001588,CUST-01010,20260809,plan_starter,2,2026-08-09,technical_issue,low,closed,1.0,2,0,1
TCK-001589,CUST-01011,20251029,plan_pro,1,2025-10-29,technical_issue,high,closed,26.9,1,0,1
TCK-001590,CUST-01011,20241109,plan_pro,1,2024-11-09,billing,urgent,closed,40.8,3,1,1
TCK-001591,CUST-01011,20250720,plan_pro,1,2025-07-20,billing,high,closed,3.5,3,0,0
TCK-001592,CUST-01011,20250622,plan_pro,1,2025-06-22,billing,high,closed,24.4,1,0,1
TCK-001593,CUST-01011,20260609,plan_pro,1,2026-06-09,technical_issue,high,closed,37.9,1,0,1
TCK-001594,CUST-01011,20250214,plan_pro,1,2025-02-14,billing,high,closed,3.3,1,0,1
TCK-001595,CUST-01011,20251022,plan_pro,1,2025-10-22,billing,high,closed,4.7,1,0,1
TCK-001596,CUST-01011,20250226,plan_pro,1,2025-02-26,billing,high,closed,56.9,1,0,1
TCK-001597,CUST-01013,20260824,plan_starter,1,2026-08-24,account_access,high,closed,3.6,5,0,0
TCK-001598,CUST-01013,20250514,plan_starter,1,2025-05-14,technical_issue,high,closed,5.1,4,0,0
TCK-001599,CUST-01013,20260804,plan_starter,1,2026-08-04,billing,low,closed,4.4,4,0,0
TCK-001600,CUST-01013,20250510,plan_starter,1,2025-05-10,feature_request,low,closed,1.8,3,0,0
TCK-001601,CUST-01014,20250719,plan_starter,1,2025-07-19,technical_issue,high,closed,30.0,4,0,1
TCK-001602,CUST-01014,20241220,plan_starter,1,2024-12-20,billing,high,closed,50.7,2,0,1
TCK-001603,CUST-01014,20240913,plan_starter,1,2024-09-13,billing,low,closed,23.2,2,0,1
TCK-001604,CUST-01014,20250606,plan_starter,1,2025-06-06,billing,medium,closed,12.5,1,0,1
TCK-001605,CUST-01014,20240728,plan_starter,1,2024-07-28,technical_issue,medium,closed,33.4,1,0,1
TCK-001606,CUST-01016,20250411,plan_growth,1,2025-04-11,technical_issue,medium,closed,0.9,2,0,1
TCK-001607,CUST-01017,20251216,plan_starter,1,2025-12-16,account_access,low,closed,0.1,3,0,0
TCK-001608,CUST-01018,20260703,plan_starter,1,2026-07-03,technical_issue,high,closed,20.2,3,0,0
TCK-001609,CUST-01020,20260816,plan_starter,1,2026-08-16,account_access,low,closed,8.4,5,0,0
TCK-001610,CUST-01021,20260116,plan_growth,1,2026-01-16,technical_issue,high,closed,0.1,3,0,0
TCK-001611,CUST-01022,20260808,plan_pro,2,2026-08-08,technical_issue,urgent,closed,1.0,5,1,0
TCK-001612,CUST-01022,20260828,plan_pro,2,2026-08-28,technical_issue,medium,closed,2.9,3,0,0
TCK-001613,CUST-01022,20260811,plan_pro,2,2026-08-11,billing,medium,closed,4.8,1,0,1
TCK-001614,CUST-01023,20250612,plan_growth,2,2025-06-12,account_access,low,closed,10.6,3,0,0
TCK-001615,CUST-01023,20250615,plan_growth,2,2025-06-15,billing,high,closed,9.0,2,0,1
TCK-001616,CUST-01023,20250703,plan_growth,2,2025-07-03,billing,medium,closed,57.2,4,0,1
TCK-001617,CUST-01025,20250521,plan_growth,1,2025-05-21,feature_request,high,closed,35.1,2,0,1
TCK-001618,CUST-01025,20241023,plan_growth,1,2024-10-23,cancellation_request,medium,closed,1.5,1,0,1
TCK-001619,CUST-01026,20250320,plan_growth,1,2025-03-20,billing,medium,closed,23.1,3,0,0
TCK-001620,CUST-01026,20250317,plan_growth,1,2025-03-17,billing,medium,closed,4.3,2,0,1
TCK-001621,CUST-01026,20250414,plan_growth,1,2025-04-14,feature_request,medium,closed,5.5,4,0,0
TCK-001622,CUST-01026,20250322,plan_growth,1,2025-03-22,billing,medium,closed,26.4,2,0,1
TCK-001623,CUST-01026,20250325,plan_growth,1,2025-03-25,cancellation_request,urgent,closed,27.9,1,1,1
TCK-001624,CUST-01027,20260706,plan_starter,1,2026-07-06,cancellation_request,low,closed,0.6,4,0,0
TCK-001625,CUST-01027,20260704,plan_starter,1,2026-07-04,feature_request,medium,closed,3.4,5,0,0
TCK-001626,CUST-01029,20251221,plan_starter,1,2025-12-21,account_access,high,closed,0.1,5,0,0
TCK-001627,CUST-01029,20251025,plan_starter,1,2025-10-25,technical_issue,medium,closed,47.6,2,0,1
TCK-001628,CUST-01030,20260429,plan_growth,1,2026-04-29,billing,medium,closed,16.5,3,0,0
TCK-001629,CUST-01030,20260517,plan_growth,1,2026-05-17,technical_issue,high,closed,12.0,1,0,1
TCK-001630,CUST-01032,20260529,plan_growth,1,2026-05-29,account_access,medium,closed,11.4,5,0,0
TCK-001631,CUST-01033,20250921,plan_growth,1,2025-09-21,technical_issue,high,closed,2.4,1,0,1
TCK-001632,CUST-01033,20250910,plan_growth,1,2025-09-10,technical_issue,high,closed,14.0,2,0,1
TCK-001633,CUST-01034,20241214,plan_growth,2,2024-12-14,technical_issue,high,closed,12.0,4,0,0
TCK-001634,CUST-01038,20250128,plan_growth,1,2025-01-28,account_access,high,closed,5.2,1,0,1
TCK-001635,CUST-01038,20250205,plan_growth,1,2025-02-05,billing,medium,closed,9.1,3,0,0
TCK-001636,CUST-01039,20260513,plan_starter,2,2026-05-13,feature_request,high,closed,9.2,3,0,0
TCK-001637,CUST-01039,20260610,plan_starter,2,2026-06-10,technical_issue,medium,closed,0.5,4,0,0
TCK-001638,CUST-01040,20260706,plan_pro,1,2026-07-06,billing,low,closed,2.8,4,0,0
TCK-001639,CUST-01041,20260524,plan_growth,2,2026-05-24,account_access,low,closed,9.4,5,0,0
TCK-001640,CUST-01042,20260702,plan_starter,2,2026-07-02,technical_issue,high,closed,1.2,4,0,0
TCK-001641,CUST-01043,20260524,plan_growth,1,2026-05-24,account_access,medium,closed,3.5,1,0,1
TCK-001642,CUST-01044,20260414,plan_growth,1,2026-04-14,feature_request,low,closed,2.8,4,0,0
TCK-001643,CUST-01044,20260529,plan_growth,1,2026-05-29,account_access,medium,closed,6.6,1,0,1
TCK-001644,CUST-01045,20260319,plan_growth,1,2026-03-19,account_access,medium,closed,5.1,3,0,0
TCK-001645,CUST-01045,20260414,plan_growth,1,2026-04-14,feature_request,urgent,closed,0.4,2,1,1
TCK-001646,CUST-01046,20251005,plan_growth,1,2025-10-05,feature_request,medium,closed,2.1,3,0,0
TCK-001647,CUST-01047,20260214,plan_growth,1,2026-02-14,account_access,high,closed,33.6,4,0,1
TCK-001648,CUST-01047,20260126,plan_growth,1,2026-01-26,billing,high,closed,4.4,1,0,1
TCK-001649,CUST-01047,20260211,plan_growth,1,2026-02-11,feature_request,high,closed,2.8,3,0,0
TCK-001650,CUST-01047,20260223,plan_growth,1,2026-02-23,billing,urgent,closed,6.0,2,1,1
TCK-001651,CUST-01047,20260125,plan_growth,1,2026-01-25,billing,medium,closed,2.1,3,0,0
TCK-001652,CUST-01048,20260222,plan_growth,1,2026-02-22,feature_request,high,closed,2.0,5,0,0
TCK-001653,CUST-01048,20260322,plan_growth,1,2026-03-22,feature_request,low,closed,0.6,4,0,0
TCK-001654,CUST-01050,20250602,plan_pro,1,2025-06-02,technical_issue,urgent,closed,5.7,3,1,0
TCK-001655,CUST-01050,20250612,plan_pro,1,2025-06-12,technical_issue,high,closed,0.3,4,0,0
TCK-001656,CUST-01052,20241210,plan_starter,1,2024-12-10,billing,high,closed,63.3,4,0,1
TCK-001657,CUST-01052,20241027,plan_starter,1,2024-10-27,account_access,low,closed,16.9,4,0,0
TCK-001658,CUST-01052,20241024,plan_starter,1,2024-10-24,billing,high,closed,6.7,3,0,0
TCK-001659,CUST-01053,20251216,plan_starter,1,2025-12-16,billing,urgent,closed,20.3,1,1,1
TCK-001660,CUST-01053,20260101,plan_starter,1,2026-01-01,cancellation_request,medium,closed,21.3,1,0,1
TCK-001661,CUST-01054,20251031,plan_growth,3,2025-10-31,technical_issue,low,closed,0.4,3,0,0
TCK-001662,CUST-01054,20260328,plan_growth,3,2026-03-28,cancellation_request,medium,closed,0.4,3,0,0
TCK-001663,CUST-01055,20251229,plan_growth,1,2025-12-29,account_access,low,closed,27.5,4,0,1
TCK-001664,CUST-01056,20260722,plan_growth,3,2026-07-22,account_access,low,closed,3.3,3,0,0
TCK-001665,CUST-01056,20260901,plan_growth,3,2026-09-01,account_access,medium,closed,2.6,5,0,0
TCK-001666,CUST-01056,20260511,plan_growth,3,2026-05-11,technical_issue,medium,closed,3.4,5,0,0
TCK-001667,CUST-01056,20260807,plan_growth,3,2026-08-07,technical_issue,low,closed,0.4,3,0,0
TCK-001668,CUST-01056,20260626,plan_growth,3,2026-06-26,account_access,high,closed,21.4,2,0,1
TCK-001669,CUST-01057,20260201,plan_pro,1,2026-02-01,billing,medium,closed,2.9,2,0,1
TCK-001670,CUST-01057,20260214,plan_pro,1,2026-02-14,billing,high,closed,12.5,5,0,0
TCK-001671,CUST-01058,20260611,plan_starter,1,2026-06-11,billing,low,closed,4.7,1,0,1
TCK-001672,CUST-01058,20260604,plan_starter,1,2026-06-04,cancellation_request,urgent,closed,7.1,1,1,1
TCK-001673,CUST-01061,20260425,plan_pro,2,2026-04-25,technical_issue,high,closed,14.0,1,0,1
TCK-001674,CUST-01061,20260505,plan_pro,2,2026-05-05,technical_issue,urgent,closed,16.4,3,1,0
TCK-001675,CUST-01062,20260721,plan_starter,1,2026-07-21,feature_request,low,closed,3.3,3,0,0
TCK-001676,CUST-01062,20260807,plan_starter,1,2026-08-07,technical_issue,low,closed,13.7,4,0,0
TCK-001677,CUST-01064,20250727,plan_pro,2,2025-07-27,technical_issue,medium,closed,0.2,3,0,0
TCK-001678,CUST-01064,20260630,plan_pro,2,2026-06-30,feature_request,high,closed,2.5,2,0,1
TCK-001679,CUST-01065,20260331,plan_growth,1,2026-03-31,technical_issue,urgent,closed,0.9,3,1,0
TCK-001680,CUST-01067,20250102,plan_starter,1,2025-01-02,billing,urgent,closed,0.2,3,1,0
TCK-001681,CUST-01067,20250219,plan_starter,1,2025-02-19,cancellation_request,urgent,closed,1.2,3,1,0
TCK-001682,CUST-01067,20250216,plan_starter,1,2025-02-16,cancellation_request,low,closed,8.5,1,0,1
TCK-001683,CUST-01067,20250303,plan_starter,1,2025-03-03,account_access,urgent,closed,3.9,1,1,1
TCK-001684,CUST-01069,20251012,plan_starter,1,2025-10-12,billing,medium,closed,18.6,5,0,0
TCK-001685,CUST-01071,20250710,plan_starter,1,2025-07-10,technical_issue,high,closed,5.7,3,0,0
TCK-001686,CUST-01071,20250703,plan_starter,1,2025-07-03,cancellation_request,urgent,closed,11.1,2,1,1
TCK-001687,CUST-01072,20251220,plan_growth,1,2025-12-20,technical_issue,low,closed,2.7,4,0,0
TCK-001688,CUST-01073,20260202,plan_starter,1,2026-02-02,billing,low,closed,19.1,5,0,0
TCK-001689,CUST-01074,20260211,plan_pro,2,2026-02-11,cancellation_request,low,closed,28.2,1,0,1
TCK-001690,CUST-01075,20260512,plan_pro,1,2026-05-12,billing,medium,closed,24.6,2,0,1
TCK-001691,CUST-01075,20260428,plan_pro,1,2026-04-28,technical_issue,urgent,closed,1.1,2,1,1
TCK-001692,CUST-01077,20250403,plan_pro,1,2025-04-03,technical_issue,medium,closed,37.1,4,0,1
TCK-001693,CUST-01077,20250528,plan_pro,1,2025-05-28,cancellation_request,high,closed,19.4,5,0,0
TCK-001694,CUST-01077,20250222,plan_pro,1,2025-02-22,billing,medium,closed,6.5,3,0,0
TCK-001695,CUST-01077,20250503,plan_pro,1,2025-05-03,feature_request,urgent,closed,0.3,2,1,1
TCK-001696,CUST-01077,20250118,plan_pro,1,2025-01-18,technical_issue,urgent,closed,4.9,1,1,1
TCK-001697,CUST-01077,20250116,plan_pro,1,2025-01-16,cancellation_request,medium,closed,19.5,2,0,1
TCK-001698,CUST-01077,20250205,plan_pro,1,2025-02-05,billing,high,closed,15.4,2,0,1
TCK-001699,CUST-01077,20250309,plan_pro,1,2025-03-09,technical_issue,urgent,closed,50.3,1,1,1
TCK-001700,CUST-01080,20250822,plan_starter,1,2025-08-22,account_access,medium,closed,0.3,2,0,1
TCK-001701,CUST-01080,20260310,plan_starter,1,2026-03-10,technical_issue,high,closed,10.5,1,0,1
TCK-001702,CUST-01082,20250126,plan_starter,2,2025-01-26,cancellation_request,medium,closed,17.3,4,0,0
TCK-001703,CUST-01082,20250207,plan_starter,2,2025-02-07,technical_issue,high,closed,16.5,1,0,1
TCK-001704,CUST-01083,20251016,plan_growth,1,2025-10-16,technical_issue,medium,closed,26.0,2,0,1
TCK-001705,CUST-01083,20251007,plan_growth,1,2025-10-07,billing,medium,closed,5.1,1,0,1
TCK-001706,CUST-01083,20250901,plan_growth,1,2025-09-01,technical_issue,high,closed,27.8,1,0,1
TCK-001707,CUST-01084,20260415,plan_pro,2,2026-04-15,feature_request,urgent,closed,3.4,1,1,1
TCK-001708,CUST-01084,20260312,plan_pro,2,2026-03-12,account_access,low,closed,5.2,4,0,0
TCK-001709,CUST-01084,20260316,plan_pro,2,2026-03-16,technical_issue,urgent,closed,3.3,5,1,0
TCK-001710,CUST-01085,20260726,plan_pro,2,2026-07-26,billing,high,closed,3.9,5,0,0
TCK-001711,CUST-01087,20260717,plan_pro,2,2026-07-17,billing,high,closed,0.2,5,0,0
TCK-001712,CUST-01087,20260405,plan_pro,2,2026-04-05,technical_issue,medium,closed,3.3,4,0,0
TCK-001713,CUST-01088,20260627,plan_starter,2,2026-06-27,billing,medium,closed,2.0,5,0,0
TCK-001714,CUST-01088,20260704,plan_starter,2,2026-07-04,technical_issue,low,closed,3.4,1,0,1
TCK-001715,CUST-01090,20260114,plan_growth,1,2026-01-14,account_access,low,closed,7.6,2,0,1
TCK-001716,CUST-01091,20250710,plan_growth,2,2025-07-10,account_access,medium,closed,1.9,2,0,1
TCK-001717,CUST-01092,20260627,plan_starter,1,2026-06-27,account_access,low,closed,10.6,4,0,0
TCK-001718,CUST-01093,20260613,plan_growth,2,2026-06-13,technical_issue,low,closed,0.5,2,0,1
TCK-001719,CUST-01093,20260722,plan_growth,2,2026-07-22,feature_request,low,closed,41.2,5,0,1
TCK-001720,CUST-01094,20250201,plan_starter,1,2025-02-01,billing,urgent,closed,3.8,2,1,1
TCK-001721,CUST-01095,20251231,plan_pro,2,2025-12-31,account_access,low,closed,0.8,4,0,0
TCK-001722,CUST-01096,20260831,plan_starter,2,2026-08-31,feature_request,medium,closed,0.5,5,0,0
TCK-001723,CUST-01096,20260830,plan_starter,2,2026-08-30,feature_request,high,closed,0.4,5,0,0
TCK-001724,CUST-01097,20260701,plan_starter,2,2026-07-01,technical_issue,high,closed,2.7,5,0,0
TCK-001725,CUST-01097,20260305,plan_starter,2,2026-03-05,cancellation_request,urgent,closed,6.0,3,1,0
TCK-001726,CUST-01101,20260805,plan_growth,2,2026-08-05,feature_request,low,closed,11.3,5,0,0
TCK-001727,CUST-01101,20250527,plan_growth,2,2025-05-27,technical_issue,low,closed,11.2,4,0,0
TCK-001728,CUST-01101,20250923,plan_growth,2,2025-09-23,account_access,low,closed,17.5,3,0,0
TCK-001729,CUST-01103,20260407,plan_starter,1,2026-04-07,billing,high,closed,0.3,2,0,1
TCK-001730,CUST-01103,20260731,plan_starter,1,2026-07-31,feature_request,low,closed,2.1,2,0,1
TCK-001731,CUST-01104,20260826,plan_growth,1,2026-08-26,feature_request,medium,closed,1.1,5,0,0
TCK-001732,CUST-01105,20260521,plan_growth,2,2026-05-21,billing,medium,closed,0.2,3,0,0
TCK-001733,CUST-01107,20250213,plan_pro,1,2025-02-13,cancellation_request,low,closed,16.1,4,0,0
TCK-001734,CUST-01107,20240814,plan_pro,1,2024-08-14,feature_request,high,closed,15.5,3,0,0
TCK-001735,CUST-01107,20250915,plan_pro,1,2025-09-15,cancellation_request,urgent,closed,0.6,1,1,1
TCK-001736,CUST-01107,20250707,plan_pro,1,2025-07-07,billing,medium,closed,4.4,1,0,1
TCK-001737,CUST-01107,20251021,plan_pro,1,2025-10-21,billing,high,closed,33.2,2,0,1
TCK-001738,CUST-01107,20250517,plan_pro,1,2025-05-17,cancellation_request,medium,closed,19.3,1,0,1
TCK-001739,CUST-01108,20260423,plan_starter,2,2026-04-23,account_access,medium,closed,1.4,4,0,0
TCK-001740,CUST-01108,20260227,plan_starter,2,2026-02-27,billing,low,closed,4.8,5,0,0
TCK-001741,CUST-01110,20251101,plan_pro,1,2025-11-01,billing,low,closed,5.1,5,0,0
TCK-001742,CUST-01111,20260519,plan_starter,1,2026-05-19,technical_issue,medium,closed,2.6,3,0,0
TCK-001743,CUST-01112,20260426,plan_growth,1,2026-04-26,account_access,low,closed,0.5,4,0,0
TCK-001744,CUST-01113,20260209,plan_starter,1,2026-02-09,technical_issue,medium,closed,14.9,2,0,1
TCK-001745,CUST-01113,20260101,plan_starter,1,2026-01-01,cancellation_request,high,closed,9.0,1,0,1
TCK-001746,CUST-01114,20260328,plan_pro,2,2026-03-28,billing,low,closed,1.5,5,0,0
TCK-001747,CUST-01115,20260723,plan_starter,1,2026-07-23,technical_issue,medium,closed,38.4,5,0,1
TCK-001748,CUST-01115,20260726,plan_starter,1,2026-07-26,technical_issue,high,closed,19.6,3,0,0
TCK-001749,CUST-01117,20260410,plan_pro,2,2026-04-10,feature_request,medium,closed,5.1,4,0,0
TCK-001750,CUST-01117,20250913,plan_pro,2,2025-09-13,technical_issue,medium,closed,7.2,3,0,0
TCK-001751,CUST-01117,20251006,plan_pro,2,2025-10-06,billing,medium,closed,8.2,4,0,0
TCK-001752,CUST-01119,20260807,plan_starter,1,2026-08-07,billing,low,closed,5.6,5,0,0
TCK-001753,CUST-01120,20260727,plan_starter,1,2026-07-27,billing,medium,closed,7.3,4,0,0
TCK-001754,CUST-01121,20250726,plan_starter,1,2025-07-26,technical_issue,high,closed,10.4,2,0,1
TCK-001755,CUST-01122,20260501,plan_pro,2,2026-05-01,cancellation_request,urgent,closed,10.4,1,1,1
TCK-001756,CUST-01122,20260301,plan_pro,2,2026-03-01,technical_issue,high,closed,26.2,1,0,1
TCK-001757,CUST-01122,20260307,plan_pro,2,2026-03-07,billing,low,closed,9.8,2,0,1
TCK-001758,CUST-01122,20260626,plan_pro,2,2026-06-26,technical_issue,high,closed,19.3,4,0,0
TCK-001759,CUST-01123,20260518,plan_enterprise,1,2026-05-18,account_access,medium,closed,8.5,4,0,0
TCK-001760,CUST-01124,20250427,plan_starter,1,2025-04-27,billing,high,closed,8.2,2,0,1
TCK-001761,CUST-01124,20250408,plan_starter,1,2025-04-08,billing,urgent,closed,20.1,3,1,0
TCK-001762,CUST-01124,20250603,plan_starter,1,2025-06-03,feature_request,urgent,closed,5.7,1,1,1
TCK-001763,CUST-01125,20250215,plan_starter,1,2025-02-15,billing,urgent,closed,5.2,4,1,0
TCK-001764,CUST-01125,20250307,plan_starter,1,2025-03-07,billing,medium,closed,51.7,1,0,1
TCK-001765,CUST-01126,20260722,plan_starter,1,2026-07-22,feature_request,low,closed,6.6,4,0,0
TCK-001766,CUST-01127,20260809,plan_starter,3,2026-08-09,billing,high,closed,10.4,1,0,1
TCK-001767,CUST-01127,20260418,plan_starter,3,2026-04-18,account_access,low,closed,10.9,4,0,0
TCK-001768,CUST-01128,20260717,plan_starter,2,2026-07-17,feature_request,low,closed,6.4,4,0,0
TCK-001769,CUST-01129,20260712,plan_starter,2,2026-07-12,feature_request,medium,closed,25.3,3,0,1
TCK-001770,CUST-01130,20260510,plan_growth,1,2026-05-10,billing,high,closed,20.1,1,0,1
TCK-001771,CUST-01130,20260411,plan_growth,1,2026-04-11,account_access,urgent,closed,47.8,3,1,1
TCK-001772,CUST-01130,20260423,plan_growth,1,2026-04-23,cancellation_request,high,closed,8.9,3,0,0
TCK-001773,CUST-01134,20251020,plan_growth,1,2025-10-20,cancellation_request,medium,closed,17.3,1,0,1
TCK-001774,CUST-01134,20251123,plan_growth,1,2025-11-23,technical_issue,urgent,closed,5.0,3,1,0
TCK-001775,CUST-01136,20260821,plan_pro,1,2026-08-21,account_access,low,closed,5.9,4,0,0
TCK-001776,CUST-01136,20260505,plan_pro,1,2026-05-05,billing,medium,closed,1.8,5,0,0
TCK-001777,CUST-01136,20260412,plan_pro,1,2026-04-12,technical_issue,medium,closed,0.2,3,0,0
TCK-001778,CUST-01137,20260701,plan_growth,2,2026-07-01,billing,high,closed,0.9,5,0,0
TCK-001779,CUST-01137,20260802,plan_growth,2,2026-08-02,feature_request,low,closed,2.3,4,0,0
TCK-001780,CUST-01139,20260608,plan_starter,1,2026-06-08,account_access,medium,closed,19.7,1,0,1
TCK-001781,CUST-01139,20260304,plan_starter,1,2026-03-04,billing,urgent,closed,4.0,1,1,1
TCK-001782,CUST-01139,20250607,plan_starter,1,2025-06-07,technical_issue,medium,closed,1.0,1,0,1
TCK-001783,CUST-01139,20250709,plan_starter,1,2025-07-09,billing,high,closed,11.4,2,0,1
TCK-001784,CUST-01140,20260720,plan_growth,2,2026-07-20,account_access,low,closed,2.0,3,0,0
TCK-001785,CUST-01140,20260814,plan_growth,2,2026-08-14,billing,medium,closed,1.2,2,0,1
TCK-001786,CUST-01141,20260705,plan_starter,2,2026-07-05,billing,high,closed,0.7,2,0,1
TCK-001787,CUST-01142,20260530,plan_pro,2,2026-05-30,billing,medium,closed,2.5,5,0,0
TCK-001788,CUST-01142,20260316,plan_pro,2,2026-03-16,billing,high,closed,4.7,4,0,0
TCK-001789,CUST-01144,20260706,plan_starter,1,2026-07-06,feature_request,low,closed,12.3,4,0,0
TCK-001790,CUST-01144,20260627,plan_starter,1,2026-06-27,technical_issue,medium,closed,0.4,4,0,0
TCK-001791,CUST-01145,20250908,plan_starter,1,2025-09-08,billing,low,closed,5.5,4,0,0
TCK-001792,CUST-01145,20250909,plan_starter,1,2025-09-09,feature_request,high,closed,8.0,5,0,0
TCK-001793,CUST-01145,20250914,plan_starter,1,2025-09-14,billing,high,closed,66.9,1,0,1
TCK-001794,CUST-01145,20250925,plan_starter,1,2025-09-25,billing,high,closed,2.2,2,0,1
TCK-001795,CUST-01146,20250328,plan_growth,1,2025-03-28,feature_request,urgent,closed,2.0,4,1,0
TCK-001796,CUST-01146,20260708,plan_growth,1,2026-07-08,technical_issue,urgent,closed,22.1,1,1,1
TCK-001797,CUST-01146,20250330,plan_growth,1,2025-03-30,technical_issue,medium,closed,27.3,1,0,1
TCK-001798,CUST-01146,20260601,plan_growth,1,2026-06-01,account_access,high,closed,20.2,3,0,0
TCK-001799,CUST-01146,20260516,plan_growth,1,2026-05-16,billing,medium,closed,42.3,2,0,1
TCK-001800,CUST-01150,20260818,plan_starter,3,2026-08-18,account_access,urgent,closed,3.8,5,1,0
TCK-001801,CUST-01151,20250519,plan_growth,2,2025-05-19,technical_issue,medium,closed,6.0,1,0,1
TCK-001802,CUST-01152,20260310,plan_starter,1,2026-03-10,billing,urgent,closed,56.7,3,1,1
TCK-001803,CUST-01152,20260512,plan_starter,1,2026-05-12,billing,medium,closed,57.7,2,0,1
TCK-001804,CUST-01154,20250806,plan_starter,1,2025-08-06,cancellation_request,medium,closed,3.0,4,0,0
TCK-001805,CUST-01154,20260614,plan_starter,1,2026-06-14,billing,medium,closed,10.1,3,0,0
TCK-001806,CUST-01155,20251207,plan_pro,1,2025-12-07,technical_issue,medium,closed,7.2,4,0,0
TCK-001807,CUST-01155,20250511,plan_pro,1,2025-05-11,feature_request,low,closed,0.8,5,0,0
TCK-001808,CUST-01155,20250810,plan_pro,1,2025-08-10,account_access,high,closed,4.9,4,0,0
TCK-001809,CUST-01156,20250706,plan_pro,1,2025-07-06,billing,medium,closed,13.2,2,0,1
TCK-001810,CUST-01157,20250823,plan_growth,1,2025-08-23,billing,high,closed,3.2,5,0,0
TCK-001811,CUST-01158,20250730,plan_starter,1,2025-07-30,billing,urgent,closed,19.6,3,1,0
TCK-001812,CUST-01158,20250724,plan_starter,1,2025-07-24,technical_issue,medium,closed,52.0,5,0,1
TCK-001813,CUST-01158,20250728,plan_starter,1,2025-07-28,technical_issue,medium,closed,3.1,2,0,1
TCK-001814,CUST-01159,20260612,plan_growth,2,2026-06-12,feature_request,medium,closed,0.2,4,0,0
TCK-001815,CUST-01159,20260817,plan_growth,2,2026-08-17,technical_issue,low,closed,6.6,5,0,0
TCK-001816,CUST-01159,20260307,plan_growth,2,2026-03-07,feature_request,low,closed,3.4,5,0,0
TCK-001817,CUST-01160,20251126,plan_pro,1,2025-11-26,cancellation_request,urgent,closed,3.2,4,1,0
TCK-001818,CUST-01160,20250328,plan_pro,1,2025-03-28,technical_issue,urgent,closed,13.3,2,1,1
TCK-001819,CUST-01160,20250410,plan_pro,1,2025-04-10,account_access,low,closed,18.2,1,0,1
TCK-001820,CUST-01161,20241009,plan_starter,1,2024-10-09,cancellation_request,medium,closed,17.4,1,0,1
TCK-001821,CUST-01161,20241124,plan_starter,1,2024-11-24,account_access,medium,closed,0.5,4,0,0
TCK-001822,CUST-01161,20241126,plan_starter,1,2024-11-26,technical_issue,high,closed,15.2,2,0,1
TCK-001823,CUST-01162,20260803,plan_starter,2,2026-08-03,technical_issue,medium,closed,2.4,2,0,1
TCK-001824,CUST-01162,20260901,plan_starter,2,2026-09-01,technical_issue,low,closed,1.6,5,0,0
TCK-001825,CUST-01163,20260829,plan_growth,1,2026-08-29,billing,urgent,closed,11.6,4,1,0
TCK-001826,CUST-01164,20260222,plan_starter,1,2026-02-22,technical_issue,urgent,closed,5.3,4,1,0
TCK-001827,CUST-01164,20260212,plan_starter,1,2026-02-12,billing,medium,closed,2.3,2,0,1
TCK-001828,CUST-01164,20260107,plan_starter,1,2026-01-07,billing,medium,closed,21.7,1,0,1
TCK-001829,CUST-01164,20260101,plan_starter,1,2026-01-01,feature_request,urgent,closed,29.7,3,1,1
TCK-001830,CUST-01165,20250518,plan_pro,1,2025-05-18,technical_issue,low,closed,1.9,4,0,0
TCK-001831,CUST-01166,20260723,plan_starter,1,2026-07-23,technical_issue,medium,closed,3.3,4,0,0
TCK-001832,CUST-01166,20260726,plan_starter,1,2026-07-26,account_access,low,closed,4.5,3,0,0
TCK-001833,CUST-01167,20260406,plan_starter,1,2026-04-06,cancellation_request,urgent,closed,2.4,4,1,0
TCK-001834,CUST-01167,20260219,plan_starter,1,2026-02-19,cancellation_request,high,closed,17.5,5,0,0
TCK-001835,CUST-01168,20260107,plan_starter,2,2026-01-07,account_access,medium,closed,5.6,4,0,0
TCK-001836,CUST-01169,20260106,plan_pro,2,2026-01-06,billing,high,closed,19.1,2,0,1
TCK-001837,CUST-01169,20250911,plan_pro,2,2025-09-11,technical_issue,high,closed,1.0,4,0,0
TCK-001838,CUST-01169,20241209,plan_pro,2,2024-12-09,technical_issue,high,closed,8.8,2,0,1
TCK-001839,CUST-01170,20250827,plan_pro,1,2025-08-27,technical_issue,high,closed,2.8,5,0,0
TCK-001840,CUST-01170,20251210,plan_pro,1,2025-12-10,technical_issue,low,closed,19.1,4,0,0
TCK-001841,CUST-01171,20260820,plan_starter,1,2026-08-20,feature_request,medium,closed,4.3,4,0,0
TCK-001842,CUST-01171,20260901,plan_starter,1,2026-09-01,billing,urgent,closed,1.0,3,1,0
TCK-001843,CUST-01172,20250415,plan_pro,1,2025-04-15,account_access,urgent,closed,2.2,4,1,0
TCK-001844,CUST-01172,20250322,plan_pro,1,2025-03-22,billing,urgent,closed,51.1,1,1,1
TCK-001845,CUST-01175,20260522,plan_starter,1,2026-05-22,technical_issue,medium,closed,9.0,3,0,0
TCK-001846,CUST-01175,20260820,plan_starter,1,2026-08-20,cancellation_request,medium,closed,20.6,4,0,0
TCK-001847,CUST-01175,20260803,plan_starter,1,2026-08-03,account_access,low,closed,59.3,1,0,1
TCK-001848,CUST-01175,20260816,plan_starter,1,2026-08-16,account_access,urgent,closed,21.7,1,1,1
TCK-001849,CUST-01175,20260702,plan_starter,1,2026-07-02,billing,high,closed,6.9,1,0,1
TCK-001850,CUST-01175,20260713,plan_starter,1,2026-07-13,technical_issue,urgent,closed,13.4,1,1,1
TCK-001851,CUST-01175,20260628,plan_starter,1,2026-06-28,feature_request,low,closed,12.2,3,0,0
TCK-001852,CUST-01178,20260829,plan_growth,1,2026-08-29,account_access,low,closed,3.7,3,0,0
TCK-001853,CUST-01180,20260721,plan_starter,1,2026-07-21,feature_request,low,closed,1.2,5,0,0
TCK-001854,CUST-01181,20250904,plan_pro,2,2025-09-04,technical_issue,urgent,closed,4.5,1,1,1
TCK-001855,CUST-01181,20250817,plan_pro,2,2025-08-17,billing,medium,closed,29.0,1,0,1
TCK-001856,CUST-01182,20260415,plan_starter,2,2026-04-15,technical_issue,medium,closed,17.9,5,0,0
TCK-001857,CUST-01183,20251213,plan_starter,1,2025-12-13,technical_issue,medium,closed,1.3,5,0,0
TCK-001858,CUST-01184,20260707,plan_growth,1,2026-07-07,billing,low,closed,0.6,5,0,0
TCK-001859,CUST-01185,20260801,plan_growth,2,2026-08-01,technical_issue,medium,closed,0.1,4,0,0
TCK-001860,CUST-01185,20260714,plan_growth,2,2026-07-14,feature_request,medium,closed,1.9,3,0,0
TCK-001861,CUST-01185,20260519,plan_growth,2,2026-05-19,billing,medium,closed,4.1,4,0,0
TCK-001862,CUST-01186,20241210,plan_growth,1,2024-12-10,cancellation_request,high,closed,6.9,1,0,1
TCK-001863,CUST-01188,20260608,plan_growth,1,2026-06-08,feature_request,low,closed,1.5,3,0,0
TCK-001864,CUST-01188,20250625,plan_growth,1,2025-06-25,billing,medium,closed,0.5,5,0,0
TCK-001865,CUST-01190,20250420,plan_starter,2,2025-04-20,billing,medium,closed,6.6,4,0,0
TCK-001866,CUST-01190,20251102,plan_starter,2,2025-11-02,account_access,low,closed,3.3,4,0,0
TCK-001867,CUST-01191,20250212,plan_starter,2,2025-02-12,billing,medium,closed,8.0,3,0,0
TCK-001868,CUST-01191,20250129,plan_starter,2,2025-01-29,technical_issue,high,closed,11.4,2,0,1
TCK-001869,CUST-01192,20260729,plan_growth,2,2026-07-29,account_access,low,closed,3.9,3,0,0
TCK-001870,CUST-01192,20260507,plan_growth,2,2026-05-07,feature_request,high,closed,5.4,5,0,0
TCK-001871,CUST-01193,20241009,plan_pro,3,2024-10-09,billing,high,closed,10.3,2,0,1
TCK-001872,CUST-01193,20250319,plan_pro,3,2025-03-19,billing,high,closed,1.3,1,0,1
TCK-001873,CUST-01194,20241229,plan_starter,1,2024-12-29,billing,medium,closed,11.1,4,0,0
TCK-001874,CUST-01194,20250102,plan_starter,1,2025-01-02,cancellation_request,low,closed,19.1,1,0,1
TCK-001875,CUST-01194,20250123,plan_starter,1,2025-01-23,account_access,urgent,closed,3.6,2,1,1
TCK-001876,CUST-01195,20260324,plan_pro,2,2026-03-24,billing,low,closed,0.3,4,0,0
TCK-001877,CUST-01196,20250902,plan_starter,1,2025-09-02,billing,high,closed,10.6,1,0,1
TCK-001878,CUST-01196,20251115,plan_starter,1,2025-11-15,technical_issue,low,closed,14.3,5,0,0
TCK-001879,CUST-01196,20250816,plan_starter,1,2025-08-16,billing,medium,closed,23.5,1,0,1
TCK-001880,CUST-01196,20251011,plan_starter,1,2025-10-11,technical_issue,high,closed,19.5,5,0,0
TCK-001881,CUST-01197,20260216,plan_pro,2,2026-02-16,billing,urgent,closed,2.3,5,1,0
TCK-001882,CUST-01198,20260116,plan_growth,1,2026-01-16,billing,low,closed,0.4,4,0,0
TCK-001883,CUST-01198,20260120,plan_growth,1,2026-01-20,technical_issue,high,closed,76.8,4,0,1
TCK-001884,CUST-01199,20260119,plan_pro,3,2026-01-19,billing,low,closed,0.4,5,0,0
TCK-001885,CUST-01199,20260831,plan_pro,3,2026-08-31,technical_issue,high,closed,0.5,4,0,0
TCK-001886,CUST-01199,20260528,plan_pro,3,2026-05-28,billing,high,closed,1.9,3,0,0
TCK-001887,CUST-01200,20260723,plan_pro,1,2026-07-23,account_access,low,closed,13.6,1,0,1
TCK-001888,CUST-01202,20260403,plan_growth,1,2026-04-03,cancellation_request,low,closed,2.9,2,0,1
TCK-001889,CUST-01203,20251114,plan_starter,1,2025-11-14,cancellation_request,high,closed,32.0,4,0,1
TCK-001890,CUST-01203,20260611,plan_starter,1,2026-06-11,billing,high,closed,0.5,3,0,0
TCK-001891,CUST-01204,20241231,plan_starter,2,2024-12-31,billing,high,closed,3.4,2,0,1
TCK-001892,CUST-01204,20250418,plan_starter,2,2025-04-18,billing,urgent,closed,27.2,1,1,1
TCK-001893,CUST-01204,20250222,plan_starter,2,2025-02-22,account_access,high,closed,15.9,3,0,0
TCK-001894,CUST-01204,20250104,plan_starter,2,2025-01-04,cancellation_request,high,closed,16.2,2,0,1
TCK-001895,CUST-01206,20260108,plan_pro,1,2026-01-08,technical_issue,medium,closed,16.2,4,0,0
TCK-001896,CUST-01206,20260121,plan_pro,1,2026-01-21,technical_issue,medium,closed,11.1,5,0,0
TCK-001897,CUST-01206,20260519,plan_pro,1,2026-05-19,billing,medium,closed,13.7,3,0,0
TCK-001898,CUST-01207,20250927,plan_growth,1,2025-09-27,technical_issue,medium,closed,41.2,2,0,1
TCK-001899,CUST-01207,20250911,plan_growth,1,2025-09-11,billing,high,closed,41.1,3,0,1
TCK-001900,CUST-01207,20250904,plan_growth,1,2025-09-04,billing,urgent,closed,8.9,5,1,0
TCK-001901,CUST-01208,20240606,plan_starter,1,2024-06-06,billing,low,closed,22.2,3,0,0
TCK-001902,CUST-01208,20240620,plan_starter,1,2024-06-20,technical_issue,urgent,closed,5.5,2,1,1
TCK-001903,CUST-01210,20260715,plan_growth,3,2026-07-15,technical_issue,low,closed,8.1,5,0,0
TCK-001904,CUST-01211,20260612,plan_pro,2,2026-06-12,technical_issue,high,closed,2.8,5,0,0
TCK-001905,CUST-01212,20260822,plan_starter,1,2026-08-22,feature_request,low,closed,0.9,4,0,0
TCK-001906,CUST-01212,20260706,plan_starter,1,2026-07-06,technical_issue,medium,closed,1.8,4,0,0
TCK-001907,CUST-01214,20260515,plan_starter,3,2026-05-15,cancellation_request,low,closed,4.6,3,0,0
TCK-001908,CUST-01215,20260623,plan_starter,1,2026-06-23,account_access,low,closed,0.9,4,0,0
TCK-001909,CUST-01217,20250613,plan_growth,1,2025-06-13,cancellation_request,medium,closed,4.8,2,0,1
TCK-001910,CUST-01217,20251217,plan_growth,1,2025-12-17,billing,medium,closed,0.7,1,0,1
TCK-001911,CUST-01217,20250811,plan_growth,1,2025-08-11,billing,high,closed,22.6,2,0,1
TCK-001912,CUST-01217,20250817,plan_growth,1,2025-08-17,billing,medium,closed,12.2,1,0,1
TCK-001913,CUST-01218,20260803,plan_growth,2,2026-08-03,feature_request,high,closed,1.0,2,0,1
TCK-001914,CUST-01220,20260305,plan_growth,1,2026-03-05,billing,high,closed,1.6,5,0,0
TCK-001915,CUST-01220,20260629,plan_growth,1,2026-06-29,billing,low,closed,16.0,1,0,1
TCK-001916,CUST-01222,20260819,plan_enterprise,1,2026-08-19,feature_request,low,closed,2.8,2,0,1
TCK-001917,CUST-01223,20260830,plan_starter,1,2026-08-30,billing,medium,closed,11.1,5,0,0
TCK-001918,CUST-01224,20250903,plan_starter,1,2025-09-03,technical_issue,low,closed,1.2,1,0,1
TCK-001919,CUST-01224,20250801,plan_starter,1,2025-08-01,billing,high,closed,19.1,1,0,1
TCK-001920,CUST-01225,20250705,plan_growth,1,2025-07-05,account_access,medium,closed,11.9,4,0,0
TCK-001921,CUST-01226,20260319,plan_pro,2,2026-03-19,billing,high,closed,7.0,4,0,0
TCK-001922,CUST-01228,20251121,plan_growth,2,2025-11-21,account_access,high,closed,0.7,5,0,0
TCK-001923,CUST-01229,20260722,plan_growth,2,2026-07-22,account_access,medium,closed,7.8,4,0,0
TCK-001924,CUST-01231,20251020,plan_starter,1,2025-10-20,technical_issue,medium,closed,0.8,5,0,0
TCK-001925,CUST-01231,20260531,plan_starter,1,2026-05-31,feature_request,medium,closed,0.9,2,0,1
TCK-001926,CUST-01233,20260509,plan_enterprise,2,2026-05-09,account_access,low,closed,3.8,4,0,0
TCK-001927,CUST-01234,20251129,plan_growth,1,2025-11-29,billing,high,closed,5.9,2,0,1
TCK-001928,CUST-01234,20250920,plan_growth,1,2025-09-20,cancellation_request,low,closed,3.8,2,0,1
TCK-001929,CUST-01234,20251025,plan_growth,1,2025-10-25,technical_issue,high,closed,22.0,3,0,0
TCK-001930,CUST-01234,20251030,plan_growth,1,2025-10-30,cancellation_request,medium,closed,5.1,2,0,1
TCK-001931,CUST-01235,20240613,plan_starter,1,2024-06-13,technical_issue,high,closed,16.3,1,0,1
TCK-001932,CUST-01236,20250503,plan_starter,1,2025-05-03,account_access,high,closed,6.4,2,0,1
TCK-001933,CUST-01236,20250523,plan_starter,1,2025-05-23,billing,medium,closed,50.4,1,0,1
TCK-001934,CUST-01236,20250518,plan_starter,1,2025-05-18,billing,high,closed,31.4,3,0,1
TCK-001935,CUST-01236,20250625,plan_starter,1,2025-06-25,account_access,medium,closed,6.7,1,0,1
TCK-001936,CUST-01236,20250530,plan_starter,1,2025-05-30,billing,high,closed,18.1,3,0,0
TCK-001937,CUST-01237,20250412,plan_growth,2,2025-04-12,billing,high,closed,36.0,3,0,1
TCK-001938,CUST-01237,20250111,plan_growth,2,2025-01-11,technical_issue,high,closed,4.8,3,0,0
TCK-001939,CUST-01238,20251214,plan_starter,1,2025-12-14,technical_issue,high,closed,5.3,1,0,1
TCK-001940,CUST-01238,20250829,plan_starter,1,2025-08-29,billing,medium,closed,7.5,3,0,0
TCK-001941,CUST-01238,20250225,plan_starter,1,2025-02-25,billing,medium,closed,16.8,4,0,0
TCK-001942,CUST-01239,20260805,plan_starter,2,2026-08-05,billing,high,closed,0.7,5,0,0
TCK-001943,CUST-01239,20260830,plan_starter,2,2026-08-30,account_access,urgent,closed,1.5,5,1,0
TCK-001944,CUST-01240,20251125,plan_starter,1,2025-11-25,billing,high,closed,6.3,5,0,0
TCK-001945,CUST-01240,20251015,plan_starter,1,2025-10-15,technical_issue,high,closed,12.8,2,0,1
TCK-001946,CUST-01242,20251029,plan_starter,1,2025-10-29,technical_issue,low,closed,6.5,3,0,0
TCK-001947,CUST-01242,20250604,plan_starter,1,2025-06-04,feature_request,high,closed,16.3,4,0,0
TCK-001948,CUST-01242,20250721,plan_starter,1,2025-07-21,billing,high,closed,21.9,3,0,0
TCK-001949,CUST-01243,20260723,plan_pro,1,2026-07-23,account_access,medium,closed,2.9,3,0,0
TCK-001950,CUST-01243,20260805,plan_pro,1,2026-08-05,account_access,low,closed,1.0,3,0,0
TCK-001951,CUST-01243,20260808,plan_pro,1,2026-08-08,feature_request,urgent,closed,5.0,3,1,0
TCK-001952,CUST-01243,20260730,plan_pro,1,2026-07-30,feature_request,high,closed,5.6,4,0,0
TCK-001953,CUST-01244,20260514,plan_enterprise,1,2026-05-14,billing,low,closed,1.0,5,0,0
TCK-001954,CUST-01244,20251217,plan_enterprise,1,2025-12-17,technical_issue,low,closed,5.3,1,0,1
TCK-001955,CUST-01245,20260403,plan_growth,1,2026-04-03,billing,medium,closed,4.9,1,0,1
TCK-001956,CUST-01245,20260330,plan_growth,1,2026-03-30,billing,urgent,closed,0.4,3,1,0
TCK-001957,CUST-01245,20260422,plan_growth,1,2026-04-22,technical_issue,medium,closed,12.8,1,0,1
TCK-001958,CUST-01246,20251001,plan_pro,1,2025-10-01,technical_issue,urgent,closed,2.0,3,1,0
TCK-001959,CUST-01246,20251105,plan_pro,1,2025-11-05,cancellation_request,low,closed,9.7,4,0,0
TCK-001960,CUST-01249,20251122,plan_growth,2,2025-11-22,account_access,medium,closed,3.7,4,0,0
TCK-001961,CUST-01250,20260719,plan_starter,1,2026-07-19,billing,high,closed,4.1,5,0,0
TCK-001962,CUST-01250,20260830,plan_starter,1,2026-08-30,technical_issue,medium,closed,7.7,4,0,0
TCK-001963,CUST-01251,20240515,plan_growth,1,2024-05-15,billing,high,closed,91.0,2,0,1
TCK-001964,CUST-01251,20240506,plan_growth,1,2024-05-06,billing,high,closed,7.0,5,0,0
TCK-001965,CUST-01253,20251211,plan_pro,3,2025-12-11,account_access,high,closed,0.6,5,0,0
TCK-001966,CUST-01253,20250505,plan_pro,3,2025-05-05,technical_issue,low,closed,9.1,3,0,0
TCK-001967,CUST-01255,20241126,plan_starter,1,2024-11-26,cancellation_request,medium,closed,38.0,3,0,1
TCK-001968,CUST-01255,20240922,plan_starter,1,2024-09-22,technical_issue,medium,closed,51.4,3,0,1
TCK-001969,CUST-01255,20240920,plan_starter,1,2024-09-20,technical_issue,high,closed,44.4,2,0,1
TCK-001970,CUST-01256,20260213,plan_growth,2,2026-02-13,account_access,medium,closed,6.1,4,0,0
TCK-001971,CUST-01256,20260707,plan_growth,2,2026-07-07,technical_issue,low,closed,1.4,5,0,0
TCK-001972,CUST-01257,20240929,plan_starter,2,2024-09-29,account_access,high,closed,12.6,2,0,1
TCK-001973,CUST-01257,20250123,plan_starter,2,2025-01-23,billing,high,closed,1.5,4,0,0
TCK-001974,CUST-01257,20240713,plan_starter,2,2024-07-13,billing,urgent,closed,19.6,1,1,1
TCK-001975,CUST-01258,20260827,plan_starter,1,2026-08-27,account_access,low,closed,0.0,5,0,0
TCK-001976,CUST-01259,20260613,plan_growth,3,2026-06-13,feature_request,medium,closed,9.5,4,0,0
TCK-001977,CUST-01259,20260716,plan_growth,3,2026-07-16,feature_request,low,closed,5.8,4,0,0
TCK-001978,CUST-01259,20260720,plan_growth,3,2026-07-20,account_access,low,closed,8.3,3,0,0
TCK-001979,CUST-01260,20260603,plan_pro,2,2026-06-03,billing,medium,closed,12.8,1,0,1
TCK-001980,CUST-01263,20260321,plan_starter,1,2026-03-21,cancellation_request,urgent,closed,26.5,1,1,1
TCK-001981,CUST-01263,20260602,plan_starter,1,2026-06-02,technical_issue,urgent,closed,0.8,1,1,1
TCK-001982,CUST-01263,20260417,plan_starter,1,2026-04-17,cancellation_request,medium,closed,19.9,2,0,1
TCK-001983,CUST-01264,20260501,plan_starter,2,2026-05-01,cancellation_request,urgent,closed,1.1,1,1,1
TCK-001984,CUST-01264,20260502,plan_starter,2,2026-05-02,billing,high,closed,2.3,3,0,0
TCK-001985,CUST-01264,20251210,plan_starter,2,2025-12-10,billing,high,closed,11.0,1,0,1
TCK-001986,CUST-01266,20260330,plan_starter,1,2026-03-30,cancellation_request,high,closed,39.1,1,0,1
TCK-001987,CUST-01266,20260416,plan_starter,1,2026-04-16,technical_issue,medium,closed,14.6,3,0,0
TCK-001988,CUST-01266,20260417,plan_starter,1,2026-04-17,technical_issue,high,closed,25.5,1,0,1
TCK-001989,CUST-01267,20260810,plan_starter,2,2026-08-10,account_access,urgent,closed,0.4,4,1,0
TCK-001990,CUST-01268,20240808,plan_starter,1,2024-08-08,billing,low,closed,2.1,3,0,0
TCK-001991,CUST-01270,20260306,plan_starter,1,2026-03-06,billing,medium,closed,1.9,5,0,0
TCK-001992,CUST-01270,20251026,plan_starter,1,2025-10-26,account_access,medium,closed,12.8,4,0,0
TCK-001993,CUST-01270,20250504,plan_starter,1,2025-05-04,cancellation_request,low,closed,31.4,1,0,1
TCK-001994,CUST-01271,20251225,plan_growth,2,2025-12-25,feature_request,urgent,closed,2.4,1,1,1
TCK-001995,CUST-01271,20260301,plan_growth,2,2026-03-01,account_access,high,closed,6.0,2,0,1
TCK-001996,CUST-01272,20251127,plan_growth,1,2025-11-27,billing,medium,closed,4.4,3,0,0
TCK-001997,CUST-01273,20260706,plan_growth,1,2026-07-06,account_access,low,closed,5.2,2,0,1
TCK-001998,CUST-01274,20260304,plan_growth,2,2026-03-04,feature_request,low,closed,17.0,4,0,0
TCK-001999,CUST-01274,20260422,plan_growth,2,2026-04-22,technical_issue,low,closed,12.6,4,0,0
TCK-002000,CUST-01274,20251211,plan_growth,2,2025-12-11,technical_issue,low,closed,11.1,3,0,0
TCK-002001,CUST-01274,20251107,plan_growth,2,2025-11-07,cancellation_request,low,closed,22.1,5,0,0
TCK-002002,CUST-01275,20260606,plan_starter,2,2026-06-06,technical_issue,low,closed,1.5,3,0,0
TCK-002003,CUST-01276,20250921,plan_growth,2,2025-09-21,account_access,medium,closed,2.2,3,0,0
TCK-002004,CUST-01276,20250612,plan_growth,2,2025-06-12,billing,high,closed,3.4,3,0,0
TCK-002005,CUST-01277,20250919,plan_growth,1,2025-09-19,billing,urgent,closed,7.9,1,1,1
TCK-002006,CUST-01278,20260810,plan_starter,1,2026-08-10,feature_request,medium,closed,0.6,4,0,0
TCK-002007,CUST-01280,20260409,plan_starter,1,2026-04-09,feature_request,medium,closed,1.3,2,0,1
TCK-002008,CUST-01280,20260321,plan_starter,1,2026-03-21,account_access,low,closed,0.2,4,0,0
TCK-002009,CUST-01283,20251109,plan_starter,2,2025-11-09,technical_issue,medium,closed,2.4,4,0,0
TCK-002010,CUST-01285,20250901,plan_enterprise,2,2025-09-01,billing,urgent,closed,3.4,4,1,0
TCK-002011,CUST-01286,20250916,plan_growth,2,2025-09-16,cancellation_request,high,closed,8.0,1,0,1
TCK-002012,CUST-01286,20250628,plan_growth,2,2025-06-28,technical_issue,medium,closed,41.0,3,0,1
TCK-002013,CUST-01288,20260820,plan_growth,1,2026-08-20,technical_issue,medium,closed,0.4,5,0,0
TCK-002014,CUST-01290,20241216,plan_growth,1,2024-12-16,technical_issue,low,closed,6.9,4,0,0
TCK-002015,CUST-01290,20251031,plan_growth,1,2025-10-31,feature_request,low,closed,8.6,4,0,0
TCK-002016,CUST-01292,20251020,plan_starter,1,2025-10-20,account_access,medium,closed,8.9,4,0,0
TCK-002017,CUST-01292,20260605,plan_starter,1,2026-06-05,technical_issue,medium,closed,3.2,4,0,0
TCK-002018,CUST-01293,20250720,plan_growth,1,2025-07-20,billing,medium,closed,7.6,2,0,1
TCK-002019,CUST-01293,20250708,plan_growth,1,2025-07-08,billing,medium,closed,81.5,1,0,1
TCK-002020,CUST-01293,20250806,plan_growth,1,2025-08-06,billing,high,closed,8.2,1,0,1
TCK-002021,CUST-01294,20260820,plan_growth,1,2026-08-20,billing,medium,closed,0.0,5,0,0
TCK-002022,CUST-01295,20260723,plan_growth,3,2026-07-23,technical_issue,medium,closed,11.8,4,0,0
TCK-002023,CUST-01297,20250622,plan_growth,1,2025-06-22,billing,medium,closed,27.3,2,0,1
TCK-002024,CUST-01297,20250605,plan_growth,1,2025-06-05,billing,urgent,closed,6.9,4,1,0
TCK-002025,CUST-01297,20250602,plan_growth,1,2025-06-02,technical_issue,medium,closed,8.6,2,0,1
TCK-002026,CUST-01299,20240923,plan_pro,2,2024-09-23,cancellation_request,low,closed,17.7,5,0,0
TCK-002027,CUST-01300,20250829,plan_pro,1,2025-08-29,billing,medium,closed,4.8,2,0,1
TCK-002028,CUST-01300,20251106,plan_pro,1,2025-11-06,technical_issue,high,closed,37.3,2,0,1
TCK-002029,CUST-01302,20260629,plan_starter,2,2026-06-29,technical_issue,medium,closed,1.1,4,0,0
TCK-002030,CUST-01302,20260326,plan_starter,2,2026-03-26,account_access,low,closed,5.4,3,0,0
TCK-002031,CUST-01303,20251005,plan_pro,1,2025-10-05,cancellation_request,high,closed,38.0,1,0,1
TCK-002032,CUST-01303,20250924,plan_pro,1,2025-09-24,technical_issue,medium,closed,0.3,2,0,1
TCK-002033,CUST-01303,20251016,plan_pro,1,2025-10-16,cancellation_request,low,closed,58.7,2,0,1
TCK-002034,CUST-01303,20251024,plan_pro,1,2025-10-24,technical_issue,medium,closed,3.3,3,0,0
TCK-002035,CUST-01304,20260430,plan_starter,1,2026-04-30,cancellation_request,medium,closed,0.1,1,0,1
TCK-002036,CUST-01305,20260521,plan_growth,1,2026-05-21,account_access,medium,closed,0.1,4,0,0
TCK-002037,CUST-01306,20251129,plan_growth,1,2025-11-29,feature_request,medium,closed,3.5,3,0,0
TCK-002038,CUST-01308,20260315,plan_growth,1,2026-03-15,technical_issue,high,closed,15.3,4,0,0
TCK-002039,CUST-01308,20260425,plan_growth,1,2026-04-25,cancellation_request,high,closed,71.0,5,0,1
TCK-002040,CUST-01308,20260317,plan_growth,1,2026-03-17,billing,high,closed,44.4,4,0,1
TCK-002041,CUST-01308,20260310,plan_growth,1,2026-03-10,technical_issue,medium,closed,38.2,1,0,1
TCK-002042,CUST-01310,20241020,plan_starter,1,2024-10-20,billing,urgent,closed,1.9,1,1,1
TCK-002043,CUST-01310,20240819,plan_starter,1,2024-08-19,account_access,high,closed,26.2,2,0,1
TCK-002044,CUST-01310,20241002,plan_starter,1,2024-10-02,feature_request,urgent,closed,30.9,1,1,1
TCK-002045,CUST-01310,20240623,plan_starter,1,2024-06-23,billing,high,closed,6.3,1,0,1
TCK-002046,CUST-01311,20250304,plan_enterprise,1,2025-03-04,billing,high,closed,17.0,1,0,1
TCK-002047,CUST-01312,20260709,plan_starter,2,2026-07-09,billing,medium,closed,8.4,3,0,0
TCK-002048,CUST-01312,20260706,plan_starter,2,2026-07-06,account_access,low,closed,0.2,4,0,0
TCK-002049,CUST-01312,20260731,plan_starter,2,2026-07-31,cancellation_request,medium,closed,0.7,3,0,0
TCK-002050,CUST-01312,20260603,plan_starter,2,2026-06-03,cancellation_request,medium,closed,3.1,4,0,0
TCK-002051,CUST-01314,20260227,plan_growth,1,2026-02-27,account_access,high,closed,5.4,5,0,0
TCK-002052,CUST-01317,20260319,plan_growth,2,2026-03-19,feature_request,medium,closed,4.9,2,0,1
TCK-002053,CUST-01318,20250705,plan_pro,2,2025-07-05,billing,high,closed,8.8,1,0,1
TCK-002054,CUST-01318,20250701,plan_pro,2,2025-07-01,technical_issue,urgent,closed,13.5,3,1,0
TCK-002055,CUST-01318,20251009,plan_pro,2,2025-10-09,billing,high,closed,23.5,3,0,0
TCK-002056,CUST-01318,20250806,plan_pro,2,2025-08-06,account_access,urgent,closed,36.4,2,1,1
TCK-002057,CUST-01318,20250826,plan_pro,2,2025-08-26,cancellation_request,low,closed,23.0,3,0,0
TCK-002058,CUST-01319,20260809,plan_growth,1,2026-08-09,technical_issue,medium,closed,5.6,3,0,0
TCK-002059,CUST-01319,20260720,plan_growth,1,2026-07-20,technical_issue,medium,closed,9.7,3,0,0
TCK-002060,CUST-01321,20250117,plan_starter,1,2025-01-17,technical_issue,urgent,closed,21.8,3,1,0
TCK-002061,CUST-01321,20250620,plan_starter,1,2025-06-20,billing,urgent,closed,23.8,3,1,0
TCK-002062,CUST-01321,20250406,plan_starter,1,2025-04-06,technical_issue,high,closed,10.5,1,0,1
TCK-002063,CUST-01322,20260510,plan_pro,1,2026-05-10,cancellation_request,medium,closed,4.4,4,0,0
TCK-002064,CUST-01323,20260830,plan_growth,2,2026-08-30,technical_issue,medium,closed,13.8,4,0,0
TCK-002065,CUST-01323,20250731,plan_growth,2,2025-07-31,account_access,medium,closed,3.1,4,0,0
TCK-002066,CUST-01324,20260805,plan_pro,1,2026-08-05,billing,medium,closed,0.6,4,0,0
TCK-002067,CUST-01325,20250122,plan_starter,1,2025-01-22,billing,low,closed,36.7,1,0,1
TCK-002068,CUST-01325,20250503,plan_starter,1,2025-05-03,technical_issue,high,closed,12.7,1,0,1
TCK-002069,CUST-01326,20240511,plan_starter,1,2024-05-11,technical_issue,high,closed,11.4,1,0,1
TCK-002070,CUST-01326,20240514,plan_starter,1,2024-05-14,technical_issue,high,closed,9.3,1,0,1
TCK-002071,CUST-01326,20240430,plan_starter,1,2024-04-30,billing,high,closed,25.4,1,0,1
TCK-002072,CUST-01326,20240530,plan_starter,1,2024-05-30,billing,medium,closed,1.8,4,0,0
TCK-002073,CUST-01327,20260711,plan_pro,2,2026-07-11,technical_issue,high,closed,39.7,1,0,1
TCK-002074,CUST-01327,20260708,plan_pro,2,2026-07-08,billing,medium,closed,16.9,2,0,1
TCK-002075,CUST-01328,20250528,plan_pro,1,2025-05-28,technical_issue,medium,closed,2.9,4,0,0
TCK-002076,CUST-01328,20250412,plan_pro,1,2025-04-12,account_access,high,closed,14.2,1,0,1
TCK-002077,CUST-01328,20250319,plan_pro,1,2025-03-19,cancellation_request,medium,closed,20.0,3,0,0
TCK-002078,CUST-01328,20250123,plan_pro,1,2025-01-23,billing,high,closed,2.8,4,0,0
TCK-002079,CUST-01329,20251202,plan_pro,2,2025-12-02,account_access,medium,closed,1.4,5,0,0
TCK-002080,CUST-01330,20260620,plan_growth,2,2026-06-20,account_access,low,closed,0.5,4,0,0
TCK-002081,CUST-01331,20260627,plan_growth,2,2026-06-27,cancellation_request,medium,closed,1.4,3,0,0
TCK-002082,CUST-01331,20260820,plan_growth,2,2026-08-20,account_access,medium,closed,4.4,4,0,0
TCK-002083,CUST-01331,20260528,plan_growth,2,2026-05-28,feature_request,low,closed,22.4,4,0,0
TCK-002084,CUST-01331,20260613,plan_growth,2,2026-06-13,technical_issue,urgent,closed,6.8,5,1,0
TCK-002085,CUST-01332,20250905,plan_starter,1,2025-09-05,billing,high,closed,45.5,2,0,1
TCK-002086,CUST-01332,20251010,plan_starter,1,2025-10-10,technical_issue,medium,closed,15.5,2,0,1
TCK-002087,CUST-01332,20250630,plan_starter,1,2025-06-30,account_access,high,closed,50.5,1,0,1
TCK-002088,CUST-01332,20250911,plan_starter,1,2025-09-11,technical_issue,medium,closed,14.0,3,0,0
TCK-002089,CUST-01333,20251030,plan_starter,2,2025-10-30,feature_request,urgent,closed,4.6,3,1,0
TCK-002090,CUST-01333,20250403,plan_starter,2,2025-04-03,account_access,medium,closed,12.5,2,0,1
TCK-002091,CUST-01334,20250227,plan_starter,3,2025-02-27,billing,low,closed,2.2,1,0,1
TCK-002092,CUST-01334,20250624,plan_starter,3,2025-06-24,technical_issue,high,closed,4.9,2,0,1
TCK-002093,CUST-01336,20260725,plan_starter,2,2026-07-25,account_access,low,closed,2.3,3,0,0
TCK-002094,CUST-01336,20260722,plan_starter,2,2026-07-22,feature_request,low,closed,6.0,4,0,0
TCK-002095,CUST-01339,20260520,plan_pro,1,2026-05-20,cancellation_request,high,closed,3.7,4,0,0
TCK-002096,CUST-01339,20260715,plan_pro,1,2026-07-15,cancellation_request,medium,closed,25.6,5,0,1
TCK-002097,CUST-01340,20251001,plan_pro,2,2025-10-01,billing,high,closed,1.6,4,0,0
TCK-002098,CUST-01340,20260705,plan_pro,2,2026-07-05,billing,medium,closed,1.3,4,0,0
TCK-002099,CUST-01341,20260408,plan_pro,1,2026-04-08,billing,medium,closed,9.3,4,0,0
TCK-002100,CUST-01342,20260725,plan_pro,1,2026-07-25,cancellation_request,medium,closed,0.7,2,0,1
TCK-002101,CUST-01342,20260712,plan_pro,1,2026-07-12,billing,medium,closed,9.5,5,0,0
TCK-002102,CUST-01343,20260610,plan_growth,1,2026-06-10,cancellation_request,medium,closed,5.9,4,0,0
TCK-002103,CUST-01345,20260429,plan_starter,2,2026-04-29,feature_request,low,closed,7.5,5,0,0
TCK-002104,CUST-01345,20260308,plan_starter,2,2026-03-08,technical_issue,low,closed,5.4,1,0,1
TCK-002105,CUST-01346,20251120,plan_growth,1,2025-11-20,cancellation_request,medium,closed,27.1,1,0,1
TCK-002106,CUST-01346,20251224,plan_growth,1,2025-12-24,technical_issue,high,closed,20.0,1,0,1
TCK-002107,CUST-01349,20260312,plan_pro,1,2026-03-12,cancellation_request,high,closed,7.5,4,0,0
TCK-002108,CUST-01349,20251228,plan_pro,1,2025-12-28,billing,high,closed,21.4,4,0,0
TCK-002109,CUST-01349,20260305,plan_pro,1,2026-03-05,cancellation_request,low,closed,12.5,1,0,1
TCK-002110,CUST-01350,20260806,plan_starter,1,2026-08-06,feature_request,medium,closed,14.4,3,0,0
TCK-002111,CUST-01350,20260822,plan_starter,1,2026-08-22,feature_request,medium,closed,5.2,3,0,0
TCK-002112,CUST-01350,20260526,plan_starter,1,2026-05-26,account_access,medium,closed,11.5,4,0,0
TCK-002113,CUST-01353,20250219,plan_growth,2,2025-02-19,billing,medium,closed,34.9,1,0,1
TCK-002114,CUST-01353,20250507,plan_growth,2,2025-05-07,technical_issue,medium,closed,49.6,1,0,1
TCK-002115,CUST-01353,20250312,plan_growth,2,2025-03-12,technical_issue,high,closed,11.7,1,0,1
TCK-002116,CUST-01355,20260204,plan_growth,1,2026-02-04,technical_issue,high,closed,8.4,4,0,0
TCK-002117,CUST-01355,20250815,plan_growth,1,2025-08-15,billing,medium,closed,3.0,2,0,1
TCK-002118,CUST-01355,20260901,plan_growth,1,2026-09-01,feature_request,medium,closed,1.4,4,0,0
TCK-002119,CUST-01356,20260202,plan_growth,2,2026-02-02,cancellation_request,medium,closed,4.6,3,0,0
TCK-002120,CUST-01359,20260203,plan_growth,1,2026-02-03,cancellation_request,low,closed,8.4,2,0,1
TCK-002121,CUST-01359,20251017,plan_growth,1,2025-10-17,technical_issue,medium,closed,5.3,2,0,1
TCK-002122,CUST-01359,20251102,plan_growth,1,2025-11-02,billing,high,closed,4.0,4,0,0
TCK-002123,CUST-01359,20251022,plan_growth,1,2025-10-22,feature_request,urgent,closed,6.2,3,1,0
TCK-002124,CUST-01359,20251025,plan_growth,1,2025-10-25,billing,low,closed,12.2,1,0,1
TCK-002125,CUST-01361,20250713,plan_starter,1,2025-07-13,cancellation_request,urgent,closed,5.4,1,1,1
TCK-002126,CUST-01361,20250719,plan_starter,1,2025-07-19,billing,medium,closed,10.8,4,0,0
TCK-002127,CUST-01361,20250711,plan_starter,1,2025-07-11,technical_issue,high,closed,13.8,1,0,1
TCK-002128,CUST-01361,20250622,plan_starter,1,2025-06-22,billing,high,closed,12.0,3,0,0
TCK-002129,CUST-01361,20250531,plan_starter,1,2025-05-31,technical_issue,urgent,closed,13.6,2,1,1
TCK-002130,CUST-01362,20251110,plan_starter,1,2025-11-10,feature_request,low,closed,1.1,4,0,0
TCK-002131,CUST-01364,20260430,plan_growth,2,2026-04-30,feature_request,low,closed,2.7,4,0,0
TCK-002132,CUST-01365,20250228,plan_growth,3,2025-02-28,technical_issue,medium,closed,30.8,1,0,1
TCK-002133,CUST-01366,20260221,plan_pro,1,2026-02-21,account_access,low,closed,13.1,2,0,1
TCK-002134,CUST-01366,20250722,plan_pro,1,2025-07-22,billing,high,closed,77.4,1,0,1
TCK-002135,CUST-01366,20250616,plan_pro,1,2025-06-16,feature_request,high,closed,9.0,3,0,0
TCK-002136,CUST-01367,20250919,plan_growth,3,2025-09-19,account_access,high,closed,37.0,1,0,1
TCK-002137,CUST-01367,20251005,plan_growth,3,2025-10-05,technical_issue,medium,closed,12.8,4,0,0
TCK-002138,CUST-01367,20251210,plan_growth,3,2025-12-10,billing,urgent,closed,85.0,3,1,1
TCK-002139,CUST-01368,20250613,plan_growth,1,2025-06-13,technical_issue,urgent,closed,48.1,1,1,1
TCK-002140,CUST-01368,20250629,plan_growth,1,2025-06-29,technical_issue,high,closed,0.6,1,0,1
TCK-002141,CUST-01368,20250930,plan_growth,1,2025-09-30,billing,medium,closed,19.2,3,0,0
TCK-002142,CUST-01368,20251129,plan_growth,1,2025-11-29,billing,urgent,closed,15.5,1,1,1
TCK-002143,CUST-01369,20260211,plan_growth,2,2026-02-11,cancellation_request,medium,closed,10.7,3,0,0
TCK-002144,CUST-01369,20260224,plan_growth,2,2026-02-24,technical_issue,high,closed,7.2,1,0,1
TCK-002145,CUST-01369,20260111,plan_growth,2,2026-01-11,technical_issue,urgent,closed,4.5,2,1,1
TCK-002146,CUST-01369,20260305,plan_growth,2,2026-03-05,billing,high,closed,6.3,3,0,0
TCK-002147,CUST-01370,20250406,plan_pro,1,2025-04-06,cancellation_request,medium,closed,18.5,1,0,1
TCK-002148,CUST-01370,20250209,plan_pro,1,2025-02-09,account_access,medium,closed,1.2,2,0,1
TCK-002149,CUST-01370,20240803,plan_pro,1,2024-08-03,billing,urgent,closed,5.1,1,1,1
TCK-002150,CUST-01371,20260804,plan_pro,2,2026-08-04,technical_issue,medium,closed,14.5,5,0,0
TCK-002151,CUST-01371,20260614,plan_pro,2,2026-06-14,billing,medium,closed,0.0,5,0,0
TCK-002152,CUST-01372,20260421,plan_starter,1,2026-04-21,account_access,medium,closed,9.4,3,0,0
TCK-002153,CUST-01373,20260610,plan_pro,2,2026-06-10,technical_issue,medium,closed,1.0,4,0,0
TCK-002154,CUST-01373,20260811,plan_pro,2,2026-08-11,account_access,high,closed,2.7,5,0,0
TCK-002155,CUST-01374,20260404,plan_enterprise,1,2026-04-04,billing,low,closed,2.9,3,0,0
TCK-002156,CUST-01374,20250529,plan_enterprise,1,2025-05-29,technical_issue,medium,closed,0.8,4,0,0
TCK-002157,CUST-01375,20260216,plan_pro,2,2026-02-16,billing,low,closed,6.3,5,0,0
TCK-002158,CUST-01376,20241008,plan_starter,1,2024-10-08,account_access,high,closed,54.7,4,0,1
TCK-002159,CUST-01379,20260615,plan_growth,1,2026-06-15,technical_issue,medium,closed,20.5,2,0,1
TCK-002160,CUST-01379,20260722,plan_growth,1,2026-07-22,technical_issue,medium,closed,8.1,1,0,1
TCK-002161,CUST-01379,20260806,plan_growth,1,2026-08-06,technical_issue,high,closed,16.5,2,0,1
TCK-002162,CUST-01380,20260828,plan_growth,1,2026-08-28,technical_issue,high,closed,9.1,5,0,0
TCK-002163,CUST-01383,20251210,plan_pro,2,2025-12-10,technical_issue,medium,closed,1.5,4,0,0
TCK-002164,CUST-01384,20260507,plan_growth,2,2026-05-07,billing,low,closed,15.0,3,0,0
TCK-002165,CUST-01384,20260605,plan_growth,2,2026-06-05,technical_issue,low,closed,2.8,5,0,0
TCK-002166,CUST-01385,20241229,plan_growth,1,2024-12-29,technical_issue,medium,closed,17.2,1,0,1
TCK-002167,CUST-01386,20251029,plan_pro,3,2025-10-29,feature_request,medium,closed,1.5,4,0,0
TCK-002168,CUST-01386,20260302,plan_pro,3,2026-03-02,technical_issue,medium,closed,3.0,5,0,0
TCK-002169,CUST-01387,20260820,plan_growth,1,2026-08-20,billing,medium,closed,1.4,5,0,0
TCK-002170,CUST-01388,20250514,plan_growth,1,2025-05-14,billing,medium,closed,5.5,1,0,1
TCK-002171,CUST-01389,20240602,plan_pro,2,2024-06-02,cancellation_request,high,closed,24.0,2,0,1
TCK-002172,CUST-01389,20240719,plan_pro,2,2024-07-19,technical_issue,medium,closed,11.3,3,0,0
TCK-002173,CUST-01389,20240613,plan_pro,2,2024-06-13,billing,high,closed,24.8,1,0,1
TCK-002174,CUST-01392,20260325,plan_starter,1,2026-03-25,account_access,urgent,closed,29.5,4,1,1
TCK-002175,CUST-01392,20260430,plan_starter,1,2026-04-30,technical_issue,high,closed,12.2,2,0,1
TCK-002176,CUST-01392,20260613,plan_starter,1,2026-06-13,billing,medium,closed,1.3,2,0,1
TCK-002177,CUST-01392,20260506,plan_starter,1,2026-05-06,billing,medium,closed,5.4,5,0,0
TCK-002178,CUST-01392,20260508,plan_starter,1,2026-05-08,technical_issue,urgent,closed,0.2,4,1,0
TCK-002179,CUST-01392,20260317,plan_starter,1,2026-03-17,cancellation_request,medium,closed,0.1,1,0,1
TCK-002180,CUST-01392,20260328,plan_starter,1,2026-03-28,billing,low,closed,11.6,2,0,1
TCK-002181,CUST-01393,20260218,plan_pro,2,2026-02-18,technical_issue,low,closed,8.0,5,0,0
TCK-002182,CUST-01396,20250612,plan_starter,1,2025-06-12,technical_issue,high,closed,0.6,4,0,0
TCK-002183,CUST-01396,20260329,plan_starter,1,2026-03-29,technical_issue,medium,closed,4.0,4,0,0
TCK-002184,CUST-01397,20241122,plan_enterprise,2,2024-11-22,cancellation_request,medium,closed,6.2,5,0,0
TCK-002185,CUST-01397,20260831,plan_enterprise,2,2026-08-31,feature_request,low,closed,9.2,5,0,0
TCK-002186,CUST-01398,20250410,plan_pro,2,2025-04-10,account_access,urgent,closed,0.8,5,1,0
TCK-002187,CUST-01398,20251005,plan_pro,2,2025-10-05,billing,low,closed,2.9,4,0,0
TCK-002188,CUST-01399,20250529,plan_pro,2,2025-05-29,account_access,medium,closed,11.8,5,0,0
TCK-002189,CUST-01399,20260224,plan_pro,2,2026-02-24,feature_request,medium,closed,9.3,5,0,0
TCK-002190,CUST-01401,20250511,plan_growth,1,2025-05-11,billing,low,closed,28.4,1,0,1
TCK-002191,CUST-01401,20250816,plan_growth,1,2025-08-16,account_access,medium,closed,21.8,4,0,0
TCK-002192,CUST-01401,20250406,plan_growth,1,2025-04-06,technical_issue,medium,closed,16.1,3,0,0
TCK-002193,CUST-01402,20260313,plan_pro,1,2026-03-13,feature_request,high,closed,5.3,4,0,0
TCK-002194,CUST-01402,20251118,plan_pro,1,2025-11-18,billing,urgent,closed,12.1,1,1,1
TCK-002195,CUST-01402,20251229,plan_pro,1,2025-12-29,billing,medium,closed,1.7,2,0,1
TCK-002196,CUST-01404,20260216,plan_starter,1,2026-02-16,feature_request,low,closed,15.8,5,0,0
TCK-002197,CUST-01404,20250219,plan_starter,1,2025-02-19,technical_issue,low,closed,0.7,1,0,1
TCK-002198,CUST-01404,20260119,plan_starter,1,2026-01-19,account_access,low,closed,0.6,5,0,0
TCK-002199,CUST-01405,20260628,plan_pro,2,2026-06-28,technical_issue,low,closed,1.9,5,0,0
TCK-002200,CUST-01406,20260715,plan_growth,1,2026-07-15,feature_request,medium,closed,5.9,2,0,1
TCK-002201,CUST-01407,20250829,plan_pro,2,2025-08-29,technical_issue,medium,closed,0.1,5,0,0
TCK-002202,CUST-01408,20260824,plan_starter,2,2026-08-24,billing,medium,closed,7.7,2,0,1
TCK-002203,CUST-01409,20260425,plan_starter,2,2026-04-25,billing,low,closed,5.9,4,0,0
TCK-002204,CUST-01411,20250704,plan_growth,1,2025-07-04,technical_issue,high,closed,11.7,2,0,1
TCK-002205,CUST-01411,20250626,plan_growth,1,2025-06-26,cancellation_request,medium,closed,38.9,2,0,1
TCK-002206,CUST-01411,20250718,plan_growth,1,2025-07-18,billing,high,closed,13.0,1,0,1
TCK-002207,CUST-01411,20250101,plan_growth,1,2025-01-01,technical_issue,medium,closed,3.5,1,0,1
TCK-002208,CUST-01412,20260804,plan_starter,1,2026-08-04,technical_issue,low,closed,6.2,4,0,0
TCK-002209,CUST-01412,20260821,plan_starter,1,2026-08-21,feature_request,high,closed,15.0,3,0,0
TCK-002210,CUST-01412,20260826,plan_starter,1,2026-08-26,feature_request,low,closed,2.4,5,0,0
TCK-002211,CUST-01414,20260402,plan_pro,2,2026-04-02,billing,high,closed,1.0,3,0,0
TCK-002212,CUST-01414,20250514,plan_pro,2,2025-05-14,cancellation_request,medium,closed,16.1,1,0,1
TCK-002213,CUST-01414,20251022,plan_pro,2,2025-10-22,account_access,urgent,closed,2.3,5,1,0
TCK-002214,CUST-01414,20250719,plan_pro,2,2025-07-19,feature_request,low,closed,13.7,1,0,1
TCK-002215,CUST-01415,20260814,plan_starter,1,2026-08-14,technical_issue,medium,closed,3.4,3,0,0
TCK-002216,CUST-01416,20260705,plan_starter,1,2026-07-05,technical_issue,high,closed,2.1,4,0,0
TCK-002217,CUST-01417,20260615,plan_pro,2,2026-06-15,technical_issue,medium,closed,20.0,3,0,0
TCK-002218,CUST-01417,20260719,plan_pro,2,2026-07-19,billing,high,closed,1.3,4,0,0
TCK-002219,CUST-01417,20260810,plan_pro,2,2026-08-10,feature_request,medium,closed,4.2,5,0,0
TCK-002220,CUST-01418,20250831,plan_growth,1,2025-08-31,billing,low,closed,26.6,1,0,1
TCK-002221,CUST-01418,20250811,plan_growth,1,2025-08-11,cancellation_request,medium,closed,7.0,3,0,0
TCK-002222,CUST-01418,20250823,plan_growth,1,2025-08-23,technical_issue,urgent,closed,29.5,2,1,1
TCK-002223,CUST-01419,20251118,plan_pro,1,2025-11-18,technical_issue,low,closed,3.9,5,0,0
TCK-002224,CUST-01420,20250425,plan_starter,2,2025-04-25,cancellation_request,low,closed,3.2,1,0,1
TCK-002225,CUST-01421,20260330,plan_pro,1,2026-03-30,account_access,medium,closed,4.3,2,0,1
TCK-002226,CUST-01421,20260122,plan_pro,1,2026-01-22,feature_request,medium,closed,12.9,4,0,0
TCK-002227,CUST-01421,20260110,plan_pro,1,2026-01-10,account_access,urgent,closed,0.6,4,1,0
TCK-002228,CUST-01421,20251203,plan_pro,1,2025-12-03,feature_request,low,closed,3.5,4,0,0
TCK-002229,CUST-01422,20250905,plan_starter,2,2025-09-05,billing,urgent,closed,1.8,1,1,1
TCK-002230,CUST-01423,20260616,plan_growth,1,2026-06-16,feature_request,high,closed,2.6,4,0,0
TCK-002231,CUST-01424,20260407,plan_starter,2,2026-04-07,billing,low,closed,9.4,4,0,0
TCK-002232,CUST-01424,20260901,plan_starter,2,2026-09-01,technical_issue,high,closed,5.9,2,0,1
TCK-002233,CUST-01426,20251106,plan_pro,1,2025-11-06,cancellation_request,high,closed,11.4,3,0,0
TCK-002234,CUST-01426,20251012,plan_pro,1,2025-10-12,technical_issue,medium,closed,11.7,4,0,0
TCK-002235,CUST-01427,20260405,plan_pro,1,2026-04-05,technical_issue,high,closed,10.9,3,0,0
TCK-002236,CUST-01428,20251107,plan_growth,1,2025-11-07,feature_request,high,closed,21.5,1,0,1
TCK-002237,CUST-01428,20250602,plan_growth,1,2025-06-02,billing,high,closed,6.8,2,0,1
TCK-002238,CUST-01428,20250504,plan_growth,1,2025-05-04,account_access,urgent,closed,16.4,1,1,1
TCK-002239,CUST-01429,20260122,plan_starter,2,2026-01-22,feature_request,high,closed,6.1,3,0,0
TCK-002240,CUST-01429,20250322,plan_starter,2,2025-03-22,billing,high,closed,2.4,3,0,0
TCK-002241,CUST-01429,20250625,plan_starter,2,2025-06-25,account_access,low,closed,4.7,4,0,0
TCK-002242,CUST-01430,20260723,plan_growth,1,2026-07-23,technical_issue,high,closed,17.7,1,0,1
TCK-002243,CUST-01430,20260707,plan_growth,1,2026-07-07,billing,medium,closed,13.0,3,0,0
TCK-002244,CUST-01430,20260725,plan_growth,1,2026-07-25,billing,high,closed,2.8,3,0,0
TCK-002245,CUST-01430,20260620,plan_growth,1,2026-06-20,technical_issue,low,closed,18.7,1,0,1
TCK-002246,CUST-01431,20251029,plan_growth,2,2025-10-29,feature_request,low,closed,3.3,5,0,0
TCK-002247,CUST-01431,20251219,plan_growth,2,2025-12-19,feature_request,medium,closed,2.1,4,0,0
TCK-002248,CUST-01432,20241016,plan_pro,2,2024-10-16,account_access,medium,closed,7.4,4,0,0
TCK-002249,CUST-01433,20260729,plan_growth,2,2026-07-29,account_access,high,closed,1.9,5,0,0
TCK-002250,CUST-01433,20260827,plan_growth,2,2026-08-27,technical_issue,low,closed,3.9,4,0,0
TCK-002251,CUST-01434,20260808,plan_pro,2,2026-08-08,account_access,low,closed,10.5,5,0,0
TCK-002252,CUST-01434,20260801,plan_pro,2,2026-08-01,account_access,medium,closed,1.2,2,0,1
TCK-002253,CUST-01435,20250616,plan_pro,1,2025-06-16,account_access,high,closed,0.5,2,0,1
TCK-002254,CUST-01435,20250804,plan_pro,1,2025-08-04,billing,high,closed,50.3,5,0,1
TCK-002255,CUST-01436,20260703,plan_pro,1,2026-07-03,feature_request,urgent,closed,4.6,4,1,0
TCK-002256,CUST-01436,20251222,plan_pro,1,2025-12-22,technical_issue,medium,closed,12.6,4,0,0
TCK-002257,CUST-01437,20260705,plan_pro,1,2026-07-05,billing,medium,closed,3.5,1,0,1
TCK-002258,CUST-01438,20260325,plan_starter,1,2026-03-25,technical_issue,low,closed,4.9,1,0,1
TCK-002259,CUST-01439,20240913,plan_starter,2,2024-09-13,billing,medium,closed,6.4,5,0,0
TCK-002260,CUST-01441,20260821,plan_growth,1,2026-08-21,account_access,medium,closed,5.8,4,0,0
TCK-002261,CUST-01441,20260611,plan_growth,1,2026-06-11,technical_issue,low,closed,7.9,4,0,0
TCK-002262,CUST-01442,20260611,plan_pro,1,2026-06-11,billing,high,closed,1.6,3,0,0
TCK-002263,CUST-01442,20260604,plan_pro,1,2026-06-04,billing,high,closed,11.0,3,0,0
TCK-002264,CUST-01443,20250928,plan_starter,1,2025-09-28,billing,urgent,closed,12.6,1,1,1
TCK-002265,CUST-01444,20250617,plan_starter,1,2025-06-17,billing,high,closed,2.6,2,0,1
TCK-002266,CUST-01444,20250721,plan_starter,1,2025-07-21,technical_issue,urgent,closed,5.8,4,1,0
TCK-002267,CUST-01445,20250926,plan_growth,1,2025-09-26,billing,medium,closed,9.4,3,0,0
TCK-002268,CUST-01445,20260323,plan_growth,1,2026-03-23,technical_issue,medium,closed,0.9,4,0,0
TCK-002269,CUST-01445,20260121,plan_growth,1,2026-01-21,billing,urgent,closed,3.7,3,1,0
TCK-002270,CUST-01445,20260504,plan_growth,1,2026-05-04,billing,high,closed,22.1,2,0,1
TCK-002271,CUST-01446,20260809,plan_starter,2,2026-08-09,billing,high,closed,0.6,4,0,0
TCK-002272,CUST-01446,20260207,plan_starter,2,2026-02-07,account_access,high,closed,2.1,2,0,1
TCK-002273,CUST-01447,20260720,plan_starter,1,2026-07-20,technical_issue,medium,closed,34.9,4,0,1
TCK-002274,CUST-01447,20260622,plan_starter,1,2026-06-22,technical_issue,medium,closed,1.4,4,0,0
TCK-002275,CUST-01448,20260505,plan_growth,1,2026-05-05,account_access,medium,closed,16.2,3,0,0
TCK-002276,CUST-01448,20260205,plan_growth,1,2026-02-05,technical_issue,low,closed,1.3,3,0,0
TCK-002277,CUST-01449,20251119,plan_pro,1,2025-11-19,feature_request,medium,closed,63.4,3,0,1
TCK-002278,CUST-01451,20260827,plan_starter,1,2026-08-27,feature_request,urgent,closed,1.6,4,1,0
TCK-002279,CUST-01452,20250412,plan_pro,2,2025-04-12,account_access,low,closed,14.6,5,0,0
TCK-002280,CUST-01453,20251119,plan_starter,1,2025-11-19,technical_issue,medium,closed,26.9,1,0,1
TCK-002281,CUST-01453,20251129,plan_starter,1,2025-11-29,billing,high,closed,12.6,1,0,1
TCK-002282,CUST-01454,20260709,plan_pro,2,2026-07-09,billing,high,closed,3.4,1,0,1
TCK-002283,CUST-01454,20260718,plan_pro,2,2026-07-18,account_access,urgent,closed,29.4,2,1,1
TCK-002284,CUST-01454,20260725,plan_pro,2,2026-07-25,technical_issue,urgent,closed,5.0,1,1,1
TCK-002285,CUST-01454,20260709,plan_pro,2,2026-07-09,billing,high,closed,12.3,1,0,1
TCK-002286,CUST-01455,20250503,plan_pro,1,2025-05-03,technical_issue,high,closed,31.5,2,0,1
TCK-002287,CUST-01456,20241009,plan_growth,2,2024-10-09,technical_issue,medium,closed,13.3,5,0,0
TCK-002288,CUST-01456,20241024,plan_growth,2,2024-10-24,cancellation_request,low,closed,48.2,1,0,1
TCK-002289,CUST-01457,20260721,plan_starter,1,2026-07-21,technical_issue,medium,closed,2.1,3,0,0
TCK-002290,CUST-01457,20260519,plan_starter,1,2026-05-19,technical_issue,high,closed,12.4,3,0,0
TCK-002291,CUST-01457,20251127,plan_starter,1,2025-11-27,cancellation_request,low,closed,8.0,5,0,0
TCK-002292,CUST-01459,20260701,plan_starter,1,2026-07-01,feature_request,medium,closed,18.1,4,0,0
TCK-002293,CUST-01460,20251031,plan_pro,2,2025-10-31,technical_issue,high,closed,8.7,4,0,0
TCK-002294,CUST-01460,20251228,plan_pro,2,2025-12-28,billing,urgent,closed,13.9,1,1,1
TCK-002295,CUST-01462,20260901,plan_growth,2,2026-09-01,billing,medium,closed,8.6,5,0,0
TCK-002296,CUST-01463,20260625,plan_pro,1,2026-06-25,account_access,low,closed,6.5,5,0,0
TCK-002297,CUST-01464,20240912,plan_starter,1,2024-09-12,account_access,low,closed,7.1,1,0,1
TCK-002298,CUST-01464,20240907,plan_starter,1,2024-09-07,billing,high,closed,1.7,2,0,1
TCK-002299,CUST-01464,20240823,plan_starter,1,2024-08-23,billing,medium,closed,18.2,1,0,1
TCK-002300,CUST-01464,20240901,plan_starter,1,2024-09-01,billing,medium,closed,7.9,1,0,1
TCK-002301,CUST-01466,20260618,plan_growth,2,2026-06-18,account_access,high,closed,5.4,5,0,0
TCK-002302,CUST-01466,20260525,plan_growth,2,2026-05-25,technical_issue,high,closed,2.6,4,0,0
TCK-002303,CUST-01467,20251230,plan_enterprise,1,2025-12-30,technical_issue,low,closed,3.0,5,0,0
TCK-002304,CUST-01467,20250405,plan_enterprise,1,2025-04-05,billing,medium,closed,11.2,1,0,1
TCK-002305,CUST-01467,20260727,plan_enterprise,1,2026-07-27,technical_issue,low,closed,1.6,5,0,0
TCK-002306,CUST-01468,20251025,plan_starter,1,2025-10-25,account_access,medium,closed,8.6,5,0,0
TCK-002307,CUST-01469,20250813,plan_growth,1,2025-08-13,technical_issue,medium,closed,10.3,2,0,1
TCK-002308,CUST-01470,20250202,plan_growth,2,2025-02-02,billing,high,closed,8.2,1,0,1
TCK-002309,CUST-01470,20250408,plan_growth,2,2025-04-08,billing,urgent,closed,25.8,2,1,1
TCK-002310,CUST-01470,20241217,plan_growth,2,2024-12-17,cancellation_request,medium,closed,51.9,3,0,1
TCK-002311,CUST-01471,20260818,plan_growth,1,2026-08-18,cancellation_request,low,closed,55.4,3,0,1
TCK-002312,CUST-01471,20260808,plan_growth,1,2026-08-08,billing,high,closed,29.0,5,0,1
TCK-002313,CUST-01471,20260601,plan_growth,1,2026-06-01,billing,urgent,closed,5.5,1,1,1
TCK-002314,CUST-01473,20250830,plan_growth,2,2025-08-30,billing,low,closed,2.5,4,0,0
TCK-002315,CUST-01474,20250603,plan_starter,1,2025-06-03,account_access,low,closed,2.2,5,0,0
TCK-002316,CUST-01474,20260318,plan_starter,1,2026-03-18,account_access,low,closed,9.3,5,0,0
TCK-002317,CUST-01475,20251228,plan_enterprise,1,2025-12-28,technical_issue,urgent,closed,2.6,5,1,0
TCK-002318,CUST-01475,20260310,plan_enterprise,1,2026-03-10,billing,high,closed,5.5,1,0,1
TCK-002319,CUST-01475,20260618,plan_enterprise,1,2026-06-18,technical_issue,low,closed,15.0,1,0,1
TCK-002320,CUST-01475,20260416,plan_enterprise,1,2026-04-16,billing,high,closed,25.9,4,0,1
TCK-002321,CUST-01476,20260418,plan_growth,1,2026-04-18,billing,low,closed,1.5,5,0,0
TCK-002322,CUST-01477,20260514,plan_growth,1,2026-05-14,account_access,medium,closed,29.6,3,0,1
TCK-002323,CUST-01477,20260519,plan_growth,1,2026-05-19,cancellation_request,high,closed,15.7,2,0,1
TCK-002324,CUST-01477,20260507,plan_growth,1,2026-05-07,billing,high,closed,2.4,1,0,1
TCK-002325,CUST-01477,20260519,plan_growth,1,2026-05-19,technical_issue,medium,closed,3.8,3,0,0
TCK-002326,CUST-01477,20260519,plan_growth,1,2026-05-19,cancellation_request,low,closed,5.6,1,0,1
TCK-002327,CUST-01477,20260515,plan_growth,1,2026-05-15,technical_issue,low,closed,10.2,2,0,1
TCK-002328,CUST-01478,20250322,plan_starter,1,2025-03-22,account_access,low,closed,19.4,5,0,0
TCK-002329,CUST-01479,20260220,plan_starter,1,2026-02-20,technical_issue,medium,closed,29.6,3,0,1
TCK-002330,CUST-01480,20260205,plan_starter,1,2026-02-05,technical_issue,high,closed,1.2,5,0,0
TCK-002331,CUST-01480,20260207,plan_starter,1,2026-02-07,billing,medium,closed,13.8,3,0,0
TCK-002332,CUST-01481,20260710,plan_growth,1,2026-07-10,technical_issue,medium,closed,2.1,4,0,0
TCK-002333,CUST-01482,20260306,plan_pro,3,2026-03-06,technical_issue,low,closed,15.7,5,0,0
TCK-002334,CUST-01482,20260319,plan_pro,3,2026-03-19,technical_issue,medium,closed,0.3,5,0,0
TCK-002335,CUST-01483,20260809,plan_starter,2,2026-08-09,account_access,high,closed,1.5,3,0,0
TCK-002336,CUST-01483,20260608,plan_starter,2,2026-06-08,account_access,medium,closed,0.5,3,0,0
TCK-002337,CUST-01483,20260516,plan_starter,2,2026-05-16,billing,urgent,closed,0.4,5,1,0
TCK-002338,CUST-01483,20260422,plan_starter,2,2026-04-22,feature_request,low,closed,6.8,1,0,1
TCK-002339,CUST-01486,20250518,plan_starter,2,2025-05-18,technical_issue,low,closed,24.4,2,0,1
TCK-002340,CUST-01486,20241008,plan_starter,2,2024-10-08,billing,high,closed,1.7,2,0,1
TCK-002341,CUST-01488,20260318,plan_starter,1,2026-03-18,cancellation_request,urgent,closed,20.2,2,1,1
TCK-002342,CUST-01490,20260821,plan_growth,1,2026-08-21,feature_request,medium,closed,1.9,4,0,0
TCK-002343,CUST-01490,20260805,plan_growth,1,2026-08-05,billing,low,closed,0.2,3,0,0
TCK-002344,CUST-01491,20250505,plan_growth,1,2025-05-05,technical_issue,medium,closed,15.5,4,0,0
TCK-002345,CUST-01491,20250305,plan_growth,1,2025-03-05,technical_issue,low,closed,4.7,4,0,0
TCK-002346,CUST-01491,20250404,plan_growth,1,2025-04-04,technical_issue,medium,closed,17.1,1,0,1
TCK-002347,CUST-01493,20260122,plan_growth,2,2026-01-22,account_access,high,closed,11.1,1,0,1
TCK-002348,CUST-01493,20251221,plan_growth,2,2025-12-21,cancellation_request,medium,closed,1.8,4,0,0
TCK-002349,CUST-01494,20260724,plan_starter,1,2026-07-24,technical_issue,medium,closed,1.8,3,0,0
TCK-002350,CUST-01495,20251013,plan_starter,1,2025-10-13,billing,high,closed,10.6,4,0,0
TCK-002351,CUST-01495,20250924,plan_starter,1,2025-09-24,billing,urgent,closed,18.2,2,1,1
TCK-002352,CUST-01495,20251006,plan_starter,1,2025-10-06,billing,urgent,closed,42.1,2,1,1
TCK-002353,CUST-01497,20250614,plan_growth,1,2025-06-14,account_access,high,closed,29.5,2,0,1
TCK-002354,CUST-01497,20250525,plan_growth,1,2025-05-25,technical_issue,low,closed,2.1,4,0,0
TCK-002355,CUST-01498,20250423,plan_growth,1,2025-04-23,cancellation_request,urgent,closed,10.3,1,1,1
TCK-002356,CUST-01498,20250413,plan_growth,1,2025-04-13,billing,urgent,closed,0.3,1,1,1
TCK-002357,CUST-01499,20260423,plan_enterprise,2,2026-04-23,feature_request,medium,closed,3.7,4,0,0
TCK-002358,CUST-01499,20251009,plan_enterprise,2,2025-10-09,billing,low,closed,3.0,4,0,0
TCK-002359,CUST-01500,20251205,plan_growth,2,2025-12-05,billing,low,closed,1.1,5,0,0
TCK-002360,CUST-01500,20260404,plan_growth,2,2026-04-04,billing,medium,closed,10.5,4,0,0
